item_name,displayName,category,status,source_png,dest_rel_path,sprite_w,sprite_h,tex_w_note
Weapon_Arbiter2,Arbiter 2,weapons,ok,C:/Users/miste/claude_workspace/_sulfur_extract/_unityproject/ExportedProject/Assets/Texture2D/ItemArtbiter2.png,assets/weapons/Weapon_Arbiter2.png,437.88,252.95,tex=496x288 ATLAS_SUBRECT rect=438x253 (crop needed)
Weapon_Augusta,Augusta,weapons,ok,C:/Users/miste/claude_workspace/_sulfur_extract/_unityproject/ExportedProject/Assets/Texture2D/Augusta.png,assets/weapons/Weapon_Augusta.png,1240.0,235.92,tex=1240x236
Weapon_Balthazar,.357 Balthazar,weapons,ok,C:/Users/miste/claude_workspace/_sulfur_extract/_unityproject/ExportedProject/Assets/Texture2D/ItemBalthazar.png,assets/weapons/Weapon_Balthazar.png,278.85,167.9,tex=288x200 ATLAS_SUBRECT rect=279x168 (crop needed)
Weapon_Beck,Beck 8,weapons,ok,C:/Users/miste/claude_workspace/_sulfur_extract/_unityproject/ExportedProject/Assets/Texture2D/itemBeck8.png,assets/weapons/Weapon_Beck.png,161.85,148.85,tex=180x160 ATLAS_SUBRECT rect=162x149 (crop needed)
Weapon_Blackwater,Blackwater,weapons,ok,C:/Users/miste/claude_workspace/_sulfur_extract/_unityproject/ExportedProject/Assets/Texture2D/itemBlackwater.png,assets/weapons/Weapon_Blackwater.png,270.85,114.85,tex=288x128 ATLAS_SUBRECT rect=271x115 (crop needed)
Weapon_Bo,Bo,weapons,ok,C:/Users/miste/claude_workspace/_sulfur_extract/_unityproject/ExportedProject/Assets/Texture2D/Bo.png,assets/weapons/Weapon_Bo.png,704.95,33.85,tex=740x76 ATLAS_SUBRECT rect=705x34 (crop needed)
Weapon_Breacher8,Breacher 8,weapons,ok,C:/Users/miste/claude_workspace/_sulfur_extract/_unityproject/ExportedProject/Assets/Texture2D/ItemBreacher8.png,assets/weapons/Weapon_Breacher8.png,784.0,304.0,tex=784x304
Weapon_Bronco,Bronco 89,weapons,ok,C:/Users/miste/claude_workspace/_sulfur_extract/_unityproject/ExportedProject/Assets/Texture2D/itemBroncoModel89.png,assets/weapons/Weapon_Bronco.png,220.9,112.87,tex=240x148 ATLAS_SUBRECT rect=221x113 (crop needed)
Weapon_CYB47,CYB47,weapons,ok,C:/Users/miste/claude_workspace/_sulfur_extract/_unityproject/ExportedProject/Assets/Texture2D/ItemCYB47.png,assets/weapons/Weapon_CYB47.png,436.92,113.9,tex=440x144 ATLAS_SUBRECT rect=437x114 (crop needed)
Weapon_Catacoil,Catacoil Rapid X,weapons,ok,C:/Users/miste/claude_workspace/_sulfur_extract/_unityproject/ExportedProject/Assets/Texture2D/Catacoil_1.png,assets/weapons/Weapon_Catacoil.png,420.0,224.0,tex=420x224
Weapon_Cavalier,Cavalier,weapons,ok,C:/Users/miste/claude_workspace/_sulfur_extract/_unityproject/ExportedProject/Assets/Texture2D/itemCavalier.png,assets/weapons/Weapon_Cavalier.png,214.88,152.85,tex=216x172 ATLAS_SUBRECT rect=215x153 (crop needed)
Weapon_Chat-Pardeur98,Chat-Pardeur 98,weapons,ok,C:/Users/miste/claude_workspace/_sulfur_extract/_unityproject/ExportedProject/Assets/Texture2D/ItemChatPardeur.png,assets/weapons/Weapon_Chat-Pardeur98.png,757.88,162.95,tex=780x180 ATLAS_SUBRECT rect=758x163 (crop needed)
Weapon_ChimeraRapid,Chimera Rapid,weapons,ok,C:/Users/miste/claude_workspace/_sulfur_extract/_unityproject/ExportedProject/Assets/Texture2D/ItemChimeraRapid.png,assets/weapons/Weapon_ChimeraRapid.png,295.88,178.91,tex=320x192 ATLAS_SUBRECT rect=296x179 (crop needed)
Weapon_Corpsemaker,Corpsemaker,weapons,ok,C:/Users/miste/claude_workspace/_sulfur_extract/_unityproject/ExportedProject/Assets/Texture2D/UIHauklandCorpsemaker.png,assets/weapons/Weapon_Corpsemaker.png,647.9,277.97,tex=652x280 ATLAS_SUBRECT rect=648x278 (crop needed)
Weapon_CryoGrenade,Cryogenic Grenade,weapons,ok,C:/Users/miste/claude_workspace/_sulfur_extract/_unityproject/ExportedProject/Assets/Texture2D/Weapon_CryoGrenade.png,assets/weapons/Weapon_CryoGrenade.png,119.99,236.0,tex=120x236
Weapon_D4RT,D4RT,weapons,ok,C:/Users/miste/claude_workspace/_sulfur_extract/_unityproject/ExportedProject/Assets/Texture2D/itemD4RT.png,assets/weapons/Weapon_D4RT.png,674.9,147.88,tex=700x200 ATLAS_SUBRECT rect=675x148 (crop needed)
Weapon_DeathStar,Death Star,weapons,ok,C:/Users/miste/claude_workspace/_sulfur_extract/_unityproject/ExportedProject/Assets/Texture2D/ItemDeathstar.png,assets/weapons/Weapon_DeathStar.png,340.88,122.94,tex=360x144 ATLAS_SUBRECT rect=341x123 (crop needed)
Weapon_DeathsToll,Death's Toll,weapons,ok,C:/Users/miste/claude_workspace/_sulfur_extract/_unityproject/ExportedProject/Assets/Texture2D/itemDeathsToll.png,assets/weapons/Weapon_DeathsToll.png,250.9,192.85,tex=256x200 ATLAS_SUBRECT rect=251x193 (crop needed)
Weapon_Dirk,P38 Dirk,weapons,ok,C:/Users/miste/claude_workspace/_sulfur_extract/_unityproject/ExportedProject/Assets/Texture2D/UIRatter.png,assets/weapons/Weapon_Dirk.png,320.0,192.0,tex=320x192
Weapon_Dolphin99,Dolphin 99,weapons,ok,C:/Users/miste/claude_workspace/_sulfur_extract/_unityproject/ExportedProject/Assets/Texture2D/ItemDolphin99.png,assets/weapons/Weapon_Dolphin99.png,737.97,125.88,tex=740x140 ATLAS_SUBRECT rect=738x126 (crop needed)
Weapon_Drifter9,Drifter 9,weapons,ok,C:/Users/miste/claude_workspace/_sulfur_extract/_unityproject/ExportedProject/Assets/Texture2D/Drifter.png,assets/weapons/Weapon_Drifter9.png,424.0,264.0,tex=424x264
Weapon_Duhar,Duhar,weapons,ok,C:/Users/miste/claude_workspace/_sulfur_extract/_unityproject/ExportedProject/Assets/Texture2D/itemDuhar.png,assets/weapons/Weapon_Duhar.png,729.91,298.92,tex=780x320 ATLAS_SUBRECT rect=730x299 (crop needed)
Weapon_Dynamite,Dynamite,weapons,ok,C:/Users/miste/claude_workspace/_sulfur_extract/_unityproject/ExportedProject/Assets/Texture2D/Dynamite.png,assets/weapons/Weapon_Dynamite.png,82.92,509.85,tex=128x512 ATLAS_SUBRECT rect=83x510 (crop needed)
Weapon_Farsight,Farsight,weapons,ok,C:/Users/miste/claude_workspace/_sulfur_extract/_unityproject/ExportedProject/Assets/Texture2D/itemFarsight.png,assets/weapons/Weapon_Farsight.png,174.9,167.93,tex=176x176 ATLAS_SUBRECT rect=175x168 (crop needed)
Weapon_Ferryman,Ferryman,weapons,ok,C:/Users/miste/claude_workspace/_sulfur_extract/_unityproject/ExportedProject/Assets/Texture2D/itemFerryman.png,assets/weapons/Weapon_Ferryman.png,396.9,221.95,tex=424x256 ATLAS_SUBRECT rect=397x222 (crop needed)
Weapon_FlickerZip,Flicker Zip,weapons,ok,C:/Users/miste/claude_workspace/_sulfur_extract/_unityproject/ExportedProject/Assets/Texture2D/ItemFlickerZip.png,assets/weapons/Weapon_FlickerZip.png,75.85,98.88,tex=108x108 ATLAS_SUBRECT rect=76x99 (crop needed)
Weapon_Flock,Flock,weapons,ok,C:/Users/miste/claude_workspace/_sulfur_extract/_unityproject/ExportedProject/Assets/Texture2D/ItemFlock76.png,assets/weapons/Weapon_Flock.png,272.85,218.85,tex=288x240 ATLAS_SUBRECT rect=273x219 (crop needed)
Weapon_Gravekeeper,Gravekeeper,weapons,ok,C:/Users/miste/claude_workspace/_sulfur_extract/_unityproject/ExportedProject/Assets/Texture2D/UIHauklandGravekeeper.png,assets/weapons/Weapon_Gravekeeper.png,344.0,176.0,tex=344x176
Weapon_HellnBack,HellnBack,weapons,ok,C:/Users/miste/claude_workspace/_sulfur_extract/_unityproject/ExportedProject/Assets/Texture2D/itemHellNBack.png,assets/weapons/Weapon_HellnBack.png,369.85,231.9,tex=424x256 ATLAS_SUBRECT rect=370x232 (crop needed)
Weapon_ImpalaGravita,Impala Gravita,weapons,ok,C:/Users/miste/claude_workspace/_sulfur_extract/_unityproject/ExportedProject/Assets/Texture2D/ItemImpalaGravita.png,assets/weapons/Weapon_ImpalaGravita.png,510.85,145.85,tex=524x164 ATLAS_SUBRECT rect=511x146 (crop needed)
Weapon_JarOfLove,Jar of love notes,weapons,ok,C:/Users/miste/claude_workspace/_sulfur_extract/_unityproject/ExportedProject/Assets/Texture2D/ItemJaroflove.png,assets/weapons/Weapon_JarOfLove.png,196.92,321.9,tex=200x328 ATLAS_SUBRECT rect=197x322 (crop needed)
Weapon_Katana,Katana,weapons,ok,C:/Users/miste/claude_workspace/_sulfur_extract/_unityproject/ExportedProject/Assets/Texture2D/Katana.png,assets/weapons/Weapon_Katana.png,785.95,71.85,tex=816x100 ATLAS_SUBRECT rect=786x72 (crop needed)
Weapon_KleinBauer,Klein Bauer,weapons,ok,C:/Users/miste/claude_workspace/_sulfur_extract/_unityproject/ExportedProject/Assets/Texture2D/itemKleinBauer.png,assets/weapons/Weapon_KleinBauer.png,316.93,137.9,tex=340x140 ATLAS_SUBRECT rect=317x138 (crop needed)
Weapon_Knop,Knop .22,weapons,ok,C:/Users/miste/claude_workspace/_sulfur_extract/_unityproject/ExportedProject/Assets/Texture2D/Knop.png,assets/weapons/Weapon_Knop.png,1804.0,426.9,tex=1804x430 ATLAS_SUBRECT rect=1804x427 (crop needed)
Weapon_LilyOfTheNight,Nightlily,weapons,ok,C:/Users/miste/claude_workspace/_sulfur_extract/_unityproject/ExportedProject/Assets/Texture2D/itemNightlily.png,assets/weapons/Weapon_LilyOfTheNight.png,492.9,153.9,tex=512x160 ATLAS_SUBRECT rect=493x154 (crop needed)
Weapon_Longboy,Longboy,weapons,ok,C:/Users/miste/claude_workspace/_sulfur_extract/_unityproject/ExportedProject/Assets/Texture2D/itemLongboy.png,assets/weapons/Weapon_Longboy.png,835.85,127.9,tex=860x160 ATLAS_SUBRECT rect=836x128 (crop needed)
Weapon_M11Ramshack,M11A2 Fisk,weapons,ok,C:/Users/miste/claude_workspace/_sulfur_extract/_unityproject/ExportedProject/Assets/Texture2D/ItemRamshack.png,assets/weapons/Weapon_M11Ramshack.png,428.9,186.95,tex=440x200 ATLAS_SUBRECT rect=429x187 (crop needed)
Weapon_Majordome,Majordome,weapons,ok,C:/Users/miste/claude_workspace/_sulfur_extract/_unityproject/ExportedProject/Assets/Texture2D/itemMajordome.png,assets/weapons/Weapon_Majordome.png,251.85,156.9,tex=270x168 ATLAS_SUBRECT rect=252x157 (crop needed)
Weapon_Mario,1884 Mario,weapons,ok,C:/Users/miste/claude_workspace/_sulfur_extract/_unityproject/ExportedProject/Assets/Texture2D/ItemMario.png,assets/weapons/Weapon_Mario.png,499.85,104.87,tex=512x124 ATLAS_SUBRECT rect=500x105 (crop needed)
Weapon_MolotovCocktail,Molotov Cocktail,weapons,ok,C:/Users/miste/claude_workspace/_sulfur_extract/_unityproject/ExportedProject/Assets/Texture2D/ItemMolotovCocktail.png,assets/weapons/Weapon_MolotovCocktail.png,160.0,360.0,tex=160x360
Weapon_Mossman,Mossman,weapons,ok,C:/Users/miste/claude_workspace/_sulfur_extract/_unityproject/ExportedProject/Assets/Texture2D/UIMossman.png,assets/weapons/Weapon_Mossman.png,232.0,92.0,tex=232x92
Weapon_Mowlock,Mowlock,weapons,ok,C:/Users/miste/claude_workspace/_sulfur_extract/_unityproject/ExportedProject/Assets/Texture2D/itemMowlock.png,assets/weapons/Weapon_Mowlock.png,314.89,202.87,tex=324x220 ATLAS_SUBRECT rect=315x203 (crop needed)
Weapon_NeuraxisF22,Neuraxis F22,weapons,ok,C:/Users/miste/claude_workspace/_sulfur_extract/_unityproject/ExportedProject/Assets/Texture2D/ItemNeuraxis.png,assets/weapons/Weapon_NeuraxisF22.png,588.94,238.9,tex=648x256 ATLAS_SUBRECT rect=589x239 (crop needed)
Weapon_Nunchaku,Nunchaku,weapons,ok,C:/Users/miste/claude_workspace/_sulfur_extract/_unityproject/ExportedProject/Assets/Texture2D/Nunchaku.png,assets/weapons/Weapon_Nunchaku.png,233.85,78.85,tex=280x100 ATLAS_SUBRECT rect=234x79 (crop needed)
Weapon_PalehorseTopclipper,Palehorse Topclipper,weapons,ok,C:/Users/miste/claude_workspace/_sulfur_extract/_unityproject/ExportedProject/Assets/Texture2D/UIPalehorseTopclipper.png,assets/weapons/Weapon_PalehorseTopclipper.png,412.0,296.0,tex=412x296
Weapon_PierreFusil,M182 Pierre-Fusil,weapons,ok,C:/Users/miste/claude_workspace/_sulfur_extract/_unityproject/ExportedProject/Assets/Texture2D/ItemPierreFusil.png,assets/weapons/Weapon_PierreFusil.png,640.9,147.95,tex=652x164 ATLAS_SUBRECT rect=641x148 (crop needed)
Weapon_PineappleGrenade,Pineapple Grenade,weapons,ok,C:/Users/miste/claude_workspace/_sulfur_extract/_unityproject/ExportedProject/Assets/Texture2D/Frag.png,assets/weapons/Weapon_PineappleGrenade.png,300.0,532.0,tex=300x532
Weapon_PloikaC,Ploika Compact,weapons,ok,C:/Users/miste/claude_workspace/_sulfur_extract/_unityproject/ExportedProject/Assets/Texture2D/UIPloika.png,assets/weapons/Weapon_PloikaC.png,250.9,259.9,tex=320x332 ATLAS_SUBRECT rect=251x260 (crop needed)
Weapon_PoisonGrenade,Jar of Poison,weapons,ok,C:/Users/miste/claude_workspace/_sulfur_extract/_unityproject/ExportedProject/Assets/Texture2D/ItemPoisonGrenade.png,assets/weapons/Weapon_PoisonGrenade.png,136.0,224.0,tex=136x224
Weapon_ProximityMine,Proximity Mine,weapons,ok,C:/Users/miste/claude_workspace/_sulfur_extract/_unityproject/ExportedProject/Assets/Texture2D/Weapon_ProximityMine.png,assets/weapons/Weapon_ProximityMine.png,428.87,174.85,tex=448x256 ATLAS_SUBRECT rect=429x175 (crop needed)
Weapon_Rektor,Rektor 100rd,weapons,ok,C:/Users/miste/claude_workspace/_sulfur_extract/_unityproject/ExportedProject/Assets/Texture2D/rektor.png,assets/weapons/Weapon_Rektor.png,1251.99,463.97,tex=1252x464
Weapon_Rokua,Rokua .308,weapons,ok,C:/Users/miste/claude_workspace/_sulfur_extract/_unityproject/ExportedProject/Assets/Texture2D/Rokua_1.png,assets/weapons/Weapon_Rokua.png,1170.9,214.87,tex=1216x248 ATLAS_SUBRECT rect=1171x215 (crop needed)
Weapon_Sai,Sai,weapons,ok,C:/Users/miste/claude_workspace/_sulfur_extract/_unityproject/ExportedProject/Assets/Texture2D/Sai.png,assets/weapons/Weapon_Sai.png,299.85,107.95,tex=320x128 ATLAS_SUBRECT rect=300x108 (crop needed)
Weapon_Salamander,Salamander,weapons,ok,C:/Users/miste/claude_workspace/_sulfur_extract/_unityproject/ExportedProject/Assets/Texture2D/itemSalamander.png,assets/weapons/Weapon_Salamander.png,249.88,155.9,tex=272x180 ATLAS_SUBRECT rect=250x156 (crop needed)
Weapon_Snowball,Snowball,weapons,ok,C:/Users/miste/claude_workspace/_sulfur_extract/_unityproject/ExportedProject/Assets/_Core/Sprites/Items/Consumables/ItemSnowBall.png,assets/weapons/Weapon_Snowball.png,101.85,95.85,tex=109x109 ATLAS_SUBRECT rect=102x96 (crop needed)
Weapon_Snut38,Snut .38,weapons,ok,C:/Users/miste/claude_workspace/_sulfur_extract/_unityproject/ExportedProject/Assets/Texture2D/snut.png,assets/weapons/Weapon_Snut38.png,263.97,215.93,tex=264x216
Weapon_Socom9,Socom 9,weapons,ok,C:/Users/miste/claude_workspace/_sulfur_extract/_unityproject/ExportedProject/Assets/Texture2D/UIPistol.png,assets/weapons/Weapon_Socom9.png,168.0,104.0,tex=168x104
Weapon_SocomACR,Socom ACR,weapons,ok,C:/Users/miste/claude_workspace/_sulfur_extract/_unityproject/ExportedProject/Assets/Texture2D/itemSocomACR.png,assets/weapons/Weapon_SocomACR.png,374.93,164.87,tex=400x188 ATLAS_SUBRECT rect=375x165 (crop needed)
Weapon_Songbird,Songbird,weapons,ok,C:/Users/miste/claude_workspace/_sulfur_extract/_unityproject/ExportedProject/Assets/Texture2D/ItemSongbird.png,assets/weapons/Weapon_Songbird.png,270.85,296.9,tex=288x308 ATLAS_SUBRECT rect=271x297 (crop needed)
Weapon_StarAndWitness,Star & Witness,weapons,ok,C:/Users/miste/claude_workspace/_sulfur_extract/_unityproject/ExportedProject/Assets/Texture2D/StarAndWitness.png,assets/weapons/Weapon_StarAndWitness.png,1024.0,664.0,tex=1024x664
Weapon_StickGrenade,Stick Grenade,weapons,ok,C:/Users/miste/claude_workspace/_sulfur_extract/_unityproject/ExportedProject/Assets/Texture2D/ItemStickGrenade.png,assets/weapons/Weapon_StickGrenade.png,71.97,360.0,tex=72x360
Weapon_SulfurGrenade,Sulfur Grenade,weapons,ok,C:/Users/miste/claude_workspace/_sulfur_extract/_unityproject/ExportedProject/Assets/Texture2D/ItemSulfGrenade.png,assets/weapons/Weapon_SulfurGrenade.png,128.0,135.98,tex=128x136
Weapon_TailorMarksman,TailorMarksman,weapons,ok,C:/Users/miste/claude_workspace/_sulfur_extract/_unityproject/ExportedProject/Assets/Texture2D/ItemTailorMarksman.png,assets/weapons/Weapon_TailorMarksman.png,969.9,259.9,tex=1000x288 ATLAS_SUBRECT rect=970x260 (crop needed)
Weapon_Termite,M3 Termite,weapons,ok,C:/Users/miste/claude_workspace/_sulfur_extract/_unityproject/ExportedProject/Assets/Texture2D/ItemTermite.png,assets/weapons/Weapon_Termite.png,328.92,130.9,tex=340x144 ATLAS_SUBRECT rect=329x131 (crop needed)
Weapon_TerrierURB,Terrier URB,weapons,ok,C:/Users/miste/claude_workspace/_sulfur_extract/_unityproject/ExportedProject/Assets/Texture2D/ItemTerrierURB.png,assets/weapons/Weapon_TerrierURB.png,227.95,143.88,tex=240x164 ATLAS_SUBRECT rect=228x144 (crop needed)
Weapon_ThrowingKnives,Throwing Knives,weapons,ok,C:/Users/miste/claude_workspace/_sulfur_extract/_unityproject/ExportedProject/Assets/Texture2D/Item_ThrowingKnives.png,assets/weapons/Weapon_ThrowingKnives.png,85.85,360.89,tex=192x384 ATLAS_SUBRECT rect=86x361 (crop needed)
Weapon_Typhoon,Type 80 Typhoon,weapons,ok,C:/Users/miste/claude_workspace/_sulfur_extract/_unityproject/ExportedProject/Assets/Texture2D/ItemTyphoon.png,assets/weapons/Weapon_Typhoon.png,542.93,248.95,tex=564x256 ATLAS_SUBRECT rect=543x249 (crop needed)
Weapon_Unknown,Unknown,weapons,ok,C:/Users/miste/claude_workspace/_sulfur_extract/_unityproject/ExportedProject/Assets/Texture2D/itemUnknown.png,assets/weapons/Weapon_Unknown.png,237.95,87.9,tex=256x100 ATLAS_SUBRECT rect=238x88 (crop needed)
Weapon_Valet,Valet,weapons,ok,C:/Users/miste/claude_workspace/_sulfur_extract/_unityproject/ExportedProject/Assets/Texture2D/itemValet.png,assets/weapons/Weapon_Valet.png,230.85,137.9,tex=240x156 ATLAS_SUBRECT rect=231x138 (crop needed)
Weapon_Vrede,Vrede,weapons,ok,C:/Users/miste/claude_workspace/_sulfur_extract/_unityproject/ExportedProject/Assets/Texture2D/UIVrede.png,assets/weapons/Weapon_Vrede.png,640.0,232.0,tex=640x232
Weapon_Wakizashi,Wakizashi,weapons,ok,C:/Users/miste/claude_workspace/_sulfur_extract/_unityproject/ExportedProject/Assets/Texture2D/UIWakizashi.png,assets/weapons/Weapon_Wakizashi.png,640.0,64.0,tex=640x64
Weapon_Warpig,Warpig,weapons,ok,C:/Users/miste/claude_workspace/_sulfur_extract/_unityproject/ExportedProject/Assets/Texture2D/itemWarpig.png,assets/weapons/Weapon_Warpig.png,611.9,212.88,tex=640x228 ATLAS_SUBRECT rect=612x213 (crop needed)
Weapon_Wingman,Wingman,weapons,ok,C:/Users/miste/claude_workspace/_sulfur_extract/_unityproject/ExportedProject/Assets/Texture2D/itemWingman.png,assets/weapons/Weapon_Wingman.png,545.9,180.85,tex=564x208 ATLAS_SUBRECT rect=546x181 (crop needed)
Weapon_WyattPulsar,Wyatt PULSAR,weapons,ok,C:/Users/miste/claude_workspace/_sulfur_extract/_unityproject/ExportedProject/Assets/Texture2D/ItemWyattPulsar.png,assets/weapons/Weapon_WyattPulsar.png,256.0,112.9,tex=256x128 ATLAS_SUBRECT rect=256x113 (crop needed)
Enchantment_Big,Big Oil,oils,ok,C:/Users/miste/claude_workspace/_sulfur_extract/_unityproject/ExportedProject/Assets/Texture2D/flask0.png,assets/oils/Enchantment_Big.png,160.9,159.9,tex=168x168 ATLAS_SUBRECT rect=161x160 (crop needed)
Enchantment_Bounce,Bounce Oil,oils,ok,C:/Users/miste/claude_workspace/_sulfur_extract/_unityproject/ExportedProject/Assets/Texture2D/flask4.png,assets/oils/Enchantment_Bounce.png,125.95,177.85,tex=144x192 ATLAS_SUBRECT rect=126x178 (crop needed)
Enchantment_Brutality,Grapeseed Oil,oils,ok,C:/Users/miste/claude_workspace/_sulfur_extract/_unityproject/ExportedProject/Assets/Texture2D/flask1.png,assets/oils/Enchantment_Brutality.png,103.85,177.85,tex=132x192 ATLAS_SUBRECT rect=104x178 (crop needed)
Enchantment_Duality,Oil of Yin,oils,ok,C:/Users/miste/claude_workspace/_sulfur_extract/_unityproject/ExportedProject/Assets/Texture2D/flask3.png,assets/oils/Enchantment_Duality.png,131.95,179.9,tex=144x192 ATLAS_SUBRECT rect=132x180 (crop needed)
Enchantment_Flutter,Rate of Fire Oil,oils,ok,C:/Users/miste/claude_workspace/_sulfur_extract/_unityproject/ExportedProject/Assets/Texture2D/flask3.png,assets/oils/Enchantment_Flutter.png,131.95,179.9,tex=144x192 ATLAS_SUBRECT rect=132x180 (crop needed)
Enchantment_Satiety,Translucent Oil,oils,ok,C:/Users/miste/claude_workspace/_sulfur_extract/_unityproject/ExportedProject/Assets/Texture2D/flask0.png,assets/oils/Enchantment_Satiety.png,160.9,159.9,tex=168x168 ATLAS_SUBRECT rect=161x160 (crop needed)
Enchantment_Slayer,Crit Oil,oils,ok,C:/Users/miste/claude_workspace/_sulfur_extract/_unityproject/ExportedProject/Assets/Texture2D/flask2.png,assets/oils/Enchantment_Slayer.png,103.85,363.9,tex=144x384 ATLAS_SUBRECT rect=104x364 (crop needed)
Enchantment_TestOil,Test oil,oils,ok,C:/Users/miste/claude_workspace/_sulfur_extract/_unityproject/ExportedProject/Assets/Texture2D/flask0.png,assets/oils/Enchantment_TestOil.png,160.9,159.9,tex=168x168 ATLAS_SUBRECT rect=161x160 (crop needed)
Enchantment_TestOil2,Test oil 2,oils,ok,C:/Users/miste/claude_workspace/_sulfur_extract/_unityproject/ExportedProject/Assets/Texture2D/flask0.png,assets/oils/Enchantment_TestOil2.png,160.9,159.9,tex=168x168 ATLAS_SUBRECT rect=161x160 (crop needed)
Enchantment_Trinity,Triple Oil,oils,ok,C:/Users/miste/claude_workspace/_sulfur_extract/_unityproject/ExportedProject/Assets/Texture2D/flask2.png,assets/oils/Enchantment_Trinity.png,103.85,363.9,tex=144x384 ATLAS_SUBRECT rect=104x364 (crop needed)
Enchantment_ArkanoidOil,Arkanoid Oil,oils,ok,C:/Users/miste/claude_workspace/_sulfur_extract/_unityproject/ExportedProject/Assets/Texture2D/ItemArkanoidOil.png,assets/oils/Enchantment_ArkanoidOil.png,109.9,226.95,tex=128x256 ATLAS_SUBRECT rect=110x227 (crop needed)
Enchantment_BanditOil,Bandit Oil,oils,ok,C:/Users/miste/claude_workspace/_sulfur_extract/_unityproject/ExportedProject/Assets/Texture2D/ItemBanditOil.png,assets/oils/Enchantment_BanditOil.png,48.9,123.85,tex=56x128 ATLAS_SUBRECT rect=49x124 (crop needed)
Enchantment_CartoonOil,Cartoon Oil,oils,ok,C:/Users/miste/claude_workspace/_sulfur_extract/_unityproject/ExportedProject/Assets/Texture2D/ItemCartoonOil.png,assets/oils/Enchantment_CartoonOil.png,96.9,114.95,tex=128x128 ATLAS_SUBRECT rect=97x115 (crop needed)
Enchantment_FleaOil,Flea Oil,oils,ok,C:/Users/miste/claude_workspace/_sulfur_extract/_unityproject/ExportedProject/Assets/Texture2D/ItemFleaOil.png,assets/oils/Enchantment_FleaOil.png,111.9,110.95,tex=128x128 ATLAS_SUBRECT rect=112x111 (crop needed)
Enchantment_HoopOil,Hoop Oil,oils,ok,C:/Users/miste/claude_workspace/_sulfur_extract/_unityproject/ExportedProject/Assets/Texture2D/ItemHoopOil.png,assets/oils/Enchantment_HoopOil.png,107.9,108.9,tex=128x128 ATLAS_SUBRECT rect=108x109 (crop needed)
Enchantment_ImperfectOil,Imperfect Oil,oils,ok,C:/Users/miste/claude_workspace/_sulfur_extract/_unityproject/ExportedProject/Assets/Texture2D/ItemImperfectOil.png,assets/oils/Enchantment_ImperfectOil.png,93.88,104.9,tex=128x128 ATLAS_SUBRECT rect=94x105 (crop needed)
Enchantment_LazyOil,Lazy Oil,oils,ok,C:/Users/miste/claude_workspace/_sulfur_extract/_unityproject/ExportedProject/Assets/Texture2D/ItemLazyOil.png,assets/oils/Enchantment_LazyOil.png,113.85,119.9,tex=128x128 ATLAS_SUBRECT rect=114x120 (crop needed)
Enchantment_LongshotOil,Longshot Oil,oils,ok,C:/Users/miste/claude_workspace/_sulfur_extract/_unityproject/ExportedProject/Assets/Texture2D/ItemLongshotOil.png,assets/oils/Enchantment_LongshotOil.png,66.9,236.87,tex=128x256 ATLAS_SUBRECT rect=67x237 (crop needed)
Enchantment_PerfectBounceOil,Perfect Bounce Oil,oils,ok,C:/Users/miste/claude_workspace/_sulfur_extract/_unityproject/ExportedProject/Assets/Texture2D/ItemPerfectbounceOil.png,assets/oils/Enchantment_PerfectBounceOil.png,69.95,119.9,tex=72x128 ATLAS_SUBRECT rect=70x120 (crop needed)
Enchantment_PoolOil,Pool Oil,oils,ok,C:/Users/miste/claude_workspace/_sulfur_extract/_unityproject/ExportedProject/Assets/Texture2D/ItemPoolOil.png,assets/oils/Enchantment_PoolOil.png,85.95,223.95,tex=128x256 ATLAS_SUBRECT rect=86x224 (crop needed)
Enchantment_ReboundOil,Rebound Oil,oils,ok,C:/Users/miste/claude_workspace/_sulfur_extract/_unityproject/ExportedProject/Assets/Texture2D/ItemReboundOil.png,assets/oils/Enchantment_ReboundOil.png,99.95,121.95,tex=128x128 ATLAS_SUBRECT rect=100x122 (crop needed)
Enchantment_RicochetOil,RicochetOil,oils,ok,C:/Users/miste/claude_workspace/_sulfur_extract/_unityproject/ExportedProject/Assets/Texture2D/ItemRicochetOil.png,assets/oils/Enchantment_RicochetOil.png,106.85,126.9,tex=128x128 ATLAS_SUBRECT rect=107x127 (crop needed)
Enchantment_ScrambleOil,Scramble Oil,oils,ok,C:/Users/miste/claude_workspace/_sulfur_extract/_unityproject/ExportedProject/Assets/Texture2D/ItemScrambleOil.png,assets/oils/Enchantment_ScrambleOil.png,85.95,119.9,tex=128x128 ATLAS_SUBRECT rect=86x120 (crop needed)
Enchantment_SherlockOil,Sherlock Oil,oils,ok,C:/Users/miste/claude_workspace/_sulfur_extract/_unityproject/ExportedProject/Assets/Texture2D/ItemSherlockOil.png,assets/oils/Enchantment_SherlockOil.png,118.85,107.9,tex=128x128 ATLAS_SUBRECT rect=119x108 (crop needed)
Enchantment_SkipOil,Skip Oil,oils,ok,C:/Users/miste/claude_workspace/_sulfur_extract/_unityproject/ExportedProject/Assets/Texture2D/ItemSkipOil.png,assets/oils/Enchantment_SkipOil.png,89.95,120.95,tex=128x128 ATLAS_SUBRECT rect=90x121 (crop needed)
Enchantment_SynchronicityOil,Synchronicity Oil,oils,ok,C:/Users/miste/claude_workspace/_sulfur_extract/_unityproject/ExportedProject/Assets/Texture2D/ItemSynchronicityOil.png,assets/oils/Enchantment_SynchronicityOil.png,105.94,121.95,tex=128x128 ATLAS_SUBRECT rect=106x122 (crop needed)
Enchantment_WobbleOil,Wobble Oil,oils,ok,C:/Users/miste/claude_workspace/_sulfur_extract/_unityproject/ExportedProject/Assets/Texture2D/ItemWobbleOil.png,assets/oils/Enchantment_WobbleOil.png,69.9,116.85,tex=72x120 ATLAS_SUBRECT rect=70x117 (crop needed)
Enchantment_ArrowOil,Arrow Oil,oils,ok,C:/Users/miste/claude_workspace/_sulfur_extract/_unityproject/ExportedProject/Assets/Texture2D/ItemArrowOil.png,assets/oils/Enchantment_ArrowOil.png,102.92,118.9,tex=128x128 ATLAS_SUBRECT rect=103x119 (crop needed)
Enchantment_AssassinDartOil,Assassin Dart Oil,oils,ok,C:/Users/miste/claude_workspace/_sulfur_extract/_unityproject/ExportedProject/Assets/Texture2D/ItemAssassindartOil.png,assets/oils/Enchantment_AssassinDartOil.png,89.95,120.95,tex=128x128 ATLAS_SUBRECT rect=90x121 (crop needed)
Enchantment_BoltOil,Enchantment_BoltOil,oils,ok,C:/Users/miste/claude_workspace/_sulfur_extract/_unityproject/ExportedProject/Assets/Texture2D/ItemBoltOil.png,assets/oils/Enchantment_BoltOil.png,111.9,110.95,tex=128x128 ATLAS_SUBRECT rect=112x111 (crop needed)
Enchantment_DartOil,Dart Oil,oils,ok,C:/Users/miste/claude_workspace/_sulfur_extract/_unityproject/ExportedProject/Assets/Texture2D/ItemDartOil.png,assets/oils/Enchantment_DartOil.png,85.95,119.95,tex=128x128 ATLAS_SUBRECT rect=86x120 (crop needed)
Enchantment_DelayedHyperTubeOil,Delayed Hyper Tube Oil,oils,ok,C:/Users/miste/claude_workspace/_sulfur_extract/_unityproject/ExportedProject/Assets/Texture2D/ItemDelayedhypertubeOil.png,assets/oils/Enchantment_DelayedHyperTubeOil.png,65.92,118.92,tex=128x128 ATLAS_SUBRECT rect=66x119 (crop needed)
Enchantment_DieselOil,Diesel Oil,oils,ok,C:/Users/miste/claude_workspace/_sulfur_extract/_unityproject/ExportedProject/Assets/Texture2D/ItemDieselOil.png,assets/oils/Enchantment_DieselOil.png,118.85,107.9,tex=128x128 ATLAS_SUBRECT rect=119x108 (crop needed)
Enchantment_ExtraPowderOil,Extra Powder Oil,oils,ok,C:/Users/miste/claude_workspace/_sulfur_extract/_unityproject/ExportedProject/Assets/Texture2D/ItemExtrapowderOil.png,assets/oils/Enchantment_ExtraPowderOil.png,117.95,114.95,tex=128x128 ATLAS_SUBRECT rect=118x115 (crop needed)
Enchantment_FastBetOil,Fast Bet Oil,oils,ok,C:/Users/miste/claude_workspace/_sulfur_extract/_unityproject/ExportedProject/Assets/Texture2D/ItemFastbetOil.png,assets/oils/Enchantment_FastBetOil.png,106.85,126.9,tex=128x128 ATLAS_SUBRECT rect=107x127 (crop needed)
Enchantment_InstantOil,Instant Oil,oils,ok,C:/Users/miste/claude_workspace/_sulfur_extract/_unityproject/ExportedProject/Assets/Texture2D/ItemInstantOil.png,assets/oils/Enchantment_InstantOil.png,93.88,104.9,tex=128x128 ATLAS_SUBRECT rect=94x105 (crop needed)
Enchantment_KineticOil,Kinetic Oil,oils,ok,C:/Users/miste/claude_workspace/_sulfur_extract/_unityproject/ExportedProject/Assets/Texture2D/ItemKineticOil.png,assets/oils/Enchantment_KineticOil.png,109.85,109.9,tex=128x128 ATLAS_SUBRECT rect=110x110 (crop needed)
Enchantment_MicroWingOil,Micro Wing Oil,oils,ok,C:/Users/miste/claude_workspace/_sulfur_extract/_unityproject/ExportedProject/Assets/Texture2D/ItemMicrowingOil.png,assets/oils/Enchantment_MicroWingOil.png,62.95,123.9,tex=128x128 ATLAS_SUBRECT rect=63x124 (crop needed)
Enchantment_TightBarrelOil,Tight Barrel Oil,oils,ok,C:/Users/miste/claude_workspace/_sulfur_extract/_unityproject/ExportedProject/Assets/Texture2D/ItemTightbarrelOil.png,assets/oils/Enchantment_TightBarrelOil.png,85.95,223.95,tex=128x256 ATLAS_SUBRECT rect=86x224 (crop needed)
Enchantment_TurbulenceOil,Turbulence Oil,oils,ok,C:/Users/miste/claude_workspace/_sulfur_extract/_unityproject/ExportedProject/Assets/Texture2D/ItemTurbulenceOil.png,assets/oils/Enchantment_TurbulenceOil.png,99.95,121.95,tex=128x128 ATLAS_SUBRECT rect=100x122 (crop needed)
Enchantment_VelocityOil,Velocity Oil,oils,ok,C:/Users/miste/claude_workspace/_sulfur_extract/_unityproject/ExportedProject/Assets/Texture2D/ItemVelocityOil.png,assets/oils/Enchantment_VelocityOil.png,69.95,119.9,tex=128x128 ATLAS_SUBRECT rect=70x120 (crop needed)
Enchantment_WhimOil,Whim Oil,oils,ok,C:/Users/miste/claude_workspace/_sulfur_extract/_unityproject/ExportedProject/Assets/Texture2D/ItemWhimOil.png,assets/oils/Enchantment_WhimOil.png,48.9,123.85,tex=128x128 ATLAS_SUBRECT rect=49x124 (crop needed)
Enchantment_ZoomingOil,Zooming Oil,oils,ok,C:/Users/miste/claude_workspace/_sulfur_extract/_unityproject/ExportedProject/Assets/Texture2D/ItemZoomingOil.png,assets/oils/Enchantment_ZoomingOil.png,96.9,114.95,tex=128x128 ATLAS_SUBRECT rect=97x115 (crop needed)
Enchantment_AimlessOil,Aimless Oil,oils,ok,C:/Users/miste/claude_workspace/_sulfur_extract/_unityproject/ExportedProject/Assets/Texture2D/ItemAimlessOil.png,assets/oils/Enchantment_AimlessOil.png,99.95,121.95,tex=128x128 ATLAS_SUBRECT rect=100x122 (crop needed)
Enchantment_ArteryOil,Artery Oil,oils,ok,C:/Users/miste/claude_workspace/_sulfur_extract/_unityproject/ExportedProject/Assets/Texture2D/ItemArteryOil.png,assets/oils/Enchantment_ArteryOil.png,111.9,110.95,tex=128x128 ATLAS_SUBRECT rect=112x111 (crop needed)
Enchantment_AxeOil,Axe Oil,oils,ok,C:/Users/miste/claude_workspace/_sulfur_extract/_unityproject/ExportedProject/Assets/Texture2D/ItemAxeOil.png,assets/oils/Enchantment_AxeOil.png,109.95,107.9,tex=128x128 ATLAS_SUBRECT rect=110x108 (crop needed)
Enchantment_BlindfoldOil,Blindfold Oil,oils,ok,C:/Users/miste/claude_workspace/_sulfur_extract/_unityproject/ExportedProject/Assets/Texture2D/ItemBlindfoldOil.png,assets/oils/Enchantment_BlindfoldOil.png,107.9,108.9,tex=128x128 ATLAS_SUBRECT rect=108x109 (crop needed)
Enchantment_ConfidenceOil,Confidence Oil,oils,ok,C:/Users/miste/claude_workspace/_sulfur_extract/_unityproject/ExportedProject/Assets/Texture2D/ItemConfidenceOil.png,assets/oils/Enchantment_ConfidenceOil.png,48.9,123.85,tex=52x128 ATLAS_SUBRECT rect=49x124 (crop needed)
Enchantment_CriticalOil,Critical Oil,oils,ok,C:/Users/miste/claude_workspace/_sulfur_extract/_unityproject/ExportedProject/Assets/Texture2D/ItemCriticalOil.png,assets/oils/Enchantment_CriticalOil.png,69.95,119.9,tex=128x128 ATLAS_SUBRECT rect=70x120 (crop needed)
Enchantment_GamblerOil,Gambler Oil,oils,ok,C:/Users/miste/claude_workspace/_sulfur_extract/_unityproject/ExportedProject/Assets/Texture2D/ItemGamblerOil.png,assets/oils/Enchantment_GamblerOil.png,89.95,120.95,tex=128x128 ATLAS_SUBRECT rect=90x121 (crop needed)
Enchantment_HappyAccidentOil,Happy Accident Oil,oils,ok,C:/Users/miste/claude_workspace/_sulfur_extract/_unityproject/ExportedProject/Assets/Texture2D/ItemHappyaccidentOil.png,assets/oils/Enchantment_HappyAccidentOil.png,105.94,121.95,tex=128x128 ATLAS_SUBRECT rect=106x122 (crop needed)
Enchantment_HunterOil,Hunter Oil,oils,ok,C:/Users/miste/claude_workspace/_sulfur_extract/_unityproject/ExportedProject/Assets/Texture2D/ItemHunterOil.png,assets/oils/Enchantment_HunterOil.png,85.95,119.9,tex=128x128 ATLAS_SUBRECT rect=86x120 (crop needed)
Enchantment_HustlerOil,Hustler Oil,oils,ok,C:/Users/miste/claude_workspace/_sulfur_extract/_unityproject/ExportedProject/Assets/Texture2D/ItemHustlerOil.png,assets/oils/Enchantment_HustlerOil.png,85.95,119.95,tex=128x128 ATLAS_SUBRECT rect=86x120 (crop needed)
Enchantment_LowRollerOil,Low Roller Oil,oils,ok,C:/Users/miste/claude_workspace/_sulfur_extract/_unityproject/ExportedProject/Assets/Texture2D/ItemLowrollerOil.png,assets/oils/Enchantment_LowRollerOil.png,118.85,107.9,tex=128x128 ATLAS_SUBRECT rect=119x108 (crop needed)
Enchantment_ManifestationOil,Manifestation Oil,oils,ok,C:/Users/miste/claude_workspace/_sulfur_extract/_unityproject/ExportedProject/Assets/Texture2D/ItemManifestationOil.png,assets/oils/Enchantment_ManifestationOil.png,102.92,118.9,tex=128x128 ATLAS_SUBRECT rect=103x119 (crop needed)
Enchantment_NoNeedOil,No Need Oil,oils,ok,C:/Users/miste/claude_workspace/_sulfur_extract/_unityproject/ExportedProject/Assets/Texture2D/ItemNoneedOil.png,assets/oils/Enchantment_NoNeedOil.png,69.9,116.85,tex=128x128 ATLAS_SUBRECT rect=70x117 (crop needed)
Enchantment_OutOfTheBoxOil,Out of the Box Oil,oils,ok,C:/Users/miste/claude_workspace/_sulfur_extract/_unityproject/ExportedProject/Assets/Texture2D/ItemOutoftheboxOil.png,assets/oils/Enchantment_OutOfTheBoxOil.png,109.85,109.9,tex=128x128 ATLAS_SUBRECT rect=110x110 (crop needed)
Enchantment_PunctureOil,Puncture Oil,oils,ok,C:/Users/miste/claude_workspace/_sulfur_extract/_unityproject/ExportedProject/Assets/Texture2D/ItemPunctureOil.png,assets/oils/Enchantment_PunctureOil.png,65.92,118.92,tex=128x128 ATLAS_SUBRECT rect=66x119 (crop needed)
Enchantment_SlotmachineOil,Slotmachine Oil,oils,ok,C:/Users/miste/claude_workspace/_sulfur_extract/_unityproject/ExportedProject/Assets/Texture2D/ItemSlotmachineOil.png,assets/oils/Enchantment_SlotmachineOil.png,96.9,114.95,tex=128x128 ATLAS_SUBRECT rect=97x115 (crop needed)
Enchantment_SmartBulletOil,Smart Bullet Oil,oils,ok,C:/Users/miste/claude_workspace/_sulfur_extract/_unityproject/ExportedProject/Assets/Texture2D/ItemSmartbulletOil.png,assets/oils/Enchantment_SmartBulletOil.png,62.95,123.9,tex=128x128 ATLAS_SUBRECT rect=63x124 (crop needed)
Enchantment_AddDamageOil,Add Damage Oil,oils,ok,C:/Users/miste/claude_workspace/_sulfur_extract/_unityproject/ExportedProject/Assets/Texture2D/ItemAdddamageOil.png,assets/oils/Enchantment_AddDamageOil.png,69.95,119.9,tex=128x128 ATLAS_SUBRECT rect=70x120 (crop needed)
Enchantment_AsceticOil,Ascetic Oil,oils,ok,C:/Users/miste/claude_workspace/_sulfur_extract/_unityproject/ExportedProject/Assets/Texture2D/ItemAsceticOil.png,assets/oils/Enchantment_AsceticOil.png,96.9,114.95,tex=128x128 ATLAS_SUBRECT rect=97x115 (crop needed)
Enchantment_BigOil,Big Oil,oils,ok,C:/Users/miste/claude_workspace/_sulfur_extract/_unityproject/ExportedProject/Assets/Texture2D/ItemBigOil.png,assets/oils/Enchantment_BigOil.png,107.9,108.9,tex=128x128 ATLAS_SUBRECT rect=108x109 (crop needed)
Enchantment_BruteOil,Brute Oil,oils,ok,C:/Users/miste/claude_workspace/_sulfur_extract/_unityproject/ExportedProject/Assets/Texture2D/ItemBruteOil.png,assets/oils/Enchantment_BruteOil.png,89.95,120.95,tex=128x128 ATLAS_SUBRECT rect=90x121 (crop needed)
Enchantment_DischargeOil,Discharge Oil,oils,ok,C:/Users/miste/claude_workspace/_sulfur_extract/_unityproject/ExportedProject/Assets/Texture2D/ItemDischargeOil.png,assets/oils/Enchantment_DischargeOil.png,111.9,110.95,tex=128x128 ATLAS_SUBRECT rect=112x111 (crop needed)
Enchantment_DisposableOil,Disposable Oil,oils,ok,C:/Users/miste/claude_workspace/_sulfur_extract/_unityproject/ExportedProject/Assets/Texture2D/ItemDisposableOil.png,assets/oils/Enchantment_DisposableOil.png,102.92,118.9,tex=128x128 ATLAS_SUBRECT rect=103x119 (crop needed)
Enchantment_ExpanderOil,Expander Oil,oils,ok,C:/Users/miste/claude_workspace/_sulfur_extract/_unityproject/ExportedProject/Assets/Texture2D/ItemExpanderOil.png,assets/oils/Enchantment_ExpanderOil.png,65.92,118.92,tex=128x128 ATLAS_SUBRECT rect=66x119 (crop needed)
Enchantment_FidgetOil,Fidget Oil,oils,ok,C:/Users/miste/claude_workspace/_sulfur_extract/_unityproject/ExportedProject/Assets/Texture2D/ItemFidgetOil.png,assets/oils/Enchantment_FidgetOil.png,62.95,123.9,tex=128x128 ATLAS_SUBRECT rect=63x124 (crop needed)
Enchantment_FrugalOil,Frugal Oil,oils,ok,C:/Users/miste/claude_workspace/_sulfur_extract/_unityproject/ExportedProject/Assets/Texture2D/ItemFrugalOil.png,assets/oils/Enchantment_FrugalOil.png,69.9,116.85,tex=128x128 ATLAS_SUBRECT rect=70x117 (crop needed)
Enchantment_JudgementOil,Judgement Oil,oils,ok,C:/Users/miste/claude_workspace/_sulfur_extract/_unityproject/ExportedProject/Assets/Texture2D/ItemJudgementOil.png,assets/oils/Enchantment_JudgementOil.png,59.85,121.9,tex=128x128 ATLAS_SUBRECT rect=60x122 (crop needed)
Enchantment_KickerOil,Kicker Oil,oils,ok,C:/Users/miste/claude_workspace/_sulfur_extract/_unityproject/ExportedProject/Assets/Texture2D/ItemKickerOil.png,assets/oils/Enchantment_KickerOil.png,117.95,114.95,tex=128x128 ATLAS_SUBRECT rect=118x115 (crop needed)
Enchantment_LateBoomOil,Late Boom Oil,oils,ok,C:/Users/miste/claude_workspace/_sulfur_extract/_unityproject/ExportedProject/Assets/Texture2D/ItemLateboomOil.png,assets/oils/Enchantment_LateBoomOil.png,105.94,121.95,tex=128x128 ATLAS_SUBRECT rect=106x122 (crop needed)
Enchantment_PotShotOil,Potshot Oil,oils,ok,C:/Users/miste/claude_workspace/_sulfur_extract/_unityproject/ExportedProject/Assets/Texture2D/ItemPotshotOil.png,assets/oils/Enchantment_PotShotOil.png,113.85,119.9,tex=128x128 ATLAS_SUBRECT rect=114x120 (crop needed)
Enchantment_SeatedOil,Seated Oil,oils,ok,C:/Users/miste/claude_workspace/_sulfur_extract/_unityproject/ExportedProject/Assets/Texture2D/ItemSeatedOil.png,assets/oils/Enchantment_SeatedOil.png,117.95,121.9,tex=128x128 ATLAS_SUBRECT rect=118x122 (crop needed)
Enchantment_SenderOil,Sender Oil,oils,ok,C:/Users/miste/claude_workspace/_sulfur_extract/_unityproject/ExportedProject/Assets/Texture2D/ItemSenderOil.png,assets/oils/Enchantment_SenderOil.png,85.95,119.9,tex=128x128 ATLAS_SUBRECT rect=86x120 (crop needed)
Enchantment_SolidOil,Solid Oil,oils,ok,C:/Users/miste/claude_workspace/_sulfur_extract/_unityproject/ExportedProject/Assets/Texture2D/ItemSolidOil.png,assets/oils/Enchantment_SolidOil.png,109.85,109.9,tex=128x128 ATLAS_SUBRECT rect=110x110 (crop needed)
Enchantment_ComplicatedOil,Complicated Oil,oils,ok,C:/Users/miste/claude_workspace/_sulfur_extract/_unityproject/ExportedProject/Assets/Texture2D/ItemComplicatedOil.png,assets/oils/Enchantment_ComplicatedOil.png,62.95,123.9,tex=128x128 ATLAS_SUBRECT rect=63x124 (crop needed)
Enchantment_DamageOil,Damage Oil,oils,ok,C:/Users/miste/claude_workspace/_sulfur_extract/_unityproject/ExportedProject/Assets/Texture2D/ItemDamageOil.png,assets/oils/Enchantment_DamageOil.png,69.95,119.9,tex=128x128 ATLAS_SUBRECT rect=70x120 (crop needed)
Enchantment_DumDumOil,Dum Dum Oil,oils,ok,C:/Users/miste/claude_workspace/_sulfur_extract/_unityproject/ExportedProject/Assets/Texture2D/ItemDumdumOil.png,assets/oils/Enchantment_DumDumOil.png,65.92,118.92,tex=128x128 ATLAS_SUBRECT rect=66x119 (crop needed)
Enchantment_FirstBloodOil,First Blood Oil,oils,ok,C:/Users/miste/claude_workspace/_sulfur_extract/_unityproject/ExportedProject/Assets/Texture2D/ItemFirstbloodOil.png,assets/oils/Enchantment_FirstBloodOil.png,89.95,120.95,tex=128x128 ATLAS_SUBRECT rect=90x121 (crop needed)
Enchantment_FranciscanOil,Franciscan Oil,oils,ok,C:/Users/miste/claude_workspace/_sulfur_extract/_unityproject/ExportedProject/Assets/Texture2D/ItemFransiscanOil.png,assets/oils/Enchantment_FranciscanOil.png,96.9,114.95,tex=128x128 ATLAS_SUBRECT rect=97x115 (crop needed)
Enchantment_GlassCannonOil,Glass Cannon Oil,oils,ok,C:/Users/miste/claude_workspace/_sulfur_extract/_unityproject/ExportedProject/Assets/Texture2D/ItemGlasscannonOil.png,assets/oils/Enchantment_GlassCannonOil.png,93.88,104.9,tex=128x128 ATLAS_SUBRECT rect=94x105 (crop needed)
Enchantment_GreatOil,Great Oil,oils,ok,C:/Users/miste/claude_workspace/_sulfur_extract/_unityproject/ExportedProject/Assets/Texture2D/ItemGreatOil.png,assets/oils/Enchantment_GreatOil.png,99.95,121.95,tex=128x128 ATLAS_SUBRECT rect=100x122 (crop needed)
Enchantment_GroundedOil,Grounded Oil,oils,ok,C:/Users/miste/claude_workspace/_sulfur_extract/_unityproject/ExportedProject/Assets/Texture2D/ItemGroundedOil.png,assets/oils/Enchantment_GroundedOil.png,117.95,121.9,tex=128x128 ATLAS_SUBRECT rect=118x122 (crop needed)
Enchantment_HeavyOil,Heavy Oil,oils,ok,C:/Users/miste/claude_workspace/_sulfur_extract/_unityproject/ExportedProject/Assets/Texture2D/ItemHeavyOil.png,assets/oils/Enchantment_HeavyOil.png,109.85,109.9,tex=128x128 ATLAS_SUBRECT rect=110x110 (crop needed)
Enchantment_HipBlasterOil,Hip Blaster Oil,oils,ok,C:/Users/miste/claude_workspace/_sulfur_extract/_unityproject/ExportedProject/Assets/Texture2D/ItemHipblasterOil.png,assets/oils/Enchantment_HipBlasterOil.png,113.85,119.9,tex=128x128 ATLAS_SUBRECT rect=114x120 (crop needed)
Enchantment_LauncherOil,Launcher Oil,oils,ok,C:/Users/miste/claude_workspace/_sulfur_extract/_unityproject/ExportedProject/Assets/Texture2D/ItemLauncherOil.png,assets/oils/Enchantment_LauncherOil.png,85.95,119.9,tex=128x128 ATLAS_SUBRECT rect=86x120 (crop needed)
Enchantment_OverclockOil,Overclock Oil,oils,ok,C:/Users/miste/claude_workspace/_sulfur_extract/_unityproject/ExportedProject/Assets/Texture2D/ItemOverclockOil.png,assets/oils/Enchantment_OverclockOil.png,111.9,110.95,tex=128x128 ATLAS_SUBRECT rect=112x111 (crop needed)
Enchantment_PuncherOil,Puncher Oil,oils,ok,C:/Users/miste/claude_workspace/_sulfur_extract/_unityproject/ExportedProject/Assets/Texture2D/ItemPuncherOil.png,assets/oils/Enchantment_PuncherOil.png,117.95,114.95,tex=128x128 ATLAS_SUBRECT rect=118x115 (crop needed)
Enchantment_SlowPunchOil,Slow Punch Oil,oils,ok,C:/Users/miste/claude_workspace/_sulfur_extract/_unityproject/ExportedProject/Assets/Texture2D/ItemSlowpunchOil.png,assets/oils/Enchantment_SlowPunchOil.png,105.94,121.95,tex=128x128 ATLAS_SUBRECT rect=106x122 (crop needed)
Enchantment_SpartanOil,Spartan Oil,oils,ok,C:/Users/miste/claude_workspace/_sulfur_extract/_unityproject/ExportedProject/Assets/Texture2D/ItemSpartanOil.png,assets/oils/Enchantment_SpartanOil.png,69.9,116.85,tex=128x128 ATLAS_SUBRECT rect=70x117 (crop needed)
Enchantment_TerminatorOil,Terminator Oil,oils,ok,C:/Users/miste/claude_workspace/_sulfur_extract/_unityproject/ExportedProject/Assets/Texture2D/ItemTerminatorOil.png,assets/oils/Enchantment_TerminatorOil.png,59.85,121.9,tex=128x128 ATLAS_SUBRECT rect=60x122 (crop needed)
Enchantment_DenseOil,Dense Oil,oils,ok,C:/Users/miste/claude_workspace/_sulfur_extract/_unityproject/ExportedProject/Assets/Texture2D/ItemDenseOil.png,assets/oils/Enchantment_DenseOil.png,102.92,118.9,tex=128x128 ATLAS_SUBRECT rect=103x119 (crop needed)
Enchantment_DetuneOil,Detune Oil,oils,ok,C:/Users/miste/claude_workspace/_sulfur_extract/_unityproject/ExportedProject/Assets/Texture2D/ItemDetuneOil.png,assets/oils/Enchantment_DetuneOil.png,89.95,120.95,tex=128x128 ATLAS_SUBRECT rect=90x121 (crop needed)
Enchantment_FeatureGun,FeatureGun,oils,ok,C:/Users/miste/claude_workspace/_sulfur_extract/_unityproject/ExportedProject/Assets/Texture2D/ItemFeaturegunOil.png,assets/oils/Enchantment_FeatureGun.png,105.94,121.95,tex=128x128 ATLAS_SUBRECT rect=106x122 (crop needed)
Enchantment_GentleOil,Gentle Oil,oils,ok,C:/Users/miste/claude_workspace/_sulfur_extract/_unityproject/ExportedProject/Assets/Texture2D/ItemGentleOil.png,assets/oils/Enchantment_GentleOil.png,106.85,126.9,tex=128x128 ATLAS_SUBRECT rect=107x127 (crop needed)
Enchantment_HeftyOil,Hefty Oil,oils,ok,C:/Users/miste/claude_workspace/_sulfur_extract/_unityproject/ExportedProject/Assets/Texture2D/ItemHeftyOil.png,assets/oils/Enchantment_HeftyOil.png,93.88,104.9,tex=128x128 ATLAS_SUBRECT rect=94x105 (crop needed)
Enchantment_HighGradeOil,High Grade Oil,oils,ok,C:/Users/miste/claude_workspace/_sulfur_extract/_unityproject/ExportedProject/Assets/Texture2D/ItemHighgradeOil.png,assets/oils/Enchantment_HighGradeOil.png,69.95,119.9,tex=128x128 ATLAS_SUBRECT rect=70x120 (crop needed)
Enchantment_InheritedOil,Inherited Oil,oils,ok,C:/Users/miste/claude_workspace/_sulfur_extract/_unityproject/ExportedProject/Assets/Texture2D/ItemInheritedOil.png,assets/oils/Enchantment_InheritedOil.png,65.92,118.92,tex=128x128 ATLAS_SUBRECT rect=66x119 (crop needed)
Enchantment_ReleaseOil,Release Oil,oils,ok,C:/Users/miste/claude_workspace/_sulfur_extract/_unityproject/ExportedProject/Assets/Texture2D/ItemReleaseOil.png,assets/oils/Enchantment_ReleaseOil.png,85.95,119.9,tex=128x128 ATLAS_SUBRECT rect=86x120 (crop needed)
Enchantment_RigidSystemOil,Rigid System Oil,oils,ok,C:/Users/miste/claude_workspace/_sulfur_extract/_unityproject/ExportedProject/Assets/Texture2D/ItemRigidsystemOil.png,assets/oils/Enchantment_RigidSystemOil.png,99.95,121.95,tex=128x128 ATLAS_SUBRECT rect=100x122 (crop needed)
Enchantment_RobustMechanicsOil,Robust Mechanics Oil,oils,ok,C:/Users/miste/claude_workspace/_sulfur_extract/_unityproject/ExportedProject/Assets/Texture2D/ItemRobustmechanicsOil.png,assets/oils/Enchantment_RobustMechanicsOil.png,62.95,123.9,tex=128x128 ATLAS_SUBRECT rect=63x124 (crop needed)
Enchantment_RubberOil,Rubber Oil,oils,ok,C:/Users/miste/claude_workspace/_sulfur_extract/_unityproject/ExportedProject/Assets/Texture2D/ItemRubberOil.png,assets/oils/Enchantment_RubberOil.png,85.95,119.95,tex=128x128 ATLAS_SUBRECT rect=86x120 (crop needed)
Enchantment_SeatedFitOil,Seated Fit Oil,oils,ok,C:/Users/miste/claude_workspace/_sulfur_extract/_unityproject/ExportedProject/Assets/Texture2D/ItemSeatedfitOil.png,assets/oils/Enchantment_SeatedFitOil.png,109.85,109.9,tex=128x128 ATLAS_SUBRECT rect=110x110 (crop needed)
Enchantment_SensibleOil,Sensible Oil,oils,ok,C:/Users/miste/claude_workspace/_sulfur_extract/_unityproject/ExportedProject/Assets/Texture2D/ItemSensibleOil.png,assets/oils/Enchantment_SensibleOil.png,59.85,121.9,tex=128x128 ATLAS_SUBRECT rect=60x122 (crop needed)
Enchantment_SlippyCoatingOil,Slippy Coating Oil,oils,ok,C:/Users/miste/claude_workspace/_sulfur_extract/_unityproject/ExportedProject/Assets/Texture2D/ItemSlippycoatingOil.png,assets/oils/Enchantment_SlippyCoatingOil.png,107.9,108.9,tex=128x128 ATLAS_SUBRECT rect=108x109 (crop needed)
Enchantment_SoftBulletOil,Enchantment_SoftBulletOil,oils,ok,C:/Users/miste/claude_workspace/_sulfur_extract/_unityproject/ExportedProject/Assets/Texture2D/ItemSoftbulletOil.png,assets/oils/Enchantment_SoftBulletOil.png,117.95,114.95,tex=128x128 ATLAS_SUBRECT rect=118x115 (crop needed)
Enchantment_StiffyFitOil,Stiffy Fit Oil,oils,ok,C:/Users/miste/claude_workspace/_sulfur_extract/_unityproject/ExportedProject/Assets/Texture2D/ItemStiffyfitOil.png,assets/oils/Enchantment_StiffyFitOil.png,111.9,110.95,tex=128x128 ATLAS_SUBRECT rect=112x111 (crop needed)
Enchantment_TrustyOldOil,Trusty Old Oil,oils,ok,C:/Users/miste/claude_workspace/_sulfur_extract/_unityproject/ExportedProject/Assets/Texture2D/ItemTrustyoldOil.png,assets/oils/Enchantment_TrustyOldOil.png,117.95,121.9,tex=128x128 ATLAS_SUBRECT rect=118x122 (crop needed)
Enchantment_EternalOil,Eternal Oil,oils,ok,C:/Users/miste/claude_workspace/_sulfur_extract/_unityproject/ExportedProject/Assets/Texture2D/ItemEternalOil.png,assets/oils/Enchantment_EternalOil.png,98.91,243.9,tex=128x256 ATLAS_SUBRECT rect=99x244 (crop needed)
Enchantment_UnlabeledOil,Unlabeled Oil,oils,ok,C:/Users/miste/claude_workspace/_sulfur_extract/_unityproject/ExportedProject/Assets/Texture2D/ItemUnlabeledOil.png,assets/oils/Enchantment_UnlabeledOil.png,107.9,108.9,tex=128x128 ATLAS_SUBRECT rect=108x109 (crop needed)
Enchantment_ClashOil,Clash Oil,oils,ok,C:/Users/miste/claude_workspace/_sulfur_extract/_unityproject/ExportedProject/Assets/Texture2D/ItemClashOil.png,assets/oils/Enchantment_ClashOil.png,66.9,236.87,tex=128x256 ATLAS_SUBRECT rect=67x237 (crop needed)
Enchantment_ExcessiveForceOil,Excessive Force Oil,oils,ok,C:/Users/miste/claude_workspace/_sulfur_extract/_unityproject/ExportedProject/Assets/Texture2D/ItemExcessiveforceOil.png,assets/oils/Enchantment_ExcessiveForceOil.png,105.94,121.95,tex=128x128 ATLAS_SUBRECT rect=106x122 (crop needed)
Enchantment_ExcessivePowderOil,Excessive Powder Oil,oils,ok,C:/Users/miste/claude_workspace/_sulfur_extract/_unityproject/ExportedProject/Assets/Texture2D/ItemExcessivepowderOil.png,assets/oils/Enchantment_ExcessivePowderOil.png,117.95,114.95,tex=128x128 ATLAS_SUBRECT rect=118x115 (crop needed)
Enchantment_FlatEnergyOil,Flat Energy Oil,oils,ok,C:/Users/miste/claude_workspace/_sulfur_extract/_unityproject/ExportedProject/Assets/Texture2D/ItemFlatenergyOil.png,assets/oils/Enchantment_FlatEnergyOil.png,117.95,121.9,tex=128x128 ATLAS_SUBRECT rect=118x122 (crop needed)
Enchantment_JudoOil,Judo Oil,oils,ok,C:/Users/miste/claude_workspace/_sulfur_extract/_unityproject/ExportedProject/Assets/Texture2D/ItemJudoOil.png,assets/oils/Enchantment_JudoOil.png,113.85,119.9,tex=128x128 ATLAS_SUBRECT rect=114x120 (crop needed)
Enchantment_KnockbackOil,Knockback Oil,oils,ok,C:/Users/miste/claude_workspace/_sulfur_extract/_unityproject/ExportedProject/Assets/Texture2D/ItemKnockbackOil.png,assets/oils/Enchantment_KnockbackOil.png,69.95,119.9,tex=128x128 ATLAS_SUBRECT rect=70x120 (crop needed)
Enchantment_KravMagaOil,Krav Maga Oil,oils,ok,C:/Users/miste/claude_workspace/_sulfur_extract/_unityproject/ExportedProject/Assets/Texture2D/ItemKravmagaOil.png,assets/oils/Enchantment_KravMagaOil.png,85.95,119.95,tex=128x128 ATLAS_SUBRECT rect=86x120 (crop needed)
Enchantment_MantisShrimpOil,Mantis Shrimp Oil,oils,ok,C:/Users/miste/claude_workspace/_sulfur_extract/_unityproject/ExportedProject/Assets/Texture2D/ItemMantisshrimpOil.png,assets/oils/Enchantment_MantisShrimpOil.png,102.92,118.9,tex=128x128 ATLAS_SUBRECT rect=103x119 (crop needed)
Enchantment_MedicinBallOil,Medicin Ball Oil,oils,ok,C:/Users/miste/claude_workspace/_sulfur_extract/_unityproject/ExportedProject/Assets/Texture2D/ItemMedicineballOil.png,assets/oils/Enchantment_MedicinBallOil.png,107.9,108.9,tex=128x128 ATLAS_SUBRECT rect=108x109 (crop needed)
Enchantment_MooseOil,Moose Oil,oils,ok,C:/Users/miste/claude_workspace/_sulfur_extract/_unityproject/ExportedProject/Assets/Texture2D/ItemMooseOil.png,assets/oils/Enchantment_MooseOil.png,118.85,107.9,tex=128x128 ATLAS_SUBRECT rect=119x108 (crop needed)
Enchantment_MuleOil,Mule Oil,oils,ok,C:/Users/miste/claude_workspace/_sulfur_extract/_unityproject/ExportedProject/Assets/Texture2D/ItemMuleOil.png,assets/oils/Enchantment_MuleOil.png,100.96,237.95,tex=128x256 ATLAS_SUBRECT rect=101x238 (crop needed)
Enchantment_RamOil,Ram Oil,oils,ok,C:/Users/miste/claude_workspace/_sulfur_extract/_unityproject/ExportedProject/Assets/Texture2D/ItemRamOil.png,assets/oils/Enchantment_RamOil.png,109.95,107.9,tex=128x128 ATLAS_SUBRECT rect=110x108 (crop needed)
Enchantment_RiotOil,Riot Oil,oils,ok,C:/Users/miste/claude_workspace/_sulfur_extract/_unityproject/ExportedProject/Assets/Texture2D/ItemRiotOil.png,assets/oils/Enchantment_RiotOil.png,99.95,121.95,tex=128x128 ATLAS_SUBRECT rect=100x122 (crop needed)
Enchantment_ShoveOil,Shove Oil,oils,ok,C:/Users/miste/claude_workspace/_sulfur_extract/_unityproject/ExportedProject/Assets/Texture2D/ItemShoveOil.png,assets/oils/Enchantment_ShoveOil.png,109.85,109.9,tex=128x128 ATLAS_SUBRECT rect=110x110 (crop needed)
Enchantment_SturdyOil,Sturdy Oil,oils,ok,C:/Users/miste/claude_workspace/_sulfur_extract/_unityproject/ExportedProject/Assets/Texture2D/ItemSturdyOil.png,assets/oils/Enchantment_SturdyOil.png,89.95,120.95,tex=128x128 ATLAS_SUBRECT rect=90x121 (crop needed)
Enchantment_UntightenedScrewOil,Untightened Screw Oil,oils,ok,C:/Users/miste/claude_workspace/_sulfur_extract/_unityproject/ExportedProject/Assets/Texture2D/ItemUntightenedscrewOil.png,assets/oils/Enchantment_UntightenedScrewOil.png,111.9,110.95,tex=128x128 ATLAS_SUBRECT rect=112x111 (crop needed)
Enchantment_BlackFridayOil,Black Friday Oil,oils,ok,C:/Users/miste/claude_workspace/_sulfur_extract/_unityproject/ExportedProject/Assets/Texture2D/ItemBlackFridayOil.png,assets/oils/Enchantment_BlackFridayOil.png,48.9,123.85,tex=128x128 ATLAS_SUBRECT rect=49x124 (crop needed)
Enchantment_BombardOil,Bombard Oil,oils,ok,C:/Users/miste/claude_workspace/_sulfur_extract/_unityproject/ExportedProject/Assets/Texture2D/ItemBombardOil.png,assets/oils/Enchantment_BombardOil.png,99.95,121.95,tex=128x128 ATLAS_SUBRECT rect=100x122 (crop needed)
Enchantment_BoomstickOil,Boomstick Oil,oils,ok,C:/Users/miste/claude_workspace/_sulfur_extract/_unityproject/ExportedProject/Assets/Texture2D/ItemBoomstickOil.png,assets/oils/Enchantment_BoomstickOil.png,93.88,104.9,tex=128x128 ATLAS_SUBRECT rect=94x105 (crop needed)
Enchantment_CarelessSplitterOil,Careless Splitter Oil,oils,ok,C:/Users/miste/claude_workspace/_sulfur_extract/_unityproject/ExportedProject/Assets/Texture2D/ItemCarelesssplitterOil.png,assets/oils/Enchantment_CarelessSplitterOil.png,102.92,118.9,tex=128x128 ATLAS_SUBRECT rect=103x119 (crop needed)
Enchantment_DivisionOil,Division Oil,oils,ok,C:/Users/miste/claude_workspace/_sulfur_extract/_unityproject/ExportedProject/Assets/Texture2D/ItemDivisionOil.png,assets/oils/Enchantment_DivisionOil.png,111.9,110.95,tex=128x128 ATLAS_SUBRECT rect=112x111 (crop needed)
Enchantment_DoubleNothingOil,Double Nothing Oil,oils,ok,C:/Users/miste/claude_workspace/_sulfur_extract/_unityproject/ExportedProject/Assets/Texture2D/ItemDoublenothingOil.png,assets/oils/Enchantment_DoubleNothingOil.png,113.85,119.9,tex=128x128 ATLAS_SUBRECT rect=114x120 (crop needed)
Enchantment_ElephantOil,Elephant Oil,oils,ok,C:/Users/miste/claude_workspace/_sulfur_extract/_unityproject/ExportedProject/Assets/Texture2D/ItemElephantOil.png,assets/oils/Enchantment_ElephantOil.png,100.96,237.95,tex=128x256 ATLAS_SUBRECT rect=101x238 (crop needed)
Enchantment_GeminiOil,Gemini Oil,oils,ok,C:/Users/miste/claude_workspace/_sulfur_extract/_unityproject/ExportedProject/Assets/Texture2D/ItemGeminiOil.png,assets/oils/Enchantment_GeminiOil.png,89.95,120.95,tex=128x128 ATLAS_SUBRECT rect=90x121 (crop needed)
Enchantment_MatrixOil,Matrix Oil,oils,ok,C:/Users/miste/claude_workspace/_sulfur_extract/_unityproject/ExportedProject/Assets/Texture2D/ItemMatrixOil.png,assets/oils/Enchantment_MatrixOil.png,59.85,121.9,tex=128x128 ATLAS_SUBRECT rect=60x122 (crop needed)
Enchantment_MultichamberOil,Multichamber Oil,oils,ok,C:/Users/miste/claude_workspace/_sulfur_extract/_unityproject/ExportedProject/Assets/Texture2D/ItemMultichamberOil.png,assets/oils/Enchantment_MultichamberOil.png,62.95,123.9,tex=128x128 ATLAS_SUBRECT rect=63x124 (crop needed)
Enchantment_MultishotOil,Multishot Oil,oils,ok,C:/Users/miste/claude_workspace/_sulfur_extract/_unityproject/ExportedProject/Assets/Texture2D/ItemMultishotOil.png,assets/oils/Enchantment_MultishotOil.png,69.95,119.9,tex=128x128 ATLAS_SUBRECT rect=70x120 (crop needed)
Enchantment_ParallelMagOil,Parallel Mag Oil,oils,ok,C:/Users/miste/claude_workspace/_sulfur_extract/_unityproject/ExportedProject/Assets/Texture2D/ItemParallelmagOil.png,assets/oils/Enchantment_ParallelMagOil.png,85.95,119.9,tex=128x128 ATLAS_SUBRECT rect=86x120 (crop needed)
Enchantment_ScatterOil,Scatter Oil,oils,ok,C:/Users/miste/claude_workspace/_sulfur_extract/_unityproject/ExportedProject/Assets/Texture2D/ItemScatterOil.png,assets/oils/Enchantment_ScatterOil.png,107.9,108.9,tex=128x128 ATLAS_SUBRECT rect=108x109 (crop needed)
Enchantment_ShredderOil,Shredder Oil,oils,ok,C:/Users/miste/claude_workspace/_sulfur_extract/_unityproject/ExportedProject/Assets/Texture2D/ItemShredderOil.png,assets/oils/Enchantment_ShredderOil.png,117.95,121.9,tex=128x128 ATLAS_SUBRECT rect=118x122 (crop needed)
Enchantment_SupressiveOil,Supressive Oil,oils,ok,C:/Users/miste/claude_workspace/_sulfur_extract/_unityproject/ExportedProject/Assets/Texture2D/ItemSupressiveOil.png,assets/oils/Enchantment_SupressiveOil.png,109.85,109.9,tex=128x128 ATLAS_SUBRECT rect=110x110 (crop needed)
Enchantment_TandemOil,Tandem Oil,oils,ok,C:/Users/miste/claude_workspace/_sulfur_extract/_unityproject/ExportedProject/Assets/Texture2D/ItemTandemOil.png,assets/oils/Enchantment_TandemOil.png,117.95,114.95,tex=128x128 ATLAS_SUBRECT rect=118x115 (crop needed)
Enchantment_TwiceOil,Twice Oil,oils,ok,C:/Users/miste/claude_workspace/_sulfur_extract/_unityproject/ExportedProject/Assets/Texture2D/ItemTwiceOil.png,assets/oils/Enchantment_TwiceOil.png,85.95,119.95,tex=128x128 ATLAS_SUBRECT rect=86x120 (crop needed)
Enchantment_TwoTimeOil,Two Time Oil,oils,ok,C:/Users/miste/claude_workspace/_sulfur_extract/_unityproject/ExportedProject/Assets/Texture2D/ItemTwotimeOil.png,assets/oils/Enchantment_TwoTimeOil.png,65.92,118.92,tex=128x128 ATLAS_SUBRECT rect=66x119 (crop needed)
Enchantment_BadPlanetOil,Bad Planet Oil,oils,ok,C:/Users/miste/claude_workspace/_sulfur_extract/_unityproject/ExportedProject/Assets/Texture2D/ItemBadPlanetOil.png,assets/oils/Enchantment_BadPlanetOil.png,113.85,119.9,tex=128x128 ATLAS_SUBRECT rect=114x120 (crop needed)
Enchantment_BystanderOil,Bystander Oil,oils,ok,C:/Users/miste/claude_workspace/_sulfur_extract/_unityproject/ExportedProject/Assets/Texture2D/ItemBystanderOil.png,assets/oils/Enchantment_BystanderOil.png,93.88,104.9,tex=128x128 ATLAS_SUBRECT rect=94x105 (crop needed)
Enchantment_CollateralOil,Collateral Oil,oils,ok,C:/Users/miste/claude_workspace/_sulfur_extract/_unityproject/ExportedProject/Assets/Texture2D/ItemCollateralOil.png,assets/oils/Enchantment_CollateralOil.png,106.85,126.9,tex=128x128 ATLAS_SUBRECT rect=107x127 (crop needed)
Enchantment_ConsiderateOil,Considerate Oil,oils,ok,C:/Users/miste/claude_workspace/_sulfur_extract/_unityproject/ExportedProject/Assets/Texture2D/ItemConsiderateOil.png,assets/oils/Enchantment_ConsiderateOil.png,118.85,107.9,tex=128x128 ATLAS_SUBRECT rect=119x108 (crop needed)
Enchantment_FarsightedOil,Farsighted Oil,oils,ok,C:/Users/miste/claude_workspace/_sulfur_extract/_unityproject/ExportedProject/Assets/Texture2D/ItemFarsightedOil.png,assets/oils/Enchantment_FarsightedOil.png,85.95,119.95,tex=128x128 ATLAS_SUBRECT rect=86x120 (crop needed)
Enchantment_HeavyLeadOil,Heavy Lead Oil,oils,ok,C:/Users/miste/claude_workspace/_sulfur_extract/_unityproject/ExportedProject/Assets/Texture2D/ItemHeavyLeadOil.png,assets/oils/Enchantment_HeavyLeadOil.png,107.9,108.9,tex=128x128 ATLAS_SUBRECT rect=108x109 (crop needed)
Enchantment_InconsiderateOil,Inconsiderate Oil,oils,ok,C:/Users/miste/claude_workspace/_sulfur_extract/_unityproject/ExportedProject/Assets/Texture2D/ItemInconsiderateOil.png,assets/oils/Enchantment_InconsiderateOil.png,109.85,109.9,tex=128x128 ATLAS_SUBRECT rect=110x110 (crop needed)
Enchantment_JungianOil,Jungian Oil,oils,ok,C:/Users/miste/claude_workspace/_sulfur_extract/_unityproject/ExportedProject/Assets/Texture2D/ItemJungianOil.png,assets/oils/Enchantment_JungianOil.png,102.92,118.9,tex=128x128 ATLAS_SUBRECT rect=103x119 (crop needed)
Enchantment_NeedleeyeOil,Needleeye Oil,oils,ok,C:/Users/miste/claude_workspace/_sulfur_extract/_unityproject/ExportedProject/Assets/Texture2D/ItemNeedleeyeOil.png,assets/oils/Enchantment_NeedleeyeOil.png,62.95,123.9,tex=128x128 ATLAS_SUBRECT rect=63x124 (crop needed)
Enchantment_OverdoseOil,Overdose Oil,oils,ok,C:/Users/miste/claude_workspace/_sulfur_extract/_unityproject/ExportedProject/Assets/Texture2D/ItemOverdoseOil.png,assets/oils/Enchantment_OverdoseOil.png,96.9,114.95,tex=128x128 ATLAS_SUBRECT rect=97x115 (crop needed)
Enchantment_PenetrationOil,Penetration Oil,oils,ok,C:/Users/miste/claude_workspace/_sulfur_extract/_unityproject/ExportedProject/Assets/Texture2D/ItemPenetrationOil.png,assets/oils/Enchantment_PenetrationOil.png,69.95,119.9,tex=128x128 ATLAS_SUBRECT rect=70x120 (crop needed)
Enchantment_RigorOil,Rigor Oil,oils,ok,C:/Users/miste/claude_workspace/_sulfur_extract/_unityproject/ExportedProject/Assets/Texture2D/ItemRigorOil.png,assets/oils/Enchantment_RigorOil.png,89.95,120.95,tex=128x128 ATLAS_SUBRECT rect=90x121 (crop needed)
Enchantment_SectOil,Sect Oil,oils,ok,C:/Users/miste/claude_workspace/_sulfur_extract/_unityproject/ExportedProject/Assets/Texture2D/ItemSectOil.png,assets/oils/Enchantment_SectOil.png,65.92,118.92,tex=128x128 ATLAS_SUBRECT rect=66x119 (crop needed)
Enchantment_SurgicalLaserOil,Surgical Laser Oil,oils,ok,C:/Users/miste/claude_workspace/_sulfur_extract/_unityproject/ExportedProject/Assets/Texture2D/ItemSurgicalLaserOil.png,assets/oils/Enchantment_SurgicalLaserOil.png,85.95,223.95,tex=128x256 ATLAS_SUBRECT rect=86x224 (crop needed)
Enchantment_TooMuchOil,Too Much Oil,oils,ok,C:/Users/miste/claude_workspace/_sulfur_extract/_unityproject/ExportedProject/Assets/Texture2D/ItemTooMuchOil.png,assets/oils/Enchantment_TooMuchOil.png,111.9,110.95,tex=128x128 ATLAS_SUBRECT rect=112x111 (crop needed)
Enchantment_UntechnicalOil,Untechnical Oil,oils,ok,C:/Users/miste/claude_workspace/_sulfur_extract/_unityproject/ExportedProject/Assets/Texture2D/ItemUntechnicalOil.png,assets/oils/Enchantment_UntechnicalOil.png,99.95,121.95,tex=128x128 ATLAS_SUBRECT rect=100x122 (crop needed)
Enchantment_VasectomyOil,Vasectomy Oil,oils,ok,C:/Users/miste/claude_workspace/_sulfur_extract/_unityproject/ExportedProject/Assets/Texture2D/ItemVasectomyOil.png,assets/oils/Enchantment_VasectomyOil.png,59.85,121.9,tex=128x128 ATLAS_SUBRECT rect=60x122 (crop needed)
Enchantment_AttackSpeedOil,Attack Speed Oil,oils,ok,C:/Users/miste/claude_workspace/_sulfur_extract/_unityproject/ExportedProject/Assets/Texture2D/ItemAttackspeedOil.png,assets/oils/Enchantment_AttackSpeedOil.png,69.95,119.9,tex=80x128 ATLAS_SUBRECT rect=70x120 (crop needed)
Enchantment_BBOil,BB Oil,oils,ok,C:/Users/miste/claude_workspace/_sulfur_extract/_unityproject/ExportedProject/Assets/Texture2D/ItemBBOil.png,assets/oils/Enchantment_BBOil.png,109.85,109.9,tex=128x128 ATLAS_SUBRECT rect=110x110 (crop needed)
Enchantment_BlurtOil,Blurt Oil,oils,ok,C:/Users/miste/claude_workspace/_sulfur_extract/_unityproject/ExportedProject/Assets/Texture2D/ItemBlurtOil.png,assets/oils/Enchantment_BlurtOil.png,117.95,114.95,tex=128x128 ATLAS_SUBRECT rect=118x115 (crop needed)
Enchantment_DoubleFireOil,Double Fire Oil,oils,ok,C:/Users/miste/claude_workspace/_sulfur_extract/_unityproject/ExportedProject/Assets/Texture2D/ItemDoublefireOil.png,assets/oils/Enchantment_DoubleFireOil.png,106.85,126.9,tex=128x128 ATLAS_SUBRECT rect=107x127 (crop needed)
Enchantment_FragileSystemOil,Fragile System Oil,oils,ok,C:/Users/miste/claude_workspace/_sulfur_extract/_unityproject/ExportedProject/Assets/Texture2D/ItemFragilesystemOil.png,assets/oils/Enchantment_FragileSystemOil.png,62.95,123.9,tex=64x128 ATLAS_SUBRECT rect=63x124 (crop needed)
Enchantment_LightweightOil,Lightweight Oil,oils,ok,C:/Users/miste/claude_workspace/_sulfur_extract/_unityproject/ExportedProject/Assets/Texture2D/ItemLightweightOil.png,assets/oils/Enchantment_LightweightOil.png,111.9,110.95,tex=128x128 ATLAS_SUBRECT rect=112x111 (crop needed)
Enchantment_MachineOil,Machine Oil,oils,ok,C:/Users/miste/claude_workspace/_sulfur_extract/_unityproject/ExportedProject/Assets/Texture2D/ItemMachineOil.png,assets/oils/Enchantment_MachineOil.png,93.88,104.9,tex=128x128 ATLAS_SUBRECT rect=94x105 (crop needed)
Enchantment_NoLookOil,No Look Oil,oils,ok,C:/Users/miste/claude_workspace/_sulfur_extract/_unityproject/ExportedProject/Assets/Texture2D/ItemNolookOil.png,assets/oils/Enchantment_NoLookOil.png,102.92,118.9,tex=128x128 ATLAS_SUBRECT rect=103x119 (crop needed)
Enchantment_PerforateOil,Perforate Oil,oils,ok,C:/Users/miste/claude_workspace/_sulfur_extract/_unityproject/ExportedProject/Assets/Texture2D/ItemPerforateOil.png,assets/oils/Enchantment_PerforateOil.png,105.94,121.95,tex=128x128 ATLAS_SUBRECT rect=106x122 (crop needed)
Enchantment_RapidInternalsOil,Rapid Internals Oil,oils,ok,C:/Users/miste/claude_workspace/_sulfur_extract/_unityproject/ExportedProject/Assets/Texture2D/ItemRapidinternalsOil.png,assets/oils/Enchantment_RapidInternalsOil.png,89.95,120.95,tex=128x128 ATLAS_SUBRECT rect=90x121 (crop needed)
Enchantment_RookieOil,Rookie Oil,oils,ok,C:/Users/miste/claude_workspace/_sulfur_extract/_unityproject/ExportedProject/Assets/Texture2D/ItemRookieOil.png,assets/oils/Enchantment_RookieOil.png,99.95,121.95,tex=128x128 ATLAS_SUBRECT rect=100x122 (crop needed)
Enchantment_ShowerOil,Shower Oil,oils,ok,C:/Users/miste/claude_workspace/_sulfur_extract/_unityproject/ExportedProject/Assets/Texture2D/ItemShowerOil.png,assets/oils/Enchantment_ShowerOil.png,107.9,108.9,tex=128x128 ATLAS_SUBRECT rect=108x109 (crop needed)
Enchantment_SpitterOil,Spitter Oil,oils,ok,C:/Users/miste/claude_workspace/_sulfur_extract/_unityproject/ExportedProject/Assets/Texture2D/ItemSplitterOil.png,assets/oils/Enchantment_SpitterOil.png,85.95,119.95,tex=128x128 ATLAS_SUBRECT rect=86x120 (crop needed)
Enchantment_StationaryOil,Stationary Oil,oils,ok,C:/Users/miste/claude_workspace/_sulfur_extract/_unityproject/ExportedProject/Assets/Texture2D/ItemStationaryOil.png,assets/oils/Enchantment_StationaryOil.png,70.85,244.95,tex=128x256 ATLAS_SUBRECT rect=71x245 (crop needed)
Enchantment_WasterOil,Waster Oil,oils,ok,C:/Users/miste/claude_workspace/_sulfur_extract/_unityproject/ExportedProject/Assets/Texture2D/ItemWasterOil.png,assets/oils/Enchantment_WasterOil.png,59.85,121.9,tex=128x128 ATLAS_SUBRECT rect=60x122 (crop needed)
Enchantment_ZeroFucksOil,Zero Fucks Oil,oils,ok,C:/Users/miste/claude_workspace/_sulfur_extract/_unityproject/ExportedProject/Assets/Texture2D/ItemZerofucksOil.png,assets/oils/Enchantment_ZeroFucksOil.png,117.95,121.9,tex=128x128 ATLAS_SUBRECT rect=118x122 (crop needed)
Enchantment_BracedOil,Braced Oil,oils,ok,C:/Users/miste/claude_workspace/_sulfur_extract/_unityproject/ExportedProject/Assets/Texture2D/ItemBracedOil.png,assets/oils/Enchantment_BracedOil.png,105.94,121.95,tex=128x128 ATLAS_SUBRECT rect=106x122 (crop needed)
Enchantment_CasualOil,Casual Oil,oils,ok,C:/Users/miste/claude_workspace/_sulfur_extract/_unityproject/ExportedProject/Assets/Texture2D/ItemCasualOil.png,assets/oils/Enchantment_CasualOil.png,65.92,118.92,tex=128x128 ATLAS_SUBRECT rect=66x119 (crop needed)
Enchantment_ContainedForceOil,Contained Force Oil,oils,ok,C:/Users/miste/claude_workspace/_sulfur_extract/_unityproject/ExportedProject/Assets/Texture2D/ItemContainedforceOil.png,assets/oils/Enchantment_ContainedForceOil.png,117.95,114.95,tex=128x128 ATLAS_SUBRECT rect=118x115 (crop needed)
Enchantment_EasyOil,Easy Oil,oils,ok,C:/Users/miste/claude_workspace/_sulfur_extract/_unityproject/ExportedProject/Assets/Texture2D/ItemEasyOil.png,assets/oils/Enchantment_EasyOil.png,113.85,119.9,tex=128x128 ATLAS_SUBRECT rect=114x120 (crop needed)
Enchantment_EasyPlopOil,Easy Plop Oil,oils,ok,C:/Users/miste/claude_workspace/_sulfur_extract/_unityproject/ExportedProject/Assets/Texture2D/ItemEasyplopOil.png,assets/oils/Enchantment_EasyPlopOil.png,109.85,109.9,tex=128x128 ATLAS_SUBRECT rect=110x110 (crop needed)
Enchantment_FlowFunnelOil,Flow Funnel Oil,oils,ok,C:/Users/miste/claude_workspace/_sulfur_extract/_unityproject/ExportedProject/Assets/Texture2D/ItemFlowfunnelOil.png,assets/oils/Enchantment_FlowFunnelOil.png,107.9,108.9,tex=128x128 ATLAS_SUBRECT rect=108x109 (crop needed)
Enchantment_LessRecoilOil,Less Recoil Oil,oils,ok,C:/Users/miste/claude_workspace/_sulfur_extract/_unityproject/ExportedProject/Assets/Texture2D/ItemLessrecoilOil.png,assets/oils/Enchantment_LessRecoilOil.png,69.95,119.9,tex=128x128 ATLAS_SUBRECT rect=70x120 (crop needed)
Enchantment_ModernTechnologyOil,Modern Technology Oil,oils,ok,C:/Users/miste/claude_workspace/_sulfur_extract/_unityproject/ExportedProject/Assets/Texture2D/ItemModerntechnologyOil.png,assets/oils/Enchantment_ModernTechnologyOil.png,99.95,121.95,tex=128x128 ATLAS_SUBRECT rect=100x122 (crop needed)
Enchantment_PeashooterOil,Peashooter Oil,oils,ok,C:/Users/miste/claude_workspace/_sulfur_extract/_unityproject/ExportedProject/Assets/Texture2D/ItemPeashooterOil.png,assets/oils/Enchantment_PeashooterOil.png,106.85,126.9,tex=128x128 ATLAS_SUBRECT rect=107x127 (crop needed)
Enchantment_PurseGunOil,Purse Gun Oil,oils,ok,C:/Users/miste/claude_workspace/_sulfur_extract/_unityproject/ExportedProject/Assets/Texture2D/ItemPursegunOil.png,assets/oils/Enchantment_PurseGunOil.png,111.9,110.95,tex=128x128 ATLAS_SUBRECT rect=112x111 (crop needed)
Enchantment_ReadyOil,Ready Oil,oils,ok,C:/Users/miste/claude_workspace/_sulfur_extract/_unityproject/ExportedProject/Assets/Texture2D/ItemReadyOil.png,assets/oils/Enchantment_ReadyOil.png,62.95,123.9,tex=128x128 ATLAS_SUBRECT rect=63x124 (crop needed)
Enchantment_RelaxOil,Relax Oil,oils,ok,C:/Users/miste/claude_workspace/_sulfur_extract/_unityproject/ExportedProject/Assets/Texture2D/ItemRelaxOil.png,assets/oils/Enchantment_RelaxOil.png,93.88,104.9,tex=128x128 ATLAS_SUBRECT rect=94x105 (crop needed)
Enchantment_SafetyOil,Safety Oil,oils,ok,C:/Users/miste/claude_workspace/_sulfur_extract/_unityproject/ExportedProject/Assets/Texture2D/ItemSafetyOil.png,assets/oils/Enchantment_SafetyOil.png,89.95,120.95,tex=128x128 ATLAS_SUBRECT rect=90x121 (crop needed)
Enchantment_StabilityOil,Stability Oil,oils,ok,C:/Users/miste/claude_workspace/_sulfur_extract/_unityproject/ExportedProject/Assets/Texture2D/ItemStabilityOil.png,assets/oils/Enchantment_StabilityOil.png,85.95,119.95,tex=128x128 ATLAS_SUBRECT rect=86x120 (crop needed)
Enchantment_StableHipOil,Stable Hip Oil,oils,ok,C:/Users/miste/claude_workspace/_sulfur_extract/_unityproject/ExportedProject/Assets/Texture2D/ItemStablehipOil.png,assets/oils/Enchantment_StableHipOil.png,59.85,121.9,tex=128x128 ATLAS_SUBRECT rect=60x122 (crop needed)
Enchantment_TensionOil,Tension Oil,oils,ok,C:/Users/miste/claude_workspace/_sulfur_extract/_unityproject/ExportedProject/Assets/Texture2D/ItemTensionOil.png,assets/oils/Enchantment_TensionOil.png,102.92,118.9,tex=128x128 ATLAS_SUBRECT rect=103x119 (crop needed)
Enchantment_VegetableOil,Vegetable Oil,oils,ok,C:/Users/miste/claude_workspace/_sulfur_extract/_unityproject/ExportedProject/Assets/Texture2D/ItemVegetableOil.png,assets/oils/Enchantment_VegetableOil.png,117.95,121.9,tex=128x128 ATLAS_SUBRECT rect=118x122 (crop needed)
Enchantment_BulkOil,Bulk Oil,oils,ok,C:/Users/miste/claude_workspace/_sulfur_extract/_unityproject/ExportedProject/Assets/Texture2D/ItemBulkOil.png,assets/oils/Enchantment_BulkOil.png,107.9,108.9,tex=128x128 ATLAS_SUBRECT rect=108x109 (crop needed)
Enchantment_CarefreeOil,Carefree Oil,oils,ok,C:/Users/miste/claude_workspace/_sulfur_extract/_unityproject/ExportedProject/Assets/Texture2D/ItemCarefreeOil.png,assets/oils/Enchantment_CarefreeOil.png,85.95,119.95,tex=128x128 ATLAS_SUBRECT rect=86x120 (crop needed)
Enchantment_CheapOil,Cheap Oil,oils,ok,C:/Users/miste/claude_workspace/_sulfur_extract/_unityproject/ExportedProject/Assets/Texture2D/ItemCheapOil.png,assets/oils/Enchantment_CheapOil.png,89.95,120.95,tex=128x128 ATLAS_SUBRECT rect=90x121 (crop needed)
Enchantment_DoOverOil,Do-over Oil,oils,ok,C:/Users/miste/claude_workspace/_sulfur_extract/_unityproject/ExportedProject/Assets/Texture2D/ItemDooverOil.png,assets/oils/Enchantment_DoOverOil.png,99.95,121.95,tex=128x128 ATLAS_SUBRECT rect=100x122 (crop needed)
Enchantment_FoodStampOil,Food Stamp Oil,oils,ok,C:/Users/miste/claude_workspace/_sulfur_extract/_unityproject/ExportedProject/Assets/Texture2D/ItemFoodstampOil.png,assets/oils/Enchantment_FoodStampOil.png,117.95,121.9,tex=128x128 ATLAS_SUBRECT rect=118x122 (crop needed)
Enchantment_HeavyPocketsOil,Heavy Pockets  Oil,oils,ok,C:/Users/miste/claude_workspace/_sulfur_extract/_unityproject/ExportedProject/Assets/Texture2D/ItemHeavypocketsOil.png,assets/oils/Enchantment_HeavyPocketsOil.png,102.92,118.9,tex=128x128 ATLAS_SUBRECT rect=103x119 (crop needed)
Enchantment_HeliumOil,Helium Oil,oils,ok,C:/Users/miste/claude_workspace/_sulfur_extract/_unityproject/ExportedProject/Assets/Texture2D/ItemHeliumOil.png,assets/oils/Enchantment_HeliumOil.png,117.95,114.95,tex=128x128 ATLAS_SUBRECT rect=118x115 (crop needed)
Enchantment_KeepOil,Keep Oil,oils,ok,C:/Users/miste/claude_workspace/_sulfur_extract/_unityproject/ExportedProject/Assets/Texture2D/ItemKeepOil.png,assets/oils/Enchantment_KeepOil.png,59.85,121.9,tex=128x128 ATLAS_SUBRECT rect=60x122 (crop needed)
Enchantment_LastDropOil,Last Drop Oil,oils,ok,C:/Users/miste/claude_workspace/_sulfur_extract/_unityproject/ExportedProject/Assets/Texture2D/ItemLastdropOil.png,assets/oils/Enchantment_LastDropOil.png,62.95,123.9,tex=128x128 ATLAS_SUBRECT rect=63x124 (crop needed)
Enchantment_MosquitoOil,Mosquito Oil,oils,ok,C:/Users/miste/claude_workspace/_sulfur_extract/_unityproject/ExportedProject/Assets/Texture2D/ItemMosquitoOil.png,assets/oils/Enchantment_MosquitoOil.png,109.85,109.9,tex=128x128 ATLAS_SUBRECT rect=110x110 (crop needed)
Enchantment_PlopBackOil,Plop Back Oil,oils,ok,C:/Users/miste/claude_workspace/_sulfur_extract/_unityproject/ExportedProject/Assets/Texture2D/ItemPlopbackOil.png,assets/oils/Enchantment_PlopBackOil.png,111.9,110.95,tex=128x128 ATLAS_SUBRECT rect=112x111 (crop needed)
Enchantment_RecycleOil,Recycle Oil,oils,ok,C:/Users/miste/claude_workspace/_sulfur_extract/_unityproject/ExportedProject/Assets/Texture2D/ItemRecycleOil.png,assets/oils/Enchantment_RecycleOil.png,69.95,119.9,tex=128x128 ATLAS_SUBRECT rect=70x120 (crop needed)
Enchantment_SaviourOil,Saviour Oil,oils,ok,C:/Users/miste/claude_workspace/_sulfur_extract/_unityproject/ExportedProject/Assets/Texture2D/SaviourOil.png,assets/oils/Enchantment_SaviourOil.png,113.85,119.9,tex=128x128 ATLAS_SUBRECT rect=114x120 (crop needed)
Enchantment_TetrisOil,Tetris Oil,oils,ok,C:/Users/miste/claude_workspace/_sulfur_extract/_unityproject/ExportedProject/Assets/Texture2D/ItemTetrisOil.png,assets/oils/Enchantment_TetrisOil.png,106.85,126.9,tex=128x128 ATLAS_SUBRECT rect=107x127 (crop needed)
Enchantment_WalkEasyOil,Walk Easy Oil,oils,ok,C:/Users/miste/claude_workspace/_sulfur_extract/_unityproject/ExportedProject/Assets/Texture2D/ItemWalkeasyOil.png,assets/oils/Enchantment_WalkEasyOil.png,93.88,104.9,tex=128x128 ATLAS_SUBRECT rect=94x105 (crop needed)
Enchantment_WhosCountingOil,Whos Counting Oil,oils,ok,C:/Users/miste/claude_workspace/_sulfur_extract/_unityproject/ExportedProject/Assets/Texture2D/ItemWhoscountingOil.png,assets/oils/Enchantment_WhosCountingOil.png,105.94,121.95,tex=128x128 ATLAS_SUBRECT rect=106x122 (crop needed)
Enchantment_ActionOil,Action Oil,oils,ok,C:/Users/miste/claude_workspace/_sulfur_extract/_unityproject/ExportedProject/Assets/Texture2D/ItemActionOil.png,assets/oils/Enchantment_ActionOil.png,62.95,123.9,tex=128x128 ATLAS_SUBRECT rect=63x124 (crop needed)
Enchantment_AirSoftOil,Airsoft Oil,oils,ok,C:/Users/miste/claude_workspace/_sulfur_extract/_unityproject/ExportedProject/Assets/Texture2D/ItemAirsoftOil.png,assets/oils/Enchantment_AirSoftOil.png,106.85,126.9,tex=128x128 ATLAS_SUBRECT rect=107x127 (crop needed)
Enchantment_CompoOil,Compo Oil,oils,ok,C:/Users/miste/claude_workspace/_sulfur_extract/_unityproject/ExportedProject/Assets/Texture2D/ItemCompoOil.png,assets/oils/Enchantment_CompoOil.png,59.85,121.9,tex=128x128 ATLAS_SUBRECT rect=60x122 (crop needed)
Enchantment_CycleOil,Cycle Oil,oils,ok,C:/Users/miste/claude_workspace/_sulfur_extract/_unityproject/ExportedProject/Assets/Texture2D/ItemCycleOil.png,assets/oils/Enchantment_CycleOil.png,107.9,108.9,tex=128x128 ATLAS_SUBRECT rect=108x109 (crop needed)
Enchantment_DoubleLockOil,Double Lock Oil,oils,ok,C:/Users/miste/claude_workspace/_sulfur_extract/_unityproject/ExportedProject/Assets/Texture2D/ItemDoublelockOil.png,assets/oils/Enchantment_DoubleLockOil.png,111.9,110.95,tex=128x128 ATLAS_SUBRECT rect=112x111 (crop needed)
Enchantment_DynamicOil,Dynamic Oil,oils,ok,C:/Users/miste/claude_workspace/_sulfur_extract/_unityproject/ExportedProject/Assets/Texture2D/ItemDynamicOil.png,assets/oils/Enchantment_DynamicOil.png,85.95,119.95,tex=128x128 ATLAS_SUBRECT rect=86x120 (crop needed)
Enchantment_FidgetLordOil,Fidget Lord Oil,oils,ok,C:/Users/miste/claude_workspace/_sulfur_extract/_unityproject/ExportedProject/Assets/Texture2D/ItemFidgetlordOil.png,assets/oils/Enchantment_FidgetLordOil.png,102.92,118.9,tex=128x128 ATLAS_SUBRECT rect=103x119 (crop needed)
Enchantment_GunslingerOil,Gunslinger Oil,oils,ok,C:/Users/miste/claude_workspace/_sulfur_extract/_unityproject/ExportedProject/Assets/Texture2D/ItemGunslingerOil.png,assets/oils/Enchantment_GunslingerOil.png,117.95,121.9,tex=128x128 ATLAS_SUBRECT rect=118x122 (crop needed)
Enchantment_MainDisciplineOil,Main Discipline Oil,oils,ok,C:/Users/miste/claude_workspace/_sulfur_extract/_unityproject/ExportedProject/Assets/Texture2D/ItemMaindisciplineOil.png,assets/oils/Enchantment_MainDisciplineOil.png,96.9,114.95,tex=128x128 ATLAS_SUBRECT rect=97x115 (crop needed)
Enchantment_MainFocusOil,Main Focus Oil,oils,ok,C:/Users/miste/claude_workspace/_sulfur_extract/_unityproject/ExportedProject/Assets/Texture2D/ItemMainfocusOil.png,assets/oils/Enchantment_MainFocusOil.png,65.92,118.92,tex=128x128 ATLAS_SUBRECT rect=66x119 (crop needed)
Enchantment_NerfOil,Nerf Oil,oils,ok,C:/Users/miste/claude_workspace/_sulfur_extract/_unityproject/ExportedProject/Assets/Texture2D/ItemNerfOil.png,assets/oils/Enchantment_NerfOil.png,109.85,109.9,tex=128x128 ATLAS_SUBRECT rect=110x110 (crop needed)
Enchantment_ReloadOil,Reload Oil,oils,ok,C:/Users/miste/claude_workspace/_sulfur_extract/_unityproject/ExportedProject/Assets/Texture2D/ItemReloadOil.png,assets/oils/Enchantment_ReloadOil.png,69.95,119.9,tex=128x128 ATLAS_SUBRECT rect=70x120 (crop needed)
Enchantment_RushJobOil,Rush Job Oil,oils,ok,C:/Users/miste/claude_workspace/_sulfur_extract/_unityproject/ExportedProject/Assets/Texture2D/ItemRushjobOil.png,assets/oils/Enchantment_RushJobOil.png,99.95,121.95,tex=128x128 ATLAS_SUBRECT rect=100x122 (crop needed)
Enchantment_ShavedClipOil,Shaved Clip Oil,oils,ok,C:/Users/miste/claude_workspace/_sulfur_extract/_unityproject/ExportedProject/Assets/Texture2D/ItemShavedclipOil.png,assets/oils/Enchantment_ShavedClipOil.png,117.95,114.95,tex=128x128 ATLAS_SUBRECT rect=118x115 (crop needed)
Enchantment_SpeedTradeOil,Speed Trade Oil,oils,ok,C:/Users/miste/claude_workspace/_sulfur_extract/_unityproject/ExportedProject/Assets/Texture2D/ItemSpeedtradeOil.png,assets/oils/Enchantment_SpeedTradeOil.png,93.88,104.9,tex=128x128 ATLAS_SUBRECT rect=94x105 (crop needed)
Enchantment_TacticalOil,Tactical Oil,oils,ok,C:/Users/miste/claude_workspace/_sulfur_extract/_unityproject/ExportedProject/Assets/Texture2D/ItemTacticalOil.png,assets/oils/Enchantment_TacticalOil.png,89.95,120.95,tex=128x128 ATLAS_SUBRECT rect=90x121 (crop needed)
Enchantment_TaskOil,Task Oil,oils,ok,C:/Users/miste/claude_workspace/_sulfur_extract/_unityproject/ExportedProject/Assets/Texture2D/ItemTaskOil.png,assets/oils/Enchantment_TaskOil.png,113.85,119.9,tex=128x128 ATLAS_SUBRECT rect=114x120 (crop needed)
Enchantment_TechSupportOil,Tech Support Oil,oils,ok,C:/Users/miste/claude_workspace/_sulfur_extract/_unityproject/ExportedProject/Assets/Texture2D/ItemTechsupportOil.png,assets/oils/Enchantment_TechSupportOil.png,105.94,121.95,tex=128x128 ATLAS_SUBRECT rect=106x122 (crop needed)
Enchantment_BigTaxOil,Big Tax Oil,oils,ok,C:/Users/miste/claude_workspace/_sulfur_extract/_unityproject/ExportedProject/Assets/Texture2D/ItemBigtaxOil.png,assets/oils/Enchantment_BigTaxOil.png,59.85,121.9,tex=128x128 ATLAS_SUBRECT rect=60x122 (crop needed)
Enchantment_BirthOil,Birth Oil,oils,ok,C:/Users/miste/claude_workspace/_sulfur_extract/_unityproject/ExportedProject/Assets/Texture2D/ItemBirthOil.png,assets/oils/Enchantment_BirthOil.png,85.95,119.9,tex=128x128 ATLAS_SUBRECT rect=86x120 (crop needed)
Enchantment_ChonkOil,Chonk Oil,oils,ok,C:/Users/miste/claude_workspace/_sulfur_extract/_unityproject/ExportedProject/Assets/Texture2D/ItemChonkOil.png,assets/oils/Enchantment_ChonkOil.png,85.95,119.95,tex=128x128 ATLAS_SUBRECT rect=86x120 (crop needed)
Enchantment_ChubOil,Chub Oil,oils,ok,C:/Users/miste/claude_workspace/_sulfur_extract/_unityproject/ExportedProject/Assets/Texture2D/ItemChubOil.png,assets/oils/Enchantment_ChubOil.png,89.95,120.95,tex=128x128 ATLAS_SUBRECT rect=90x121 (crop needed)
Enchantment_ClumpOil,Clump Oil,oils,ok,C:/Users/miste/claude_workspace/_sulfur_extract/_unityproject/ExportedProject/Assets/Texture2D/ItemClumpOil.png,assets/oils/Enchantment_ClumpOil.png,109.85,109.9,tex=128x128 ATLAS_SUBRECT rect=110x110 (crop needed)
Enchantment_CongestionOil,Congestion Oil,oils,ok,C:/Users/miste/claude_workspace/_sulfur_extract/_unityproject/ExportedProject/Assets/Texture2D/ItemCongestionOil.png,assets/oils/Enchantment_CongestionOil.png,117.95,121.9,tex=128x128 ATLAS_SUBRECT rect=118x122 (crop needed)
Enchantment_FlopOil,Flop Oil,oils,ok,C:/Users/miste/claude_workspace/_sulfur_extract/_unityproject/ExportedProject/Assets/Texture2D/ItemFlopOil.png,assets/oils/Enchantment_FlopOil.png,93.88,104.9,tex=128x128 ATLAS_SUBRECT rect=94x105 (crop needed)
Enchantment_GargantuanOil,Gargantuan Oil,oils,ok,C:/Users/miste/claude_workspace/_sulfur_extract/_unityproject/ExportedProject/Assets/Texture2D/ItemGargantuanOil.png,assets/oils/Enchantment_GargantuanOil.png,106.85,126.9,tex=128x128 ATLAS_SUBRECT rect=107x127 (crop needed)
Enchantment_OverOil,Over Oil,oils,ok,C:/Users/miste/claude_workspace/_sulfur_extract/_unityproject/ExportedProject/Assets/Texture2D/ItemOverOil.png,assets/oils/Enchantment_OverOil.png,111.9,110.95,tex=128x128 ATLAS_SUBRECT rect=112x111 (crop needed)
Enchantment_PotatoOil,Potato Oil,oils,ok,C:/Users/miste/claude_workspace/_sulfur_extract/_unityproject/ExportedProject/Assets/Texture2D/ItemPotatoOil.png,assets/oils/Enchantment_PotatoOil.png,102.92,118.9,tex=128x128 ATLAS_SUBRECT rect=103x119 (crop needed)
Enchantment_SizeUpOil,Size Up Oil,oils,ok,C:/Users/miste/claude_workspace/_sulfur_extract/_unityproject/ExportedProject/Assets/Texture2D/ItemSizeupOil.png,assets/oils/Enchantment_SizeUpOil.png,69.95,119.9,tex=128x128 ATLAS_SUBRECT rect=70x120 (crop needed)
Enchantment_SmashOil,Smash Oil,oils,ok,C:/Users/miste/claude_workspace/_sulfur_extract/_unityproject/ExportedProject/Assets/Texture2D/ItemSmashOil.png,assets/oils/Enchantment_SmashOil.png,105.94,121.95,tex=128x128 ATLAS_SUBRECT rect=106x122 (crop needed)
Enchantment_TightOil,Tight Oil,oils,ok,C:/Users/miste/claude_workspace/_sulfur_extract/_unityproject/ExportedProject/Assets/Texture2D/ItemTightOil.png,assets/oils/Enchantment_TightOil.png,99.95,121.95,tex=128x128 ATLAS_SUBRECT rect=100x122 (crop needed)
Enchantment_XanaxOil,Xanax Oil,oils,ok,C:/Users/miste/claude_workspace/_sulfur_extract/_unityproject/ExportedProject/Assets/Texture2D/ItemXanaxOil.png,assets/oils/Enchantment_XanaxOil.png,70.85,244.95,tex=128x256 ATLAS_SUBRECT rect=71x245 (crop needed)
Enchantment_AltruisticOil,Altruistic Oil,oils,ok,C:/Users/miste/claude_workspace/_sulfur_extract/_unityproject/ExportedProject/Assets/Texture2D/ItemAltruisticOil.png,assets/oils/Enchantment_AltruisticOil.png,65.92,118.92,tex=128x128 ATLAS_SUBRECT rect=66x119 (crop needed)
Enchantment_ArtilleryOil,Artillery Oil,oils,ok,C:/Users/miste/claude_workspace/_sulfur_extract/_unityproject/ExportedProject/Assets/Texture2D/ItemArtilleryOil.png,assets/oils/Enchantment_ArtilleryOil.png,85.95,119.95,tex=128x128 ATLAS_SUBRECT rect=86x120 (crop needed)
Enchantment_BowlOil,Bowl Oil,oils,ok,C:/Users/miste/claude_workspace/_sulfur_extract/_unityproject/ExportedProject/Assets/Texture2D/ItemBowlOil.png,assets/oils/Enchantment_BowlOil.png,109.85,109.9,tex=128x128 ATLAS_SUBRECT rect=110x110 (crop needed)
Enchantment_CarefulOil,Careful Oil,oils,ok,C:/Users/miste/claude_workspace/_sulfur_extract/_unityproject/ExportedProject/Assets/Texture2D/ItemCarefulOil.png,assets/oils/Enchantment_CarefulOil.png,111.9,110.95,tex=128x128 ATLAS_SUBRECT rect=112x111 (crop needed)
Enchantment_DeadCenterOil,Dead Center Oil,oils,ok,C:/Users/miste/claude_workspace/_sulfur_extract/_unityproject/ExportedProject/Assets/Texture2D/ItemDeadcenterOil.png,assets/oils/Enchantment_DeadCenterOil.png,62.95,123.9,tex=128x128 ATLAS_SUBRECT rect=63x124 (crop needed)
Enchantment_ExoticBarrelOil,Exotic Barrel Oil,oils,ok,C:/Users/miste/claude_workspace/_sulfur_extract/_unityproject/ExportedProject/Assets/Texture2D/ItemExoticbarrelOil.png,assets/oils/Enchantment_ExoticBarrelOil.png,117.95,114.95,tex=128x128 ATLAS_SUBRECT rect=118x115 (crop needed)
Enchantment_HipMarksmanOil,Hip Marksman Oil,oils,ok,C:/Users/miste/claude_workspace/_sulfur_extract/_unityproject/ExportedProject/Assets/Texture2D/ItemHipmarksmanOil.png,assets/oils/Enchantment_HipMarksmanOil.png,59.85,121.9,tex=128x128 ATLAS_SUBRECT rect=60x122 (crop needed)
Enchantment_LostInFocusOil,Lost In Focus Oil,oils,ok,C:/Users/miste/claude_workspace/_sulfur_extract/_unityproject/ExportedProject/Assets/Texture2D/ItemLostinfocusOil.png,assets/oils/Enchantment_LostInFocusOil.png,106.85,126.9,tex=128x128 ATLAS_SUBRECT rect=107x127 (crop needed)
Enchantment_PlinkerOil,Plinker Oil,oils,ok,C:/Users/miste/claude_workspace/_sulfur_extract/_unityproject/ExportedProject/Assets/Texture2D/ItemPlinkerOil.png,assets/oils/Enchantment_PlinkerOil.png,89.95,120.95,tex=128x128 ATLAS_SUBRECT rect=90x121 (crop needed)
Enchantment_ShellManOil,Shellman Oil,oils,ok,C:/Users/miste/claude_workspace/_sulfur_extract/_unityproject/ExportedProject/Assets/Texture2D/ItemShellmanOil.png,assets/oils/Enchantment_ShellManOil.png,99.95,121.95,tex=128x128 ATLAS_SUBRECT rect=100x122 (crop needed)
Enchantment_SlickOil,Slick Oil,oils,ok,C:/Users/miste/claude_workspace/_sulfur_extract/_unityproject/ExportedProject/Assets/Texture2D/ItemSlickOil.png,assets/oils/Enchantment_SlickOil.png,105.94,121.95,tex=128x128 ATLAS_SUBRECT rect=106x122 (crop needed)
Enchantment_SpreadOil,Spread Oil,oils,ok,C:/Users/miste/claude_workspace/_sulfur_extract/_unityproject/ExportedProject/Assets/Texture2D/ItemSpreadOil.png,assets/oils/Enchantment_SpreadOil.png,69.95,119.9,tex=128x128 ATLAS_SUBRECT rect=70x120 (crop needed)
Enchantment_StoicOil,Stoic Oil,oils,ok,C:/Users/miste/claude_workspace/_sulfur_extract/_unityproject/ExportedProject/Assets/Texture2D/ItemStoicOil.png,assets/oils/Enchantment_StoicOil.png,113.85,119.9,tex=128x128 ATLAS_SUBRECT rect=114x120 (crop needed)
Enchantment_ThoroughOil,Thorough Oil,oils,ok,C:/Users/miste/claude_workspace/_sulfur_extract/_unityproject/ExportedProject/Assets/Texture2D/ItemThoroughOil.png,assets/oils/Enchantment_ThoroughOil.png,102.92,118.9,tex=128x128 ATLAS_SUBRECT rect=103x119 (crop needed)
Enchantment_VeganOil,Vegan Oil,oils,ok,C:/Users/miste/claude_workspace/_sulfur_extract/_unityproject/ExportedProject/Assets/Texture2D/ItemVeganOil.png,assets/oils/Enchantment_VeganOil.png,117.95,121.9,tex=128x128 ATLAS_SUBRECT rect=118x122 (crop needed)
Enchantment_BoulderOil,Boulder Oil,oils,ok,C:/Users/miste/claude_workspace/_sulfur_extract/_unityproject/ExportedProject/Assets/Texture2D/ItemBigOil_0.png,assets/oils/Enchantment_BoulderOil.png,99.95,121.95,tex=128x128 ATLAS_SUBRECT rect=100x122 (crop needed)
Enchantment_HyperLeadOil,Hyper Lead Oil,oils,ok,C:/Users/miste/claude_workspace/_sulfur_extract/_unityproject/ExportedProject/Assets/Texture2D/ItemHyperleadOil.png,assets/oils/Enchantment_HyperLeadOil.png,70.85,244.95,tex=128x256 ATLAS_SUBRECT rect=71x245 (crop needed)
Enchantment_Dark,Scroll of Dark,scrolls,ok,C:/Users/miste/claude_workspace/_sulfur_extract/_unityproject/ExportedProject/Assets/Texture2D/dark.png,assets/scrolls/Enchantment_Dark.png,201.95,365.95,tex=240x384 ATLAS_SUBRECT rect=202x366 (crop needed)
Enchantment_Earth,Scroll of Earth,scrolls,ok,C:/Users/miste/claude_workspace/_sulfur_extract/_unityproject/ExportedProject/Assets/Texture2D/earth.png,assets/scrolls/Enchantment_Earth.png,201.95,365.95,tex=240x384 ATLAS_SUBRECT rect=202x366 (crop needed)
Enchantment_Electricity,Scroll of Surge,scrolls,ok,C:/Users/miste/claude_workspace/_sulfur_extract/_unityproject/ExportedProject/Assets/Texture2D/lightning.png,assets/scrolls/Enchantment_Electricity.png,201.95,365.95,tex=240x384 ATLAS_SUBRECT rect=202x366 (crop needed)
Enchantment_Fire,Scroll of Embers,scrolls,ok,C:/Users/miste/claude_workspace/_sulfur_extract/_unityproject/ExportedProject/Assets/Texture2D/fire.png,assets/scrolls/Enchantment_Fire.png,201.95,365.95,tex=240x384 ATLAS_SUBRECT rect=202x366 (crop needed)
Enchantment_Frost,Scroll of Frostbite,scrolls,ok,C:/Users/miste/claude_workspace/_sulfur_extract/_unityproject/ExportedProject/Assets/Texture2D/frost.png,assets/scrolls/Enchantment_Frost.png,201.95,365.95,tex=240x384 ATLAS_SUBRECT rect=202x366 (crop needed)
Enchantment_Nature,Scroll of Nature,scrolls,ok,C:/Users/miste/claude_workspace/_sulfur_extract/_unityproject/ExportedProject/Assets/Texture2D/nature.png,assets/scrolls/Enchantment_Nature.png,201.95,365.95,tex=240x384 ATLAS_SUBRECT rect=202x366 (crop needed)
Enchantment_Poison,Scroll of Plague,scrolls,ok,C:/Users/miste/claude_workspace/_sulfur_extract/_unityproject/ExportedProject/Assets/Texture2D/poison.png,assets/scrolls/Enchantment_Poison.png,201.95,365.95,tex=240x384 ATLAS_SUBRECT rect=202x366 (crop needed)
Enchantment_Water,Scroll of Water,scrolls,ok,C:/Users/miste/claude_workspace/_sulfur_extract/_unityproject/ExportedProject/Assets/Texture2D/water.png,assets/scrolls/Enchantment_Water.png,201.95,365.95,tex=240x384 ATLAS_SUBRECT rect=202x366 (crop needed)
Enchantment_Beamgun,Scroll of Beamgun,scrolls,ok,C:/Users/miste/claude_workspace/_sulfur_extract/_unityproject/ExportedProject/Assets/Texture2D/beamgun.png,assets/scrolls/Enchantment_Beamgun.png,202.92,366.95,tex=240x384 ATLAS_SUBRECT rect=203x367 (crop needed)
Enchantment_ChaosStrike,Scroll of Chaos Strike,scrolls,ok,C:/Users/miste/claude_workspace/_sulfur_extract/_unityproject/ExportedProject/Assets/Texture2D/chaosStrike.png,assets/scrolls/Enchantment_ChaosStrike.png,201.95,365.95,tex=240x384 ATLAS_SUBRECT rect=202x366 (crop needed)
Enchantment_FastForwardOil,Fast Forward Oil,scrolls,ok,C:/Users/miste/claude_workspace/_sulfur_extract/_unityproject/ExportedProject/Assets/Texture2D/GoblinWizardElectricity_Death.png,assets/scrolls/Enchantment_FastForwardOil.png,323.92,508.0,tex=324x508
Enchantment_FlameThrower,Scroll Of Flame Thrower,scrolls,ok,C:/Users/miste/claude_workspace/_sulfur_extract/_unityproject/ExportedProject/Assets/Texture2D/flamethrower.png,assets/scrolls/Enchantment_FlameThrower.png,201.95,365.95,tex=240x384 ATLAS_SUBRECT rect=202x366 (crop needed)
Enchantment_ForceOil,Force Oil,scrolls,ok,C:/Users/miste/claude_workspace/_sulfur_extract/_unityproject/ExportedProject/Assets/Texture2D/CorruptedLurkElectricity.png,assets/scrolls/Enchantment_ForceOil.png,324.0,384.0,tex=324x384
Enchantment_HolyFire,Scroll of Holy Fire,scrolls,ok,C:/Users/miste/claude_workspace/_sulfur_extract/_unityproject/ExportedProject/Assets/Texture2D/holyFire.png,assets/scrolls/Enchantment_HolyFire.png,201.95,365.95,tex=240x384 ATLAS_SUBRECT rect=202x366 (crop needed)
Enchantment_HolyPurge,Scroll of Holy Purge,scrolls,ok,C:/Users/miste/claude_workspace/_sulfur_extract/_unityproject/ExportedProject/Assets/Texture2D/holyPurge.png,assets/scrolls/Enchantment_HolyPurge.png,201.95,365.95,tex=240x384 ATLAS_SUBRECT rect=202x366 (crop needed)
Enchantment_IceBeam,Scroll of Ice Beam,scrolls,ok,C:/Users/miste/claude_workspace/_sulfur_extract/_unityproject/ExportedProject/Assets/Texture2D/icebeam.png,assets/scrolls/Enchantment_IceBeam.png,202.95,366.87,tex=240x384 ATLAS_SUBRECT rect=203x367 (crop needed)
Enchantment_Light,Scroll of Light,scrolls,ok,C:/Users/miste/claude_workspace/_sulfur_extract/_unityproject/ExportedProject/Assets/Texture2D/light.png,assets/scrolls/Enchantment_Light.png,201.95,365.95,tex=240x384 ATLAS_SUBRECT rect=202x366 (crop needed)
Enchantment_Pesticide,Scroll of Pesticide,scrolls,ok,C:/Users/miste/claude_workspace/_sulfur_extract/_unityproject/ExportedProject/Assets/Texture2D/pesticide.png,assets/scrolls/Enchantment_Pesticide.png,200.85,364.95,tex=240x384 ATLAS_SUBRECT rect=201x365 (crop needed)
Enchantment_Prism,Scroll of Prism,scrolls,ok,C:/Users/miste/claude_workspace/_sulfur_extract/_unityproject/ExportedProject/Assets/Texture2D/prism.png,assets/scrolls/Enchantment_Prism.png,201.95,365.95,tex=240x384 ATLAS_SUBRECT rect=202x366 (crop needed)
Enchantment_Sacrifice,Scroll of Sacrifice,scrolls,ok,C:/Users/miste/claude_workspace/_sulfur_extract/_unityproject/ExportedProject/Assets/Texture2D/sacrifice.png,assets/scrolls/Enchantment_Sacrifice.png,201.95,365.95,tex=240x384 ATLAS_SUBRECT rect=202x366 (crop needed)
Enchantment_SlowMoOil,Slow Mo Oil,scrolls,ok,C:/Users/miste/claude_workspace/_sulfur_extract/_unityproject/ExportedProject/Assets/Texture2D/GoblinBarrelboyMoving2.png,assets/scrolls/Enchantment_SlowMoOil.png,1515.92,2408.0,tex=1516x2408
Enchantment_Slush,Scroll of Slush,scrolls,ok,C:/Users/miste/claude_workspace/_sulfur_extract/_unityproject/ExportedProject/Assets/Texture2D/slush.png,assets/scrolls/Enchantment_Slush.png,202.95,365.95,tex=240x384 ATLAS_SUBRECT rect=203x366 (crop needed)
Enchantment_ToxicLobotomy,Scroll of Toxic Lobotomy,scrolls,ok,C:/Users/miste/claude_workspace/_sulfur_extract/_unityproject/ExportedProject/Assets/Texture2D/toxicLobotomy.png,assets/scrolls/Enchantment_ToxicLobotomy.png,201.95,365.95,tex=240x384 ATLAS_SUBRECT rect=202x366 (crop needed)
Enchantment_Aftershock,Scroll of Aftershock,scrolls,ok,C:/Users/miste/claude_workspace/_sulfur_extract/_unityproject/ExportedProject/Assets/Texture2D/afterShock.png,assets/scrolls/Enchantment_Aftershock.png,201.95,365.95,tex=240x384 ATLAS_SUBRECT rect=202x366 (crop needed)
Enchantment_Blizzard,Scroll of Blizzard,scrolls,ok,C:/Users/miste/claude_workspace/_sulfur_extract/_unityproject/ExportedProject/Assets/Texture2D/snowball.png,assets/scrolls/Enchantment_Blizzard.png,201.95,365.95,tex=240x384 ATLAS_SUBRECT rect=202x366 (crop needed)
Enchantment_ChainLightning,Scroll of Chain Lightning,scrolls,ok,C:/Users/miste/claude_workspace/_sulfur_extract/_unityproject/ExportedProject/Assets/Texture2D/chainLightning.png,assets/scrolls/Enchantment_ChainLightning.png,201.95,365.95,tex=240x384 ATLAS_SUBRECT rect=202x366 (crop needed)
Enchantment_Charm,Scroll of Charm,scrolls,ok,C:/Users/miste/claude_workspace/_sulfur_extract/_unityproject/ExportedProject/Assets/Texture2D/charm.png,assets/scrolls/Enchantment_Charm.png,201.95,365.95,tex=240x384 ATLAS_SUBRECT rect=202x366 (crop needed)
Enchantment_CorpseExplosion,Scroll of Corpse Explosion,scrolls,ok,C:/Users/miste/claude_workspace/_sulfur_extract/_unityproject/ExportedProject/Assets/Texture2D/corpseExplosion.png,assets/scrolls/Enchantment_CorpseExplosion.png,201.95,365.95,tex=240x384 ATLAS_SUBRECT rect=202x366 (crop needed)
Enchantment_CorrosiveBlood,Scroll of Poison Blood,scrolls,ok,C:/Users/miste/claude_workspace/_sulfur_extract/_unityproject/ExportedProject/Assets/Texture2D/corrosiveBlood.png,assets/scrolls/Enchantment_CorrosiveBlood.png,201.95,365.95,tex=240x384 ATLAS_SUBRECT rect=202x366 (crop needed)
Enchantment_Crusader,Scroll of Crusader,scrolls,ok,C:/Users/miste/claude_workspace/_sulfur_extract/_unityproject/ExportedProject/Assets/Texture2D/crusader.png,assets/scrolls/Enchantment_Crusader.png,201.95,365.95,tex=240x384 ATLAS_SUBRECT rect=202x366 (crop needed)
Enchantment_CryoRocketLauncher,Scroll of Cryo Rocket Launcher,scrolls,ok,C:/Users/miste/claude_workspace/_sulfur_extract/_unityproject/ExportedProject/Assets/Texture2D/cryorockets.png,assets/scrolls/Enchantment_CryoRocketLauncher.png,202.95,366.9,tex=240x384 ATLAS_SUBRECT rect=203x367 (crop needed)
Enchantment_CryoSnakes,Scroll of Cryo Snakes,scrolls,ok,C:/Users/miste/claude_workspace/_sulfur_extract/_unityproject/ExportedProject/Assets/Texture2D/cryosnakes.png,assets/scrolls/Enchantment_CryoSnakes.png,202.95,366.9,tex=240x384 ATLAS_SUBRECT rect=203x367 (crop needed)
Enchantment_Fear,Scroll of Fear,scrolls,ok,C:/Users/miste/claude_workspace/_sulfur_extract/_unityproject/ExportedProject/Assets/Texture2D/vampirirsm.png,assets/scrolls/Enchantment_Fear.png,201.95,365.95,tex=240x384 ATLAS_SUBRECT rect=202x366 (crop needed)
Enchantment_FoulFate,Scroll of Foul Fate,scrolls,ok,C:/Users/miste/claude_workspace/_sulfur_extract/_unityproject/ExportedProject/Assets/Texture2D/foulfate.png,assets/scrolls/Enchantment_FoulFate.png,201.95,365.95,tex=240x384 ATLAS_SUBRECT rect=202x366 (crop needed)
Enchantment_HolyWater,Scroll of Holy Water,scrolls,ok,C:/Users/miste/claude_workspace/_sulfur_extract/_unityproject/ExportedProject/Assets/Texture2D/holyWater.png,assets/scrolls/Enchantment_HolyWater.png,201.95,365.95,tex=240x384 ATLAS_SUBRECT rect=202x366 (crop needed)
Enchantment_Lava,Scroll of Lava,scrolls,ok,C:/Users/miste/claude_workspace/_sulfur_extract/_unityproject/ExportedProject/Assets/Texture2D/lava.png,assets/scrolls/Enchantment_Lava.png,201.95,365.95,tex=240x384 ATLAS_SUBRECT rect=202x366 (crop needed)
Enchantment_LeastResistance,Scroll of Least Resistance,scrolls,ok,C:/Users/miste/claude_workspace/_sulfur_extract/_unityproject/ExportedProject/Assets/Texture2D/leastResistance.png,assets/scrolls/Enchantment_LeastResistance.png,201.95,365.95,tex=240x384 ATLAS_SUBRECT rect=202x366 (crop needed)
Enchantment_Metamorph,Scroll of Metamorph,scrolls,ok,C:/Users/miste/claude_workspace/_sulfur_extract/_unityproject/ExportedProject/Assets/Texture2D/metamorphosis.png,assets/scrolls/Enchantment_Metamorph.png,201.95,365.95,tex=240x384 ATLAS_SUBRECT rect=202x366 (crop needed)
Enchantment_Noxiosa,Scroll of Noxiosa,scrolls,ok,C:/Users/miste/claude_workspace/_sulfur_extract/_unityproject/ExportedProject/Assets/Texture2D/noxiousa.png,assets/scrolls/Enchantment_Noxiosa.png,201.95,365.95,tex=240x384 ATLAS_SUBRECT rect=202x366 (crop needed)
Enchantment_Petrification,Scroll of Petrification,scrolls,ok,C:/Users/miste/claude_workspace/_sulfur_extract/_unityproject/ExportedProject/Assets/Texture2D/petrify.png,assets/scrolls/Enchantment_Petrification.png,201.95,365.95,tex=240x384 ATLAS_SUBRECT rect=202x366 (crop needed)
Enchantment_Petroleum,Scroll of Petroleum,scrolls,ok,C:/Users/miste/claude_workspace/_sulfur_extract/_unityproject/ExportedProject/Assets/Texture2D/oil_0.png,assets/scrolls/Enchantment_Petroleum.png,201.95,365.95,tex=240x384 ATLAS_SUBRECT rect=202x366 (crop needed)
Enchantment_Pollen,Scroll of Pollen,scrolls,ok,C:/Users/miste/claude_workspace/_sulfur_extract/_unityproject/ExportedProject/Assets/Texture2D/pollen.png,assets/scrolls/Enchantment_Pollen.png,201.95,365.95,tex=240x384 ATLAS_SUBRECT rect=202x366 (crop needed)
Enchantment_Pyroclasm,Scroll of Explosions,scrolls,ok,C:/Users/miste/claude_workspace/_sulfur_extract/_unityproject/ExportedProject/Assets/Texture2D/explosive.png,assets/scrolls/Enchantment_Pyroclasm.png,201.95,365.95,tex=240x384 ATLAS_SUBRECT rect=202x366 (crop needed)
Enchantment_RocketLauncher,Scroll of Rocket Launcher,scrolls,ok,C:/Users/miste/claude_workspace/_sulfur_extract/_unityproject/ExportedProject/Assets/Texture2D/rocketLauncher.png,assets/scrolls/Enchantment_RocketLauncher.png,201.95,365.95,tex=240x384 ATLAS_SUBRECT rect=202x366 (crop needed)
Enchantment_SacredGround,Scroll of Sacred Ground,scrolls,ok,C:/Users/miste/claude_workspace/_sulfur_extract/_unityproject/ExportedProject/Assets/Texture2D/sacredGround.png,assets/scrolls/Enchantment_SacredGround.png,201.95,365.95,tex=240x384 ATLAS_SUBRECT rect=202x366 (crop needed)
Enchantment_SnowmanHead,Scroll of Snowman Head,scrolls,ok,C:/Users/miste/claude_workspace/_sulfur_extract/_unityproject/ExportedProject/Assets/Texture2D/snowmanhead.png,assets/scrolls/Enchantment_SnowmanHead.png,199.88,361.9,tex=240x384 ATLAS_SUBRECT rect=200x362 (crop needed)
Enchantment_Steam,Scroll of Steam,scrolls,ok,C:/Users/miste/claude_workspace/_sulfur_extract/_unityproject/ExportedProject/Assets/Texture2D/steam.png,assets/scrolls/Enchantment_Steam.png,201.95,365.95,tex=240x384 ATLAS_SUBRECT rect=202x366 (crop needed)
Enchantment_StormSurge,Scroll of Storm Surge,scrolls,ok,C:/Users/miste/claude_workspace/_sulfur_extract/_unityproject/ExportedProject/Assets/Texture2D/stormSurge.png,assets/scrolls/Enchantment_StormSurge.png,201.95,365.95,tex=240x384 ATLAS_SUBRECT rect=202x366 (crop needed)
Enchantment_SuperSoaker,Scroll of Mega Soaker,scrolls,ok,C:/Users/miste/claude_workspace/_sulfur_extract/_unityproject/ExportedProject/Assets/Texture2D/supersoaker.png,assets/scrolls/Enchantment_SuperSoaker.png,202.95,366.95,tex=240x384 ATLAS_SUBRECT rect=203x367 (crop needed)
Enchantment_Thunderbolt,Scroll of Thunderbolt,scrolls,ok,C:/Users/miste/claude_workspace/_sulfur_extract/_unityproject/ExportedProject/Assets/Texture2D/thunderBolt.png,assets/scrolls/Enchantment_Thunderbolt.png,201.95,365.95,tex=240x384 ATLAS_SUBRECT rect=202x366 (crop needed)
Enchantment_Titanic,Scroll of Titanic,scrolls,ok,C:/Users/miste/claude_workspace/_sulfur_extract/_unityproject/ExportedProject/Assets/Texture2D/titanic.png,assets/scrolls/Enchantment_Titanic.png,202.9,366.9,tex=240x384 ATLAS_SUBRECT rect=203x367 (crop needed)
Enchantment_Vinesprout,Scroll of Vinesprout,scrolls,ok,C:/Users/miste/claude_workspace/_sulfur_extract/_unityproject/ExportedProject/Assets/Texture2D/vineSprout.png,assets/scrolls/Enchantment_Vinesprout.png,201.95,365.95,tex=240x384 ATLAS_SUBRECT rect=202x366 (crop needed)
Enchantment_Voodoo,Scroll of Voodoo,scrolls,ok,C:/Users/miste/claude_workspace/_sulfur_extract/_unityproject/ExportedProject/Assets/Texture2D/voodoo.png,assets/scrolls/Enchantment_Voodoo.png,201.95,365.95,tex=240x384 ATLAS_SUBRECT rect=202x366 (crop needed)
Enchantment_WaterBomb,Scroll of Water Bomb,scrolls,ok,C:/Users/miste/claude_workspace/_sulfur_extract/_unityproject/ExportedProject/Assets/Texture2D/supersoaker.png,assets/scrolls/Enchantment_WaterBomb.png,202.95,366.95,tex=240x384 ATLAS_SUBRECT rect=203x367 (crop needed)
Item_Americano,Americano,consumables,ok,C:/Users/miste/claude_workspace/_sulfur_extract/_unityproject/ExportedProject/Assets/Texture2D/ItemAmericano.png,assets/consumables/Item_Americano.png,119.85,117.85,tex=129x128 ATLAS_SUBRECT rect=120x118 (crop needed)
Item_BobaTea,Boba Tea,consumables,ok,C:/Users/miste/claude_workspace/_sulfur_extract/_unityproject/ExportedProject/Assets/Texture2D/ItemBobaTea.png,assets/consumables/Item_BobaTea.png,121.85,244.88,tex=128x272 ATLAS_SUBRECT rect=122x245 (crop needed)
Item_BottledWater,Bottled Water,consumables,ok,C:/Users/miste/claude_workspace/_sulfur_extract/_unityproject/ExportedProject/Assets/Texture2D/ItemBottledWater.png,assets/consumables/Item_BottledWater.png,107.94,231.97,tex=108x232
Item_CactusDrink,Cactus Softdrink,consumables,ok,C:/Users/miste/claude_workspace/_sulfur_extract/_unityproject/ExportedProject/Assets/Texture2D/ItemFestis.png,assets/consumables/Item_CactusDrink.png,110.9,254.95,tex=136x264 ATLAS_SUBRECT rect=111x255 (crop needed)
Item_Cappuccino,Cappuccino,consumables,ok,C:/Users/miste/claude_workspace/_sulfur_extract/_unityproject/ExportedProject/Assets/Texture2D/ItemCappuccino.png,assets/consumables/Item_Cappuccino.png,144.0,89.9,tex=144x108 ATLAS_SUBRECT rect=144x90 (crop needed)
Item_Cocktail,Cocktail,consumables,ok,C:/Users/miste/claude_workspace/_sulfur_extract/_unityproject/ExportedProject/Assets/Texture2D/itemCocktail.png,assets/consumables/Item_Cocktail.png,266.95,344.85,tex=320x368 ATLAS_SUBRECT rect=267x345 (crop needed)
Item_Coffee,Coffee,consumables,ok,C:/Users/miste/claude_workspace/_sulfur_extract/_unityproject/ExportedProject/Assets/Texture2D/ItemCoffee.png,assets/consumables/Item_Coffee.png,125.96,128.0,tex=128x128 ATLAS_SUBRECT rect=126x128 (crop needed)
Item_EggToddy,Egg Toddy,consumables,ok,C:/Users/miste/claude_workspace/_sulfur_extract/_unityproject/ExportedProject/Assets/Texture2D/ItemEggToddy.png,assets/consumables/Item_EggToddy.png,78.9,129.93,tex=96x144 ATLAS_SUBRECT rect=79x130 (crop needed)
Item_Gonster,Gonster,consumables,ok,C:/Users/miste/claude_workspace/_sulfur_extract/_unityproject/ExportedProject/Assets/Texture2D/ItemGonster.png,assets/consumables/Item_Gonster.png,115.85,245.85,tex=160x256 ATLAS_SUBRECT rect=116x246 (crop needed)
Item_HealthPotion,Health Potion,consumables,ok,C:/Users/miste/claude_workspace/_sulfur_extract/_unityproject/ExportedProject/Assets/Texture2D/ItemHealthPotion.png,assets/consumables/Item_HealthPotion.png,190.85,243.9,tex=256x256 ATLAS_SUBRECT rect=191x244 (crop needed)
Item_HerbalTea,Herbal Tea,consumables,ok,C:/Users/miste/claude_workspace/_sulfur_extract/_unityproject/ExportedProject/Assets/Texture2D/ItemHerbalTea.png,assets/consumables/Item_HerbalTea.png,132.92,99.9,tex=144x108 ATLAS_SUBRECT rect=133x100 (crop needed)
Item_HolyWater,Holy Water,consumables,ok,C:/Users/miste/claude_workspace/_sulfur_extract/_unityproject/ExportedProject/Assets/Texture2D/ItemHolyWater.png,assets/consumables/Item_HolyWater.png,118.95,223.9,tex=128x240 ATLAS_SUBRECT rect=119x224 (crop needed)
Item_Kombucha,Kombucha,consumables,ok,C:/Users/miste/claude_workspace/_sulfur_extract/_unityproject/ExportedProject/Assets/Texture2D/ItemKombucha.png,assets/consumables/Item_Kombucha.png,106.85,113.9,tex=128x128 ATLAS_SUBRECT rect=107x114 (crop needed)
Item_Latte,Latte,consumables,ok,C:/Users/miste/claude_workspace/_sulfur_extract/_unityproject/ExportedProject/Assets/Texture2D/ItemLatte.png,assets/consumables/Item_Latte.png,119.9,117.85,tex=128x128 ATLAS_SUBRECT rect=120x118 (crop needed)
Item_Lemonade,Lemonade,consumables,ok,C:/Users/miste/claude_workspace/_sulfur_extract/_unityproject/ExportedProject/Assets/Texture2D/ItemLemonade.png,assets/consumables/Item_Lemonade.png,94.0,139.9,tex=94x142 ATLAS_SUBRECT rect=94x140 (crop needed)
Item_Liquor,Liquor,consumables,ok,C:/Users/miste/claude_workspace/_sulfur_extract/_unityproject/ExportedProject/Assets/Texture2D/ItemSpirits.png,assets/consumables/Item_Liquor.png,90.85,272.0,tex=104x272 ATLAS_SUBRECT rect=91x272 (crop needed)
Item_MatchaTeaCup,Green Tea,consumables,ok,C:/Users/miste/claude_workspace/_sulfur_extract/_unityproject/ExportedProject/Assets/Texture2D/ItemTea.png,assets/consumables/Item_MatchaTeaCup.png,132.92,99.9,tex=144x108 ATLAS_SUBRECT rect=133x100 (crop needed)
Item_MilkBlue,Skimmed Milk,consumables,ok,C:/Users/miste/claude_workspace/_sulfur_extract/_unityproject/ExportedProject/Assets/_Core/Sprites/Items/Consumables/ItemBlueMilk.png,assets/consumables/Item_MilkBlue.png,123.95,232.9,tex=160x256 ATLAS_SUBRECT rect=124x233 (crop needed)
Item_MilkButtermilk,Buttermilk,consumables,ok,C:/Users/miste/claude_workspace/_sulfur_extract/_unityproject/ExportedProject/Assets/Texture2D/ItemButterMilk.png,assets/consumables/Item_MilkButtermilk.png,101.85,241.9,tex=160x256 ATLAS_SUBRECT rect=102x242 (crop needed)
Item_MilkGreen,Low Fat Milk,consumables,ok,C:/Users/miste/claude_workspace/_sulfur_extract/_unityproject/ExportedProject/Assets/_Core/Sprites/Items/Consumables/ItemGreenMilk.png,assets/consumables/Item_MilkGreen.png,123.95,232.9,tex=160x256 ATLAS_SUBRECT rect=124x233 (crop needed)
Item_MilkRed,Whole Milk,consumables,ok,C:/Users/miste/claude_workspace/_sulfur_extract/_unityproject/ExportedProject/Assets/_Core/Sprites/Items/Consumables/ItemRedMilk.png,assets/consumables/Item_MilkRed.png,123.95,232.95,tex=160x256 ATLAS_SUBRECT rect=124x233 (crop needed)
Item_MilkshakeBerries,Berry Milkshake,consumables,ok,C:/Users/miste/claude_workspace/_sulfur_extract/_unityproject/ExportedProject/Assets/Texture2D/ItemMilkshakeBerries.png,assets/consumables/Item_MilkshakeBerries.png,112.9,270.92,tex=128x272 ATLAS_SUBRECT rect=113x271 (crop needed)
Item_MilkshakeChocolate,Chocolate Milkshake,consumables,ok,C:/Users/miste/claude_workspace/_sulfur_extract/_unityproject/ExportedProject/Assets/Texture2D/ItemMilkshakeChocolate.png,assets/consumables/Item_MilkshakeChocolate.png,113.95,270.92,tex=129x272 ATLAS_SUBRECT rect=114x271 (crop needed)
Item_MineralWater,Bottled Water,consumables,ok,C:/Users/miste/claude_workspace/_sulfur_extract/_unityproject/ExportedProject/Assets/_Core/Sprites/Items/Consumables/ItemMineralWater.png,assets/consumables/Item_MineralWater.png,101.93,271.95,tex=128x280 ATLAS_SUBRECT rect=102x272 (crop needed)
Item_MulledWine,Mulled Wine,consumables,ok,C:/Users/miste/claude_workspace/_sulfur_extract/_unityproject/ExportedProject/Assets/Texture2D/ItemMulledWine.png,assets/consumables/Item_MulledWine.png,100.9,105.9,tex=128x128 ATLAS_SUBRECT rect=101x106 (crop needed)
Item_Pilk,Pilk,consumables,ok,C:/Users/miste/claude_workspace/_sulfur_extract/_unityproject/ExportedProject/Assets/Texture2D/ItemPilk.png,assets/consumables/Item_Pilk.png,77.87,111.85,tex=96x144 ATLAS_SUBRECT rect=78x112 (crop needed)
Item_Soda,Slurf,consumables,ok,C:/Users/miste/claude_workspace/_sulfur_extract/_unityproject/ExportedProject/Assets/Texture2D/ItemSoda.png,assets/consumables/Item_Soda.png,71.96,132.0,tex=72x132
Item_SportsDrink,Sports Drink,consumables,ok,C:/Users/miste/claude_workspace/_sulfur_extract/_unityproject/ExportedProject/Assets/Texture2D/ItemSportsDrink.png,assets/consumables/Item_SportsDrink.png,98.9,282.9,tex=128x296 ATLAS_SUBRECT rect=99x283 (crop needed)
Item_Stout,Stout,consumables,ok,C:/Users/miste/claude_workspace/_sulfur_extract/_unityproject/ExportedProject/Assets/Texture2D/ItemStout.png,assets/consumables/Item_Stout.png,104.9,283.9,tex=128x296 ATLAS_SUBRECT rect=105x284 (crop needed)
Item_SulfCola,SulfCola,consumables,ok,C:/Users/miste/claude_workspace/_sulfur_extract/_unityproject/ExportedProject/Assets/Texture2D/ItemSulfCola.png,assets/consumables/Item_SulfCola.png,104.9,283.9,tex=128x296 ATLAS_SUBRECT rect=105x284 (crop needed)
Item_Wine,Red Wine,consumables,ok,C:/Users/miste/claude_workspace/_sulfur_extract/_unityproject/ExportedProject/Assets/Texture2D/ItemWine.png,assets/consumables/Item_Wine.png,72.85,259.95,tex=96x272 ATLAS_SUBRECT rect=73x260 (crop needed)
Item_CandyCane,Candy Cane,consumables,ok,C:/Users/miste/claude_workspace/_sulfur_extract/_unityproject/ExportedProject/Assets/_Core/Sprites/Items/Consumables/ItemCandyCane.png,assets/consumables/Item_CandyCane.png,82.9,106.85,tex=108x108 ATLAS_SUBRECT rect=83x107 (crop needed)
Item_GravadLax,Gravad Lax,consumables,ok,C:/Users/miste/claude_workspace/_sulfur_extract/_unityproject/ExportedProject/Assets/Texture2D/ItemGravadLax.png,assets/consumables/Item_GravadLax.png,229.85,74.9,tex=264x128 ATLAS_SUBRECT rect=230x75 (crop needed)
Item_JanssonsTemptation,Jansson's Temptation,consumables,ok,C:/Users/miste/claude_workspace/_sulfur_extract/_unityproject/ExportedProject/Assets/Texture2D/ItemJanssonsTemptation.png,assets/consumables/Item_JanssonsTemptation.png,357.85,84.95,tex=396x128 ATLAS_SUBRECT rect=358x85 (crop needed)
Item_Julmust,Julmust,consumables,ok,C:/Users/miste/claude_workspace/_sulfur_extract/_unityproject/ExportedProject/Assets/Texture2D/itemJulmust.png,assets/consumables/Item_Julmust.png,109.85,275.9,tex=128x296 ATLAS_SUBRECT rect=110x276 (crop needed)
Item_Lutfisk,Lutfisk,consumables,ok,C:/Users/miste/claude_workspace/_sulfur_extract/_unityproject/ExportedProject/Assets/Texture2D/ItemLutifsk.png,assets/consumables/Item_Lutfisk.png,243.95,79.85,tex=264x128 ATLAS_SUBRECT rect=244x80 (crop needed)
Item_PotatoSalad,Potato Salad,consumables,ok,C:/Users/miste/claude_workspace/_sulfur_extract/_unityproject/ExportedProject/Assets/Texture2D/ItemPotatoSalad.png,assets/consumables/Item_PotatoSalad.png,243.9,118.94,tex=264x128 ATLAS_SUBRECT rect=244x119 (crop needed)
Item_Risalamalta,Ris à la Malta,consumables,ok,C:/Users/miste/claude_workspace/_sulfur_extract/_unityproject/ExportedProject/Assets/Texture2D/ItemRisalamalta.png,assets/consumables/Item_Risalamalta.png,104.95,97.9,tex=108x108 ATLAS_SUBRECT rect=105x98 (crop needed)
Item_Risgrynsgrot,Risgrynsgröt,consumables,ok,C:/Users/miste/claude_workspace/_sulfur_extract/_unityproject/ExportedProject/Assets/Texture2D/ItemRisgrynsgröt.png,assets/consumables/Item_Risgrynsgrot.png,183.86,115.85,tex=209x120 ATLAS_SUBRECT rect=184x116 (crop needed)
Item_Silltalrik,Silltallrik,consumables,ok,C:/Users/miste/claude_workspace/_sulfur_extract/_unityproject/ExportedProject/Assets/Texture2D/ItemSilltalrik.png,assets/consumables/Item_Silltalrik.png,243.95,79.89,tex=264x128 ATLAS_SUBRECT rect=244x80 (crop needed)
Item_Aspic,Aspic,consumables,ok,C:/Users/miste/claude_workspace/_sulfur_extract/_unityproject/ExportedProject/Assets/Texture2D/ItemAspic.png,assets/consumables/Item_Aspic.png,243.95,105.85,tex=264x128 ATLAS_SUBRECT rect=244x106 (crop needed)
Item_Banana,Banana,consumables,ok,C:/Users/miste/claude_workspace/_sulfur_extract/_unityproject/ExportedProject/Assets/Texture2D/ItemBanana.png,assets/consumables/Item_Banana.png,218.9,105.85,tex=240x128 ATLAS_SUBRECT rect=219x106 (crop needed)
Item_BananaBread,Banana Bread,consumables,ok,C:/Users/miste/claude_workspace/_sulfur_extract/_unityproject/ExportedProject/Assets/Texture2D/ItemBananaBread.png,assets/consumables/Item_BananaBread.png,253.92,106.95,tex=256x120 ATLAS_SUBRECT rect=254x107 (crop needed)
Item_BananaSulfs,Banana Sulfs,consumables,ok,C:/Users/miste/claude_workspace/_sulfur_extract/_unityproject/ExportedProject/Assets/Texture2D/ItemBananaSulfs.png,assets/consumables/Item_BananaSulfs.png,125.92,125.88,tex=128x128 ATLAS_SUBRECT rect=126x126 (crop needed)
Item_BarkBread,Bark bread,consumables,ok,C:/Users/miste/claude_workspace/_sulfur_extract/_unityproject/ExportedProject/Assets/Texture2D/ItemBarkBread.png,assets/consumables/Item_BarkBread.png,226.91,106.85,tex=252x120 ATLAS_SUBRECT rect=227x107 (crop needed)
Item_Beans,Beans,consumables,ok,C:/Users/miste/claude_workspace/_sulfur_extract/_unityproject/ExportedProject/Assets/Texture2D/ItemBeans.png,assets/consumables/Item_Beans.png,144.95,221.87,tex=160x264 ATLAS_SUBRECT rect=145x222 (crop needed)
Item_BeefJerky,Beef Jerky,consumables,ok,C:/Users/miste/claude_workspace/_sulfur_extract/_unityproject/ExportedProject/Assets/Texture2D/ItemBeefJerky.png,assets/consumables/Item_BeefJerky.png,106.9,135.95,tex=144x144 ATLAS_SUBRECT rect=107x136 (crop needed)
Item_Berries,Berries,consumables,ok,C:/Users/miste/claude_workspace/_sulfur_extract/_unityproject/ExportedProject/Assets/Texture2D/ItemBerry.png,assets/consumables/Item_Berries.png,120.9,119.95,tex=128x128 ATLAS_SUBRECT rect=121x120 (crop needed)
Item_BiscuitsAndGravy,Biscuiits and Gravy,consumables,ok,C:/Users/miste/claude_workspace/_sulfur_extract/_unityproject/ExportedProject/Assets/Texture2D/ItemBiscuitsAndGravy.png,assets/consumables/Item_BiscuitsAndGravy.png,243.95,98.85,tex=264x128 ATLAS_SUBRECT rect=244x99 (crop needed)
Item_BlackPepper,Black Pepper,consumables,ok,C:/Users/miste/claude_workspace/_sulfur_extract/_unityproject/ExportedProject/Assets/Texture2D/ItemPepper.png,assets/consumables/Item_BlackPepper.png,52.9,104.0,tex=80x104 ATLAS_SUBRECT rect=53x104 (crop needed)
Item_BloodPudding,Blood Pudding,consumables,ok,C:/Users/miste/claude_workspace/_sulfur_extract/_unityproject/ExportedProject/Assets/Texture2D/ItemBloodPudding.png,assets/consumables/Item_BloodPudding.png,242.95,93.85,tex=248x120 ATLAS_SUBRECT rect=243x94 (crop needed)
Item_Bread,Bread,consumables,ok,C:/Users/miste/claude_workspace/_sulfur_extract/_unityproject/ExportedProject/Assets/Texture2D/ItemBread.png,assets/consumables/Item_Bread.png,234.95,104.92,tex=256x120 ATLAS_SUBRECT rect=235x105 (crop needed)
Item_Broth,Broth,consumables,ok,C:/Users/miste/claude_workspace/_sulfur_extract/_unityproject/ExportedProject/Assets/Texture2D/ItemBroth.png,assets/consumables/Item_Broth.png,183.9,104.85,tex=208x120 ATLAS_SUBRECT rect=184x105 (crop needed)
Item_Butter,Butter,consumables,ok,C:/Users/miste/claude_workspace/_sulfur_extract/_unityproject/ExportedProject/Assets/Texture2D/ItemButter.png,assets/consumables/Item_Butter.png,198.92,81.9,tex=200x96 ATLAS_SUBRECT rect=199x82 (crop needed)
Item_ButtermilkPancakes,Buttermilk Pancakes,consumables,ok,C:/Users/miste/claude_workspace/_sulfur_extract/_unityproject/ExportedProject/Assets/Texture2D/ItemButtermilkPancakes.png,assets/consumables/Item_ButtermilkPancakes.png,188.87,106.88,tex=192x136 ATLAS_SUBRECT rect=189x107 (crop needed)
Item_Cacao,Cacao,consumables,ok,C:/Users/miste/claude_workspace/_sulfur_extract/_unityproject/ExportedProject/Assets/_Core/Sprites/Items/Consumables/ItemKakao.png,assets/consumables/Item_Cacao.png,112.85,132.9,tex=128x160 ATLAS_SUBRECT rect=113x133 (crop needed)
Item_Cactus,Cactus,consumables,ok,C:/Users/miste/claude_workspace/_sulfur_extract/_unityproject/ExportedProject/Assets/_Core/Sprites/Items/Consumables/ItemCactus.png,assets/consumables/Item_Cactus.png,207.85,125.97,tex=264x128 ATLAS_SUBRECT rect=208x126 (crop needed)
Item_CactusGrilled,Grilled Cactus,consumables,ok,C:/Users/miste/claude_workspace/_sulfur_extract/_unityproject/ExportedProject/Assets/Texture2D/ItemGrilledCactus.png,assets/consumables/Item_CactusGrilled.png,207.85,88.88,tex=264x132 ATLAS_SUBRECT rect=208x89 (crop needed)
Item_CactusSweets,Lackerol Cactus,consumables,ok,C:/Users/miste/claude_workspace/_sulfur_extract/_unityproject/ExportedProject/Assets/Texture2D/ItemLackerol.png,assets/consumables/Item_CactusSweets.png,129.95,133.85,tex=144x144 ATLAS_SUBRECT rect=130x134 (crop needed)
Item_CaviarBottle,Bottled Caviar,consumables,ok,C:/Users/miste/claude_workspace/_sulfur_extract/_unityproject/ExportedProject/Assets/Texture2D/ItemFishCaviar.png,assets/consumables/Item_CaviarBottle.png,101.87,102.9,tex=128x128 ATLAS_SUBRECT rect=102x103 (crop needed)
Item_CaviarTubed,Tube Caviar,consumables,ok,C:/Users/miste/claude_workspace/_sulfur_extract/_unityproject/ExportedProject/Assets/Texture2D/ItemSulfCaviar.png,assets/consumables/Item_CaviarTubed.png,251.85,88.85,tex=256x96 ATLAS_SUBRECT rect=252x89 (crop needed)
Item_Cereal,Cereal,consumables,ok,C:/Users/miste/claude_workspace/_sulfur_extract/_unityproject/ExportedProject/Assets/Texture2D/ItemCereal.png,assets/consumables/Item_Cereal.png,196.85,222.97,tex=224x224 ATLAS_SUBRECT rect=197x223 (crop needed)
Item_Cevapi,Cevapi,consumables,ok,C:/Users/miste/claude_workspace/_sulfur_extract/_unityproject/ExportedProject/Assets/Texture2D/ItemCevapi.png,assets/consumables/Item_Cevapi.png,243.95,92.85,tex=264x128 ATLAS_SUBRECT rect=244x93 (crop needed)
Item_Cheese,Cheese,consumables,ok,C:/Users/miste/claude_workspace/_sulfur_extract/_unityproject/ExportedProject/Assets/Texture2D/ItemCheese.png,assets/consumables/Item_Cheese.png,128.0,84.93,tex=128x92 ATLAS_SUBRECT rect=128x85 (crop needed)
Item_CheeseTops,Cheese Tops,consumables,ok,C:/Users/miste/claude_workspace/_sulfur_extract/_unityproject/ExportedProject/Assets/Texture2D/ItemCheeseTops.png,assets/consumables/Item_CheeseTops.png,96.88,128.89,tex=120x144 ATLAS_SUBRECT rect=97x129 (crop needed)
Item_Cheeseburger,Cheeseburger,consumables,ok,C:/Users/miste/claude_workspace/_sulfur_extract/_unityproject/ExportedProject/Assets/Texture2D/ItemHamburger.png,assets/consumables/Item_Cheeseburger.png,133.85,118.85,tex=144x144 ATLAS_SUBRECT rect=134x119 (crop needed)
Item_ChickenLeg,Chicken Leg,consumables,ok,C:/Users/miste/claude_workspace/_sulfur_extract/_unityproject/ExportedProject/Assets/Texture2D/ItemChicken.png,assets/consumables/Item_ChickenLeg.png,120.9,118.9,tex=128x128 ATLAS_SUBRECT rect=121x119 (crop needed)
Item_ChickenNashvilleHot,Nashville Hot Chicken,consumables,ok,C:/Users/miste/claude_workspace/_sulfur_extract/_unityproject/ExportedProject/Assets/Texture2D/ItemNashvilleHotChicken.png,assets/consumables/Item_ChickenNashvilleHot.png,122.9,120.95,tex=128x128 ATLAS_SUBRECT rect=123x121 (crop needed)
Item_ChocolateBall,Chocolate Ball,consumables,ok,C:/Users/miste/claude_workspace/_sulfur_extract/_unityproject/ExportedProject/Assets/Texture2D/ItemChocolateBall.png,assets/consumables/Item_ChocolateBall.png,103.85,109.93,tex=120x120 ATLAS_SUBRECT rect=104x110 (crop needed)
Item_ChocolateBar,Chocolate Bar,consumables,ok,C:/Users/miste/claude_workspace/_sulfur_extract/_unityproject/ExportedProject/Assets/Texture2D/ItemChocolateBar.png,assets/consumables/Item_ChocolateBar.png,220.0,103.99,tex=220x104
Item_ChocolateSyrup,Chocolate Syrup,consumables,ok,C:/Users/miste/claude_workspace/_sulfur_extract/_unityproject/ExportedProject/Assets/Texture2D/ItemChocolateSyrup.png,assets/consumables/Item_ChocolateSyrup.png,103.85,265.85,tex=116x272 ATLAS_SUBRECT rect=104x266 (crop needed)
Item_ChristmasSpice,Christmas Spice,consumables,ok,C:/Users/miste/claude_workspace/_sulfur_extract/_unityproject/ExportedProject/Assets/Texture2D/ItemChristmasSpice.png,assets/consumables/Item_ChristmasSpice.png,55.95,125.92,tex=128x128 ATLAS_SUBRECT rect=56x126 (crop needed)
Item_CordonBleu,Cordon Bleu,consumables,ok,C:/Users/miste/claude_workspace/_sulfur_extract/_unityproject/ExportedProject/Assets/Texture2D/ItemCordonBleu.png,assets/consumables/Item_CordonBleu.png,243.95,87.9,tex=264x128 ATLAS_SUBRECT rect=244x88 (crop needed)
Item_CottonCandy,Cotton Candy,consumables,ok,C:/Users/miste/claude_workspace/_sulfur_extract/_unityproject/ExportedProject/Assets/Texture2D/ItemCottonCandy.png,assets/consumables/Item_CottonCandy.png,137.9,278.9,tex=144x292 ATLAS_SUBRECT rect=138x279 (crop needed)
Item_CuissesDeGrenouille,Cuisses De Grenouille,consumables,ok,C:/Users/miste/claude_workspace/_sulfur_extract/_unityproject/ExportedProject/Assets/Texture2D/ItemCuissesDeGrenouille.png,assets/consumables/Item_CuissesDeGrenouille.png,243.95,103.9,tex=264x112 ATLAS_SUBRECT rect=244x104 (crop needed)
Item_Curry,Curry,consumables,ok,C:/Users/miste/claude_workspace/_sulfur_extract/_unityproject/ExportedProject/Assets/Texture2D/ItemCurry.png,assets/consumables/Item_Curry.png,183.86,104.85,tex=209x120 ATLAS_SUBRECT rect=184x105 (crop needed)
Item_Currywurst,Currywurst,consumables,ok,C:/Users/miste/claude_workspace/_sulfur_extract/_unityproject/ExportedProject/Assets/Texture2D/ItemCurryWurst.png,assets/consumables/Item_Currywurst.png,243.95,67.88,tex=264x128 ATLAS_SUBRECT rect=244x68 (crop needed)
Item_Dimmie,Dimmie,consumables,ok,C:/Users/miste/claude_workspace/_sulfur_extract/_unityproject/ExportedProject/Assets/Texture2D/ItemDimmie.png,assets/consumables/Item_Dimmie.png,114.95,127.97,tex=128x128 ATLAS_SUBRECT rect=115x128 (crop needed)
Item_DoppIGrytan,Dopp I Grytan,consumables,ok,C:/Users/miste/claude_workspace/_sulfur_extract/_unityproject/ExportedProject/Assets/Texture2D/itemDoppIGrytan.png,assets/consumables/Item_DoppIGrytan.png,222.97,183.85,tex=224x224 ATLAS_SUBRECT rect=223x184 (crop needed)
Item_DoubleCheeseburger,Double Cheeseburger,consumables,ok,C:/Users/miste/claude_workspace/_sulfur_extract/_unityproject/ExportedProject/Assets/Texture2D/ItemDoubleCheeseburger.png,assets/consumables/Item_DoubleCheeseburger.png,128.85,135.86,tex=144x144 ATLAS_SUBRECT rect=129x136 (crop needed)
Item_Egg,Egg,consumables,ok,C:/Users/miste/claude_workspace/_sulfur_extract/_unityproject/ExportedProject/Assets/Texture2D/egg@4x.png,assets/consumables/Item_Egg.png,163.92,224.0,tex=164x224
Item_EnergyGum,Energy Gum,consumables,ok,C:/Users/miste/claude_workspace/_sulfur_extract/_unityproject/ExportedProject/Assets/Texture2D/ItemEnergyGum.png,assets/consumables/Item_EnergyGum.png,135.9,114.93,tex=144x128 ATLAS_SUBRECT rect=136x115 (crop needed)
Item_Escargot,Escargot,consumables,ok,C:/Users/miste/claude_workspace/_sulfur_extract/_unityproject/ExportedProject/Assets/Texture2D/ItemEscargot.png,assets/consumables/Item_Escargot.png,243.95,108.85,tex=264x128 ATLAS_SUBRECT rect=244x109 (crop needed)
Item_FalseSulfcap,False Sulfcap,consumables,ok,C:/Users/miste/claude_workspace/_sulfur_extract/_unityproject/ExportedProject/Assets/Texture2D/false_sulfcap.png,assets/consumables/Item_FalseSulfcap.png,104.0,140.0,tex=104x140
Item_FatbergChunk,Fatberg Chunk,consumables,ok,C:/Users/miste/claude_workspace/_sulfur_extract/_unityproject/ExportedProject/Assets/Texture2D/ItemFatburgChunk.png,assets/consumables/Item_FatbergChunk.png,241.9,219.9,tex=248x248 ATLAS_SUBRECT rect=242x220 (crop needed)
Item_Fish,Fish,consumables,ok,C:/Users/miste/claude_workspace/_sulfur_extract/_unityproject/ExportedProject/Assets/Texture2D/ItemFish.png,assets/consumables/Item_Fish.png,133.85,138.88,tex=144x144 ATLAS_SUBRECT rect=134x139 (crop needed)
Item_FishNChips,Fish and chips,consumables,ok,C:/Users/miste/claude_workspace/_sulfur_extract/_unityproject/ExportedProject/Assets/Texture2D/ItemFishNChips.png,assets/consumables/Item_FishNChips.png,243.95,82.92,tex=264x88 ATLAS_SUBRECT rect=244x83 (crop needed)
Item_FishSalted,Salted Fish,consumables,ok,C:/Users/miste/claude_workspace/_sulfur_extract/_unityproject/ExportedProject/Assets/Texture2D/ItemSaltedFish.png,assets/consumables/Item_FishSalted.png,132.85,138.9,tex=144x144 ATLAS_SUBRECT rect=133x139 (crop needed)
Item_Flour,Flour,consumables,ok,C:/Users/miste/claude_workspace/_sulfur_extract/_unityproject/ExportedProject/Assets/_Core/Sprites/Items/Consumables/ItemFlour.png,assets/consumables/Item_Flour.png,95.95,120.85,tex=128x128 ATLAS_SUBRECT rect=96x121 (crop needed)
Item_Fondue,Fondue,consumables,ok,C:/Users/miste/claude_workspace/_sulfur_extract/_unityproject/ExportedProject/Assets/Texture2D/ItemCheeseFondue.png,assets/consumables/Item_Fondue.png,258.91,113.85,tex=272x128 ATLAS_SUBRECT rect=259x114 (crop needed)
Item_FrenchHotdog,French Hotdog,consumables,ok,C:/Users/miste/claude_workspace/_sulfur_extract/_unityproject/ExportedProject/Assets/Texture2D/ItemFrenchHotdog.png,assets/consumables/Item_FrenchHotdog.png,44.0,152.0,tex=44x152
Item_FrenchToast,French Toast,consumables,ok,C:/Users/miste/claude_workspace/_sulfur_extract/_unityproject/ExportedProject/Assets/Texture2D/ItemFrenchtoast.png,assets/consumables/Item_FrenchToast.png,130.85,49.9,tex=160x96 ATLAS_SUBRECT rect=131x50 (crop needed)
Item_FrogLeg,Frog Leg,consumables,ok,C:/Users/miste/claude_workspace/_sulfur_extract/_unityproject/ExportedProject/Assets/Texture2D/ItemFrogLeg.png,assets/consumables/Item_FrogLeg.png,103.87,127.92,tex=128x128 ATLAS_SUBRECT rect=104x128 (crop needed)
Item_FullEnglishBreakfast,Full English Breakfast,consumables,ok,C:/Users/miste/claude_workspace/_sulfur_extract/_unityproject/ExportedProject/Assets/Texture2D/ItemFullEnglishBreakfast.png,assets/consumables/Item_FullEnglishBreakfast.png,243.95,71.9,tex=264x128 ATLAS_SUBRECT rect=244x72 (crop needed)
Item_Gravy,Gravy,consumables,ok,C:/Users/miste/claude_workspace/_sulfur_extract/_unityproject/ExportedProject/Assets/Texture2D/ItemGravy.png,assets/consumables/Item_Gravy.png,228.9,108.85,tex=272x120 ATLAS_SUBRECT rect=229x109 (crop needed)
Item_GrilledPoultry,Grilled Poultry,consumables,ok,C:/Users/miste/claude_workspace/_sulfur_extract/_unityproject/ExportedProject/Assets/Texture2D/ItemGrilledPoultry.png,assets/consumables/Item_GrilledPoultry.png,243.95,110.88,tex=264x128 ATLAS_SUBRECT rect=244x111 (crop needed)
Item_GumHubba,Sweet Gum,consumables,ok,C:/Users/miste/claude_workspace/_sulfur_extract/_unityproject/ExportedProject/Assets/Texture2D/ItemHubbabubba.png,assets/consumables/Item_GumHubba.png,135.93,114.9,tex=144x136 ATLAS_SUBRECT rect=136x115 (crop needed)
Item_Haggis,Haggis,consumables,ok,C:/Users/miste/claude_workspace/_sulfur_extract/_unityproject/ExportedProject/Assets/Texture2D/ItemHaggis.png,assets/consumables/Item_Haggis.png,243.95,125.85,tex=264x144 ATLAS_SUBRECT rect=244x126 (crop needed)
Item_HardBread,Hard Bread,consumables,ok,C:/Users/miste/claude_workspace/_sulfur_extract/_unityproject/ExportedProject/Assets/Texture2D/ItemHardBread.png,assets/consumables/Item_HardBread.png,89.85,135.85,tex=96x144 ATLAS_SUBRECT rect=90x136 (crop needed)
Item_HardshellTaco,Hardshell Taco,consumables,ok,C:/Users/miste/claude_workspace/_sulfur_extract/_unityproject/ExportedProject/Assets/Texture2D/ItemHardshellTaco.png,assets/consumables/Item_HardshellTaco.png,164.0,100.0,tex=164x100
Item_Hazelnut,Hazelnut,consumables,ok,C:/Users/miste/claude_workspace/_sulfur_extract/_unityproject/ExportedProject/Assets/Texture2D/ItemHazelnut.png,assets/consumables/Item_Hazelnut.png,104.9,103.85,tex=128x128 ATLAS_SUBRECT rect=105x104 (crop needed)
Item_Herb,Herbs,consumables,ok,C:/Users/miste/claude_workspace/_sulfur_extract/_unityproject/ExportedProject/Assets/Texture2D/ItemHerb.png,assets/consumables/Item_Herb.png,99.87,104.87,tex=128x128 ATLAS_SUBRECT rect=100x105 (crop needed)
Item_HolyToast,Holy Toast,consumables,ok,C:/Users/miste/claude_workspace/_sulfur_extract/_unityproject/ExportedProject/Assets/Texture2D/ItemJesusToast.png,assets/consumables/Item_HolyToast.png,138.9,119.95,tex=144x128 ATLAS_SUBRECT rect=139x120 (crop needed)
Item_HotPot,Hot Pot,consumables,ok,C:/Users/miste/claude_workspace/_sulfur_extract/_unityproject/ExportedProject/Assets/Texture2D/ItemHotPot.png,assets/consumables/Item_HotPot.png,325.87,168.85,tex=328x176 ATLAS_SUBRECT rect=326x169 (crop needed)
Item_HotSauce,Hot Sauce,consumables,ok,C:/Users/miste/claude_workspace/_sulfur_extract/_unityproject/ExportedProject/Assets/Texture2D/ItemHotSauce.png,assets/consumables/Item_HotSauce.png,90.9,249.85,tex=108x264 ATLAS_SUBRECT rect=91x250 (crop needed)
Item_HotSnax,Hot Snacks,consumables,ok,C:/Users/miste/claude_workspace/_sulfur_extract/_unityproject/ExportedProject/Assets/Texture2D/ItemHotSnax.png,assets/consumables/Item_HotSnax.png,129.9,138.9,tex=144x144 ATLAS_SUBRECT rect=130x139 (crop needed)
Item_Jam,Berry Jam,consumables,ok,C:/Users/miste/claude_workspace/_sulfur_extract/_unityproject/ExportedProject/Assets/_Core/Sprites/Items/Consumables/ItemJam.png,assets/consumables/Item_Jam.png,128.0,120.9,tex=128x128 ATLAS_SUBRECT rect=128x121 (crop needed)
Item_JamUnsweetened,Berry Jam (Unsweetened),consumables,ok,C:/Users/miste/claude_workspace/_sulfur_extract/_unityproject/ExportedProject/Assets/Texture2D/itemJamUnsweeten.png,assets/consumables/Item_JamUnsweetened.png,128.0,120.9,tex=128x128 ATLAS_SUBRECT rect=128x121 (crop needed)
Item_Jello,Jello,consumables,ok,C:/Users/miste/claude_workspace/_sulfur_extract/_unityproject/ExportedProject/Assets/Texture2D/ItemJello.png,assets/consumables/Item_Jello.png,243.95,105.85,tex=264x128 ATLAS_SUBRECT rect=244x106 (crop needed)
Item_KarlOskar,Karl-Oskar,consumables,ok,C:/Users/miste/claude_workspace/_sulfur_extract/_unityproject/ExportedProject/Assets/Texture2D/ItemKarlOskar.png,assets/consumables/Item_KarlOskar.png,124.95,120.9,tex=128x128 ATLAS_SUBRECT rect=125x121 (crop needed)
Item_KidneyPie,Kidney Pie,consumables,ok,C:/Users/miste/claude_workspace/_sulfur_extract/_unityproject/ExportedProject/Assets/Texture2D/ItemKidneyPie.png,assets/consumables/Item_KidneyPie.png,234.95,116.85,tex=248x128 ATLAS_SUBRECT rect=235x117 (crop needed)
Item_KidneyStone,Kidney Stone,consumables,ok,C:/Users/miste/claude_workspace/_sulfur_extract/_unityproject/ExportedProject/Assets/Texture2D/ItemKidneyStone.png,assets/consumables/Item_KidneyStone.png,95.91,96.92,tex=104x104 ATLAS_SUBRECT rect=96x97 (crop needed)
Item_Leverpastej,Leverpastej,consumables,ok,C:/Users/miste/claude_workspace/_sulfur_extract/_unityproject/ExportedProject/Assets/Texture2D/ItemLeverpastej.png,assets/consumables/Item_Leverpastej.png,268.9,105.94,tex=272x120 ATLAS_SUBRECT rect=269x106 (crop needed)
Item_LiverDumpling,Dumpling,consumables,ok,C:/Users/miste/claude_workspace/_sulfur_extract/_unityproject/ExportedProject/Assets/Texture2D/ItemLiverDumpling.png,assets/consumables/Item_LiverDumpling.png,92.0,104.0,tex=92x104
Item_Lussekatt,Lussekatt,consumables,ok,C:/Users/miste/claude_workspace/_sulfur_extract/_unityproject/ExportedProject/Assets/Texture2D/ItemLussekatt.png,assets/consumables/Item_Lussekatt.png,68.0,104.0,tex=68x104
Item_MacNCheese,Mac'n'Cheese,consumables,ok,C:/Users/miste/claude_workspace/_sulfur_extract/_unityproject/ExportedProject/Assets/Texture2D/ItemMacNCheese.png,assets/consumables/Item_MacNCheese.png,183.86,105.85,tex=208x120 ATLAS_SUBRECT rect=184x106 (crop needed)
Item_Maki,Maki,consumables,ok,C:/Users/miste/claude_workspace/_sulfur_extract/_unityproject/ExportedProject/Assets/Texture2D/ItemMaki.png,assets/consumables/Item_Maki.png,242.85,106.9,tex=264x128 ATLAS_SUBRECT rect=243x107 (crop needed)
Item_Marshmallow,Marshmallows,consumables,ok,C:/Users/miste/claude_workspace/_sulfur_extract/_unityproject/ExportedProject/Assets/Texture2D/ItemMarshmallow.png,assets/consumables/Item_Marshmallow.png,287.95,71.85,tex=288x80 ATLAS_SUBRECT rect=288x72 (crop needed)
Item_MashedPotatoes,Mashed Potatoes,consumables,ok,C:/Users/miste/claude_workspace/_sulfur_extract/_unityproject/ExportedProject/Assets/Texture2D/ItemMashedPotatoes.png,assets/consumables/Item_MashedPotatoes.png,183.85,135.92,tex=192x136 ATLAS_SUBRECT rect=184x136 (crop needed)
Item_MatchaGum,Green Tea Gum,consumables,ok,C:/Users/miste/claude_workspace/_sulfur_extract/_unityproject/ExportedProject/Assets/Texture2D/ItemGreenTeaGum.png,assets/consumables/Item_MatchaGum.png,130.85,130.9,tex=136x136 ATLAS_SUBRECT rect=131x131 (crop needed)
Item_MatchaTeaPowder,Matcha,consumables,ok,C:/Users/miste/claude_workspace/_sulfur_extract/_unityproject/ExportedProject/Assets/_Core/Sprites/Items/Consumables/ItemMacha.png,assets/consumables/Item_MatchaTeaPowder.png,116.94,102.85,tex=128x108 ATLAS_SUBRECT rect=117x103 (crop needed)
Item_MeatSkewers,Meat Skewers,consumables,ok,C:/Users/miste/claude_workspace/_sulfur_extract/_unityproject/ExportedProject/Assets/Texture2D/ItemMeatSkewer.png,assets/consumables/Item_MeatSkewers.png,287.95,71.9,tex=288x80 ATLAS_SUBRECT rect=288x72 (crop needed)
Item_Meringue,Meringue,consumables,ok,C:/Users/miste/claude_workspace/_sulfur_extract/_unityproject/ExportedProject/Assets/Texture2D/ItemMeringue.png,assets/consumables/Item_Meringue.png,110.9,107.94,tex=120x120 ATLAS_SUBRECT rect=111x108 (crop needed)
Item_Mochi,Mochi,consumables,ok,C:/Users/miste/claude_workspace/_sulfur_extract/_unityproject/ExportedProject/Assets/Texture2D/ItemMochi.png,assets/consumables/Item_Mochi.png,121.86,92.85,tex=128x112 ATLAS_SUBRECT rect=122x93 (crop needed)
Item_Mudcake,Chocolate Mudcake,consumables,ok,C:/Users/miste/claude_workspace/_sulfur_extract/_unityproject/ExportedProject/Assets/Texture2D/ItemMudCake.png,assets/consumables/Item_Mudcake.png,140.9,94.92,tex=152x96 ATLAS_SUBRECT rect=141x95 (crop needed)
Item_MushroomFried,'Fried Mushroom ',consumables,ok,C:/Users/miste/claude_workspace/_sulfur_extract/_unityproject/ExportedProject/Assets/Texture2D/ItemMushroomsFried.png,assets/consumables/Item_MushroomFried.png,243.95,76.85,tex=264x128 ATLAS_SUBRECT rect=244x77 (crop needed)
Item_MushroomOmelette,Mushroom Omelette,consumables,ok,C:/Users/miste/claude_workspace/_sulfur_extract/_unityproject/ExportedProject/Assets/Texture2D/ItemOmellet.png,assets/consumables/Item_MushroomOmelette.png,243.95,68.85,tex=264x80 ATLAS_SUBRECT rect=244x69 (crop needed)
Item_MushroomSkewer,Mushroom Skewer,consumables,ok,C:/Users/miste/claude_workspace/_sulfur_extract/_unityproject/ExportedProject/Assets/Texture2D/ItemMushroomSkewer.png,assets/consumables/Item_MushroomSkewer.png,265.91,67.9,tex=288x80 ATLAS_SUBRECT rect=266x68 (crop needed)
Item_MushroomSoup,Mushroom Soup,consumables,ok,C:/Users/miste/claude_workspace/_sulfur_extract/_unityproject/ExportedProject/Assets/Texture2D/ItemMushroomSoup.png,assets/consumables/Item_MushroomSoup.png,183.9,104.85,tex=208x120 ATLAS_SUBRECT rect=184x105 (crop needed)
Item_MycotaSquamata,Mycota Squamata,consumables,ok,C:/Users/miste/claude_workspace/_sulfur_extract/_unityproject/ExportedProject/Assets/Texture2D/ItemMycotaSquamata.png,assets/consumables/Item_MycotaSquamata.png,131.9,235.9,tex=136x248 ATLAS_SUBRECT rect=132x236 (crop needed)
Item_MysteryMeat,Mystery Meat,consumables,ok,C:/Users/miste/claude_workspace/_sulfur_extract/_unityproject/ExportedProject/Assets/Texture2D/ItemMysteryMeat.png,assets/consumables/Item_MysteryMeat.png,86.9,137.93,tex=96x160 ATLAS_SUBRECT rect=87x138 (crop needed)
Item_Nigiri,Nigiri,consumables,ok,C:/Users/miste/claude_workspace/_sulfur_extract/_unityproject/ExportedProject/Assets/Texture2D/ItemNigiri.png,assets/consumables/Item_Nigiri.png,242.85,101.88,tex=264x128 ATLAS_SUBRECT rect=243x102 (crop needed)
Item_Nuggets,Nuggets,consumables,ok,C:/Users/miste/claude_workspace/_sulfur_extract/_unityproject/ExportedProject/Assets/Texture2D/ItemNuggets.png,assets/consumables/Item_Nuggets.png,243.95,87.87,tex=264x128 ATLAS_SUBRECT rect=244x88 (crop needed)
Item_NutMix,Nut Mix,consumables,ok,C:/Users/miste/claude_workspace/_sulfur_extract/_unityproject/ExportedProject/Assets/Texture2D/ItemNutMix.png,assets/consumables/Item_NutMix.png,124.92,139.97,tex=144x144 ATLAS_SUBRECT rect=125x140 (crop needed)
Item_NutSpread,Nut Spread,consumables,ok,C:/Users/miste/claude_workspace/_sulfur_extract/_unityproject/ExportedProject/Assets/Texture2D/ItemNutSpread.png,assets/consumables/Item_NutSpread.png,195.9,220.85,tex=204x232 ATLAS_SUBRECT rect=196x221 (crop needed)
Item_Oats,Oats,consumables,ok,C:/Users/miste/claude_workspace/_sulfur_extract/_unityproject/ExportedProject/Assets/Texture2D/ItemOats.png,assets/consumables/Item_Oats.png,129.85,211.95,tex=144x224 ATLAS_SUBRECT rect=130x212 (crop needed)
Item_Omelette,Omelette,consumables,ok,C:/Users/miste/claude_workspace/_sulfur_extract/_unityproject/ExportedProject/Assets/Texture2D/ItemOmellet.png,assets/consumables/Item_Omelette.png,243.95,68.85,tex=264x80 ATLAS_SUBRECT rect=244x69 (crop needed)
Item_Onigiri,Onigiri,consumables,ok,C:/Users/miste/claude_workspace/_sulfur_extract/_unityproject/ExportedProject/Assets/Texture2D/ItemOnigiri.png,assets/consumables/Item_Onigiri.png,242.85,107.9,tex=264x128 ATLAS_SUBRECT rect=243x108 (crop needed)
Item_PastaBolognese,Spaghetti Bolognese,consumables,ok,C:/Users/miste/claude_workspace/_sulfur_extract/_unityproject/ExportedProject/Assets/Texture2D/ItemPastaBolognese.png,assets/consumables/Item_PastaBolognese.png,184.0,132.0,tex=184x132
Item_Peanut,Peanut,consumables,ok,C:/Users/miste/claude_workspace/_sulfur_extract/_unityproject/ExportedProject/Assets/Texture2D/ItemPeanut.png,assets/consumables/Item_Peanut.png,115.85,115.9,tex=128x128 ATLAS_SUBRECT rect=116x116 (crop needed)
Item_PeanutButter,Peanut Butter,consumables,ok,C:/Users/miste/claude_workspace/_sulfur_extract/_unityproject/ExportedProject/Assets/_Core/Sprites/Items/Consumables/ItemPeanutbutter.png,assets/consumables/Item_PeanutButter.png,162.9,183.9,tex=204x232 ATLAS_SUBRECT rect=163x184 (crop needed)
Item_PineNut,Pine nuts,consumables,ok,C:/Users/miste/claude_workspace/_sulfur_extract/_unityproject/ExportedProject/Assets/Texture2D/ItemPineCone.png,assets/consumables/Item_PineNut.png,102.9,111.85,tex=128x128 ATLAS_SUBRECT rect=103x112 (crop needed)
Item_PizzaLarge,Pizza,consumables,ok,C:/Users/miste/claude_workspace/_sulfur_extract/_unityproject/ExportedProject/Assets/Texture2D/ItemPizza.png,assets/consumables/Item_PizzaLarge.png,251.85,251.85,tex=272x272 ATLAS_SUBRECT rect=252x252 (crop needed)
Item_PizzaSlice,Pizza Slice,consumables,ok,C:/Users/miste/claude_workspace/_sulfur_extract/_unityproject/ExportedProject/Assets/Texture2D/ItemPizzaSlice.png,assets/consumables/Item_PizzaSlice.png,121.9,142.92,tex=144x144 ATLAS_SUBRECT rect=122x143 (crop needed)
Item_PoisonGum,Anti-Poison Gum,consumables,ok,C:/Users/miste/claude_workspace/_sulfur_extract/_unityproject/ExportedProject/Assets/Texture2D/ItemPoisonGum.png,assets/consumables/Item_PoisonGum.png,131.97,130.9,tex=144x144 ATLAS_SUBRECT rect=132x131 (crop needed)
Item_Polsa,Pölsa,consumables,ok,C:/Users/miste/claude_workspace/_sulfur_extract/_unityproject/ExportedProject/Assets/Texture2D/ItemPolsa.png,assets/consumables/Item_Polsa.png,183.9,104.85,tex=208x120 ATLAS_SUBRECT rect=184x105 (crop needed)
Item_Polse,Pølse,consumables,ok,C:/Users/miste/claude_workspace/_sulfur_extract/_unityproject/ExportedProject/Assets/Texture2D/ItemPolse.png,assets/consumables/Item_Polse.png,195.92,80.0,tex=196x80
Item_Porridge,Porridge,consumables,ok,C:/Users/miste/claude_workspace/_sulfur_extract/_unityproject/ExportedProject/Assets/_Core/Sprites/Items/Consumables/ItemPorridge.png,assets/consumables/Item_Porridge.png,182.85,110.87,tex=196x136 ATLAS_SUBRECT rect=183x111 (crop needed)
Item_Potato,Potato,consumables,ok,C:/Users/miste/claude_workspace/_sulfur_extract/_unityproject/ExportedProject/Assets/Texture2D/ItemPotato.png,assets/consumables/Item_Potato.png,95.85,110.85,tex=96x128 ATLAS_SUBRECT rect=96x111 (crop needed)
Item_Poutine,Poutine,consumables,ok,C:/Users/miste/claude_workspace/_sulfur_extract/_unityproject/ExportedProject/Assets/Texture2D/ItemPoutine.png,assets/consumables/Item_Poutine.png,183.86,119.88,tex=208x120 ATLAS_SUBRECT rect=184x120 (crop needed)
Item_PowerBar,Power Bar,consumables,ok,C:/Users/miste/claude_workspace/_sulfur_extract/_unityproject/ExportedProject/Assets/Texture2D/ItemPowerBar.png,assets/consumables/Item_PowerBar.png,126.94,127.96,tex=128x128 ATLAS_SUBRECT rect=127x128 (crop needed)
Item_PyttIPanna,Pyttipanna,consumables,ok,C:/Users/miste/claude_workspace/_sulfur_extract/_unityproject/ExportedProject/Assets/Texture2D/ItemPyttIPanna.png,assets/consumables/Item_PyttIPanna.png,243.95,61.85,tex=264x128 ATLAS_SUBRECT rect=244x62 (crop needed)
Item_Raclette,Raclette,consumables,ok,C:/Users/miste/claude_workspace/_sulfur_extract/_unityproject/ExportedProject/Assets/Texture2D/ItemRaclette.png,assets/consumables/Item_Raclette.png,254.95,134.89,tex=264x160 ATLAS_SUBRECT rect=255x135 (crop needed)
Item_Ramen,Ramen,consumables,ok,C:/Users/miste/claude_workspace/_sulfur_extract/_unityproject/ExportedProject/Assets/Texture2D/ItemRamen.png,assets/consumables/Item_Ramen.png,184.85,121.9,tex=200x144 ATLAS_SUBRECT rect=185x122 (crop needed)
Item_RamenTori,Tori Ramen,consumables,ok,C:/Users/miste/claude_workspace/_sulfur_extract/_unityproject/ExportedProject/Assets/Texture2D/ItemRamen.png,assets/consumables/Item_RamenTori.png,184.85,121.9,tex=200x144 ATLAS_SUBRECT rect=185x122 (crop needed)
Item_Rhubarb,Rhubarb,consumables,ok,C:/Users/miste/claude_workspace/_sulfur_extract/_unityproject/ExportedProject/Assets/Texture2D/ItemRhubarb.png,assets/consumables/Item_Rhubarb.png,124.9,293.85,tex=128x296 ATLAS_SUBRECT rect=125x294 (crop needed)
Item_RhubarbPie,Rhubarb Pie,consumables,ok,C:/Users/miste/claude_workspace/_sulfur_extract/_unityproject/ExportedProject/Assets/Texture2D/ItemRhubarbPie.png,assets/consumables/Item_RhubarbPie.png,225.95,108.9,tex=248x128 ATLAS_SUBRECT rect=226x109 (crop needed)
Item_RhubarbPorridge,Rhubarb Porridge,consumables,ok,C:/Users/miste/claude_workspace/_sulfur_extract/_unityproject/ExportedProject/Assets/Texture2D/ItemRhubarbPorrige.png,assets/consumables/Item_RhubarbPorridge.png,183.85,118.85,tex=192x136 ATLAS_SUBRECT rect=184x119 (crop needed)
Item_RhubarbSauce,Rhubarb Sauce,consumables,ok,C:/Users/miste/claude_workspace/_sulfur_extract/_unityproject/ExportedProject/Assets/Texture2D/ItemRhubarbCream.png,assets/consumables/Item_RhubarbSauce.png,183.85,104.85,tex=196x136 ATLAS_SUBRECT rect=184x105 (crop needed)
Item_Rice,Rice,consumables,ok,C:/Users/miste/claude_workspace/_sulfur_extract/_unityproject/ExportedProject/Assets/_Core/Sprites/Items/Consumables/ItemRice.png,assets/consumables/Item_Rice.png,252.89,208.85,tex=272x224 ATLAS_SUBRECT rect=253x209 (crop needed)
Item_RiceCake,Puffed Rice Cakes,consumables,ok,C:/Users/miste/claude_workspace/_sulfur_extract/_unityproject/ExportedProject/Assets/Texture2D/ItemRicecakes.png,assets/consumables/Item_RiceCake.png,126.85,120.91,tex=144x144 ATLAS_SUBRECT rect=127x121 (crop needed)
Item_Rodsopp,Rödsopp,consumables,ok,C:/Users/miste/claude_workspace/_sulfur_extract/_unityproject/ExportedProject/Assets/Texture2D/rodsopp.png,assets/consumables/Item_Rodsopp.png,103.92,140.0,tex=104x140
Item_Salt,Salt,consumables,ok,C:/Users/miste/claude_workspace/_sulfur_extract/_unityproject/ExportedProject/Assets/Texture2D/ItemSalt.png,assets/consumables/Item_Salt.png,52.9,104.0,tex=80x104 ATLAS_SUBRECT rect=53x104 (crop needed)
Item_SaltedSandfish,Salted Sandfish,consumables,ok,C:/Users/miste/claude_workspace/_sulfur_extract/_unityproject/ExportedProject/Assets/Texture2D/ItemSaltedSandfish.png,assets/consumables/Item_SaltedSandfish.png,97.85,139.85,tex=112x144 ATLAS_SUBRECT rect=98x140 (crop needed)
Item_SandFish,Flat Sandfish,consumables,ok,C:/Users/miste/claude_workspace/_sulfur_extract/_unityproject/ExportedProject/Assets/Texture2D/ItemFlatSandfish.png,assets/consumables/Item_SandFish.png,233.9,241.9,tex=248x248 ATLAS_SUBRECT rect=234x242 (crop needed)
Item_SandwichBread,Bread Sandwich,consumables,ok,C:/Users/miste/claude_workspace/_sulfur_extract/_unityproject/ExportedProject/Assets/Texture2D/ItemBreadSandwitch.png,assets/consumables/Item_SandwichBread.png,131.85,72.95,tex=160x96 ATLAS_SUBRECT rect=132x73 (crop needed)
Item_SandwichBuddy,Buddy Sandwich,consumables,ok,C:/Users/miste/claude_workspace/_sulfur_extract/_unityproject/ExportedProject/Assets/Texture2D/item_BuddySandwich.png,assets/consumables/Item_SandwichBuddy.png,2010.92,1193.92,tex=2048x1252 ATLAS_SUBRECT rect=2011x1194 (crop needed)
Item_SandwichButter,Butter Sandwich,consumables,ok,C:/Users/miste/claude_workspace/_sulfur_extract/_unityproject/ExportedProject/Assets/Texture2D/ItemButterSandwitch.png,assets/consumables/Item_SandwichButter.png,130.85,49.9,tex=160x96 ATLAS_SUBRECT rect=131x50 (crop needed)
Item_SandwichCheese,Cheese Sandwich,consumables,ok,C:/Users/miste/claude_workspace/_sulfur_extract/_unityproject/ExportedProject/Assets/Texture2D/ItemSandwitch.png,assets/consumables/Item_SandwichCheese.png,132.85,73.95,tex=144x96 ATLAS_SUBRECT rect=133x74 (crop needed)
Item_SandwichLeverpastej,Liver Patty Sandwich,consumables,ok,C:/Users/miste/claude_workspace/_sulfur_extract/_unityproject/ExportedProject/Assets/Texture2D/ItemLeverpastejmacka.png,assets/consumables/Item_SandwichLeverpastej.png,133.85,67.95,tex=160x96 ATLAS_SUBRECT rect=134x68 (crop needed)
Item_SandwichNutSpread,Nut Spread Sandwich,consumables,ok,C:/Users/miste/claude_workspace/_sulfur_extract/_unityproject/ExportedProject/Assets/Texture2D/ItemSandwichPeanutbutter.png,assets/consumables/Item_SandwichNutSpread.png,131.87,66.95,tex=160x96 ATLAS_SUBRECT rect=132x67 (crop needed)
Item_SandwichPeanutbutter,Peanutbutter Sandwich,consumables,ok,C:/Users/miste/claude_workspace/_sulfur_extract/_unityproject/ExportedProject/Assets/Texture2D/ItemSandwichPeanutbutter.png,assets/consumables/Item_SandwichPeanutbutter.png,131.87,66.95,tex=160x96 ATLAS_SUBRECT rect=132x67 (crop needed)
Item_SandwichPeanutbutterJelly,Peanutbutter Jelly Sandwich,consumables,ok,C:/Users/miste/claude_workspace/_sulfur_extract/_unityproject/ExportedProject/Assets/Texture2D/ItemPJsandwitch.png,assets/consumables/Item_SandwichPeanutbutterJelly.png,131.87,66.95,tex=160x96 ATLAS_SUBRECT rect=132x67 (crop needed)
Item_Sashimi,Sashimi,consumables,ok,C:/Users/miste/claude_workspace/_sulfur_extract/_unityproject/ExportedProject/Assets/Texture2D/ItemSashimi.png,assets/consumables/Item_Sashimi.png,242.85,82.95,tex=264x128 ATLAS_SUBRECT rect=243x83 (crop needed)
Item_Sausage,Spicy Sausage,consumables,ok,C:/Users/miste/claude_workspace/_sulfur_extract/_unityproject/ExportedProject/Assets/Texture2D/ItemSpicySausage.png,assets/consumables/Item_Sausage.png,255.92,77.93,tex=272x96 ATLAS_SUBRECT rect=256x78 (crop needed)
Item_SausageOmelette,Sausage Omelette,consumables,ok,C:/Users/miste/claude_workspace/_sulfur_extract/_unityproject/ExportedProject/Assets/Texture2D/ItemSasuageOmellete.png,assets/consumables/Item_SausageOmelette.png,243.95,68.85,tex=264x80 ATLAS_SUBRECT rect=244x69 (crop needed)
Item_SausageOnStick,Sausage On Stick,consumables,ok,C:/Users/miste/claude_workspace/_sulfur_extract/_unityproject/ExportedProject/Assets/Texture2D/ItemSausageOnStick.png,assets/consumables/Item_SausageOnStick.png,288.0,47.95,tex=288x80 ATLAS_SUBRECT rect=288x48 (crop needed)
Item_SausageSoup,Sausage Soup,consumables,ok,C:/Users/miste/claude_workspace/_sulfur_extract/_unityproject/ExportedProject/Assets/Texture2D/ItemSausageSoup.png,assets/consumables/Item_SausageSoup.png,183.9,104.85,tex=208x120 ATLAS_SUBRECT rect=184x105 (crop needed)
Item_Seaweed,Seaweed,consumables,ok,C:/Users/miste/claude_workspace/_sulfur_extract/_unityproject/ExportedProject/Assets/Texture2D/ItemSeaweed.png,assets/consumables/Item_Seaweed.png,102.85,111.93,tex=128x128 ATLAS_SUBRECT rect=103x112 (crop needed)
Item_Snail,Snail,consumables,ok,C:/Users/miste/claude_workspace/_sulfur_extract/_unityproject/ExportedProject/Assets/Texture2D/ItemSnail.png,assets/consumables/Item_Snail.png,143.85,87.85,tex=160x108 ATLAS_SUBRECT rect=144x88 (crop needed)
Item_Spagetti,Spaghetti,consumables,ok,C:/Users/miste/claude_workspace/_sulfur_extract/_unityproject/ExportedProject/Assets/Texture2D/ItemSpaghetti.png,assets/consumables/Item_Spagetti.png,103.9,268.85,tex=112x272 ATLAS_SUBRECT rect=104x269 (crop needed)
Item_SpanishOmelette,Spanish Omelette,consumables,ok,C:/Users/miste/claude_workspace/_sulfur_extract/_unityproject/ExportedProject/Assets/Texture2D/ItemSpanishOmelette.png,assets/consumables/Item_SpanishOmelette.png,243.95,70.85,tex=264x80 ATLAS_SUBRECT rect=244x71 (crop needed)
Item_SpiceMix,Spice Mix,consumables,ok,C:/Users/miste/claude_workspace/_sulfur_extract/_unityproject/ExportedProject/Assets/Texture2D/ItemSpiceMix.png,assets/consumables/Item_SpiceMix.png,125.9,115.93,tex=128x128 ATLAS_SUBRECT rect=126x116 (crop needed)
Item_Stew,Stew,consumables,ok,C:/Users/miste/claude_workspace/_sulfur_extract/_unityproject/ExportedProject/Assets/Texture2D/ItemStew.png,assets/consumables/Item_Stew.png,183.85,116.89,tex=208x128 ATLAS_SUBRECT rect=184x117 (crop needed)
Item_Sugar,Sugar,consumables,ok,C:/Users/miste/claude_workspace/_sulfur_extract/_unityproject/ExportedProject/Assets/_Core/Sprites/Items/Consumables/ItemSugar.png,assets/consumables/Item_Sugar.png,139.95,138.92,tex=144x144 ATLAS_SUBRECT rect=140x139 (crop needed)
Item_Surstromming,Surstromming,consumables,ok,C:/Users/miste/claude_workspace/_sulfur_extract/_unityproject/ExportedProject/Assets/Texture2D/ItemSurstromming.png,assets/consumables/Item_Surstromming.png,124.9,123.92,tex=128x128 ATLAS_SUBRECT rect=125x124 (crop needed)
Item_SwedishPancakes,Swedish Pancakes,consumables,ok,C:/Users/miste/claude_workspace/_sulfur_extract/_unityproject/ExportedProject/Assets/Texture2D/ItemPancakes.png,assets/consumables/Item_SwedishPancakes.png,243.95,77.85,tex=264x80 ATLAS_SUBRECT rect=244x78 (crop needed)
Item_SwingDing,Swing-Ding,consumables,ok,C:/Users/miste/claude_workspace/_sulfur_extract/_unityproject/ExportedProject/Assets/Texture2D/ItemSwingding.png,assets/consumables/Item_SwingDing.png,77.9,126.92,tex=108x128 ATLAS_SUBRECT rect=78x127 (crop needed)
Item_ToastSkagen,Toast Skagen,consumables,ok,C:/Users/miste/claude_workspace/_sulfur_extract/_unityproject/ExportedProject/Assets/Texture2D/ItemToastSkagen.png,assets/consumables/Item_ToastSkagen.png,130.85,77.87,tex=160x96 ATLAS_SUBRECT rect=131x78 (crop needed)
Item_TongueOnStick,Tongue On Stick,consumables,ok,C:/Users/miste/claude_workspace/_sulfur_extract/_unityproject/ExportedProject/Assets/Texture2D/ItemTongueOnStick.png,assets/consumables/Item_TongueOnStick.png,287.95,69.85,tex=288x80 ATLAS_SUBRECT rect=288x70 (crop needed)
Item_Unagi,Unagi,consumables,ok,C:/Users/miste/claude_workspace/_sulfur_extract/_unityproject/ExportedProject/Assets/Texture2D/ItemUnagi.png,assets/consumables/Item_Unagi.png,180.93,83.95,tex=208x120 ATLAS_SUBRECT rect=181x84 (crop needed)
Item_VacuumCleaner,Vacuum Cleaner,consumables,ok,C:/Users/miste/claude_workspace/_sulfur_extract/_unityproject/ExportedProject/Assets/Texture2D/Punsch-roll.png,assets/consumables/Item_VacuumCleaner.png,87.9,112.93,tex=128x128 ATLAS_SUBRECT rect=88x113 (crop needed)
Item_VelvetBell,Velvet Bell,consumables,ok,C:/Users/miste/claude_workspace/_sulfur_extract/_unityproject/ExportedProject/Assets/Texture2D/velvet_bell.png,assets/consumables/Item_VelvetBell.png,134.9,273.87,tex=160x320 ATLAS_SUBRECT rect=135x274 (crop needed)
Item_Walnut,Walnut,consumables,ok,C:/Users/miste/claude_workspace/_sulfur_extract/_unityproject/ExportedProject/Assets/Texture2D/ItemWalnut.png,assets/consumables/Item_Walnut.png,128.0,98.9,tex=128x128 ATLAS_SUBRECT rect=128x99 (crop needed)
Item_Worm,Earthworm,consumables,ok,C:/Users/miste/claude_workspace/_sulfur_extract/_unityproject/ExportedProject/Assets/Texture2D/ItemEarthWorm.png,assets/consumables/Item_Worm.png,117.95,120.9,tex=128x128 ATLAS_SUBRECT rect=118x121 (crop needed)
Item_Blood,Blood,consumables,ok,C:/Users/miste/claude_workspace/_sulfur_extract/_unityproject/ExportedProject/Assets/Texture2D/ItemBlood.png,assets/consumables/Item_Blood.png,40.93,139.9,tex=56x160 ATLAS_SUBRECT rect=41x140 (crop needed)
Item_FirstAidKit,First Aid Kit,consumables,ok,C:/Users/miste/claude_workspace/_sulfur_extract/_unityproject/ExportedProject/Assets/Texture2D/ItemFirstAidKit.png,assets/consumables/Item_FirstAidKit.png,303.9,207.87,tex=352x256 ATLAS_SUBRECT rect=304x208 (crop needed)
Item_Mutagen,Mutagen Bottle,consumables,ok,C:/Users/miste/claude_workspace/_sulfur_extract/_unityproject/ExportedProject/Assets/Texture2D/ItemMutagen.png,assets/consumables/Item_Mutagen.png,257.9,104.85,tex=272x120 ATLAS_SUBRECT rect=258x105 (crop needed)
Item_RodsoppPaste,Rödsopp Paste,consumables,ok,C:/Users/miste/claude_workspace/_sulfur_extract/_unityproject/ExportedProject/Assets/Texture2D/itemRodsoppPaste.png,assets/consumables/Item_RodsoppPaste.png,232.87,93.9,tex=256x96 ATLAS_SUBRECT rect=233x94 (crop needed)
Item_Snus,Admiral White Extra Strong,consumables,ok,C:/Users/miste/claude_workspace/_sulfur_extract/_unityproject/ExportedProject/Assets/Texture2D/ItemAdmiralWhiteXStrong.png,assets/consumables/Item_Snus.png,107.95,66.85,tex=128x128 ATLAS_SUBRECT rect=108x67 (crop needed)
Item_Solution,Solution,consumables,ok,C:/Users/miste/claude_workspace/_sulfur_extract/_unityproject/ExportedProject/Assets/Texture2D/ItemSolution.png,assets/consumables/Item_Solution.png,58.95,140.85,tex=64x144 ATLAS_SUBRECT rect=59x141 (crop needed)
Consumable_ChamberChisel12ga,Chamber Chisel (12ga),consumables,ok,C:/Users/miste/claude_workspace/_sulfur_extract/_unityproject/ExportedProject/Assets/Texture2D/CamberChisel12ga.png,assets/consumables/Consumable_ChamberChisel12ga.png,368.0,132.0,tex=368x132
Consumable_ChamberChisel50BMG,Chamber Chisel (.50 BMG),consumables,ok,C:/Users/miste/claude_workspace/_sulfur_extract/_unityproject/ExportedProject/Assets/Texture2D/CamberChisel50BMG.png,assets/consumables/Consumable_ChamberChisel50BMG.png,368.0,132.0,tex=368x132
Consumable_ChamberChisel556,Chamber Chisel (5.56mm),consumables,ok,C:/Users/miste/claude_workspace/_sulfur_extract/_unityproject/ExportedProject/Assets/Texture2D/CamberChisel556.png,assets/consumables/Consumable_ChamberChisel556.png,368.0,132.0,tex=368x132
Consumable_ChamberChisel762,Chamber Chisel (7.62mm),consumables,ok,C:/Users/miste/claude_workspace/_sulfur_extract/_unityproject/ExportedProject/Assets/Texture2D/CamberChisel762.png,assets/consumables/Consumable_ChamberChisel762.png,368.0,132.0,tex=368x132
Consumable_ChamberChisel9mm,Chamber Chisel (9mm),consumables,ok,C:/Users/miste/claude_workspace/_sulfur_extract/_unityproject/ExportedProject/Assets/Texture2D/ChamberChisel9mm.png,assets/consumables/Consumable_ChamberChisel9mm.png,368.0,132.0,tex=368x132
Item_AirDuster,Air Duster,consumables,ok,C:/Users/miste/claude_workspace/_sulfur_extract/_unityproject/ExportedProject/Assets/_Core/Sprites/Items/Consumables/ItemAirDuster.png,assets/consumables/Item_AirDuster.png,99.9,235.95,tex=128x272 ATLAS_SUBRECT rect=100x236 (crop needed)
Item_BeGone,BeGone,consumables,ok,C:/Users/miste/claude_workspace/_sulfur_extract/_unityproject/ExportedProject/Assets/Texture2D/ItemBeGone.png,assets/consumables/Item_BeGone.png,127.9,249.85,tex=128x272 ATLAS_SUBRECT rect=128x250 (crop needed)
Item_Bleach,Bleach,consumables,ok,C:/Users/miste/claude_workspace/_sulfur_extract/_unityproject/ExportedProject/Assets/Texture2D/ItemBleach.png,assets/consumables/Item_Bleach.png,113.85,263.9,tex=128x272 ATLAS_SUBRECT rect=114x264 (crop needed)
Item_CottonSwab,Cotton Swabs,consumables,ok,C:/Users/miste/claude_workspace/_sulfur_extract/_unityproject/ExportedProject/Assets/Texture2D/ItemTops.png,assets/consumables/Item_CottonSwab.png,81.95,81.95,tex=96x96 ATLAS_SUBRECT rect=82x82 (crop needed)
Item_DishSoap,Dish Soap,consumables,ok,C:/Users/miste/claude_workspace/_sulfur_extract/_unityproject/ExportedProject/Assets/Texture2D/ItemDishSoap.png,assets/consumables/Item_DishSoap.png,109.85,249.95,tex=128x272 ATLAS_SUBRECT rect=110x250 (crop needed)
Item_MicrofiberDishCloth,Microfiber Dish Cloth,consumables,ok,C:/Users/miste/claude_workspace/_sulfur_extract/_unityproject/ExportedProject/Assets/Texture2D/ItemMicrofiberDishCloth.png,assets/consumables/Item_MicrofiberDishCloth.png,127.93,117.92,tex=144x128 ATLAS_SUBRECT rect=128x118 (crop needed)
Item_Svinto,Soapy Wool,consumables,ok,C:/Users/miste/claude_workspace/_sulfur_extract/_unityproject/ExportedProject/Assets/Texture2D/ItemSvinto.png,assets/consumables/Item_Svinto.png,139.9,99.95,tex=144x128 ATLAS_SUBRECT rect=140x100 (crop needed)
Item_Toiletpaper,Toilet Paper,consumables,ok,C:/Users/miste/claude_workspace/_sulfur_extract/_unityproject/ExportedProject/Assets/Texture2D/itemToiletpaper.png,assets/consumables/Item_Toiletpaper.png,105.9,126.92,tex=128x128 ATLAS_SUBRECT rect=106x127 (crop needed)
Item_WeaponRepairKit,Repair Kit,consumables,ok,C:/Users/miste/claude_workspace/_sulfur_extract/_unityproject/ExportedProject/Assets/Texture2D/Item_WeaponRepairKit.png,assets/consumables/Item_WeaponRepairKit.png,404.0,239.92,tex=404x240
Item_WetWipes,Wet Wipes,consumables,ok,C:/Users/miste/claude_workspace/_sulfur_extract/_unityproject/ExportedProject/Assets/Texture2D/ItemWetWipes.png,assets/consumables/Item_WetWipes.png,244.95,112.85,tex=264x128 ATLAS_SUBRECT rect=245x113 (crop needed)
