ingredient_name,ingredient_display,ingredient_category,qty_needed,recipe_name,recipe_type,produces_name,produces_display,product_slots,product_primary_attribute,product_primary_total_effect,product_total_effect_per_slot
<id924>,<id924>,,1,Recipe_BuddySandwich_1,cooking,Item_Broth,Broth,2,Stat_HealthRegen,10,5.0
Enchantment_Dark,Scroll of Dark,Enchantments,1,Recipe_Enchantment_Blizzard,enchantment,Enchantment_Blizzard,Scroll of Blizzard,2,,0,0.0
Enchantment_Dark,Scroll of Dark,Enchantments,1,Recipe_Enchantment_ChaosStrike,enchantment,Enchantment_ChaosStrike,Scroll of Chaos Strike,2,,0,0.0
Enchantment_Dark,Scroll of Dark,Enchantments,1,Recipe_Enchantment_Fear,enchantment,Enchantment_Fear,Scroll of Fear,2,,0,0.0
Enchantment_Dark,Scroll of Dark,Enchantments,1,Recipe_Enchantment_FlameThrower,enchantment,Enchantment_FlameThrower,Scroll Of Flame Thrower,2,,0,0.0
Enchantment_Dark,Scroll of Dark,Enchantments,2,Recipe_Enchantment_FoulFate,enchantment,Enchantment_FoulFate,Scroll of Foul Fate,2,,0,0.0
Enchantment_Dark,Scroll of Dark,Enchantments,1,Recipe_Enchantment_Metamorph,enchantment,Enchantment_Metamorph,Scroll of Metamorph,2,,0,0.0
Enchantment_Dark,Scroll of Dark,Enchantments,1,Recipe_Enchantment_Sacrifice,enchantment,Enchantment_Sacrifice,Scroll of Sacrifice,2,,0,0.0
Enchantment_Dark,Scroll of Dark,Enchantments,1,Recipe_Enchantment_Titanic,enchantment,Enchantment_Titanic,Scroll of Titanic,2,,0,0.0
Enchantment_Dark,Scroll of Dark,Enchantments,1,Recipe_Enchantment_Voodoo,enchantment,Enchantment_Voodoo,Scroll of Voodoo,2,,0,0.0
Enchantment_Earth,Scroll of Earth,Enchantments,2,Recipe_Enchantment_Aftershock,enchantment,Enchantment_Aftershock,Scroll of Aftershock,2,,0,0.0
Enchantment_Earth,Scroll of Earth,Enchantments,1,Recipe_Enchantment_CryoRocketLauncher,enchantment,Enchantment_CryoRocketLauncher,Scroll of Cryo Rocket Launcher,2,,0,0.0
Enchantment_Earth,Scroll of Earth,Enchantments,1,Recipe_Enchantment_Lava,enchantment,Enchantment_Lava,Scroll of Lava,2,,0,0.0
Enchantment_Earth,Scroll of Earth,Enchantments,1,Recipe_Enchantment_Noxiosa,enchantment,Enchantment_Noxiosa,Scroll of Noxiosa,2,,0,0.0
Enchantment_Earth,Scroll of Earth,Enchantments,1,Recipe_Enchantment_Petrification,enchantment,Enchantment_Petrification,Scroll of Petrification,2,,0,0.0
Enchantment_Earth,Scroll of Earth,Enchantments,1,Recipe_Enchantment_SacredGround,enchantment,Enchantment_SacredGround,Scroll of Sacred Ground,2,,0,0.0
Enchantment_Earth,Scroll of Earth,Enchantments,1,Recipe_Enchantment_Sacrifice,enchantment,Enchantment_Sacrifice,Scroll of Sacrifice,2,,0,0.0
Enchantment_Earth,Scroll of Earth,Enchantments,1,Recipe_Enchantment_StormSurge,enchantment,Enchantment_StormSurge,Scroll of Storm Surge,2,,0,0.0
Enchantment_Electricity,Scroll of Surge,Enchantments,1,Recipe_Enchantment_Beamgun,enchantment,Enchantment_Beamgun,Scroll of Beamgun,2,,0,0.0
Enchantment_Electricity,Scroll of Surge,Enchantments,2,Recipe_Enchantment_ChainLightning,enchantment,Enchantment_ChainLightning,Scroll of Chain Lightning,2,,0,0.0
Enchantment_Electricity,Scroll of Surge,Enchantments,1,Recipe_Enchantment_ChaosStrike,enchantment,Enchantment_ChaosStrike,Scroll of Chaos Strike,2,,0,0.0
Enchantment_Electricity,Scroll of Surge,Enchantments,1,Recipe_Enchantment_LeastRestistance,enchantment,Enchantment_LeastResistance,Scroll of Least Resistance,2,,0,0.0
Enchantment_Electricity,Scroll of Surge,Enchantments,1,Recipe_Enchantment_RocketLauncher,enchantment,Enchantment_RocketLauncher,Scroll of Rocket Launcher,2,,0,0.0
Enchantment_Electricity,Scroll of Surge,Enchantments,1,Recipe_Enchantment_StormSurge,enchantment,Enchantment_StormSurge,Scroll of Storm Surge,2,,0,0.0
Enchantment_Electricity,Scroll of Surge,Enchantments,1,Recipe_Enchantment_ThunderBolt,enchantment,Enchantment_Thunderbolt,Scroll of Thunderbolt,2,,0,0.0
Enchantment_Electricity,Scroll of Surge,Enchantments,1,Recipe_Enchantment_ToxicLobotomy,enchantment,Enchantment_ToxicLobotomy,Scroll of Toxic Lobotomy,2,,0,0.0
Enchantment_Fire,Scroll of Embers,Enchantments,1,Recipe_Enchantment_CorpseExplosion,enchantment,Enchantment_CorpseExplosion,Scroll of Corpse Explosion,2,,0,0.0
Enchantment_Fire,Scroll of Embers,Enchantments,1,Recipe_Enchantment_FlameThrower,enchantment,Enchantment_FlameThrower,Scroll Of Flame Thrower,2,,0,0.0
Enchantment_Fire,Scroll of Embers,Enchantments,1,Recipe_Enchantment_HolyFire,enchantment,Enchantment_HolyFire,Scroll of Holy Fire,2,,0,0.0
Enchantment_Fire,Scroll of Embers,Enchantments,1,Recipe_Enchantment_Lava,enchantment,Enchantment_Lava,Scroll of Lava,2,,0,0.0
Enchantment_Fire,Scroll of Embers,Enchantments,1,Recipe_Enchantment_Oil,enchantment,Enchantment_Petroleum,Scroll of Petroleum,2,,0,0.0
Enchantment_Fire,Scroll of Embers,Enchantments,2,Recipe_Enchantment_Pyroclasm,enchantment,Enchantment_Pyroclasm,Scroll of Explosions,2,,0,0.0
Enchantment_Fire,Scroll of Embers,Enchantments,1,Recipe_Enchantment_RocketLauncher,enchantment,Enchantment_RocketLauncher,Scroll of Rocket Launcher,2,,0,0.0
Enchantment_Fire,Scroll of Embers,Enchantments,1,Recipe_Enchantment_Steam,enchantment,Enchantment_Steam,Scroll of Steam,2,,0,0.0
Enchantment_Fire,Scroll of Embers,Enchantments,1,Recipe_Enchantment_Water,enchantment,Enchantment_Water,Scroll of Water,2,,0,0.0
Enchantment_Frost,Scroll of Frostbite,Enchantments,1,Recipe_Enchantment_CryoRocketLauncher,enchantment,Enchantment_CryoRocketLauncher,Scroll of Cryo Rocket Launcher,2,,0,0.0
Enchantment_Frost,Scroll of Frostbite,Enchantments,1,Recipe_Enchantment_CryoSnakes,enchantment,Enchantment_CryoSnakes,Scroll of Cryo Snakes,2,,0,0.0
Enchantment_Frost,Scroll of Frostbite,Enchantments,2,Recipe_Enchantment_Icebeam,enchantment,Enchantment_IceBeam,Scroll of Ice Beam,2,,0,0.0
Enchantment_Frost,Scroll of Frostbite,Enchantments,1,Recipe_Enchantment_Prism,enchantment,Enchantment_Prism,Scroll of Prism,2,,0,0.0
Enchantment_Frost,Scroll of Frostbite,Enchantments,1,Recipe_Enchantment_Slush,enchantment,Enchantment_Slush,Scroll of Slush,2,,0,0.0
Enchantment_Frost,Scroll of Frostbite,Enchantments,1,Recipe_Enchantment_SnowmanHead,enchantment,Enchantment_SnowmanHead,Scroll of Snowman Head,2,,0,0.0
Enchantment_Frost,Scroll of Frostbite,Enchantments,1,Recipe_Enchantment_Titanic,enchantment,Enchantment_Titanic,Scroll of Titanic,2,,0,0.0
Enchantment_Frost,Scroll of Frostbite,Enchantments,1,Recipe_Enchantment_Water,enchantment,Enchantment_Water,Scroll of Water,2,,0,0.0
Enchantment_Light,Scroll of Light,Enchantments/GunsAndMagic_ItemDefinitions,1,Recipe_Enchantment_Beamgun,enchantment,Enchantment_Beamgun,Scroll of Beamgun,2,,0,0.0
Enchantment_Light,Scroll of Light,Enchantments/GunsAndMagic_ItemDefinitions,1,Recipe_Enchantment_Charm,enchantment,Enchantment_Charm,Scroll of Charm,2,,0,0.0
Enchantment_Light,Scroll of Light,Enchantments/GunsAndMagic_ItemDefinitions,1,Recipe_Enchantment_Crusader,enchantment,Enchantment_Crusader,Scroll of Crusader,2,,0,0.0
Enchantment_Light,Scroll of Light,Enchantments/GunsAndMagic_ItemDefinitions,1,Recipe_Enchantment_HolyFire,enchantment,Enchantment_HolyFire,Scroll of Holy Fire,2,,0,0.0
Enchantment_Light,Scroll of Light,Enchantments/GunsAndMagic_ItemDefinitions,2,Recipe_Enchantment_HolyPurge,enchantment,Enchantment_HolyPurge,Scroll of Holy Purge,2,,0,0.0
Enchantment_Light,Scroll of Light,Enchantments/GunsAndMagic_ItemDefinitions,1,Recipe_Enchantment_HolyWater,enchantment,Enchantment_HolyWater,Scroll of Holy Water,2,,0,0.0
Enchantment_Light,Scroll of Light,Enchantments/GunsAndMagic_ItemDefinitions,1,Recipe_Enchantment_Metamorph,enchantment,Enchantment_Metamorph,Scroll of Metamorph,2,,0,0.0
Enchantment_Light,Scroll of Light,Enchantments/GunsAndMagic_ItemDefinitions,1,Recipe_Enchantment_Prism,enchantment,Enchantment_Prism,Scroll of Prism,2,,0,0.0
Enchantment_Light,Scroll of Light,Enchantments/GunsAndMagic_ItemDefinitions,1,Recipe_Enchantment_SacredGround,enchantment,Enchantment_SacredGround,Scroll of Sacred Ground,2,,0,0.0
Enchantment_Nature,Scroll of Nature,Enchantments,1,Recipe_Enchantment_Charm,enchantment,Enchantment_Charm,Scroll of Charm,2,,0,0.0
Enchantment_Nature,Scroll of Nature,Enchantments,1,Recipe_Enchantment_Fear,enchantment,Enchantment_Fear,Scroll of Fear,2,,0,0.0
Enchantment_Nature,Scroll of Nature,Enchantments,1,Recipe_Enchantment_LeastRestistance,enchantment,Enchantment_LeastResistance,Scroll of Least Resistance,2,,0,0.0
Enchantment_Nature,Scroll of Nature,Enchantments,1,Recipe_Enchantment_Oil,enchantment,Enchantment_Petroleum,Scroll of Petroleum,2,,0,0.0
Enchantment_Nature,Scroll of Nature,Enchantments,1,Recipe_Enchantment_Petrification,enchantment,Enchantment_Petrification,Scroll of Petrification,2,,0,0.0
Enchantment_Nature,Scroll of Nature,Enchantments,1,Recipe_Enchantment_Pollen,enchantment,Enchantment_Pollen,Scroll of Pollen,2,,0,0.0
Enchantment_Nature,Scroll of Nature,Enchantments,1,Recipe_Enchantment_SnowmanHead,enchantment,Enchantment_SnowmanHead,Scroll of Snowman Head,2,,0,0.0
Enchantment_Nature,Scroll of Nature,Enchantments,2,Recipe_Enchantment_Vinesprout,enchantment,Enchantment_Vinesprout,Scroll of Vinesprout,2,,0,0.0
Enchantment_Nature,Scroll of Nature,Enchantments,1,Recipe_Enchantment_WaterBomb,enchantment,Enchantment_WaterBomb,Scroll of Water Bomb,2,,0,0.0
Enchantment_Poison,Scroll of Plague,Enchantments,1,Recipe_Enchantment_CorpseExplosion,enchantment,Enchantment_CorpseExplosion,Scroll of Corpse Explosion,2,,0,0.0
Enchantment_Poison,Scroll of Plague,Enchantments,2,Recipe_Enchantment_CorrosiveBlood,enchantment,Enchantment_CorrosiveBlood,Scroll of Poison Blood,2,,0,0.0
Enchantment_Poison,Scroll of Plague,Enchantments,1,Recipe_Enchantment_Crusader,enchantment,Enchantment_Crusader,Scroll of Crusader,2,,0,0.0
Enchantment_Poison,Scroll of Plague,Enchantments,1,Recipe_Enchantment_CryoSnakes,enchantment,Enchantment_CryoSnakes,Scroll of Cryo Snakes,2,,0,0.0
Enchantment_Poison,Scroll of Plague,Enchantments,1,Recipe_Enchantment_Noxiosa,enchantment,Enchantment_Noxiosa,Scroll of Noxiosa,2,,0,0.0
Enchantment_Poison,Scroll of Plague,Enchantments,1,Recipe_Enchantment_Pesticide,enchantment,Enchantment_Pesticide,Scroll of Pesticide,2,,0,0.0
Enchantment_Poison,Scroll of Plague,Enchantments,1,Recipe_Enchantment_Pollen,enchantment,Enchantment_Pollen,Scroll of Pollen,2,,0,0.0
Enchantment_Poison,Scroll of Plague,Enchantments,1,Recipe_Enchantment_ToxicLobotomy,enchantment,Enchantment_ToxicLobotomy,Scroll of Toxic Lobotomy,2,,0,0.0
Enchantment_Poison,Scroll of Plague,Enchantments,1,Recipe_Enchantment_Voodoo,enchantment,Enchantment_Voodoo,Scroll of Voodoo,2,,0,0.0
Enchantment_Water,Scroll of Water,Enchantments,1,Recipe_Enchantment_Blizzard,enchantment,Enchantment_Blizzard,Scroll of Blizzard,2,,0,0.0
Enchantment_Water,Scroll of Water,Enchantments,1,Recipe_Enchantment_HolyWater,enchantment,Enchantment_HolyWater,Scroll of Holy Water,2,,0,0.0
Enchantment_Water,Scroll of Water,Enchantments,1,Recipe_Enchantment_Pesticide,enchantment,Enchantment_Pesticide,Scroll of Pesticide,2,,0,0.0
Enchantment_Water,Scroll of Water,Enchantments,1,Recipe_Enchantment_Slush,enchantment,Enchantment_Slush,Scroll of Slush,2,,0,0.0
Enchantment_Water,Scroll of Water,Enchantments,1,Recipe_Enchantment_Steam,enchantment,Enchantment_Steam,Scroll of Steam,2,,0,0.0
Enchantment_Water,Scroll of Water,Enchantments,2,Recipe_Enchantment_SuperSoaker,enchantment,Enchantment_SuperSoaker,Scroll of Mega Soaker,2,,0,0.0
Enchantment_Water,Scroll of Water,Enchantments,1,Recipe_Enchantment_ThunderBolt,enchantment,Enchantment_Thunderbolt,Scroll of Thunderbolt,2,,0,0.0
Enchantment_Water,Scroll of Water,Enchantments,1,Recipe_Enchantment_WaterBomb,enchantment,Enchantment_WaterBomb,Scroll of Water Bomb,2,,0,0.0
Item_Banana,Banana,Consumables/Foodstuffs,1,Recipe_BananaSulfs,cooking,Item_BananaSulfs,Banana Sulfs,1,Stat_HealthRegen,20,20.0
Item_Banana,Banana,Consumables/Foodstuffs,2,Recipe_BananaSulfs 1,cooking,Item_BananaSulfs,Banana Sulfs,1,Stat_HealthRegen,20,20.0
Item_Banana,Banana,Consumables/Foodstuffs,2,Recipe_BananaSulfs 10,cooking,Item_BananaSulfs,Banana Sulfs,1,Stat_HealthRegen,20,20.0
Item_Banana,Banana,Consumables/Foodstuffs,2,Recipe_BananaSulfs 11,cooking,Item_BananaSulfs,Banana Sulfs,1,Stat_HealthRegen,20,20.0
Item_Banana,Banana,Consumables/Foodstuffs,1,Recipe_BananaSulfs 12,cooking,Item_BananaSulfs,Banana Sulfs,1,Stat_HealthRegen,20,20.0
Item_Banana,Banana,Consumables/Foodstuffs,2,Recipe_BananaSulfs 13,cooking,Item_BananaSulfs,Banana Sulfs,1,Stat_HealthRegen,20,20.0
Item_Banana,Banana,Consumables/Foodstuffs,1,Recipe_BananaSulfs 14,cooking,Item_BananaSulfs,Banana Sulfs,1,Stat_HealthRegen,20,20.0
Item_Banana,Banana,Consumables/Foodstuffs,2,Recipe_BananaSulfs 15,cooking,Item_BananaSulfs,Banana Sulfs,1,Stat_HealthRegen,20,20.0
Item_Banana,Banana,Consumables/Foodstuffs,1,Recipe_BananaSulfs 2,cooking,Item_BananaSulfs,Banana Sulfs,1,Stat_HealthRegen,20,20.0
Item_Banana,Banana,Consumables/Foodstuffs,2,Recipe_BananaSulfs 3,cooking,Item_BananaSulfs,Banana Sulfs,1,Stat_HealthRegen,20,20.0
Item_Banana,Banana,Consumables/Foodstuffs,1,Recipe_BananaSulfs 4,cooking,Item_BananaSulfs,Banana Sulfs,1,Stat_HealthRegen,20,20.0
Item_Banana,Banana,Consumables/Foodstuffs,2,Recipe_BananaSulfs 5,cooking,Item_BananaSulfs,Banana Sulfs,1,Stat_HealthRegen,20,20.0
Item_Banana,Banana,Consumables/Foodstuffs,1,Recipe_BananaSulfs 6,cooking,Item_BananaSulfs,Banana Sulfs,1,Stat_HealthRegen,20,20.0
Item_Banana,Banana,Consumables/Foodstuffs,2,Recipe_BananaSulfs 7,cooking,Item_BananaSulfs,Banana Sulfs,1,Stat_HealthRegen,20,20.0
Item_Banana,Banana,Consumables/Foodstuffs,1,Recipe_BananaSulfs 8,cooking,Item_BananaSulfs,Banana Sulfs,1,Stat_HealthRegen,20,20.0
Item_Banana,Banana,Consumables/Foodstuffs,1,Recipe_BananaSulfs 9,cooking,Item_BananaSulfs,Banana Sulfs,1,Stat_HealthRegen,20,20.0
Item_Banana,Banana,Consumables/Foodstuffs,1,Recipe_BreadBanana_1,cooking,Item_BananaBread,Banana Bread,2,Stat_HealthRegen,30,15.0
Item_Banana,Banana,Consumables/Foodstuffs,2,Recipe_BreadBanana_1 1,cooking,Item_BananaBread,Banana Bread,2,Stat_HealthRegen,30,15.0
Item_Banana,Banana,Consumables/Foodstuffs,2,Recipe_BreadBanana_1 2,cooking,Item_BananaBread,Banana Bread,2,Stat_HealthRegen,30,15.0
Item_Banana,Banana,Consumables/Foodstuffs,1,Recipe_BreadBanana_1 3,cooking,Item_BananaBread,Banana Bread,2,Stat_HealthRegen,30,15.0
Item_Banana,Banana,Consumables/Foodstuffs,1,Recipe_Cocktail 9,cooking,Item_Cocktail,Cocktail,4,Stat_Charisma,3600,900.0
Item_Banana,Banana,Consumables/Foodstuffs,1,Recipe_Risalamalta 2,cooking,Item_Risalamalta,Ris à la Malta,1,Stat_HealthRegen,25,25.0
Item_BananaSulfs,Banana Sulfs,Consumables/Foodstuffs,1,Recipe_Cocktail 2,cooking,Item_Cocktail,Cocktail,4,Stat_Charisma,3600,900.0
Item_Bark,Bark,Misc,1,Recipe_BarkBread,cooking,Item_BarkBread,Bark bread,2,Stat_HealthRegen,10,5.0
Item_Bark,Bark,Misc,1,Recipe_BarkBread 1,cooking,Item_BarkBread,Bark bread,2,Stat_HealthRegen,10,5.0
Item_Bark,Bark,Misc,1,Recipe_BarkBread 10,cooking,Item_BarkBread,Bark bread,2,Stat_HealthRegen,10,5.0
Item_Bark,Bark,Misc,2,Recipe_BarkBread 11,cooking,Item_BarkBread,Bark bread,2,Stat_HealthRegen,10,5.0
Item_Bark,Bark,Misc,2,Recipe_BarkBread 12,cooking,Item_BarkBread,Bark bread,2,Stat_HealthRegen,10,5.0
Item_Bark,Bark,Misc,2,Recipe_BarkBread 13,cooking,Item_BarkBread,Bark bread,2,Stat_HealthRegen,10,5.0
Item_Bark,Bark,Misc,2,Recipe_BarkBread 14,cooking,Item_BarkBread,Bark bread,2,Stat_HealthRegen,10,5.0
Item_Bark,Bark,Misc,2,Recipe_BarkBread 15,cooking,Item_BarkBread,Bark bread,2,Stat_HealthRegen,10,5.0
Item_Bark,Bark,Misc,2,Recipe_BarkBread 16,cooking,Item_BarkBread,Bark bread,2,Stat_HealthRegen,10,5.0
Item_Bark,Bark,Misc,2,Recipe_BarkBread 17,cooking,Item_BarkBread,Bark bread,2,Stat_HealthRegen,10,5.0
Item_Bark,Bark,Misc,2,Recipe_BarkBread 18,cooking,Item_BarkBread,Bark bread,2,Stat_HealthRegen,10,5.0
Item_Bark,Bark,Misc,2,Recipe_BarkBread 19,cooking,Item_BarkBread,Bark bread,2,Stat_HealthRegen,10,5.0
Item_Bark,Bark,Misc,1,Recipe_BarkBread 2,cooking,Item_BarkBread,Bark bread,2,Stat_HealthRegen,10,5.0
Item_Bark,Bark,Misc,2,Recipe_BarkBread 20,cooking,Item_BarkBread,Bark bread,2,Stat_HealthRegen,10,5.0
Item_Bark,Bark,Misc,3,Recipe_BarkBread 21,cooking,Item_BarkBread,Bark bread,2,Stat_HealthRegen,10,5.0
Item_Bark,Bark,Misc,3,Recipe_BarkBread 22,cooking,Item_BarkBread,Bark bread,2,Stat_HealthRegen,10,5.0
Item_Bark,Bark,Misc,3,Recipe_BarkBread 23,cooking,Item_BarkBread,Bark bread,2,Stat_HealthRegen,10,5.0
Item_Bark,Bark,Misc,3,Recipe_BarkBread 24,cooking,Item_BarkBread,Bark bread,2,Stat_HealthRegen,10,5.0
Item_Bark,Bark,Misc,3,Recipe_BarkBread 25,cooking,Item_BarkBread,Bark bread,2,Stat_HealthRegen,10,5.0
Item_Bark,Bark,Misc,3,Recipe_BarkBread 26,cooking,Item_BarkBread,Bark bread,2,Stat_HealthRegen,10,5.0
Item_Bark,Bark,Misc,3,Recipe_BarkBread 27,cooking,Item_BarkBread,Bark bread,2,Stat_HealthRegen,10,5.0
Item_Bark,Bark,Misc,3,Recipe_BarkBread 28,cooking,Item_BarkBread,Bark bread,2,Stat_HealthRegen,10,5.0
Item_Bark,Bark,Misc,3,Recipe_BarkBread 29,cooking,Item_BarkBread,Bark bread,2,Stat_HealthRegen,10,5.0
Item_Bark,Bark,Misc,1,Recipe_BarkBread 3,cooking,Item_BarkBread,Bark bread,2,Stat_HealthRegen,10,5.0
Item_Bark,Bark,Misc,3,Recipe_BarkBread 30,cooking,Item_BarkBread,Bark bread,2,Stat_HealthRegen,10,5.0
Item_Bark,Bark,Misc,3,Recipe_BarkBread 31,cooking,Item_BarkBread,Bark bread,2,Stat_HealthRegen,10,5.0
Item_Bark,Bark,Misc,3,Recipe_BarkBread 32,cooking,Item_BarkBread,Bark bread,2,Stat_HealthRegen,10,5.0
Item_Bark,Bark,Misc,3,Recipe_BarkBread 33,cooking,Item_BarkBread,Bark bread,2,Stat_HealthRegen,10,5.0
Item_Bark,Bark,Misc,3,Recipe_BarkBread 34,cooking,Item_BarkBread,Bark bread,2,Stat_HealthRegen,10,5.0
Item_Bark,Bark,Misc,3,Recipe_BarkBread 35,cooking,Item_BarkBread,Bark bread,2,Stat_HealthRegen,10,5.0
Item_Bark,Bark,Misc,3,Recipe_BarkBread 36,cooking,Item_BarkBread,Bark bread,2,Stat_HealthRegen,10,5.0
Item_Bark,Bark,Misc,3,Recipe_BarkBread 37,cooking,Item_BarkBread,Bark bread,2,Stat_HealthRegen,10,5.0
Item_Bark,Bark,Misc,3,Recipe_BarkBread 38,cooking,Item_BarkBread,Bark bread,2,Stat_HealthRegen,10,5.0
Item_Bark,Bark,Misc,3,Recipe_BarkBread 39,cooking,Item_BarkBread,Bark bread,2,Stat_HealthRegen,10,5.0
Item_Bark,Bark,Misc,1,Recipe_BarkBread 4,cooking,Item_BarkBread,Bark bread,2,Stat_HealthRegen,10,5.0
Item_Bark,Bark,Misc,3,Recipe_BarkBread 40,cooking,Item_BarkBread,Bark bread,2,Stat_HealthRegen,10,5.0
Item_Bark,Bark,Misc,4,Recipe_BarkBread 41,cooking,Item_BarkBread,Bark bread,2,Stat_HealthRegen,10,5.0
Item_Bark,Bark,Misc,4,Recipe_BarkBread 42,cooking,Item_BarkBread,Bark bread,2,Stat_HealthRegen,10,5.0
Item_Bark,Bark,Misc,4,Recipe_BarkBread 43,cooking,Item_BarkBread,Bark bread,2,Stat_HealthRegen,10,5.0
Item_Bark,Bark,Misc,4,Recipe_BarkBread 44,cooking,Item_BarkBread,Bark bread,2,Stat_HealthRegen,10,5.0
Item_Bark,Bark,Misc,4,Recipe_BarkBread 45,cooking,Item_BarkBread,Bark bread,2,Stat_HealthRegen,10,5.0
Item_Bark,Bark,Misc,4,Recipe_BarkBread 46,cooking,Item_BarkBread,Bark bread,2,Stat_HealthRegen,10,5.0
Item_Bark,Bark,Misc,4,Recipe_BarkBread 47,cooking,Item_BarkBread,Bark bread,2,Stat_HealthRegen,10,5.0
Item_Bark,Bark,Misc,4,Recipe_BarkBread 48,cooking,Item_BarkBread,Bark bread,2,Stat_HealthRegen,10,5.0
Item_Bark,Bark,Misc,4,Recipe_BarkBread 49,cooking,Item_BarkBread,Bark bread,2,Stat_HealthRegen,10,5.0
Item_Bark,Bark,Misc,1,Recipe_BarkBread 5,cooking,Item_BarkBread,Bark bread,2,Stat_HealthRegen,10,5.0
Item_Bark,Bark,Misc,4,Recipe_BarkBread 50,cooking,Item_BarkBread,Bark bread,2,Stat_HealthRegen,10,5.0
Item_Bark,Bark,Misc,5,Recipe_BarkBread 51,cooking,Item_BarkBread,Bark bread,2,Stat_HealthRegen,10,5.0
Item_Bark,Bark,Misc,5,Recipe_BarkBread 52,cooking,Item_BarkBread,Bark bread,2,Stat_HealthRegen,10,5.0
Item_Bark,Bark,Misc,5,Recipe_BarkBread 53,cooking,Item_BarkBread,Bark bread,2,Stat_HealthRegen,10,5.0
Item_Bark,Bark,Misc,5,Recipe_BarkBread 54,cooking,Item_BarkBread,Bark bread,2,Stat_HealthRegen,10,5.0
Item_Bark,Bark,Misc,5,Recipe_BarkBread 55,cooking,Item_BarkBread,Bark bread,2,Stat_HealthRegen,10,5.0
Item_Bark,Bark,Misc,5,Recipe_BarkBread 56,cooking,Item_BarkBread,Bark bread,2,Stat_HealthRegen,10,5.0
Item_Bark,Bark,Misc,5,Recipe_BarkBread 57,cooking,Item_BarkBread,Bark bread,2,Stat_HealthRegen,10,5.0
Item_Bark,Bark,Misc,5,Recipe_BarkBread 58,cooking,Item_BarkBread,Bark bread,2,Stat_HealthRegen,10,5.0
Item_Bark,Bark,Misc,5,Recipe_BarkBread 59,cooking,Item_BarkBread,Bark bread,2,Stat_HealthRegen,10,5.0
Item_Bark,Bark,Misc,1,Recipe_BarkBread 6,cooking,Item_BarkBread,Bark bread,2,Stat_HealthRegen,10,5.0
Item_Bark,Bark,Misc,5,Recipe_BarkBread 60,cooking,Item_BarkBread,Bark bread,2,Stat_HealthRegen,10,5.0
Item_Bark,Bark,Misc,6,Recipe_BarkBread 61,cooking,Item_BarkBread,Bark bread,2,Stat_HealthRegen,10,5.0
Item_Bark,Bark,Misc,6,Recipe_BarkBread 62,cooking,Item_BarkBread,Bark bread,2,Stat_HealthRegen,10,5.0
Item_Bark,Bark,Misc,6,Recipe_BarkBread 63,cooking,Item_BarkBread,Bark bread,2,Stat_HealthRegen,10,5.0
Item_Bark,Bark,Misc,6,Recipe_BarkBread 64,cooking,Item_BarkBread,Bark bread,2,Stat_HealthRegen,10,5.0
Item_Bark,Bark,Misc,6,Recipe_BarkBread 65,cooking,Item_BarkBread,Bark bread,2,Stat_HealthRegen,10,5.0
Item_Bark,Bark,Misc,6,Recipe_BarkBread 66,cooking,Item_BarkBread,Bark bread,2,Stat_HealthRegen,10,5.0
Item_Bark,Bark,Misc,6,Recipe_BarkBread 67,cooking,Item_BarkBread,Bark bread,2,Stat_HealthRegen,10,5.0
Item_Bark,Bark,Misc,6,Recipe_BarkBread 68,cooking,Item_BarkBread,Bark bread,2,Stat_HealthRegen,10,5.0
Item_Bark,Bark,Misc,6,Recipe_BarkBread 69,cooking,Item_BarkBread,Bark bread,2,Stat_HealthRegen,10,5.0
Item_Bark,Bark,Misc,1,Recipe_BarkBread 7,cooking,Item_BarkBread,Bark bread,2,Stat_HealthRegen,10,5.0
Item_Bark,Bark,Misc,6,Recipe_BarkBread 70,cooking,Item_BarkBread,Bark bread,2,Stat_HealthRegen,10,5.0
Item_Bark,Bark,Misc,7,Recipe_BarkBread 71,cooking,Item_BarkBread,Bark bread,2,Stat_HealthRegen,10,5.0
Item_Bark,Bark,Misc,7,Recipe_BarkBread 72,cooking,Item_BarkBread,Bark bread,2,Stat_HealthRegen,10,5.0
Item_Bark,Bark,Misc,7,Recipe_BarkBread 73,cooking,Item_BarkBread,Bark bread,2,Stat_HealthRegen,10,5.0
Item_Bark,Bark,Misc,7,Recipe_BarkBread 74,cooking,Item_BarkBread,Bark bread,2,Stat_HealthRegen,10,5.0
Item_Bark,Bark,Misc,7,Recipe_BarkBread 75,cooking,Item_BarkBread,Bark bread,2,Stat_HealthRegen,10,5.0
Item_Bark,Bark,Misc,7,Recipe_BarkBread 76,cooking,Item_BarkBread,Bark bread,2,Stat_HealthRegen,10,5.0
Item_Bark,Bark,Misc,7,Recipe_BarkBread 77,cooking,Item_BarkBread,Bark bread,2,Stat_HealthRegen,10,5.0
Item_Bark,Bark,Misc,7,Recipe_BarkBread 78,cooking,Item_BarkBread,Bark bread,2,Stat_HealthRegen,10,5.0
Item_Bark,Bark,Misc,7,Recipe_BarkBread 79,cooking,Item_BarkBread,Bark bread,2,Stat_HealthRegen,10,5.0
Item_Bark,Bark,Misc,1,Recipe_BarkBread 8,cooking,Item_BarkBread,Bark bread,2,Stat_HealthRegen,10,5.0
Item_Bark,Bark,Misc,7,Recipe_BarkBread 80,cooking,Item_BarkBread,Bark bread,2,Stat_HealthRegen,10,5.0
Item_Bark,Bark,Misc,8,Recipe_BarkBread 81,cooking,Item_BarkBread,Bark bread,2,Stat_HealthRegen,10,5.0
Item_Bark,Bark,Misc,8,Recipe_BarkBread 82,cooking,Item_BarkBread,Bark bread,2,Stat_HealthRegen,10,5.0
Item_Bark,Bark,Misc,8,Recipe_BarkBread 83,cooking,Item_BarkBread,Bark bread,2,Stat_HealthRegen,10,5.0
Item_Bark,Bark,Misc,8,Recipe_BarkBread 84,cooking,Item_BarkBread,Bark bread,2,Stat_HealthRegen,10,5.0
Item_Bark,Bark,Misc,8,Recipe_BarkBread 85,cooking,Item_BarkBread,Bark bread,2,Stat_HealthRegen,10,5.0
Item_Bark,Bark,Misc,8,Recipe_BarkBread 86,cooking,Item_BarkBread,Bark bread,2,Stat_HealthRegen,10,5.0
Item_Bark,Bark,Misc,8,Recipe_BarkBread 87,cooking,Item_BarkBread,Bark bread,2,Stat_HealthRegen,10,5.0
Item_Bark,Bark,Misc,8,Recipe_BarkBread 88,cooking,Item_BarkBread,Bark bread,2,Stat_HealthRegen,10,5.0
Item_Bark,Bark,Misc,8,Recipe_BarkBread 89,cooking,Item_BarkBread,Bark bread,2,Stat_HealthRegen,10,5.0
Item_Bark,Bark,Misc,1,Recipe_BarkBread 9,cooking,Item_BarkBread,Bark bread,2,Stat_HealthRegen,10,5.0
Item_Bark,Bark,Misc,8,Recipe_BarkBread 90,cooking,Item_BarkBread,Bark bread,2,Stat_HealthRegen,10,5.0
Item_Bark,Bark,Misc,2,Recipe_Sawdust_1,generic,Item_Sawdust,Sawdust,1,,0,0.0
Item_BarkBread,Bark bread,Consumables/Foodstuffs,1,Recipe_NutSpreadSandwitch_1 5,cooking,Item_SandwichPeanutbutter,Peanutbutter Sandwich,1,Stat_HealthRegen,25,25.0
Item_BarkBread,Bark bread,Consumables/Foodstuffs,1,Recipe_NutSpreadSandwitch_1 7,cooking,Item_SandwichPeanutbutter,Peanutbutter Sandwich,1,Stat_HealthRegen,25,25.0
Item_BarkBread,Bark bread,Consumables/Foodstuffs,1,Recipe_NutSpreadSandwitch_2 3,cooking,Item_SandwichPeanutbutter,Peanutbutter Sandwich,1,Stat_HealthRegen,25,25.0
Item_BarkBread,Bark bread,Consumables/Foodstuffs,1,Recipe_PeanutButterJellySandwitch_1 1,cooking,Item_SandwichPeanutbutterJelly,Peanutbutter Jelly Sandwich,1,Stat_HealthRegen,35,35.0
Item_BarkBread,Bark bread,Consumables/Foodstuffs,1,Recipe_PeanutButterJellySandwitch_1 3,cooking,Item_SandwichPeanutbutterJelly,Peanutbutter Jelly Sandwich,1,Stat_HealthRegen,35,35.0
Item_BarkBread,Bark bread,Consumables/Foodstuffs,1,Recipe_PeanutButterJellySandwitch_2 1,cooking,Item_SandwichPeanutbutterJelly,Peanutbutter Jelly Sandwich,1,Stat_HealthRegen,35,35.0
Item_BarkBread,Bark bread,Consumables/Foodstuffs,1,Recipe_PeanutButterSandwitch_1 1,cooking,Item_SandwichPeanutbutter,Peanutbutter Sandwich,1,Stat_HealthRegen,25,25.0
Item_BarkBread,Bark bread,Consumables/Foodstuffs,1,Recipe_PeanutButterSandwitch_1 3,cooking,Item_SandwichPeanutbutter,Peanutbutter Sandwich,1,Stat_HealthRegen,25,25.0
Item_BarkBread,Bark bread,Consumables/Foodstuffs,1,Recipe_Sandwich_1 1,cooking,Item_SandwichButter,Butter Sandwich,1,Stat_HealthRegen,15,15.0
Item_BarkBread,Bark bread,Consumables/Foodstuffs,1,Recipe_Sandwich_2 1,cooking,Item_SandwichCheese,Cheese Sandwich,1,Stat_HealthRegen,20,20.0
Item_BarkBread,Bark bread,Consumables/Foodstuffs,1,Recipe_Sandwich_3 1,cooking,Item_SandwichCheese,Cheese Sandwich,1,Stat_HealthRegen,20,20.0
Item_BarkBread,Bark bread,Consumables/Foodstuffs,3,Recipe_Sandwich_4 1,cooking,Item_SandwichBread,Bread Sandwich,1,Stat_HealthRegen,15,15.0
Item_BarkBread,Bark bread,Consumables/Foodstuffs,2,Recipe_Sandwich_5 1,cooking,Item_SandwichCheese,Cheese Sandwich,1,Stat_HealthRegen,20,20.0
Item_Beans,Beans,Consumables/Foodstuffs,1,Recipe_FragGrenade_1 1,generic,Weapon_PineappleGrenade,Pineapple Grenade,2,,0,0.0
Item_Beans,Beans,Consumables/Foodstuffs,1,Recipe_FragGrenade_2 1,generic,Weapon_PineappleGrenade,Pineapple Grenade,2,,0,0.0
Item_Beans,Beans,Consumables/Foodstuffs,1,Recipe_FullEnglishBreakfast_1,cooking,Item_FullEnglishBreakfast,Full English Breakfast,2,Stat_HealthRegen,35,17.5
Item_Beans,Beans,Consumables/Foodstuffs,1,Recipe_FullEnglishBreakfast_1 1,cooking,Item_FullEnglishBreakfast,Full English Breakfast,2,Stat_HealthRegen,35,17.5
Item_Beans,Beans,Consumables/Foodstuffs,1,Recipe_FullEnglishBreakfast_1 10,cooking,Item_FullEnglishBreakfast,Full English Breakfast,2,Stat_HealthRegen,35,17.5
Item_Beans,Beans,Consumables/Foodstuffs,1,Recipe_FullEnglishBreakfast_1 11,cooking,Item_FullEnglishBreakfast,Full English Breakfast,2,Stat_HealthRegen,35,17.5
Item_Beans,Beans,Consumables/Foodstuffs,1,Recipe_FullEnglishBreakfast_1 12,cooking,Item_FullEnglishBreakfast,Full English Breakfast,2,Stat_HealthRegen,35,17.5
Item_Beans,Beans,Consumables/Foodstuffs,1,Recipe_FullEnglishBreakfast_1 13,cooking,Item_FullEnglishBreakfast,Full English Breakfast,2,Stat_HealthRegen,35,17.5
Item_Beans,Beans,Consumables/Foodstuffs,1,Recipe_FullEnglishBreakfast_1 14,cooking,Item_FullEnglishBreakfast,Full English Breakfast,2,Stat_HealthRegen,35,17.5
Item_Beans,Beans,Consumables/Foodstuffs,1,Recipe_FullEnglishBreakfast_1 15,cooking,Item_FullEnglishBreakfast,Full English Breakfast,2,Stat_HealthRegen,35,17.5
Item_Beans,Beans,Consumables/Foodstuffs,1,Recipe_FullEnglishBreakfast_1 16,cooking,Item_FullEnglishBreakfast,Full English Breakfast,2,Stat_HealthRegen,35,17.5
Item_Beans,Beans,Consumables/Foodstuffs,2,Recipe_FullEnglishBreakfast_1 17,cooking,Item_FullEnglishBreakfast,Full English Breakfast,2,Stat_HealthRegen,35,17.5
Item_Beans,Beans,Consumables/Foodstuffs,2,Recipe_FullEnglishBreakfast_1 18,cooking,Item_FullEnglishBreakfast,Full English Breakfast,2,Stat_HealthRegen,35,17.5
Item_Beans,Beans,Consumables/Foodstuffs,2,Recipe_FullEnglishBreakfast_1 19,cooking,Item_FullEnglishBreakfast,Full English Breakfast,2,Stat_HealthRegen,35,17.5
Item_Beans,Beans,Consumables/Foodstuffs,1,Recipe_FullEnglishBreakfast_1 2,cooking,Item_FullEnglishBreakfast,Full English Breakfast,2,Stat_HealthRegen,35,17.5
Item_Beans,Beans,Consumables/Foodstuffs,2,Recipe_FullEnglishBreakfast_1 20,cooking,Item_FullEnglishBreakfast,Full English Breakfast,2,Stat_HealthRegen,35,17.5
Item_Beans,Beans,Consumables/Foodstuffs,2,Recipe_FullEnglishBreakfast_1 21,cooking,Item_FullEnglishBreakfast,Full English Breakfast,2,Stat_HealthRegen,35,17.5
Item_Beans,Beans,Consumables/Foodstuffs,2,Recipe_FullEnglishBreakfast_1 22,cooking,Item_FullEnglishBreakfast,Full English Breakfast,2,Stat_HealthRegen,35,17.5
Item_Beans,Beans,Consumables/Foodstuffs,2,Recipe_FullEnglishBreakfast_1 23,cooking,Item_FullEnglishBreakfast,Full English Breakfast,2,Stat_HealthRegen,35,17.5
Item_Beans,Beans,Consumables/Foodstuffs,2,Recipe_FullEnglishBreakfast_1 24,cooking,Item_FullEnglishBreakfast,Full English Breakfast,2,Stat_HealthRegen,35,17.5
Item_Beans,Beans,Consumables/Foodstuffs,2,Recipe_FullEnglishBreakfast_1 25,cooking,Item_FullEnglishBreakfast,Full English Breakfast,2,Stat_HealthRegen,35,17.5
Item_Beans,Beans,Consumables/Foodstuffs,2,Recipe_FullEnglishBreakfast_1 26,cooking,Item_FullEnglishBreakfast,Full English Breakfast,2,Stat_HealthRegen,35,17.5
Item_Beans,Beans,Consumables/Foodstuffs,2,Recipe_FullEnglishBreakfast_1 27,cooking,Item_FullEnglishBreakfast,Full English Breakfast,2,Stat_HealthRegen,35,17.5
Item_Beans,Beans,Consumables/Foodstuffs,2,Recipe_FullEnglishBreakfast_1 28,cooking,Item_FullEnglishBreakfast,Full English Breakfast,2,Stat_HealthRegen,35,17.5
Item_Beans,Beans,Consumables/Foodstuffs,2,Recipe_FullEnglishBreakfast_1 29,cooking,Item_FullEnglishBreakfast,Full English Breakfast,2,Stat_HealthRegen,35,17.5
Item_Beans,Beans,Consumables/Foodstuffs,1,Recipe_FullEnglishBreakfast_1 3,cooking,Item_FullEnglishBreakfast,Full English Breakfast,2,Stat_HealthRegen,35,17.5
Item_Beans,Beans,Consumables/Foodstuffs,2,Recipe_FullEnglishBreakfast_1 30,cooking,Item_FullEnglishBreakfast,Full English Breakfast,2,Stat_HealthRegen,35,17.5
Item_Beans,Beans,Consumables/Foodstuffs,2,Recipe_FullEnglishBreakfast_1 31,cooking,Item_FullEnglishBreakfast,Full English Breakfast,2,Stat_HealthRegen,35,17.5
Item_Beans,Beans,Consumables/Foodstuffs,2,Recipe_FullEnglishBreakfast_1 32,cooking,Item_FullEnglishBreakfast,Full English Breakfast,2,Stat_HealthRegen,35,17.5
Item_Beans,Beans,Consumables/Foodstuffs,2,Recipe_FullEnglishBreakfast_1 33,cooking,Item_FullEnglishBreakfast,Full English Breakfast,2,Stat_HealthRegen,35,17.5
Item_Beans,Beans,Consumables/Foodstuffs,2,Recipe_FullEnglishBreakfast_1 34,cooking,Item_FullEnglishBreakfast,Full English Breakfast,2,Stat_HealthRegen,35,17.5
Item_Beans,Beans,Consumables/Foodstuffs,2,Recipe_FullEnglishBreakfast_1 35,cooking,Item_FullEnglishBreakfast,Full English Breakfast,2,Stat_HealthRegen,35,17.5
Item_Beans,Beans,Consumables/Foodstuffs,2,Recipe_FullEnglishBreakfast_1 36,cooking,Item_FullEnglishBreakfast,Full English Breakfast,2,Stat_HealthRegen,35,17.5
Item_Beans,Beans,Consumables/Foodstuffs,3,Recipe_FullEnglishBreakfast_1 37,cooking,Item_FullEnglishBreakfast,Full English Breakfast,2,Stat_HealthRegen,35,17.5
Item_Beans,Beans,Consumables/Foodstuffs,3,Recipe_FullEnglishBreakfast_1 38,cooking,Item_FullEnglishBreakfast,Full English Breakfast,2,Stat_HealthRegen,35,17.5
Item_Beans,Beans,Consumables/Foodstuffs,3,Recipe_FullEnglishBreakfast_1 39,cooking,Item_FullEnglishBreakfast,Full English Breakfast,2,Stat_HealthRegen,35,17.5
Item_Beans,Beans,Consumables/Foodstuffs,1,Recipe_FullEnglishBreakfast_1 4,cooking,Item_FullEnglishBreakfast,Full English Breakfast,2,Stat_HealthRegen,35,17.5
Item_Beans,Beans,Consumables/Foodstuffs,3,Recipe_FullEnglishBreakfast_1 40,cooking,Item_FullEnglishBreakfast,Full English Breakfast,2,Stat_HealthRegen,35,17.5
Item_Beans,Beans,Consumables/Foodstuffs,3,Recipe_FullEnglishBreakfast_1 41,cooking,Item_FullEnglishBreakfast,Full English Breakfast,2,Stat_HealthRegen,35,17.5
Item_Beans,Beans,Consumables/Foodstuffs,3,Recipe_FullEnglishBreakfast_1 42,cooking,Item_FullEnglishBreakfast,Full English Breakfast,2,Stat_HealthRegen,35,17.5
Item_Beans,Beans,Consumables/Foodstuffs,3,Recipe_FullEnglishBreakfast_1 43,cooking,Item_FullEnglishBreakfast,Full English Breakfast,2,Stat_HealthRegen,35,17.5
Item_Beans,Beans,Consumables/Foodstuffs,3,Recipe_FullEnglishBreakfast_1 44,cooking,Item_FullEnglishBreakfast,Full English Breakfast,2,Stat_HealthRegen,35,17.5
Item_Beans,Beans,Consumables/Foodstuffs,3,Recipe_FullEnglishBreakfast_1 45,cooking,Item_FullEnglishBreakfast,Full English Breakfast,2,Stat_HealthRegen,35,17.5
Item_Beans,Beans,Consumables/Foodstuffs,3,Recipe_FullEnglishBreakfast_1 46,cooking,Item_FullEnglishBreakfast,Full English Breakfast,2,Stat_HealthRegen,35,17.5
Item_Beans,Beans,Consumables/Foodstuffs,3,Recipe_FullEnglishBreakfast_1 47,cooking,Item_FullEnglishBreakfast,Full English Breakfast,2,Stat_HealthRegen,35,17.5
Item_Beans,Beans,Consumables/Foodstuffs,3,Recipe_FullEnglishBreakfast_1 48,cooking,Item_FullEnglishBreakfast,Full English Breakfast,2,Stat_HealthRegen,35,17.5
Item_Beans,Beans,Consumables/Foodstuffs,2,Recipe_FullEnglishBreakfast_1 49,cooking,Item_FullEnglishBreakfast,Full English Breakfast,2,Stat_HealthRegen,35,17.5
Item_Beans,Beans,Consumables/Foodstuffs,1,Recipe_FullEnglishBreakfast_1 5,cooking,Item_FullEnglishBreakfast,Full English Breakfast,2,Stat_HealthRegen,35,17.5
Item_Beans,Beans,Consumables/Foodstuffs,2,Recipe_FullEnglishBreakfast_1 50,cooking,Item_FullEnglishBreakfast,Full English Breakfast,2,Stat_HealthRegen,35,17.5
Item_Beans,Beans,Consumables/Foodstuffs,2,Recipe_FullEnglishBreakfast_1 51,cooking,Item_FullEnglishBreakfast,Full English Breakfast,2,Stat_HealthRegen,35,17.5
Item_Beans,Beans,Consumables/Foodstuffs,2,Recipe_FullEnglishBreakfast_1 52,cooking,Item_FullEnglishBreakfast,Full English Breakfast,2,Stat_HealthRegen,35,17.5
Item_Beans,Beans,Consumables/Foodstuffs,1,Recipe_FullEnglishBreakfast_1 6,cooking,Item_FullEnglishBreakfast,Full English Breakfast,2,Stat_HealthRegen,35,17.5
Item_Beans,Beans,Consumables/Foodstuffs,1,Recipe_FullEnglishBreakfast_1 7,cooking,Item_FullEnglishBreakfast,Full English Breakfast,2,Stat_HealthRegen,35,17.5
Item_Beans,Beans,Consumables/Foodstuffs,1,Recipe_FullEnglishBreakfast_1 8,cooking,Item_FullEnglishBreakfast,Full English Breakfast,2,Stat_HealthRegen,35,17.5
Item_Beans,Beans,Consumables/Foodstuffs,1,Recipe_FullEnglishBreakfast_1 9,cooking,Item_FullEnglishBreakfast,Full English Breakfast,2,Stat_HealthRegen,35,17.5
Item_Beans,Beans,Consumables/Foodstuffs,1,Recipe_Stew_1 11,cooking,Item_Stew,Stew,2,Stat_HealthRegen,20,10.0
Item_Beans,Beans,Consumables/Foodstuffs,1,Recipe_Stew_2 11,cooking,Item_Stew,Stew,2,Stat_HealthRegen,20,10.0
Item_Beans,Beans,Consumables/Foodstuffs,1,Recipe_Stew_3,cooking,Item_Stew,Stew,2,Stat_HealthRegen,20,10.0
Item_BeefJerky,Beef Jerky,Consumables/Foodstuffs,1,Recipe_Poutine 15,cooking,Item_Poutine,Poutine,2,Stat_HealthRegen,35,17.5
Item_BeefJerky,Beef Jerky,Consumables/Foodstuffs,1,Recipe_Poutine 7,cooking,Item_Poutine,Poutine,2,Stat_HealthRegen,35,17.5
Item_Berries,Berries,Consumables/Foodstuffs,1,Recipe_Cocktail 4,cooking,Item_Cocktail,Cocktail,4,Stat_Charisma,3600,900.0
Item_Berries,Berries,Consumables/Foodstuffs,1,Recipe_Gum_1,cooking,Item_GumHubba,Sweet Gum,1,Stat_HealthRegen,10,10.0
Item_Berries,Berries,Consumables/Foodstuffs,1,Recipe_Gum_4,cooking,Item_GumHubba,Sweet Gum,1,Stat_HealthRegen,10,10.0
Item_Berries,Berries,Consumables/Foodstuffs,1,Recipe_Jam_1,cooking,Item_Jam,Berry Jam,1,Stat_HealthRegen,15,15.0
Item_Berries,Berries,Consumables/Foodstuffs,2,Recipe_Jam_2,cooking,Item_JamUnsweetened,Berry Jam (Unsweetened),1,Stat_HealthRegen,10,10.0
Item_Berries,Berries,Consumables/Foodstuffs,3,Recipe_Jam_3,cooking,Item_JamUnsweetened,Berry Jam (Unsweetened),1,Stat_HealthRegen,10,10.0
Item_Berries,Berries,Consumables/Foodstuffs,2,Recipe_Jam_4,cooking,Item_Jam,Berry Jam,1,Stat_HealthRegen,15,15.0
Item_Berries,Berries,Consumables/Foodstuffs,2,Recipe_Jam_5 1,cooking,Item_Jam,Berry Jam,1,Stat_HealthRegen,15,15.0
Item_Berries,Berries,Consumables/Foodstuffs,7,Recipe_Jam_5 10,cooking,Item_Jam,Berry Jam,1,Stat_HealthRegen,15,15.0
Item_Berries,Berries,Consumables/Foodstuffs,8,Recipe_Jam_5 11,cooking,Item_Jam,Berry Jam,1,Stat_HealthRegen,15,15.0
Item_Berries,Berries,Consumables/Foodstuffs,9,Recipe_Jam_5 12,cooking,Item_Jam,Berry Jam,1,Stat_HealthRegen,15,15.0
Item_Berries,Berries,Consumables/Foodstuffs,3,Recipe_Jam_5 13,cooking,Item_Jam,Berry Jam,1,Stat_HealthRegen,15,15.0
Item_Berries,Berries,Consumables/Foodstuffs,4,Recipe_Jam_5 14,cooking,Item_Jam,Berry Jam,1,Stat_HealthRegen,15,15.0
Item_Berries,Berries,Consumables/Foodstuffs,5,Recipe_Jam_5 15,cooking,Item_Jam,Berry Jam,1,Stat_HealthRegen,15,15.0
Item_Berries,Berries,Consumables/Foodstuffs,6,Recipe_Jam_5 16,cooking,Item_Jam,Berry Jam,1,Stat_HealthRegen,15,15.0
Item_Berries,Berries,Consumables/Foodstuffs,7,Recipe_Jam_5 17,cooking,Item_Jam,Berry Jam,1,Stat_HealthRegen,15,15.0
Item_Berries,Berries,Consumables/Foodstuffs,8,Recipe_Jam_5 18,cooking,Item_Jam,Berry Jam,1,Stat_HealthRegen,15,15.0
Item_Berries,Berries,Consumables/Foodstuffs,9,Recipe_Jam_5 19,cooking,Item_Jam,Berry Jam,1,Stat_HealthRegen,15,15.0
Item_Berries,Berries,Consumables/Foodstuffs,3,Recipe_Jam_5 2,cooking,Item_Jam,Berry Jam,1,Stat_HealthRegen,15,15.0
Item_Berries,Berries,Consumables/Foodstuffs,4,Recipe_Jam_5 3,cooking,Item_Jam,Berry Jam,1,Stat_HealthRegen,15,15.0
Item_Berries,Berries,Consumables/Foodstuffs,5,Recipe_Jam_5 4,cooking,Item_Jam,Berry Jam,1,Stat_HealthRegen,15,15.0
Item_Berries,Berries,Consumables/Foodstuffs,6,Recipe_Jam_5 5,cooking,Item_Jam,Berry Jam,1,Stat_HealthRegen,15,15.0
Item_Berries,Berries,Consumables/Foodstuffs,7,Recipe_Jam_5 6,cooking,Item_Jam,Berry Jam,1,Stat_HealthRegen,15,15.0
Item_Berries,Berries,Consumables/Foodstuffs,8,Recipe_Jam_5 7,cooking,Item_Jam,Berry Jam,1,Stat_HealthRegen,15,15.0
Item_Berries,Berries,Consumables/Foodstuffs,9,Recipe_Jam_5 8,cooking,Item_Jam,Berry Jam,1,Stat_HealthRegen,15,15.0
Item_Berries,Berries,Consumables/Foodstuffs,10,Recipe_Jam_5 9,cooking,Item_Jam,Berry Jam,1,Stat_HealthRegen,15,15.0
Item_Berries,Berries,Consumables/Foodstuffs,5,Recipe_Jam_6,cooking,Item_Jam,Berry Jam,1,Stat_HealthRegen,15,15.0
Item_Berries,Berries,Consumables/Foodstuffs,1,Recipe_Milkshake_4,cooking,Item_MilkshakeBerries,Berry Milkshake,2,Stat_HealthRegen,35,17.5
Item_Berries,Berries,Consumables/Foodstuffs,1,Recipe_Milkshake_4 1,cooking,Item_MilkshakeBerries,Berry Milkshake,2,Stat_HealthRegen,35,17.5
Item_Berries,Berries,Consumables/Foodstuffs,2,Recipe_Milkshake_4 2,cooking,Item_MilkshakeBerries,Berry Milkshake,2,Stat_HealthRegen,35,17.5
Item_Berries,Berries,Consumables/Foodstuffs,2,Recipe_Milkshake_4 3,cooking,Item_MilkshakeBerries,Berry Milkshake,2,Stat_HealthRegen,35,17.5
Item_Berries,Berries,Consumables/Foodstuffs,1,Recipe_Milkshake_5,cooking,Item_MilkshakeBerries,Berry Milkshake,2,Stat_HealthRegen,35,17.5
Item_Berries,Berries,Consumables/Foodstuffs,1,Recipe_Milkshake_5 1,cooking,Item_MilkshakeBerries,Berry Milkshake,2,Stat_HealthRegen,35,17.5
Item_Berries,Berries,Consumables/Foodstuffs,2,Recipe_Milkshake_5 2,cooking,Item_MilkshakeBerries,Berry Milkshake,2,Stat_HealthRegen,35,17.5
Item_Berries,Berries,Consumables/Foodstuffs,2,Recipe_Milkshake_5 3,cooking,Item_MilkshakeBerries,Berry Milkshake,2,Stat_HealthRegen,35,17.5
Item_Berries,Berries,Consumables/Foodstuffs,1,Recipe_Milkshake_6,cooking,Item_MilkshakeBerries,Berry Milkshake,2,Stat_HealthRegen,35,17.5
Item_Berries,Berries,Consumables/Foodstuffs,1,Recipe_Milkshake_6 1,cooking,Item_MilkshakeBerries,Berry Milkshake,2,Stat_HealthRegen,35,17.5
Item_Berries,Berries,Consumables/Foodstuffs,2,Recipe_Milkshake_6 2,cooking,Item_MilkshakeBerries,Berry Milkshake,2,Stat_HealthRegen,35,17.5
Item_Berries,Berries,Consumables/Foodstuffs,2,Recipe_Milkshake_6 3,cooking,Item_MilkshakeBerries,Berry Milkshake,2,Stat_HealthRegen,35,17.5
Item_Berries,Berries,Consumables/Foodstuffs,1,Recipe_PowerBar_5,cooking,Item_PowerBar,Power Bar,1,Stat_SprintBonus,60,60.0
Item_BlackPepper,Black Pepper,Consumables/Foodstuffs,1,Recipe_BeefJerky_5 10,cooking,Item_BeefJerky,Beef Jerky,1,Stat_HealthRegen,10,10.0
Item_BlackPepper,Black Pepper,Consumables/Foodstuffs,1,Recipe_BeefJerky_5 11,cooking,Item_BeefJerky,Beef Jerky,1,Stat_HealthRegen,10,10.0
Item_BlackPepper,Black Pepper,Consumables/Foodstuffs,1,Recipe_BeefJerky_5 12,cooking,Item_BeefJerky,Beef Jerky,1,Stat_HealthRegen,10,10.0
Item_BlackPepper,Black Pepper,Consumables/Foodstuffs,1,Recipe_BeefJerky_5 7,cooking,Item_BeefJerky,Beef Jerky,1,Stat_HealthRegen,10,10.0
Item_BlackPepper,Black Pepper,Consumables/Foodstuffs,1,Recipe_BeefJerky_5 8,cooking,Item_BeefJerky,Beef Jerky,1,Stat_HealthRegen,10,10.0
Item_BlackPepper,Black Pepper,Consumables/Foodstuffs,1,Recipe_BeefJerky_5 9,cooking,Item_BeefJerky,Beef Jerky,1,Stat_HealthRegen,10,10.0
Item_BlackPepper,Black Pepper,Consumables/Foodstuffs,1,Recipe_Leverpastej_6,cooking,Item_Leverpastej,Leverpastej,2,Stat_HealthRegen,20,10.0
Item_BlackPepper,Black Pepper,Consumables/Foodstuffs,2,Recipe_Omelette_1 10,cooking,Item_Omelette,Omelette,2,Stat_HealthRegen,22,11.0
Item_BlackPepper,Black Pepper,Consumables/Foodstuffs,2,Recipe_Omelette_1 14,cooking,Item_Omelette,Omelette,2,Stat_HealthRegen,22,11.0
Item_BlackPepper,Black Pepper,Consumables/Foodstuffs,1,Recipe_Omelette_1 2,cooking,Item_Omelette,Omelette,2,Stat_HealthRegen,22,11.0
Item_BlackPepper,Black Pepper,Consumables/Foodstuffs,1,Recipe_Omelette_1 6,cooking,Item_Omelette,Omelette,2,Stat_HealthRegen,22,11.0
Item_BlackPepper,Black Pepper,Consumables/Foodstuffs,1,Recipe_SpiceMix,cooking,Item_SpiceMix,Spice Mix,1,,0,0.0
Item_BlackPepper,Black Pepper,Consumables/Foodstuffs,2,Recipe_SpiceMix 1,cooking,Item_SpiceMix,Spice Mix,1,,0,0.0
Item_BlackPepper,Black Pepper,Consumables/Foodstuffs,1,Recipe_SpiceMix 3,cooking,Item_SpiceMix,Spice Mix,1,,0,0.0
Item_BlackPepper,Black Pepper,Consumables/Foodstuffs,1,Recipe_SpiceMix 4,cooking,Item_SpiceMix,Spice Mix,1,,0,0.0
Item_Bladder,Bladder,Organs/General,1,Recipe_Dynamite12,generic,Weapon_Dynamite,Dynamite,2,,0,0.0
Item_Bladder,Bladder,Organs/General,1,Recipe_Dynamite24,generic,Weapon_Dynamite,Dynamite,2,,0,0.0
Item_Bladder,Bladder,Organs/General,1,Recipe_FrenchHotdog_7,cooking,Item_FrenchHotdog,French Hotdog,2,Stat_HealthRegen,30,15.0
Item_Bladder,Bladder,Organs/General,1,Recipe_Omelette_organ 1,cooking,Item_Omelette,Omelette,2,Stat_HealthRegen,22,11.0
Item_Bladder,Bladder,Organs/General,1,Recipe_Polsa_1,cooking,Item_Polsa,Pölsa,2,Stat_HealthRegen,20,10.0
Item_Bladder,Bladder,Organs/General,1,Recipe_Polsa_1 1,cooking,Item_Polsa,Pölsa,2,Stat_HealthRegen,20,10.0
Item_Bladder,Bladder,Organs/General,1,Recipe_Polsa_1 2,cooking,Item_Polsa,Pölsa,2,Stat_HealthRegen,20,10.0
Item_Bladder,Bladder,Organs/General,1,Recipe_Polsa_1 3,cooking,Item_Polsa,Pölsa,2,Stat_HealthRegen,20,10.0
Item_Bladder,Bladder,Organs/General,2,Recipe_Polsa_1 4,cooking,Item_Polsa,Pölsa,2,Stat_HealthRegen,20,10.0
Item_Bladder,Bladder,Organs/General,2,Recipe_Polsa_1 5,cooking,Item_Polsa,Pölsa,2,Stat_HealthRegen,20,10.0
Item_Bladder,Bladder,Organs/General,1,Recipe_Polsa_9,cooking,Item_Polsa,Pölsa,2,Stat_HealthRegen,20,10.0
Item_Bladder,Bladder,Organs/General,2,Recipe_Polsa_9 1,cooking,Item_Polsa,Pölsa,2,Stat_HealthRegen,20,10.0
Item_Bladder,Bladder,Organs/General,1,Recipe_Polse_6,cooking,Item_Polse,Pølse,2,Stat_HealthRegen,15,7.5
Item_Bleach,Bleach,ConsumablesItems,1,Recipe_Lutfisk,cooking,Item_Lutfisk,Lutfisk,2,Stat_HealthRegen,25,12.5
Item_Bleach,Bleach,ConsumablesItems,1,Recipe_Lutfisk 1,cooking,Item_Lutfisk,Lutfisk,2,Stat_HealthRegen,25,12.5
Item_Bleach,Bleach,ConsumablesItems,1,Recipe_Lutfisk 2,cooking,Item_Lutfisk,Lutfisk,2,Stat_HealthRegen,25,12.5
Item_Bleach,Bleach,ConsumablesItems,1,Recipe_Lutfisk 3,cooking,Item_Lutfisk,Lutfisk,2,Stat_HealthRegen,25,12.5
Item_Blood,Blood,Consumables/Other,1,Recipe_BloodPudding_1,cooking,Item_BloodPudding,Blood Pudding,2,Stat_HealthRegen,30,15.0
Item_Blood,Blood,Consumables/Other,1,Recipe_BloodPudding_2,cooking,Item_BloodPudding,Blood Pudding,2,Stat_HealthRegen,30,15.0
Item_Blood,Blood,Consumables/Other,1,Recipe_BloodPudding_3,cooking,Item_BloodPudding,Blood Pudding,2,Stat_HealthRegen,30,15.0
Item_Blood,Blood,Consumables/Other,1,Recipe_FirstAidKit_1,cooking,Item_FirstAidKit,First Aid Kit,4,Stat_HealthRegen,100,25.0
Item_Blood,Blood,Consumables/Other,1,Recipe_FirstAidKit_1 1,cooking,Item_FirstAidKit,First Aid Kit,4,Stat_HealthRegen,100,25.0
Item_Blood,Blood,Consumables/Other,2,Recipe_FirstAidKit_1 2,cooking,Item_FirstAidKit,First Aid Kit,4,Stat_HealthRegen,100,25.0
Item_Blood,Blood,Consumables/Other,1,Recipe_HealthPotion_1,cooking,Item_HealthPotion,Health Potion,1,Stat_HealthRegen,80,80.0
Item_Blood,Blood,Consumables/Other,1,Recipe_HealthPotion_5,cooking,Item_HealthPotion,Health Potion,1,Stat_HealthRegen,80,80.0
Item_Blood,Blood,Consumables/Other,1,Recipe_HealthPotion_6,cooking,Item_HealthPotion,Health Potion,1,Stat_HealthRegen,80,80.0
Item_Blood,Blood,Consumables/Other,2,Recipe_HealthPotion_7,cooking,Item_HealthPotion,Health Potion,1,Stat_HealthRegen,80,80.0
Item_Blood,Blood,Consumables/Other,2,Recipe_Wine_1,cooking,Item_Wine,Red Wine,2,Stat_Charisma,2400,1200.0
Item_Bone,Bone,Organs/General,1,Recipe_Broth_3,cooking,Item_Broth,Broth,2,Stat_HealthRegen,10,5.0
Item_Bone,Bone,Organs/General,1,Recipe_MeatSkewersBone 1,cooking,Item_MeatSkewers,Meat Skewers,2,Stat_HealthRegen,20,10.0
Item_Bone,Bone,Organs/General,1,Recipe_MeatSkewersBone 2,cooking,Item_MeatSkewers,Meat Skewers,2,Stat_HealthRegen,20,10.0
Item_Bone,Bone,Organs/General,1,Recipe_MeatSkewersBone 3,cooking,Item_MeatSkewers,Meat Skewers,2,Stat_HealthRegen,20,10.0
Item_Bone,Bone,Organs/General,1,Recipe_MeatSkewersBone 4,cooking,Item_MeatSkewers,Meat Skewers,2,Stat_HealthRegen,20,10.0
Item_Bone,Bone,Organs/General,1,Recipe_MeatSkewersBone 5,cooking,Item_MeatSkewers,Meat Skewers,2,Stat_HealthRegen,20,10.0
Item_Bone,Bone,Organs/General,1,Recipe_MeatSkewersBone 6,cooking,Item_MeatSkewers,Meat Skewers,2,Stat_HealthRegen,20,10.0
Item_BottledWater,Bottled Water,Consumables/Drinks,1,Recipe_BarkBread,cooking,Item_BarkBread,Bark bread,2,Stat_HealthRegen,10,5.0
Item_BottledWater,Bottled Water,Consumables/Drinks,1,Recipe_BarkBread 11,cooking,Item_BarkBread,Bark bread,2,Stat_HealthRegen,10,5.0
Item_BottledWater,Bottled Water,Consumables/Drinks,1,Recipe_BarkBread 21,cooking,Item_BarkBread,Bark bread,2,Stat_HealthRegen,10,5.0
Item_BottledWater,Bottled Water,Consumables/Drinks,2,Recipe_BarkBread 31,cooking,Item_BarkBread,Bark bread,2,Stat_HealthRegen,10,5.0
Item_BottledWater,Bottled Water,Consumables/Drinks,2,Recipe_BarkBread 41,cooking,Item_BarkBread,Bark bread,2,Stat_HealthRegen,10,5.0
Item_BottledWater,Bottled Water,Consumables/Drinks,2,Recipe_BarkBread 51,cooking,Item_BarkBread,Bark bread,2,Stat_HealthRegen,10,5.0
Item_BottledWater,Bottled Water,Consumables/Drinks,2,Recipe_BarkBread 61,cooking,Item_BarkBread,Bark bread,2,Stat_HealthRegen,10,5.0
Item_BottledWater,Bottled Water,Consumables/Drinks,2,Recipe_BarkBread 71,cooking,Item_BarkBread,Bark bread,2,Stat_HealthRegen,10,5.0
Item_BottledWater,Bottled Water,Consumables/Drinks,2,Recipe_BarkBread 81,cooking,Item_BarkBread,Bark bread,2,Stat_HealthRegen,10,5.0
Item_BottledWater,Bottled Water,Consumables/Drinks,1,Recipe_Bread_1,cooking,Item_Bread,Bread,2,Stat_HealthRegen,15,7.5
Item_BottledWater,Bottled Water,Consumables/Drinks,2,Recipe_Bread_1 1,cooking,Item_Bread,Bread,2,Stat_HealthRegen,15,7.5
Item_BottledWater,Bottled Water,Consumables/Drinks,1,Recipe_Bread_1 2,cooking,Item_Bread,Bread,2,Stat_HealthRegen,15,7.5
Item_BottledWater,Bottled Water,Consumables/Drinks,2,Recipe_Bread_1 3,cooking,Item_Bread,Bread,2,Stat_HealthRegen,15,7.5
Item_BottledWater,Bottled Water,Consumables/Drinks,1,Recipe_Broth_1,cooking,Item_Broth,Broth,2,Stat_HealthRegen,10,5.0
Item_BottledWater,Bottled Water,Consumables/Drinks,1,Recipe_Broth_2,cooking,Item_Broth,Broth,2,Stat_HealthRegen,10,5.0
Item_BottledWater,Bottled Water,Consumables/Drinks,1,Recipe_Broth_3,cooking,Item_Broth,Broth,2,Stat_HealthRegen,10,5.0
Item_BottledWater,Bottled Water,Consumables/Drinks,1,Recipe_BuddySandwich_1,cooking,Item_Broth,Broth,2,Stat_HealthRegen,10,5.0
Item_BottledWater,Bottled Water,Consumables/Drinks,1,Recipe_CactusDrink_1,cooking,Item_CactusDrink,Cactus Softdrink,2,Stat_HealthRegen,15,7.5
Item_BottledWater,Bottled Water,Consumables/Drinks,1,Recipe_ChocolateSyrup_1,cooking,Item_ChocolateSyrup,Chocolate Syrup,2,Stat_HealthRegen,10,5.0
Item_BottledWater,Bottled Water,Consumables/Drinks,1,Recipe_ChocolateSyrup_3,cooking,Item_ChocolateSyrup,Chocolate Syrup,2,Stat_HealthRegen,10,5.0
Item_BottledWater,Bottled Water,Consumables/Drinks,1,Recipe_MashedPotatoes_3,cooking,Item_MashedPotatoes,Mashed Potatoes,2,Stat_HealthRegen,30,15.0
Item_BottledWater,Bottled Water,Consumables/Drinks,1,Recipe_MatchaCup_1,cooking,Item_MatchaTeaCup,Green Tea,1,ExtraDamage_Melee,90,90.0
Item_BottledWater,Bottled Water,Consumables/Drinks,1,Recipe_MatchaCup_1 1,cooking,Item_MatchaTeaCup,Green Tea,1,ExtraDamage_Melee,90,90.0
Item_BottledWater,Bottled Water,Consumables/Drinks,2,Recipe_MatchaCup_1 2,cooking,Item_MatchaTeaCup,Green Tea,1,ExtraDamage_Melee,90,90.0
Item_BottledWater,Bottled Water,Consumables/Drinks,2,Recipe_MatchaCup_1 3,cooking,Item_MatchaTeaCup,Green Tea,1,ExtraDamage_Melee,90,90.0
Item_BottledWater,Bottled Water,Consumables/Drinks,1,Recipe_MushroomSoup_1,cooking,Item_MushroomSoup,Mushroom Soup,2,Stat_HealthRegen,20,10.0
Item_BottledWater,Bottled Water,Consumables/Drinks,1,Recipe_MushroomSoup_1 1,cooking,Item_MushroomSoup,Mushroom Soup,2,Stat_HealthRegen,20,10.0
Item_BottledWater,Bottled Water,Consumables/Drinks,1,Recipe_MushroomSoup_1 2,cooking,Item_MushroomSoup,Mushroom Soup,2,Stat_HealthRegen,20,10.0
Item_BottledWater,Bottled Water,Consumables/Drinks,1,Recipe_MushroomSoup_1 3,cooking,Item_MushroomSoup,Mushroom Soup,2,Stat_HealthRegen,20,10.0
Item_BottledWater,Bottled Water,Consumables/Drinks,1,Recipe_MushroomSoup_1 4,cooking,Item_MushroomSoup,Mushroom Soup,2,Stat_HealthRegen,20,10.0
Item_BottledWater,Bottled Water,Consumables/Drinks,1,Recipe_MushroomSoup_1 5,cooking,Item_MushroomSoup,Mushroom Soup,2,Stat_HealthRegen,20,10.0
Item_BottledWater,Bottled Water,Consumables/Drinks,1,Recipe_MushroomSoup_2,cooking,Item_MushroomSoup,Mushroom Soup,2,Stat_HealthRegen,20,10.0
Item_BottledWater,Bottled Water,Consumables/Drinks,1,Recipe_MushroomSoup_3,cooking,Item_MushroomSoup,Mushroom Soup,2,Stat_HealthRegen,20,10.0
Item_BottledWater,Bottled Water,Consumables/Drinks,1,Recipe_MushroomSoup_3 1,cooking,Item_MushroomSoup,Mushroom Soup,2,Stat_HealthRegen,20,10.0
Item_BottledWater,Bottled Water,Consumables/Drinks,1,Recipe_MushroomSoup_3 10,cooking,Item_MushroomSoup,Mushroom Soup,2,Stat_HealthRegen,20,10.0
Item_BottledWater,Bottled Water,Consumables/Drinks,1,Recipe_MushroomSoup_3 11,cooking,Item_MushroomSoup,Mushroom Soup,2,Stat_HealthRegen,20,10.0
Item_BottledWater,Bottled Water,Consumables/Drinks,1,Recipe_MushroomSoup_3 12,cooking,Item_MushroomSoup,Mushroom Soup,2,Stat_HealthRegen,20,10.0
Item_BottledWater,Bottled Water,Consumables/Drinks,1,Recipe_MushroomSoup_3 13,cooking,Item_MushroomSoup,Mushroom Soup,2,Stat_HealthRegen,20,10.0
Item_BottledWater,Bottled Water,Consumables/Drinks,1,Recipe_MushroomSoup_3 14,cooking,Item_MushroomSoup,Mushroom Soup,2,Stat_HealthRegen,20,10.0
Item_BottledWater,Bottled Water,Consumables/Drinks,1,Recipe_MushroomSoup_3 15,cooking,Item_MushroomSoup,Mushroom Soup,2,Stat_HealthRegen,20,10.0
Item_BottledWater,Bottled Water,Consumables/Drinks,1,Recipe_MushroomSoup_3 16,cooking,Item_MushroomSoup,Mushroom Soup,2,Stat_HealthRegen,20,10.0
Item_BottledWater,Bottled Water,Consumables/Drinks,1,Recipe_MushroomSoup_3 17,cooking,Item_MushroomSoup,Mushroom Soup,2,Stat_HealthRegen,20,10.0
Item_BottledWater,Bottled Water,Consumables/Drinks,1,Recipe_MushroomSoup_3 18,cooking,Item_MushroomSoup,Mushroom Soup,2,Stat_HealthRegen,20,10.0
Item_BottledWater,Bottled Water,Consumables/Drinks,1,Recipe_MushroomSoup_3 19,cooking,Item_MushroomSoup,Mushroom Soup,2,Stat_HealthRegen,20,10.0
Item_BottledWater,Bottled Water,Consumables/Drinks,1,Recipe_MushroomSoup_3 2,cooking,Item_MushroomSoup,Mushroom Soup,2,Stat_HealthRegen,20,10.0
Item_BottledWater,Bottled Water,Consumables/Drinks,1,Recipe_MushroomSoup_3 20,cooking,Item_MushroomSoup,Mushroom Soup,2,Stat_HealthRegen,20,10.0
Item_BottledWater,Bottled Water,Consumables/Drinks,1,Recipe_MushroomSoup_3 21,cooking,Item_MushroomSoup,Mushroom Soup,2,Stat_HealthRegen,20,10.0
Item_BottledWater,Bottled Water,Consumables/Drinks,1,Recipe_MushroomSoup_3 22,cooking,Item_MushroomSoup,Mushroom Soup,2,Stat_HealthRegen,20,10.0
Item_BottledWater,Bottled Water,Consumables/Drinks,1,Recipe_MushroomSoup_3 23,cooking,Item_MushroomSoup,Mushroom Soup,2,Stat_HealthRegen,20,10.0
Item_BottledWater,Bottled Water,Consumables/Drinks,1,Recipe_MushroomSoup_3 24_VB+KO,cooking,Item_MushroomSoup,Mushroom Soup,2,Stat_HealthRegen,20,10.0
Item_BottledWater,Bottled Water,Consumables/Drinks,1,Recipe_MushroomSoup_3 25,cooking,Item_MushroomSoup,Mushroom Soup,2,Stat_HealthRegen,20,10.0
Item_BottledWater,Bottled Water,Consumables/Drinks,1,Recipe_MushroomSoup_3 26,cooking,Item_MushroomSoup,Mushroom Soup,2,Stat_HealthRegen,20,10.0
Item_BottledWater,Bottled Water,Consumables/Drinks,1,Recipe_MushroomSoup_3 27,cooking,Item_MushroomSoup,Mushroom Soup,2,Stat_HealthRegen,20,10.0
Item_BottledWater,Bottled Water,Consumables/Drinks,1,Recipe_MushroomSoup_3 28,cooking,Item_MushroomSoup,Mushroom Soup,2,Stat_HealthRegen,20,10.0
Item_BottledWater,Bottled Water,Consumables/Drinks,1,Recipe_MushroomSoup_3 29,cooking,Item_MushroomSoup,Mushroom Soup,2,Stat_HealthRegen,20,10.0
Item_BottledWater,Bottled Water,Consumables/Drinks,1,Recipe_MushroomSoup_3 3,cooking,Item_MushroomSoup,Mushroom Soup,2,Stat_HealthRegen,20,10.0
Item_BottledWater,Bottled Water,Consumables/Drinks,1,Recipe_MushroomSoup_3 30,cooking,Item_MushroomSoup,Mushroom Soup,2,Stat_HealthRegen,20,10.0
Item_BottledWater,Bottled Water,Consumables/Drinks,1,Recipe_MushroomSoup_3 31,cooking,Item_MushroomSoup,Mushroom Soup,2,Stat_HealthRegen,20,10.0
Item_BottledWater,Bottled Water,Consumables/Drinks,1,Recipe_MushroomSoup_3 32_VB+SD,cooking,Item_MushroomSoup,Mushroom Soup,2,Stat_HealthRegen,20,10.0
Item_BottledWater,Bottled Water,Consumables/Drinks,1,Recipe_MushroomSoup_3 32z,cooking,Item_MushroomSoup,Mushroom Soup,2,Stat_HealthRegen,20,10.0
Item_BottledWater,Bottled Water,Consumables/Drinks,1,Recipe_MushroomSoup_3 33,cooking,Item_MushroomSoup,Mushroom Soup,2,Stat_HealthRegen,20,10.0
Item_BottledWater,Bottled Water,Consumables/Drinks,1,Recipe_MushroomSoup_3 34,cooking,Item_MushroomSoup,Mushroom Soup,2,Stat_HealthRegen,20,10.0
Item_BottledWater,Bottled Water,Consumables/Drinks,1,Recipe_MushroomSoup_3 35,cooking,Item_MushroomSoup,Mushroom Soup,2,Stat_HealthRegen,20,10.0
Item_BottledWater,Bottled Water,Consumables/Drinks,1,Recipe_MushroomSoup_3 36,cooking,Item_MushroomSoup,Mushroom Soup,2,Stat_HealthRegen,20,10.0
Item_BottledWater,Bottled Water,Consumables/Drinks,1,Recipe_MushroomSoup_3 37,cooking,Item_MushroomSoup,Mushroom Soup,2,Stat_HealthRegen,20,10.0
Item_BottledWater,Bottled Water,Consumables/Drinks,1,Recipe_MushroomSoup_3 38,cooking,Item_MushroomSoup,Mushroom Soup,2,Stat_HealthRegen,20,10.0
Item_BottledWater,Bottled Water,Consumables/Drinks,1,Recipe_MushroomSoup_3 39,cooking,Item_MushroomSoup,Mushroom Soup,2,Stat_HealthRegen,20,10.0
Item_BottledWater,Bottled Water,Consumables/Drinks,1,Recipe_MushroomSoup_3 39_KO+SD,cooking,Item_MushroomSoup,Mushroom Soup,2,Stat_HealthRegen,20,10.0
Item_BottledWater,Bottled Water,Consumables/Drinks,1,Recipe_MushroomSoup_3 4,cooking,Item_MushroomSoup,Mushroom Soup,2,Stat_HealthRegen,20,10.0
Item_BottledWater,Bottled Water,Consumables/Drinks,1,Recipe_MushroomSoup_3 40,cooking,Item_MushroomSoup,Mushroom Soup,2,Stat_HealthRegen,20,10.0
Item_BottledWater,Bottled Water,Consumables/Drinks,1,Recipe_MushroomSoup_3 41,cooking,Item_MushroomSoup,Mushroom Soup,2,Stat_HealthRegen,20,10.0
Item_BottledWater,Bottled Water,Consumables/Drinks,1,Recipe_MushroomSoup_3 42,cooking,Item_MushroomSoup,Mushroom Soup,2,Stat_HealthRegen,20,10.0
Item_BottledWater,Bottled Water,Consumables/Drinks,1,Recipe_MushroomSoup_3 43,cooking,Item_MushroomSoup,Mushroom Soup,2,Stat_HealthRegen,20,10.0
Item_BottledWater,Bottled Water,Consumables/Drinks,1,Recipe_MushroomSoup_3 44,cooking,Item_MushroomSoup,Mushroom Soup,2,Stat_HealthRegen,20,10.0
Item_BottledWater,Bottled Water,Consumables/Drinks,1,Recipe_MushroomSoup_3 45,cooking,Item_MushroomSoup,Mushroom Soup,2,Stat_HealthRegen,20,10.0
Item_BottledWater,Bottled Water,Consumables/Drinks,1,Recipe_MushroomSoup_3 46,cooking,Item_MushroomSoup,Mushroom Soup,2,Stat_HealthRegen,20,10.0
Item_BottledWater,Bottled Water,Consumables/Drinks,1,Recipe_MushroomSoup_3 47,cooking,Item_MushroomSoup,Mushroom Soup,2,Stat_HealthRegen,20,10.0
Item_BottledWater,Bottled Water,Consumables/Drinks,1,Recipe_MushroomSoup_3 5,cooking,Item_MushroomSoup,Mushroom Soup,2,Stat_HealthRegen,20,10.0
Item_BottledWater,Bottled Water,Consumables/Drinks,1,Recipe_MushroomSoup_3 6,cooking,Item_MushroomSoup,Mushroom Soup,2,Stat_HealthRegen,20,10.0
Item_BottledWater,Bottled Water,Consumables/Drinks,1,Recipe_MushroomSoup_3 7,cooking,Item_MushroomSoup,Mushroom Soup,2,Stat_HealthRegen,20,10.0
Item_BottledWater,Bottled Water,Consumables/Drinks,1,Recipe_MushroomSoup_3 8,cooking,Item_MushroomSoup,Mushroom Soup,2,Stat_HealthRegen,20,10.0
Item_BottledWater,Bottled Water,Consumables/Drinks,1,Recipe_MushroomSoup_3 9,cooking,Item_MushroomSoup,Mushroom Soup,2,Stat_HealthRegen,20,10.0
Item_BottledWater,Bottled Water,Consumables/Drinks,1,Recipe_MushroomSoup_4,cooking,Item_MushroomSoup,Mushroom Soup,2,Stat_HealthRegen,20,10.0
Item_BottledWater,Bottled Water,Consumables/Drinks,1,Recipe_MushroomSoup_5,cooking,Item_MushroomSoup,Mushroom Soup,2,Stat_HealthRegen,20,10.0
Item_BottledWater,Bottled Water,Consumables/Drinks,1,Recipe_MushroomSoup_6,cooking,Item_MushroomSoup,Mushroom Soup,2,Stat_HealthRegen,20,10.0
Item_BottledWater,Bottled Water,Consumables/Drinks,1,Recipe_PizzaLarge 1,cooking,Item_PizzaLarge,Pizza,4,Stat_HealthRegen,150,37.5
Item_BottledWater,Bottled Water,Consumables/Drinks,1,Recipe_Porridge_1,cooking,Item_Porridge,Porridge,2,Stat_HealthRegen,15,7.5
Item_BottledWater,Bottled Water,Consumables/Drinks,1,Recipe_SodaJulmust 1,cooking,Item_Julmust,Julmust,2,Stat_HealthRegen,18,9.0
Item_BottledWater,Bottled Water,Consumables/Drinks,1,Recipe_SodaJulmust 10,cooking,Item_Julmust,Julmust,2,Stat_HealthRegen,18,9.0
Item_BottledWater,Bottled Water,Consumables/Drinks,2,Recipe_SodaJulmust 13,cooking,Item_Julmust,Julmust,2,Stat_HealthRegen,18,9.0
Item_BottledWater,Bottled Water,Consumables/Drinks,1,Recipe_SodaJulmust 16,cooking,Item_Julmust,Julmust,2,Stat_HealthRegen,18,9.0
Item_BottledWater,Bottled Water,Consumables/Drinks,2,Recipe_SodaJulmust 19,cooking,Item_Julmust,Julmust,2,Stat_HealthRegen,18,9.0
Item_BottledWater,Bottled Water,Consumables/Drinks,2,Recipe_SodaJulmust 22,cooking,Item_Julmust,Julmust,2,Stat_HealthRegen,18,9.0
Item_BottledWater,Bottled Water,Consumables/Drinks,2,Recipe_SodaJulmust 4,cooking,Item_Julmust,Julmust,2,Stat_HealthRegen,18,9.0
Item_BottledWater,Bottled Water,Consumables/Drinks,1,Recipe_SodaJulmust 7,cooking,Item_Julmust,Julmust,2,Stat_HealthRegen,18,9.0
Item_BottledWater,Bottled Water,Consumables/Drinks,1,Recipe_Soda_1,cooking,Item_Soda,Slurf,1,Stat_AimMovingBonus,20,20.0
Item_BottledWater,Bottled Water,Consumables/Drinks,1,Recipe_Soda_1 1,cooking,Item_Soda,Slurf,1,Stat_AimMovingBonus,20,20.0
Item_BottledWater,Bottled Water,Consumables/Drinks,2,Recipe_Soda_1 2,cooking,Item_Soda,Slurf,1,Stat_AimMovingBonus,20,20.0
Item_BottledWater,Bottled Water,Consumables/Drinks,2,Recipe_Soda_1 3,cooking,Item_Soda,Slurf,1,Stat_AimMovingBonus,20,20.0
Item_BottledWater,Bottled Water,Consumables/Drinks,1,Recipe_Soda_1 4,cooking,Item_Soda,Slurf,1,Stat_AimMovingBonus,20,20.0
Item_BottledWater,Bottled Water,Consumables/Drinks,1,Recipe_Soda_1 5,cooking,Item_Soda,Slurf,1,Stat_AimMovingBonus,20,20.0
Item_BottledWater,Bottled Water,Consumables/Drinks,2,Recipe_Soda_1 6,cooking,Item_Soda,Slurf,1,Stat_AimMovingBonus,20,20.0
Item_BottledWater,Bottled Water,Consumables/Drinks,2,Recipe_Soda_1 7,cooking,Item_Soda,Slurf,1,Stat_AimMovingBonus,20,20.0
Item_BottledWater,Bottled Water,Consumables/Drinks,1,Recipe_Spaghetti_1,cooking,Item_Spagetti,Spaghetti,2,Stat_HealthRegen,5,2.5
Item_BottledWater,Bottled Water,Consumables/Drinks,1,Recipe_Stew_1,cooking,Item_Stew,Stew,2,Stat_HealthRegen,20,10.0
Item_BottledWater,Bottled Water,Consumables/Drinks,1,Recipe_Stew_1 1,cooking,Item_Stew,Stew,2,Stat_HealthRegen,20,10.0
Item_BottledWater,Bottled Water,Consumables/Drinks,1,Recipe_Stew_1 10,cooking,Item_Stew,Stew,2,Stat_HealthRegen,20,10.0
Item_BottledWater,Bottled Water,Consumables/Drinks,1,Recipe_Stew_1 11,cooking,Item_Stew,Stew,2,Stat_HealthRegen,20,10.0
Item_BottledWater,Bottled Water,Consumables/Drinks,1,Recipe_Stew_1 2,cooking,Item_Stew,Stew,2,Stat_HealthRegen,20,10.0
Item_BottledWater,Bottled Water,Consumables/Drinks,1,Recipe_Stew_1 3,cooking,Item_Stew,Stew,2,Stat_HealthRegen,20,10.0
Item_BottledWater,Bottled Water,Consumables/Drinks,1,Recipe_Stew_1 4,cooking,Item_Stew,Stew,2,Stat_HealthRegen,20,10.0
Item_BottledWater,Bottled Water,Consumables/Drinks,1,Recipe_Stew_1 5,cooking,Item_Stew,Stew,2,Stat_HealthRegen,20,10.0
Item_BottledWater,Bottled Water,Consumables/Drinks,1,Recipe_Stew_1 7,cooking,Item_Stew,Stew,2,Stat_HealthRegen,20,10.0
Item_BottledWater,Bottled Water,Consumables/Drinks,1,Recipe_Stew_1 8,cooking,Item_Stew,Stew,2,Stat_HealthRegen,20,10.0
Item_BottledWater,Bottled Water,Consumables/Drinks,1,Recipe_Stew_1 9,cooking,Item_Stew,Stew,2,Stat_HealthRegen,20,10.0
Item_BottledWater,Bottled Water,Consumables/Drinks,1,Recipe_SulfCola_1,cooking,Item_SulfCola,SulfCola,2,Stat_HealthRegen,30,15.0
Item_BottledWater,Bottled Water,Consumables/Drinks,1,Recipe_Wine_1 1,cooking,Item_Wine,Red Wine,2,Stat_Charisma,2400,1200.0
Item_Brain,Brain,Organs/General,1,Recipe_FrenchHotdog_6,cooking,Item_FrenchHotdog,French Hotdog,2,Stat_HealthRegen,30,15.0
Item_Brain,Brain,Organs/General,1,Recipe_Omelette_organ 4,cooking,Item_Omelette,Omelette,2,Stat_HealthRegen,22,11.0
Item_Brain,Brain,Organs/General,1,Recipe_Polse_5,cooking,Item_Polse,Pølse,2,Stat_HealthRegen,15,7.5
Item_Bread,Bread,Consumables/Foodstuffs,1,Recipe_BiscuitsAndGravy,cooking,Item_BiscuitsAndGravy,Biscuiits and Gravy,2,Stat_HealthRegen,25,12.5
Item_Bread,Bread,Consumables/Foodstuffs,2,Recipe_BiscuitsAndGravy 1,cooking,Item_BiscuitsAndGravy,Biscuiits and Gravy,2,Stat_HealthRegen,25,12.5
Item_Bread,Bread,Consumables/Foodstuffs,1,Recipe_BiscuitsAndGravy 2,cooking,Item_BiscuitsAndGravy,Biscuiits and Gravy,2,Stat_HealthRegen,25,12.5
Item_Bread,Bread,Consumables/Foodstuffs,2,Recipe_BiscuitsAndGravy 3,cooking,Item_BiscuitsAndGravy,Biscuiits and Gravy,2,Stat_HealthRegen,25,12.5
Item_Bread,Bread,Consumables/Foodstuffs,1,Recipe_BreadBanana_1,cooking,Item_BananaBread,Banana Bread,2,Stat_HealthRegen,30,15.0
Item_Bread,Bread,Consumables/Foodstuffs,1,Recipe_BreadBanana_1 1,cooking,Item_BananaBread,Banana Bread,2,Stat_HealthRegen,30,15.0
Item_Bread,Bread,Consumables/Foodstuffs,2,Recipe_BreadBanana_1 2,cooking,Item_BananaBread,Banana Bread,2,Stat_HealthRegen,30,15.0
Item_Bread,Bread,Consumables/Foodstuffs,2,Recipe_BreadBanana_1 3,cooking,Item_BananaBread,Banana Bread,2,Stat_HealthRegen,30,15.0
Item_Bread,Bread,Consumables/Foodstuffs,1,Recipe_BuddySandwich,cooking,Item_SandwichBuddy,Buddy Sandwich,2,Stat_HealthRegen,15,7.5
Item_Bread,Bread,Consumables/Foodstuffs,1,Recipe_Cevapi_1,cooking,Item_Cevapi,Cevapi,2,Stat_HealthRegen,25,12.5
Item_Bread,Bread,Consumables/Foodstuffs,1,Recipe_Cevapi_1 1,cooking,Item_Cevapi,Cevapi,2,Stat_HealthRegen,25,12.5
Item_Bread,Bread,Consumables/Foodstuffs,1,Recipe_Cevapi_1 2,cooking,Item_Cevapi,Cevapi,2,Stat_HealthRegen,25,12.5
Item_Bread,Bread,Consumables/Foodstuffs,1,Recipe_Cevapi_1 3,cooking,Item_Cevapi,Cevapi,2,Stat_HealthRegen,25,12.5
Item_Bread,Bread,Consumables/Foodstuffs,1,Recipe_Cevapi_1 4,cooking,Item_Cevapi,Cevapi,2,Stat_HealthRegen,25,12.5
Item_Bread,Bread,Consumables/Foodstuffs,1,Recipe_Cevapi_1 5,cooking,Item_Cevapi,Cevapi,2,Stat_HealthRegen,25,12.5
Item_Bread,Bread,Consumables/Foodstuffs,1,Recipe_CheeseburgerDouble_1,cooking,Item_DoubleCheeseburger,Double Cheeseburger,1,Stat_HealthRegen,200,200.0
Item_Bread,Bread,Consumables/Foodstuffs,1,Recipe_CheeseburgerDouble_1 1,cooking,Item_DoubleCheeseburger,Double Cheeseburger,1,Stat_HealthRegen,200,200.0
Item_Bread,Bread,Consumables/Foodstuffs,1,Recipe_CheeseburgerDouble_1 2,cooking,Item_DoubleCheeseburger,Double Cheeseburger,1,Stat_HealthRegen,200,200.0
Item_Bread,Bread,Consumables/Foodstuffs,1,Recipe_CheeseburgerDouble_1 3,cooking,Item_DoubleCheeseburger,Double Cheeseburger,1,Stat_HealthRegen,200,200.0
Item_Bread,Bread,Consumables/Foodstuffs,1,Recipe_CheeseburgerDouble_1 4,cooking,Item_DoubleCheeseburger,Double Cheeseburger,1,Stat_HealthRegen,200,200.0
Item_Bread,Bread,Consumables/Foodstuffs,1,Recipe_CheeseburgerDouble_1 5,cooking,Item_DoubleCheeseburger,Double Cheeseburger,1,Stat_HealthRegen,200,200.0
Item_Bread,Bread,Consumables/Foodstuffs,1,Recipe_Cheeseburger_1 1,cooking,Item_Cheeseburger,Cheeseburger,1,Stat_HealthRegen,45,45.0
Item_Bread,Bread,Consumables/Foodstuffs,2,Recipe_Cheeseburger_1 10,cooking,Item_Cheeseburger,Cheeseburger,1,Stat_HealthRegen,45,45.0
Item_Bread,Bread,Consumables/Foodstuffs,2,Recipe_Cheeseburger_1 11,cooking,Item_Cheeseburger,Cheeseburger,1,Stat_HealthRegen,45,45.0
Item_Bread,Bread,Consumables/Foodstuffs,2,Recipe_Cheeseburger_1 12,cooking,Item_Cheeseburger,Cheeseburger,1,Stat_HealthRegen,45,45.0
Item_Bread,Bread,Consumables/Foodstuffs,1,Recipe_Cheeseburger_1 13,cooking,Item_Cheeseburger,Cheeseburger,1,Stat_HealthRegen,45,45.0
Item_Bread,Bread,Consumables/Foodstuffs,1,Recipe_Cheeseburger_1 14,cooking,Item_Cheeseburger,Cheeseburger,1,Stat_HealthRegen,45,45.0
Item_Bread,Bread,Consumables/Foodstuffs,1,Recipe_Cheeseburger_1 15,cooking,Item_Cheeseburger,Cheeseburger,1,Stat_HealthRegen,45,45.0
Item_Bread,Bread,Consumables/Foodstuffs,1,Recipe_Cheeseburger_1 16,cooking,Item_Cheeseburger,Cheeseburger,1,Stat_HealthRegen,45,45.0
Item_Bread,Bread,Consumables/Foodstuffs,1,Recipe_Cheeseburger_1 17,cooking,Item_Cheeseburger,Cheeseburger,1,Stat_HealthRegen,45,45.0
Item_Bread,Bread,Consumables/Foodstuffs,1,Recipe_Cheeseburger_1 18,cooking,Item_Cheeseburger,Cheeseburger,1,Stat_HealthRegen,45,45.0
Item_Bread,Bread,Consumables/Foodstuffs,2,Recipe_Cheeseburger_1 19,cooking,Item_DoubleCheeseburger,Double Cheeseburger,1,Stat_HealthRegen,200,200.0
Item_Bread,Bread,Consumables/Foodstuffs,1,Recipe_Cheeseburger_1 2,cooking,Item_Cheeseburger,Cheeseburger,1,Stat_HealthRegen,45,45.0
Item_Bread,Bread,Consumables/Foodstuffs,2,Recipe_Cheeseburger_1 20,cooking,Item_DoubleCheeseburger,Double Cheeseburger,1,Stat_HealthRegen,200,200.0
Item_Bread,Bread,Consumables/Foodstuffs,2,Recipe_Cheeseburger_1 21,cooking,Item_DoubleCheeseburger,Double Cheeseburger,1,Stat_HealthRegen,200,200.0
Item_Bread,Bread,Consumables/Foodstuffs,2,Recipe_Cheeseburger_1 22,cooking,Item_DoubleCheeseburger,Double Cheeseburger,1,Stat_HealthRegen,200,200.0
Item_Bread,Bread,Consumables/Foodstuffs,2,Recipe_Cheeseburger_1 23,cooking,Item_DoubleCheeseburger,Double Cheeseburger,1,Stat_HealthRegen,200,200.0
Item_Bread,Bread,Consumables/Foodstuffs,2,Recipe_Cheeseburger_1 24,cooking,Item_DoubleCheeseburger,Double Cheeseburger,1,Stat_HealthRegen,200,200.0
Item_Bread,Bread,Consumables/Foodstuffs,2,Recipe_Cheeseburger_1 25,cooking,Item_DoubleCheeseburger,Double Cheeseburger,1,Stat_HealthRegen,200,200.0
Item_Bread,Bread,Consumables/Foodstuffs,2,Recipe_Cheeseburger_1 26,cooking,Item_DoubleCheeseburger,Double Cheeseburger,1,Stat_HealthRegen,200,200.0
Item_Bread,Bread,Consumables/Foodstuffs,2,Recipe_Cheeseburger_1 27,cooking,Item_DoubleCheeseburger,Double Cheeseburger,1,Stat_HealthRegen,200,200.0
Item_Bread,Bread,Consumables/Foodstuffs,2,Recipe_Cheeseburger_1 28,cooking,Item_DoubleCheeseburger,Double Cheeseburger,1,Stat_HealthRegen,200,200.0
Item_Bread,Bread,Consumables/Foodstuffs,2,Recipe_Cheeseburger_1 29,cooking,Item_DoubleCheeseburger,Double Cheeseburger,1,Stat_HealthRegen,200,200.0
Item_Bread,Bread,Consumables/Foodstuffs,1,Recipe_Cheeseburger_1 3,cooking,Item_Cheeseburger,Cheeseburger,1,Stat_HealthRegen,45,45.0
Item_Bread,Bread,Consumables/Foodstuffs,2,Recipe_Cheeseburger_1 30,cooking,Item_DoubleCheeseburger,Double Cheeseburger,1,Stat_HealthRegen,200,200.0
Item_Bread,Bread,Consumables/Foodstuffs,3,Recipe_Cheeseburger_1 31,cooking,Item_DoubleCheeseburger,Double Cheeseburger,1,Stat_HealthRegen,200,200.0
Item_Bread,Bread,Consumables/Foodstuffs,3,Recipe_Cheeseburger_1 32,cooking,Item_DoubleCheeseburger,Double Cheeseburger,1,Stat_HealthRegen,200,200.0
Item_Bread,Bread,Consumables/Foodstuffs,3,Recipe_Cheeseburger_1 33,cooking,Item_DoubleCheeseburger,Double Cheeseburger,1,Stat_HealthRegen,200,200.0
Item_Bread,Bread,Consumables/Foodstuffs,3,Recipe_Cheeseburger_1 34,cooking,Item_DoubleCheeseburger,Double Cheeseburger,1,Stat_HealthRegen,200,200.0
Item_Bread,Bread,Consumables/Foodstuffs,3,Recipe_Cheeseburger_1 35,cooking,Item_DoubleCheeseburger,Double Cheeseburger,1,Stat_HealthRegen,200,200.0
Item_Bread,Bread,Consumables/Foodstuffs,3,Recipe_Cheeseburger_1 36,cooking,Item_DoubleCheeseburger,Double Cheeseburger,1,Stat_HealthRegen,200,200.0
Item_Bread,Bread,Consumables/Foodstuffs,3,Recipe_Cheeseburger_1 37,cooking,Item_DoubleCheeseburger,Double Cheeseburger,1,Stat_HealthRegen,200,200.0
Item_Bread,Bread,Consumables/Foodstuffs,3,Recipe_Cheeseburger_1 38,cooking,Item_DoubleCheeseburger,Double Cheeseburger,1,Stat_HealthRegen,200,200.0
Item_Bread,Bread,Consumables/Foodstuffs,3,Recipe_Cheeseburger_1 39,cooking,Item_DoubleCheeseburger,Double Cheeseburger,1,Stat_HealthRegen,200,200.0
Item_Bread,Bread,Consumables/Foodstuffs,1,Recipe_Cheeseburger_1 4,cooking,Item_Cheeseburger,Cheeseburger,1,Stat_HealthRegen,45,45.0
Item_Bread,Bread,Consumables/Foodstuffs,3,Recipe_Cheeseburger_1 40,cooking,Item_DoubleCheeseburger,Double Cheeseburger,1,Stat_HealthRegen,200,200.0
Item_Bread,Bread,Consumables/Foodstuffs,3,Recipe_Cheeseburger_1 41,cooking,Item_DoubleCheeseburger,Double Cheeseburger,1,Stat_HealthRegen,200,200.0
Item_Bread,Bread,Consumables/Foodstuffs,3,Recipe_Cheeseburger_1 42,cooking,Item_DoubleCheeseburger,Double Cheeseburger,1,Stat_HealthRegen,200,200.0
Item_Bread,Bread,Consumables/Foodstuffs,1,Recipe_Cheeseburger_1 5,cooking,Item_Cheeseburger,Cheeseburger,1,Stat_HealthRegen,45,45.0
Item_Bread,Bread,Consumables/Foodstuffs,1,Recipe_Cheeseburger_1 6,cooking,Item_Cheeseburger,Cheeseburger,1,Stat_HealthRegen,45,45.0
Item_Bread,Bread,Consumables/Foodstuffs,2,Recipe_Cheeseburger_1 7,cooking,Item_Cheeseburger,Cheeseburger,1,Stat_HealthRegen,45,45.0
Item_Bread,Bread,Consumables/Foodstuffs,2,Recipe_Cheeseburger_1 8,cooking,Item_Cheeseburger,Cheeseburger,1,Stat_HealthRegen,45,45.0
Item_Bread,Bread,Consumables/Foodstuffs,2,Recipe_Cheeseburger_1 9,cooking,Item_Cheeseburger,Cheeseburger,1,Stat_HealthRegen,45,45.0
Item_Bread,Bread,Consumables/Foodstuffs,1,Recipe_DoppiGrytan 1,cooking,Item_DoppIGrytan,Dopp I Grytan,4,Stat_HealthRegen,35,8.75
Item_Bread,Bread,Consumables/Foodstuffs,1,Recipe_DoppiGrytan 2,cooking,Item_DoppIGrytan,Dopp I Grytan,4,Stat_HealthRegen,35,8.75
Item_Bread,Bread,Consumables/Foodstuffs,2,Recipe_DoppiGrytan 3,cooking,Item_DoppIGrytan,Dopp I Grytan,4,Stat_HealthRegen,35,8.75
Item_Bread,Bread,Consumables/Foodstuffs,1,Recipe_FrenchHotdog_1,cooking,Item_FrenchHotdog,French Hotdog,2,Stat_HealthRegen,30,15.0
Item_Bread,Bread,Consumables/Foodstuffs,1,Recipe_FrenchHotdog_2,cooking,Item_FrenchHotdog,French Hotdog,2,Stat_HealthRegen,30,15.0
Item_Bread,Bread,Consumables/Foodstuffs,1,Recipe_FrenchHotdog_3,cooking,Item_FrenchHotdog,French Hotdog,2,Stat_HealthRegen,30,15.0
Item_Bread,Bread,Consumables/Foodstuffs,1,Recipe_FrenchHotdog_4,cooking,Item_FrenchHotdog,French Hotdog,2,Stat_HealthRegen,30,15.0
Item_Bread,Bread,Consumables/Foodstuffs,1,Recipe_FrenchHotdog_5,cooking,Item_FrenchHotdog,French Hotdog,2,Stat_HealthRegen,30,15.0
Item_Bread,Bread,Consumables/Foodstuffs,1,Recipe_FrenchHotdog_6,cooking,Item_FrenchHotdog,French Hotdog,2,Stat_HealthRegen,30,15.0
Item_Bread,Bread,Consumables/Foodstuffs,1,Recipe_FrenchHotdog_7,cooking,Item_FrenchHotdog,French Hotdog,2,Stat_HealthRegen,30,15.0
Item_Bread,Bread,Consumables/Foodstuffs,1,Recipe_FrenchHotdog_8,cooking,Item_FrenchHotdog,French Hotdog,2,Stat_HealthRegen,30,15.0
Item_Bread,Bread,Consumables/Foodstuffs,1,Recipe_FrenchHotdog_9,cooking,Item_FrenchHotdog,French Hotdog,2,Stat_HealthRegen,30,15.0
Item_Bread,Bread,Consumables/Foodstuffs,1,Recipe_FrenchToast_1,cooking,Item_FrenchToast,French Toast,1,Stat_HealthRegen,15,15.0
Item_Bread,Bread,Consumables/Foodstuffs,1,Recipe_FrenchToast_1 1,cooking,Item_FrenchToast,French Toast,1,Stat_HealthRegen,15,15.0
Item_Bread,Bread,Consumables/Foodstuffs,2,Recipe_FrenchToast_1 2,cooking,Item_FrenchToast,French Toast,1,Stat_HealthRegen,15,15.0
Item_Bread,Bread,Consumables/Foodstuffs,1,Recipe_FrenchToast_1 3,cooking,Item_FrenchToast,French Toast,1,Stat_HealthRegen,15,15.0
Item_Bread,Bread,Consumables/Foodstuffs,1,Recipe_FrenchToast_1 4,cooking,Item_FrenchToast,French Toast,1,Stat_HealthRegen,15,15.0
Item_Bread,Bread,Consumables/Foodstuffs,2,Recipe_FrenchToast_1 5,cooking,Item_FrenchToast,French Toast,1,Stat_HealthRegen,15,15.0
Item_Bread,Bread,Consumables/Foodstuffs,2,Recipe_FrenchToast_1 6,cooking,Item_FrenchToast,French Toast,1,Stat_HealthRegen,15,15.0
Item_Bread,Bread,Consumables/Foodstuffs,2,Recipe_FrenchToast_1 7,cooking,Item_FrenchToast,French Toast,1,Stat_HealthRegen,15,15.0
Item_Bread,Bread,Consumables/Foodstuffs,1,Recipe_FrenchToast_2,cooking,Item_FrenchToast,French Toast,1,Stat_HealthRegen,15,15.0
Item_Bread,Bread,Consumables/Foodstuffs,1,Recipe_FrenchToast_2 1,cooking,Item_FrenchToast,French Toast,1,Stat_HealthRegen,15,15.0
Item_Bread,Bread,Consumables/Foodstuffs,2,Recipe_FrenchToast_2 2,cooking,Item_FrenchToast,French Toast,1,Stat_HealthRegen,15,15.0
Item_Bread,Bread,Consumables/Foodstuffs,2,Recipe_FrenchToast_2 3,cooking,Item_FrenchToast,French Toast,1,Stat_HealthRegen,15,15.0
Item_Bread,Bread,Consumables/Foodstuffs,1,Recipe_HolyToast_1,cooking,Item_HolyToast,Holy Toast,1,Stat_CoyoteTime,90,90.0
Item_Bread,Bread,Consumables/Foodstuffs,1,Recipe_HolyToast_2,cooking,Item_HolyToast,Holy Toast,1,Stat_CoyoteTime,90,90.0
Item_Bread,Bread,Consumables/Foodstuffs,1,Recipe_Leverpastejsmacka 1,cooking,Item_SandwichLeverpastej,Liver Patty Sandwich,1,Stat_HealthRegen,20,20.0
Item_Bread,Bread,Consumables/Foodstuffs,1,Recipe_Leverpastejsmacka 2,cooking,Item_SandwichLeverpastej,Liver Patty Sandwich,1,Stat_HealthRegen,20,20.0
Item_Bread,Bread,Consumables/Foodstuffs,1,Recipe_Lussekatt_1,cooking,Item_Lussekatt,Lussekatt,2,Stat_HealthRegen,30,15.0
Item_Bread,Bread,Consumables/Foodstuffs,2,Recipe_Lussekatt_2,cooking,Item_Lussekatt,Lussekatt,2,Stat_HealthRegen,30,15.0
Item_Bread,Bread,Consumables/Foodstuffs,1,Recipe_NutSpreadSandwitch_1 4,cooking,Item_SandwichPeanutbutter,Peanutbutter Sandwich,1,Stat_HealthRegen,25,25.0
Item_Bread,Bread,Consumables/Foodstuffs,1,Recipe_NutSpreadSandwitch_1 6,cooking,Item_SandwichPeanutbutter,Peanutbutter Sandwich,1,Stat_HealthRegen,25,25.0
Item_Bread,Bread,Consumables/Foodstuffs,1,Recipe_NutSpreadSandwitch_2 2,cooking,Item_SandwichPeanutbutter,Peanutbutter Sandwich,1,Stat_HealthRegen,25,25.0
Item_Bread,Bread,Consumables/Foodstuffs,1,Recipe_PeanutButterJellySandwitch_1,cooking,Item_SandwichPeanutbutterJelly,Peanutbutter Jelly Sandwich,1,Stat_HealthRegen,35,35.0
Item_Bread,Bread,Consumables/Foodstuffs,1,Recipe_PeanutButterJellySandwitch_1 2,cooking,Item_SandwichPeanutbutterJelly,Peanutbutter Jelly Sandwich,1,Stat_HealthRegen,35,35.0
Item_Bread,Bread,Consumables/Foodstuffs,1,Recipe_PeanutButterJellySandwitch_2,cooking,Item_SandwichPeanutbutterJelly,Peanutbutter Jelly Sandwich,1,Stat_HealthRegen,35,35.0
Item_Bread,Bread,Consumables/Foodstuffs,1,Recipe_PeanutButterSandwitch_1,cooking,Item_SandwichPeanutbutter,Peanutbutter Sandwich,1,Stat_HealthRegen,25,25.0
Item_Bread,Bread,Consumables/Foodstuffs,1,Recipe_PeanutButterSandwitch_1 2,cooking,Item_SandwichPeanutbutter,Peanutbutter Sandwich,1,Stat_HealthRegen,25,25.0
Item_Bread,Bread,Consumables/Foodstuffs,1,Recipe_PizzaLarge,cooking,Item_PizzaLarge,Pizza,4,Stat_HealthRegen,150,37.5
Item_Bread,Bread,Consumables/Foodstuffs,1,Recipe_Sandwich_1,cooking,Item_SandwichButter,Butter Sandwich,1,Stat_HealthRegen,15,15.0
Item_Bread,Bread,Consumables/Foodstuffs,1,Recipe_Sandwich_2,cooking,Item_SandwichCheese,Cheese Sandwich,1,Stat_HealthRegen,20,20.0
Item_Bread,Bread,Consumables/Foodstuffs,1,Recipe_Sandwich_3,cooking,Item_SandwichCheese,Cheese Sandwich,1,Stat_HealthRegen,20,20.0
Item_Bread,Bread,Consumables/Foodstuffs,3,Recipe_Sandwich_4,cooking,Item_SandwichBread,Bread Sandwich,1,Stat_HealthRegen,15,15.0
Item_Bread,Bread,Consumables/Foodstuffs,2,Recipe_Sandwich_5,cooking,Item_SandwichCheese,Cheese Sandwich,1,Stat_HealthRegen,20,20.0
Item_Bread,Bread,Consumables/Foodstuffs,1,Recipe_ToastSkagen,cooking,Item_ToastSkagen,Toast Skagen,1,Stat_HealthRegen,15,15.0
Item_Bread,Bread,Consumables/Foodstuffs,1,Recipe_ToastSkagen 1,cooking,Item_ToastSkagen,Toast Skagen,1,Stat_HealthRegen,15,15.0
Item_Bread,Bread,Consumables/Foodstuffs,1,Recipe_ToastSkagen 2,cooking,Item_ToastSkagen,Toast Skagen,1,Stat_HealthRegen,15,15.0
Item_Broth,Broth,Consumables/Foodstuffs,1,Recipe_CuissesDeGrenouille_2,cooking,Item_CuissesDeGrenouille,Cuisses De Grenouille,2,Stat_HealthRegen,35,17.5
Item_Broth,Broth,Consumables/Foodstuffs,1,Recipe_DoppiGrytan 1,cooking,Item_DoppIGrytan,Dopp I Grytan,4,Stat_HealthRegen,35,8.75
Item_Broth,Broth,Consumables/Foodstuffs,2,Recipe_DoppiGrytan 2,cooking,Item_DoppIGrytan,Dopp I Grytan,4,Stat_HealthRegen,35,8.75
Item_Broth,Broth,Consumables/Foodstuffs,1,Recipe_DoppiGrytan 3,cooking,Item_DoppIGrytan,Dopp I Grytan,4,Stat_HealthRegen,35,8.75
Item_Broth,Broth,Consumables/Foodstuffs,1,Recipe_Escargot_3,cooking,Item_Escargot,Escargot,2,Stat_HealthRegen,30,15.0
Item_Broth,Broth,Consumables/Foodstuffs,1,Recipe_Fondue_4,cooking,Item_Fondue,Fondue,2,Stat_HealthRegen,50,25.0
Item_Broth,Broth,Consumables/Foodstuffs,1,Recipe_Gravy_1,cooking,Item_Gravy,Gravy,2,Stat_HealthRegen,20,10.0
Item_Broth,Broth,Consumables/Foodstuffs,1,Recipe_Gravy_1 1,cooking,Item_Gravy,Gravy,2,Stat_HealthRegen,20,10.0
Item_Broth,Broth,Consumables/Foodstuffs,1,Recipe_Gravy_1 2,cooking,Item_Gravy,Gravy,2,Stat_HealthRegen,20,10.0
Item_Broth,Broth,Consumables/Foodstuffs,1,Recipe_Gravy_1 3,cooking,Item_Gravy,Gravy,2,Stat_HealthRegen,20,10.0
Item_Broth,Broth,Consumables/Foodstuffs,1,Recipe_Gravy_1 4,cooking,Item_Gravy,Gravy,2,Stat_HealthRegen,20,10.0
Item_Broth,Broth,Consumables/Foodstuffs,1,Recipe_Hotpot,cooking,Item_HotPot,Hot Pot,6,Stat_HealthRegen,50,8.3333
Item_Broth,Broth,Consumables/Foodstuffs,1,Recipe_Hotpot 1,cooking,Item_HotPot,Hot Pot,6,Stat_HealthRegen,50,8.3333
Item_Broth,Broth,Consumables/Foodstuffs,1,Recipe_Hotpot 10,cooking,Item_HotPot,Hot Pot,6,Stat_HealthRegen,50,8.3333
Item_Broth,Broth,Consumables/Foodstuffs,1,Recipe_Hotpot 11,cooking,Item_HotPot,Hot Pot,6,Stat_HealthRegen,50,8.3333
Item_Broth,Broth,Consumables/Foodstuffs,1,Recipe_Hotpot 12,cooking,Item_HotPot,Hot Pot,6,Stat_HealthRegen,50,8.3333
Item_Broth,Broth,Consumables/Foodstuffs,1,Recipe_Hotpot 13,cooking,Item_HotPot,Hot Pot,6,Stat_HealthRegen,50,8.3333
Item_Broth,Broth,Consumables/Foodstuffs,1,Recipe_Hotpot 14,cooking,Item_HotPot,Hot Pot,6,Stat_HealthRegen,50,8.3333
Item_Broth,Broth,Consumables/Foodstuffs,1,Recipe_Hotpot 15,cooking,Item_HotPot,Hot Pot,6,Stat_HealthRegen,50,8.3333
Item_Broth,Broth,Consumables/Foodstuffs,1,Recipe_Hotpot 16,cooking,Item_HotPot,Hot Pot,6,Stat_HealthRegen,50,8.3333
Item_Broth,Broth,Consumables/Foodstuffs,1,Recipe_Hotpot 17,cooking,Item_HotPot,Hot Pot,6,Stat_HealthRegen,50,8.3333
Item_Broth,Broth,Consumables/Foodstuffs,1,Recipe_Hotpot 18,cooking,Item_HotPot,Hot Pot,6,Stat_HealthRegen,50,8.3333
Item_Broth,Broth,Consumables/Foodstuffs,1,Recipe_Hotpot 19,cooking,Item_HotPot,Hot Pot,6,Stat_HealthRegen,50,8.3333
Item_Broth,Broth,Consumables/Foodstuffs,1,Recipe_Hotpot 2,cooking,Item_HotPot,Hot Pot,6,Stat_HealthRegen,50,8.3333
Item_Broth,Broth,Consumables/Foodstuffs,1,Recipe_Hotpot 20,cooking,Item_HotPot,Hot Pot,6,Stat_HealthRegen,50,8.3333
Item_Broth,Broth,Consumables/Foodstuffs,1,Recipe_Hotpot 21,cooking,Item_HotPot,Hot Pot,6,Stat_HealthRegen,50,8.3333
Item_Broth,Broth,Consumables/Foodstuffs,1,Recipe_Hotpot 22,cooking,Item_HotPot,Hot Pot,6,Stat_HealthRegen,50,8.3333
Item_Broth,Broth,Consumables/Foodstuffs,1,Recipe_Hotpot 23,cooking,Item_HotPot,Hot Pot,6,Stat_HealthRegen,50,8.3333
Item_Broth,Broth,Consumables/Foodstuffs,1,Recipe_Hotpot 24,cooking,Item_HotPot,Hot Pot,6,Stat_HealthRegen,50,8.3333
Item_Broth,Broth,Consumables/Foodstuffs,1,Recipe_Hotpot 25,cooking,Item_HotPot,Hot Pot,6,Stat_HealthRegen,50,8.3333
Item_Broth,Broth,Consumables/Foodstuffs,1,Recipe_Hotpot 26,cooking,Item_HotPot,Hot Pot,6,Stat_HealthRegen,50,8.3333
Item_Broth,Broth,Consumables/Foodstuffs,1,Recipe_Hotpot 27,cooking,Item_HotPot,Hot Pot,6,Stat_HealthRegen,50,8.3333
Item_Broth,Broth,Consumables/Foodstuffs,1,Recipe_Hotpot 28,cooking,Item_HotPot,Hot Pot,6,Stat_HealthRegen,50,8.3333
Item_Broth,Broth,Consumables/Foodstuffs,1,Recipe_Hotpot 29,cooking,Item_HotPot,Hot Pot,6,Stat_HealthRegen,50,8.3333
Item_Broth,Broth,Consumables/Foodstuffs,1,Recipe_Hotpot 3,cooking,Item_HotPot,Hot Pot,6,Stat_HealthRegen,50,8.3333
Item_Broth,Broth,Consumables/Foodstuffs,2,Recipe_Hotpot 30,cooking,Item_HotPot,Hot Pot,6,Stat_HealthRegen,50,8.3333
Item_Broth,Broth,Consumables/Foodstuffs,2,Recipe_Hotpot 31,cooking,Item_HotPot,Hot Pot,6,Stat_HealthRegen,50,8.3333
Item_Broth,Broth,Consumables/Foodstuffs,2,Recipe_Hotpot 32,cooking,Item_HotPot,Hot Pot,6,Stat_HealthRegen,50,8.3333
Item_Broth,Broth,Consumables/Foodstuffs,2,Recipe_Hotpot 33,cooking,Item_HotPot,Hot Pot,6,Stat_HealthRegen,50,8.3333
Item_Broth,Broth,Consumables/Foodstuffs,2,Recipe_Hotpot 34,cooking,Item_HotPot,Hot Pot,6,Stat_HealthRegen,50,8.3333
Item_Broth,Broth,Consumables/Foodstuffs,2,Recipe_Hotpot 35,cooking,Item_HotPot,Hot Pot,6,Stat_HealthRegen,50,8.3333
Item_Broth,Broth,Consumables/Foodstuffs,2,Recipe_Hotpot 36,cooking,Item_HotPot,Hot Pot,6,Stat_HealthRegen,50,8.3333
Item_Broth,Broth,Consumables/Foodstuffs,2,Recipe_Hotpot 37,cooking,Item_HotPot,Hot Pot,6,Stat_HealthRegen,50,8.3333
Item_Broth,Broth,Consumables/Foodstuffs,2,Recipe_Hotpot 38,cooking,Item_HotPot,Hot Pot,6,Stat_HealthRegen,50,8.3333
Item_Broth,Broth,Consumables/Foodstuffs,2,Recipe_Hotpot 39,cooking,Item_HotPot,Hot Pot,6,Stat_HealthRegen,50,8.3333
Item_Broth,Broth,Consumables/Foodstuffs,1,Recipe_Hotpot 4,cooking,Item_HotPot,Hot Pot,6,Stat_HealthRegen,50,8.3333
Item_Broth,Broth,Consumables/Foodstuffs,2,Recipe_Hotpot 40,cooking,Item_HotPot,Hot Pot,6,Stat_HealthRegen,50,8.3333
Item_Broth,Broth,Consumables/Foodstuffs,2,Recipe_Hotpot 41,cooking,Item_HotPot,Hot Pot,6,Stat_HealthRegen,50,8.3333
Item_Broth,Broth,Consumables/Foodstuffs,2,Recipe_Hotpot 42,cooking,Item_HotPot,Hot Pot,6,Stat_HealthRegen,50,8.3333
Item_Broth,Broth,Consumables/Foodstuffs,2,Recipe_Hotpot 43,cooking,Item_HotPot,Hot Pot,6,Stat_HealthRegen,50,8.3333
Item_Broth,Broth,Consumables/Foodstuffs,2,Recipe_Hotpot 44,cooking,Item_HotPot,Hot Pot,6,Stat_HealthRegen,50,8.3333
Item_Broth,Broth,Consumables/Foodstuffs,2,Recipe_Hotpot 45,cooking,Item_HotPot,Hot Pot,6,Stat_HealthRegen,50,8.3333
Item_Broth,Broth,Consumables/Foodstuffs,2,Recipe_Hotpot 46,cooking,Item_HotPot,Hot Pot,6,Stat_HealthRegen,50,8.3333
Item_Broth,Broth,Consumables/Foodstuffs,2,Recipe_Hotpot 47,cooking,Item_HotPot,Hot Pot,6,Stat_HealthRegen,50,8.3333
Item_Broth,Broth,Consumables/Foodstuffs,2,Recipe_Hotpot 48,cooking,Item_HotPot,Hot Pot,6,Stat_HealthRegen,50,8.3333
Item_Broth,Broth,Consumables/Foodstuffs,2,Recipe_Hotpot 49,cooking,Item_HotPot,Hot Pot,6,Stat_HealthRegen,50,8.3333
Item_Broth,Broth,Consumables/Foodstuffs,1,Recipe_Hotpot 5,cooking,Item_HotPot,Hot Pot,6,Stat_HealthRegen,50,8.3333
Item_Broth,Broth,Consumables/Foodstuffs,2,Recipe_Hotpot 50,cooking,Item_HotPot,Hot Pot,6,Stat_HealthRegen,50,8.3333
Item_Broth,Broth,Consumables/Foodstuffs,2,Recipe_Hotpot 51,cooking,Item_HotPot,Hot Pot,6,Stat_HealthRegen,50,8.3333
Item_Broth,Broth,Consumables/Foodstuffs,2,Recipe_Hotpot 52,cooking,Item_HotPot,Hot Pot,6,Stat_HealthRegen,50,8.3333
Item_Broth,Broth,Consumables/Foodstuffs,2,Recipe_Hotpot 53,cooking,Item_HotPot,Hot Pot,6,Stat_HealthRegen,50,8.3333
Item_Broth,Broth,Consumables/Foodstuffs,2,Recipe_Hotpot 54,cooking,Item_HotPot,Hot Pot,6,Stat_HealthRegen,50,8.3333
Item_Broth,Broth,Consumables/Foodstuffs,2,Recipe_Hotpot 55,cooking,Item_HotPot,Hot Pot,6,Stat_HealthRegen,50,8.3333
Item_Broth,Broth,Consumables/Foodstuffs,2,Recipe_Hotpot 56,cooking,Item_HotPot,Hot Pot,6,Stat_HealthRegen,50,8.3333
Item_Broth,Broth,Consumables/Foodstuffs,2,Recipe_Hotpot 57,cooking,Item_HotPot,Hot Pot,6,Stat_HealthRegen,50,8.3333
Item_Broth,Broth,Consumables/Foodstuffs,2,Recipe_Hotpot 58,cooking,Item_HotPot,Hot Pot,6,Stat_HealthRegen,50,8.3333
Item_Broth,Broth,Consumables/Foodstuffs,2,Recipe_Hotpot 59,cooking,Item_HotPot,Hot Pot,6,Stat_HealthRegen,50,8.3333
Item_Broth,Broth,Consumables/Foodstuffs,1,Recipe_Hotpot 6,cooking,Item_HotPot,Hot Pot,6,Stat_HealthRegen,50,8.3333
Item_Broth,Broth,Consumables/Foodstuffs,2,Recipe_Hotpot 60,cooking,Item_HotPot,Hot Pot,6,Stat_HealthRegen,50,8.3333
Item_Broth,Broth,Consumables/Foodstuffs,2,Recipe_Hotpot 61,cooking,Item_HotPot,Hot Pot,6,Stat_HealthRegen,50,8.3333
Item_Broth,Broth,Consumables/Foodstuffs,2,Recipe_Hotpot 62,cooking,Item_HotPot,Hot Pot,6,Stat_HealthRegen,50,8.3333
Item_Broth,Broth,Consumables/Foodstuffs,2,Recipe_Hotpot 63,cooking,Item_HotPot,Hot Pot,6,Stat_HealthRegen,50,8.3333
Item_Broth,Broth,Consumables/Foodstuffs,2,Recipe_Hotpot 64,cooking,Item_HotPot,Hot Pot,6,Stat_HealthRegen,50,8.3333
Item_Broth,Broth,Consumables/Foodstuffs,2,Recipe_Hotpot 65,cooking,Item_HotPot,Hot Pot,6,Stat_HealthRegen,50,8.3333
Item_Broth,Broth,Consumables/Foodstuffs,2,Recipe_Hotpot 66,cooking,Item_HotPot,Hot Pot,6,Stat_HealthRegen,50,8.3333
Item_Broth,Broth,Consumables/Foodstuffs,2,Recipe_Hotpot 67,cooking,Item_HotPot,Hot Pot,6,Stat_HealthRegen,50,8.3333
Item_Broth,Broth,Consumables/Foodstuffs,2,Recipe_Hotpot 68,cooking,Item_HotPot,Hot Pot,6,Stat_HealthRegen,50,8.3333
Item_Broth,Broth,Consumables/Foodstuffs,2,Recipe_Hotpot 69,cooking,Item_HotPot,Hot Pot,6,Stat_HealthRegen,50,8.3333
Item_Broth,Broth,Consumables/Foodstuffs,1,Recipe_Hotpot 7,cooking,Item_HotPot,Hot Pot,6,Stat_HealthRegen,50,8.3333
Item_Broth,Broth,Consumables/Foodstuffs,2,Recipe_Hotpot 70,cooking,Item_HotPot,Hot Pot,6,Stat_HealthRegen,50,8.3333
Item_Broth,Broth,Consumables/Foodstuffs,2,Recipe_Hotpot 71,cooking,Item_HotPot,Hot Pot,6,Stat_HealthRegen,50,8.3333
Item_Broth,Broth,Consumables/Foodstuffs,2,Recipe_Hotpot 72,cooking,Item_HotPot,Hot Pot,6,Stat_HealthRegen,50,8.3333
Item_Broth,Broth,Consumables/Foodstuffs,2,Recipe_Hotpot 73,cooking,Item_HotPot,Hot Pot,6,Stat_HealthRegen,50,8.3333
Item_Broth,Broth,Consumables/Foodstuffs,2,Recipe_Hotpot 74,cooking,Item_HotPot,Hot Pot,6,Stat_HealthRegen,50,8.3333
Item_Broth,Broth,Consumables/Foodstuffs,2,Recipe_Hotpot 75,cooking,Item_HotPot,Hot Pot,6,Stat_HealthRegen,50,8.3333
Item_Broth,Broth,Consumables/Foodstuffs,2,Recipe_Hotpot 76,cooking,Item_HotPot,Hot Pot,6,Stat_HealthRegen,50,8.3333
Item_Broth,Broth,Consumables/Foodstuffs,2,Recipe_Hotpot 77,cooking,Item_HotPot,Hot Pot,6,Stat_HealthRegen,50,8.3333
Item_Broth,Broth,Consumables/Foodstuffs,2,Recipe_Hotpot 78,cooking,Item_HotPot,Hot Pot,6,Stat_HealthRegen,50,8.3333
Item_Broth,Broth,Consumables/Foodstuffs,2,Recipe_Hotpot 79,cooking,Item_HotPot,Hot Pot,6,Stat_HealthRegen,50,8.3333
Item_Broth,Broth,Consumables/Foodstuffs,1,Recipe_Hotpot 8,cooking,Item_HotPot,Hot Pot,6,Stat_HealthRegen,50,8.3333
Item_Broth,Broth,Consumables/Foodstuffs,2,Recipe_Hotpot 80,cooking,Item_HotPot,Hot Pot,6,Stat_HealthRegen,50,8.3333
Item_Broth,Broth,Consumables/Foodstuffs,2,Recipe_Hotpot 81,cooking,Item_HotPot,Hot Pot,6,Stat_HealthRegen,50,8.3333
Item_Broth,Broth,Consumables/Foodstuffs,2,Recipe_Hotpot 82,cooking,Item_HotPot,Hot Pot,6,Stat_HealthRegen,50,8.3333
Item_Broth,Broth,Consumables/Foodstuffs,2,Recipe_Hotpot 83,cooking,Item_HotPot,Hot Pot,6,Stat_HealthRegen,50,8.3333
Item_Broth,Broth,Consumables/Foodstuffs,2,Recipe_Hotpot 84,cooking,Item_HotPot,Hot Pot,6,Stat_HealthRegen,50,8.3333
Item_Broth,Broth,Consumables/Foodstuffs,2,Recipe_Hotpot 85,cooking,Item_HotPot,Hot Pot,6,Stat_HealthRegen,50,8.3333
Item_Broth,Broth,Consumables/Foodstuffs,2,Recipe_Hotpot 86,cooking,Item_HotPot,Hot Pot,6,Stat_HealthRegen,50,8.3333
Item_Broth,Broth,Consumables/Foodstuffs,2,Recipe_Hotpot 87,cooking,Item_HotPot,Hot Pot,6,Stat_HealthRegen,50,8.3333
Item_Broth,Broth,Consumables/Foodstuffs,2,Recipe_Hotpot 88,cooking,Item_HotPot,Hot Pot,6,Stat_HealthRegen,50,8.3333
Item_Broth,Broth,Consumables/Foodstuffs,2,Recipe_Hotpot 89,cooking,Item_HotPot,Hot Pot,6,Stat_HealthRegen,50,8.3333
Item_Broth,Broth,Consumables/Foodstuffs,1,Recipe_Hotpot 9,cooking,Item_HotPot,Hot Pot,6,Stat_HealthRegen,50,8.3333
Item_Broth,Broth,Consumables/Foodstuffs,2,Recipe_Hotpot 90,cooking,Item_HotPot,Hot Pot,6,Stat_HealthRegen,50,8.3333
Item_Broth,Broth,Consumables/Foodstuffs,2,Recipe_Hotpot 91,cooking,Item_HotPot,Hot Pot,6,Stat_HealthRegen,50,8.3333
Item_Broth,Broth,Consumables/Foodstuffs,2,Recipe_Hotpot 92,cooking,Item_HotPot,Hot Pot,6,Stat_HealthRegen,50,8.3333
Item_Broth,Broth,Consumables/Foodstuffs,2,Recipe_Hotpot 93,cooking,Item_HotPot,Hot Pot,6,Stat_HealthRegen,50,8.3333
Item_Broth,Broth,Consumables/Foodstuffs,2,Recipe_Hotpot 94,cooking,Item_HotPot,Hot Pot,6,Stat_HealthRegen,50,8.3333
Item_Broth,Broth,Consumables/Foodstuffs,2,Recipe_Hotpot 95,cooking,Item_HotPot,Hot Pot,6,Stat_HealthRegen,50,8.3333
Item_Broth,Broth,Consumables/Foodstuffs,1,Recipe_MushroomSoupBroth_10,cooking,Item_MushroomSoup,Mushroom Soup,2,Stat_HealthRegen,20,10.0
Item_Broth,Broth,Consumables/Foodstuffs,1,Recipe_MushroomSoupBroth_10 1,cooking,Item_MushroomSoup,Mushroom Soup,2,Stat_HealthRegen,20,10.0
Item_Broth,Broth,Consumables/Foodstuffs,1,Recipe_MushroomSoupBroth_10 2,cooking,Item_MushroomSoup,Mushroom Soup,2,Stat_HealthRegen,20,10.0
Item_Broth,Broth,Consumables/Foodstuffs,1,Recipe_MushroomSoupBroth_11,cooking,Item_MushroomSoup,Mushroom Soup,2,Stat_HealthRegen,20,10.0
Item_Broth,Broth,Consumables/Foodstuffs,1,Recipe_MushroomSoupBroth_11 1,cooking,Item_MushroomSoup,Mushroom Soup,2,Stat_HealthRegen,20,10.0
Item_Broth,Broth,Consumables/Foodstuffs,1,Recipe_MushroomSoupBroth_11 2,cooking,Item_MushroomSoup,Mushroom Soup,2,Stat_HealthRegen,20,10.0
Item_Broth,Broth,Consumables/Foodstuffs,2,Recipe_MushroomSoupBroth_11 3,cooking,Item_MushroomSoup,Mushroom Soup,2,Stat_HealthRegen,20,10.0
Item_Broth,Broth,Consumables/Foodstuffs,2,Recipe_MushroomSoupBroth_11 4,cooking,Item_MushroomSoup,Mushroom Soup,2,Stat_HealthRegen,20,10.0
Item_Broth,Broth,Consumables/Foodstuffs,2,Recipe_MushroomSoupBroth_11 5,cooking,Item_MushroomSoup,Mushroom Soup,2,Stat_HealthRegen,20,10.0
Item_Broth,Broth,Consumables/Foodstuffs,1,Recipe_MushroomSoupBroth_4,cooking,Item_MushroomSoup,Mushroom Soup,2,Stat_HealthRegen,20,10.0
Item_Broth,Broth,Consumables/Foodstuffs,1,Recipe_MushroomSoupBroth_4 1,cooking,Item_MushroomSoup,Mushroom Soup,2,Stat_HealthRegen,20,10.0
Item_Broth,Broth,Consumables/Foodstuffs,1,Recipe_MushroomSoupBroth_4 2,cooking,Item_MushroomSoup,Mushroom Soup,2,Stat_HealthRegen,20,10.0
Item_Broth,Broth,Consumables/Foodstuffs,2,Recipe_MushroomSoupBroth_4 3,cooking,Item_MushroomSoup,Mushroom Soup,2,Stat_HealthRegen,20,10.0
Item_Broth,Broth,Consumables/Foodstuffs,2,Recipe_MushroomSoupBroth_4 4,cooking,Item_MushroomSoup,Mushroom Soup,2,Stat_HealthRegen,20,10.0
Item_Broth,Broth,Consumables/Foodstuffs,2,Recipe_MushroomSoupBroth_4 5,cooking,Item_MushroomSoup,Mushroom Soup,2,Stat_HealthRegen,20,10.0
Item_Broth,Broth,Consumables/Foodstuffs,1,Recipe_MushroomSoupBroth_5,cooking,Item_MushroomSoup,Mushroom Soup,2,Stat_HealthRegen,20,10.0
Item_Broth,Broth,Consumables/Foodstuffs,1,Recipe_MushroomSoupBroth_5 1,cooking,Item_MushroomSoup,Mushroom Soup,2,Stat_HealthRegen,20,10.0
Item_Broth,Broth,Consumables/Foodstuffs,1,Recipe_MushroomSoupBroth_5 2,cooking,Item_MushroomSoup,Mushroom Soup,2,Stat_HealthRegen,20,10.0
Item_Broth,Broth,Consumables/Foodstuffs,2,Recipe_MushroomSoupBroth_5 3,cooking,Item_MushroomSoup,Mushroom Soup,2,Stat_HealthRegen,20,10.0
Item_Broth,Broth,Consumables/Foodstuffs,2,Recipe_MushroomSoupBroth_5 4,cooking,Item_MushroomSoup,Mushroom Soup,2,Stat_HealthRegen,20,10.0
Item_Broth,Broth,Consumables/Foodstuffs,2,Recipe_MushroomSoupBroth_5 5,cooking,Item_MushroomSoup,Mushroom Soup,2,Stat_HealthRegen,20,10.0
Item_Broth,Broth,Consumables/Foodstuffs,1,Recipe_MushroomSoupBroth_6,cooking,Item_MushroomSoup,Mushroom Soup,2,Stat_HealthRegen,20,10.0
Item_Broth,Broth,Consumables/Foodstuffs,1,Recipe_MushroomSoupBroth_6 1,cooking,Item_MushroomSoup,Mushroom Soup,2,Stat_HealthRegen,20,10.0
Item_Broth,Broth,Consumables/Foodstuffs,1,Recipe_MushroomSoupBroth_6 2,cooking,Item_MushroomSoup,Mushroom Soup,2,Stat_HealthRegen,20,10.0
Item_Broth,Broth,Consumables/Foodstuffs,2,Recipe_MushroomSoupBroth_6 3,cooking,Item_MushroomSoup,Mushroom Soup,2,Stat_HealthRegen,20,10.0
Item_Broth,Broth,Consumables/Foodstuffs,2,Recipe_MushroomSoupBroth_6 4,cooking,Item_MushroomSoup,Mushroom Soup,2,Stat_HealthRegen,20,10.0
Item_Broth,Broth,Consumables/Foodstuffs,2,Recipe_MushroomSoupBroth_6 5,cooking,Item_MushroomSoup,Mushroom Soup,2,Stat_HealthRegen,20,10.0
Item_Broth,Broth,Consumables/Foodstuffs,1,Recipe_MushroomSoupBroth_7,cooking,Item_MushroomSoup,Mushroom Soup,2,Stat_HealthRegen,20,10.0
Item_Broth,Broth,Consumables/Foodstuffs,1,Recipe_MushroomSoupBroth_7 1,cooking,Item_MushroomSoup,Mushroom Soup,2,Stat_HealthRegen,20,10.0
Item_Broth,Broth,Consumables/Foodstuffs,1,Recipe_MushroomSoupBroth_7 2,cooking,Item_MushroomSoup,Mushroom Soup,2,Stat_HealthRegen,20,10.0
Item_Broth,Broth,Consumables/Foodstuffs,2,Recipe_MushroomSoupBroth_7 3,cooking,Item_MushroomSoup,Mushroom Soup,2,Stat_HealthRegen,20,10.0
Item_Broth,Broth,Consumables/Foodstuffs,2,Recipe_MushroomSoupBroth_7 4,cooking,Item_MushroomSoup,Mushroom Soup,2,Stat_HealthRegen,20,10.0
Item_Broth,Broth,Consumables/Foodstuffs,2,Recipe_MushroomSoupBroth_7 5,cooking,Item_MushroomSoup,Mushroom Soup,2,Stat_HealthRegen,20,10.0
Item_Broth,Broth,Consumables/Foodstuffs,1,Recipe_MushroomSoupBroth_8,cooking,Item_MushroomSoup,Mushroom Soup,2,Stat_HealthRegen,20,10.0
Item_Broth,Broth,Consumables/Foodstuffs,1,Recipe_MushroomSoupBroth_8 1,cooking,Item_MushroomSoup,Mushroom Soup,2,Stat_HealthRegen,20,10.0
Item_Broth,Broth,Consumables/Foodstuffs,1,Recipe_MushroomSoupBroth_8 2,cooking,Item_MushroomSoup,Mushroom Soup,2,Stat_HealthRegen,20,10.0
Item_Broth,Broth,Consumables/Foodstuffs,1,Recipe_MushroomSoupBroth_9,cooking,Item_MushroomSoup,Mushroom Soup,2,Stat_HealthRegen,20,10.0
Item_Broth,Broth,Consumables/Foodstuffs,1,Recipe_MushroomSoupBroth_9 1,cooking,Item_MushroomSoup,Mushroom Soup,2,Stat_HealthRegen,20,10.0
Item_Broth,Broth,Consumables/Foodstuffs,1,Recipe_MushroomSoupBroth_9 2,cooking,Item_MushroomSoup,Mushroom Soup,2,Stat_HealthRegen,20,10.0
Item_Broth,Broth,Consumables/Foodstuffs,2,Recipe_MushroomSoupBroth_9 3,cooking,Item_MushroomSoup,Mushroom Soup,2,Stat_HealthRegen,20,10.0
Item_Broth,Broth,Consumables/Foodstuffs,2,Recipe_MushroomSoupBroth_9 4,cooking,Item_MushroomSoup,Mushroom Soup,2,Stat_HealthRegen,20,10.0
Item_Broth,Broth,Consumables/Foodstuffs,2,Recipe_MushroomSoupBroth_9 5,cooking,Item_MushroomSoup,Mushroom Soup,2,Stat_HealthRegen,20,10.0
Item_Broth,Broth,Consumables/Foodstuffs,1,Recipe_Ramen_1,cooking,Item_Ramen,Ramen,2,Stat_HealthRegen,40,20.0
Item_Broth,Broth,Consumables/Foodstuffs,1,Recipe_Ramen_2,cooking,Item_Ramen,Ramen,2,Stat_HealthRegen,40,20.0
Item_Broth,Broth,Consumables/Foodstuffs,1,Recipe_Ramen_3,cooking,Item_Ramen,Ramen,2,Stat_HealthRegen,40,20.0
Item_Broth,Broth,Consumables/Foodstuffs,1,Recipe_Ramen_3 1,cooking,Item_Ramen,Ramen,2,Stat_HealthRegen,40,20.0
Item_Broth,Broth,Consumables/Foodstuffs,1,Recipe_Ramen_3 10,cooking,Item_Ramen,Ramen,2,Stat_HealthRegen,40,20.0
Item_Broth,Broth,Consumables/Foodstuffs,1,Recipe_Ramen_3 11,cooking,Item_RamenTori,Tori Ramen,2,Stat_HealthRegen,40,20.0
Item_Broth,Broth,Consumables/Foodstuffs,1,Recipe_Ramen_3 2,cooking,Item_RamenTori,Tori Ramen,2,Stat_HealthRegen,40,20.0
Item_Broth,Broth,Consumables/Foodstuffs,1,Recipe_Ramen_3 3,cooking,Item_RamenTori,Tori Ramen,2,Stat_HealthRegen,40,20.0
Item_Broth,Broth,Consumables/Foodstuffs,1,Recipe_Ramen_3 4,cooking,Item_RamenTori,Tori Ramen,2,Stat_HealthRegen,40,20.0
Item_Broth,Broth,Consumables/Foodstuffs,1,Recipe_Ramen_3 5,cooking,Item_Ramen,Ramen,2,Stat_HealthRegen,40,20.0
Item_Broth,Broth,Consumables/Foodstuffs,1,Recipe_Ramen_3 6,cooking,Item_RamenTori,Tori Ramen,2,Stat_HealthRegen,40,20.0
Item_Broth,Broth,Consumables/Foodstuffs,1,Recipe_Ramen_3 7,cooking,Item_Ramen,Ramen,2,Stat_HealthRegen,40,20.0
Item_Broth,Broth,Consumables/Foodstuffs,1,Recipe_Ramen_3 8,cooking,Item_Ramen,Ramen,2,Stat_HealthRegen,40,20.0
Item_Broth,Broth,Consumables/Foodstuffs,1,Recipe_Ramen_3 9,cooking,Item_RamenTori,Tori Ramen,2,Stat_HealthRegen,40,20.0
Item_Broth,Broth,Consumables/Foodstuffs,1,Recipe_SausageSoup 1,cooking,Item_SausageSoup,Sausage Soup,2,Stat_HealthRegen,30,15.0
Item_Broth,Broth,Consumables/Foodstuffs,1,Recipe_Stew_2,cooking,Item_Stew,Stew,2,Stat_HealthRegen,20,10.0
Item_Broth,Broth,Consumables/Foodstuffs,1,Recipe_Stew_2 1,cooking,Item_Stew,Stew,2,Stat_HealthRegen,20,10.0
Item_Broth,Broth,Consumables/Foodstuffs,1,Recipe_Stew_2 10,cooking,Item_Stew,Stew,2,Stat_HealthRegen,20,10.0
Item_Broth,Broth,Consumables/Foodstuffs,1,Recipe_Stew_2 11,cooking,Item_Stew,Stew,2,Stat_HealthRegen,20,10.0
Item_Broth,Broth,Consumables/Foodstuffs,1,Recipe_Stew_2 2,cooking,Item_Stew,Stew,2,Stat_HealthRegen,20,10.0
Item_Broth,Broth,Consumables/Foodstuffs,1,Recipe_Stew_2 3,cooking,Item_Stew,Stew,2,Stat_HealthRegen,20,10.0
Item_Broth,Broth,Consumables/Foodstuffs,1,Recipe_Stew_2 4,cooking,Item_Stew,Stew,2,Stat_HealthRegen,20,10.0
Item_Broth,Broth,Consumables/Foodstuffs,1,Recipe_Stew_2 5,cooking,Item_Stew,Stew,2,Stat_HealthRegen,20,10.0
Item_Broth,Broth,Consumables/Foodstuffs,1,Recipe_Stew_2 6,cooking,Item_Stew,Stew,2,Stat_HealthRegen,20,10.0
Item_Broth,Broth,Consumables/Foodstuffs,1,Recipe_Stew_2 7,cooking,Item_Stew,Stew,2,Stat_HealthRegen,20,10.0
Item_Broth,Broth,Consumables/Foodstuffs,1,Recipe_Stew_2 8,cooking,Item_Stew,Stew,2,Stat_HealthRegen,20,10.0
Item_Broth,Broth,Consumables/Foodstuffs,1,Recipe_Stew_2 9,cooking,Item_Stew,Stew,2,Stat_HealthRegen,20,10.0
Item_Broth,Broth,Consumables/Foodstuffs,1,Recipe_ToriRamen_1,cooking,Item_Ramen,Ramen,2,Stat_HealthRegen,40,20.0
Item_Broth,Broth,Consumables/Foodstuffs,1,Recipe_ToriRamen_1 1,cooking,Item_RamenTori,Tori Ramen,2,Stat_HealthRegen,40,20.0
Item_Broth,Broth,Consumables/Foodstuffs,2,Recipe_ToriRamen_1 2,cooking,Item_Ramen,Ramen,2,Stat_HealthRegen,40,20.0
Item_Broth,Broth,Consumables/Foodstuffs,1,Recipe_ToriRamen_1 3,cooking,Item_Ramen,Ramen,2,Stat_HealthRegen,40,20.0
Item_Broth,Broth,Consumables/Foodstuffs,1,Recipe_ToriRamen_1 4,cooking,Item_RamenTori,Tori Ramen,2,Stat_HealthRegen,40,20.0
Item_Broth,Broth,Consumables/Foodstuffs,2,Recipe_ToriRamen_1 5,cooking,Item_RamenTori,Tori Ramen,2,Stat_HealthRegen,40,20.0
Item_Broth,Broth,Consumables/Foodstuffs,2,Recipe_ToriRamen_1 6,cooking,Item_RamenTori,Tori Ramen,2,Stat_HealthRegen,40,20.0
Item_Broth,Broth,Consumables/Foodstuffs,1,Recipe_ToriRamen_3 1,cooking,Item_RamenTori,Tori Ramen,2,Stat_HealthRegen,40,20.0
Item_Broth,Broth,Consumables/Foodstuffs,1,Recipe_ToriRamen_3 3,cooking,Item_RamenTori,Tori Ramen,2,Stat_HealthRegen,40,20.0
Item_Butter,Butter,Consumables/Foodstuffs,1,Recipe_ButterMilkPancakes 1,cooking,Item_ButtermilkPancakes,Buttermilk Pancakes,2,Stat_HealthRegen,30,15.0
Item_Butter,Butter,Consumables/Foodstuffs,1,Recipe_ButterMilkPancakes 2,cooking,Item_ButtermilkPancakes,Buttermilk Pancakes,2,Stat_HealthRegen,30,15.0
Item_Butter,Butter,Consumables/Foodstuffs,1,Recipe_ButterMilk_1,cooking,Item_MilkButtermilk,Buttermilk,2,Stat_AimMovingBonus,15,7.5
Item_Butter,Butter,Consumables/Foodstuffs,1,Recipe_ButterMilk_1 1,cooking,Item_MilkButtermilk,Buttermilk,2,Stat_AimMovingBonus,15,7.5
Item_Butter,Butter,Consumables/Foodstuffs,1,Recipe_ButterMilk_1 2,cooking,Item_MilkButtermilk,Buttermilk,2,Stat_AimMovingBonus,15,7.5
Item_Butter,Butter,Consumables/Foodstuffs,1,Recipe_CaviarTubed_1,cooking,Item_CaviarTubed,Tube Caviar,2,Stat_HealthRegen,30,15.0
Item_Butter,Butter,Consumables/Foodstuffs,1,Recipe_ChocolateBall_1 1,cooking,Item_ChocolateBall,Chocolate Ball,1,Stat_HealthRegen,20,20.0
Item_Butter,Butter,Consumables/Foodstuffs,1,Recipe_ChocolateBall_2 1,cooking,Item_ChocolateBall,Chocolate Ball,1,Stat_HealthRegen,20,20.0
Item_Butter,Butter,Consumables/Foodstuffs,1,Recipe_ChocolateBall_2 2,cooking,Item_ChocolateBall,Chocolate Ball,1,Stat_HealthRegen,20,20.0
Item_Butter,Butter,Consumables/Foodstuffs,1,Recipe_ChocolateBall_3 1,cooking,Item_ChocolateBall,Chocolate Ball,1,Stat_HealthRegen,20,20.0
Item_Butter,Butter,Consumables/Foodstuffs,1,Recipe_ChocolateBall_4 1,cooking,Item_ChocolateBall,Chocolate Ball,1,Stat_HealthRegen,20,20.0
Item_Butter,Butter,Consumables/Foodstuffs,1,Recipe_ChocolateBall_5 1,cooking,Item_ChocolateBall,Chocolate Ball,1,Stat_HealthRegen,20,20.0
Item_Butter,Butter,Consumables/Foodstuffs,1,Recipe_CuissesDeGrenouille_3,cooking,Item_CuissesDeGrenouille,Cuisses De Grenouille,2,Stat_HealthRegen,35,17.5
Item_Butter,Butter,Consumables/Foodstuffs,1,Recipe_Escargot_2,cooking,Item_Escargot,Escargot,2,Stat_HealthRegen,30,15.0
Item_Butter,Butter,Consumables/Foodstuffs,1,Recipe_Gravy_1 3,cooking,Item_Gravy,Gravy,2,Stat_HealthRegen,20,10.0
Item_Butter,Butter,Consumables/Foodstuffs,1,Recipe_Leverpastej_2,cooking,Item_Leverpastej,Leverpastej,2,Stat_HealthRegen,20,10.0
Item_Butter,Butter,Consumables/Foodstuffs,1,Recipe_Mudcake_1,cooking,Item_Mudcake,Chocolate Mudcake,1,Stat_HealthRegen,50,50.0
Item_Butter,Butter,Consumables/Foodstuffs,1,Recipe_Mudcake_2,cooking,Item_Mudcake,Chocolate Mudcake,1,Stat_HealthRegen,50,50.0
Item_Butter,Butter,Consumables/Foodstuffs,1,Recipe_Mudcake_3,cooking,Item_Mudcake,Chocolate Mudcake,1,Stat_HealthRegen,50,50.0
Item_Butter,Butter,Consumables/Foodstuffs,1,Recipe_Mudcake_4,cooking,Item_Mudcake,Chocolate Mudcake,1,Stat_HealthRegen,50,50.0
Item_Butter,Butter,Consumables/Foodstuffs,1,Recipe_Mudcake_5,cooking,Item_Mudcake,Chocolate Mudcake,1,Stat_HealthRegen,50,50.0
Item_Butter,Butter,Consumables/Foodstuffs,1,Recipe_MushroomsFried_1,cooking,Item_MushroomFried,'Fried Mushroom ',2,Stat_HealthRegen,15,7.5
Item_Butter,Butter,Consumables/Foodstuffs,1,Recipe_MushroomsFried_1 1,cooking,Item_MushroomFried,'Fried Mushroom ',2,Stat_HealthRegen,15,7.5
Item_Butter,Butter,Consumables/Foodstuffs,1,Recipe_MushroomsFried_1 2,cooking,Item_MushroomFried,'Fried Mushroom ',2,Stat_HealthRegen,15,7.5
Item_Butter,Butter,Consumables/Foodstuffs,1,Recipe_MushroomsFried_2,cooking,Item_MushroomFried,'Fried Mushroom ',2,Stat_HealthRegen,15,7.5
Item_Butter,Butter,Consumables/Foodstuffs,1,Recipe_MushroomsFried_2 1,cooking,Item_MushroomFried,'Fried Mushroom ',2,Stat_HealthRegen,15,7.5
Item_Butter,Butter,Consumables/Foodstuffs,1,Recipe_MushroomsFried_2 2,cooking,Item_MushroomFried,'Fried Mushroom ',2,Stat_HealthRegen,15,7.5
Item_Butter,Butter,Consumables/Foodstuffs,1,Recipe_MushroomsFried_2 3,cooking,Item_MushroomFried,'Fried Mushroom ',2,Stat_HealthRegen,15,7.5
Item_Butter,Butter,Consumables/Foodstuffs,1,Recipe_MushroomsFried_2 4,cooking,Item_MushroomFried,'Fried Mushroom ',2,Stat_HealthRegen,15,7.5
Item_Butter,Butter,Consumables/Foodstuffs,1,Recipe_MushroomsFried_2 5,cooking,Item_MushroomFried,'Fried Mushroom ',2,Stat_HealthRegen,15,7.5
Item_Butter,Butter,Consumables/Foodstuffs,1,Recipe_MushroomsFried_2 6,cooking,Item_MushroomFried,'Fried Mushroom ',2,Stat_HealthRegen,15,7.5
Item_Butter,Butter,Consumables/Foodstuffs,1,Recipe_MushroomsFried_2 7,cooking,Item_MushroomFried,'Fried Mushroom ',2,Stat_HealthRegen,15,7.5
Item_Butter,Butter,Consumables/Foodstuffs,1,Recipe_MushroomsFried_2 8,cooking,Item_MushroomFried,'Fried Mushroom ',2,Stat_HealthRegen,15,7.5
Item_Butter,Butter,Consumables/Foodstuffs,1,Recipe_MushroomsFried_3,cooking,Item_MushroomFried,'Fried Mushroom ',2,Stat_HealthRegen,15,7.5
Item_Butter,Butter,Consumables/Foodstuffs,1,Recipe_MushroomsFried_3 1,cooking,Item_MushroomFried,'Fried Mushroom ',2,Stat_HealthRegen,15,7.5
Item_Butter,Butter,Consumables/Foodstuffs,1,Recipe_MushroomsFried_3 2,cooking,Item_MushroomFried,'Fried Mushroom ',2,Stat_HealthRegen,15,7.5
Item_Butter,Butter,Consumables/Foodstuffs,1,Recipe_MushroomsFried_3 3,cooking,Item_MushroomFried,'Fried Mushroom ',2,Stat_HealthRegen,15,7.5
Item_Butter,Butter,Consumables/Foodstuffs,1,Recipe_MushroomsFried_3 4,cooking,Item_MushroomFried,'Fried Mushroom ',2,Stat_HealthRegen,15,7.5
Item_Butter,Butter,Consumables/Foodstuffs,1,Recipe_MushroomsFried_4,cooking,Item_MushroomFried,'Fried Mushroom ',2,Stat_HealthRegen,15,7.5
Item_Butter,Butter,Consumables/Foodstuffs,1,Recipe_MushroomsFried_4 1,cooking,Item_MushroomFried,'Fried Mushroom ',2,Stat_HealthRegen,15,7.5
Item_Butter,Butter,Consumables/Foodstuffs,1,Recipe_MushroomsFried_4 2,cooking,Item_MushroomFried,'Fried Mushroom ',2,Stat_HealthRegen,15,7.5
Item_Butter,Butter,Consumables/Foodstuffs,1,Recipe_MushroomsFried_5,cooking,Item_MushroomFried,'Fried Mushroom ',2,Stat_HealthRegen,15,7.5
Item_Butter,Butter,Consumables/Foodstuffs,1,Recipe_MushroomsFried_5 1,cooking,Item_MushroomFried,'Fried Mushroom ',2,Stat_HealthRegen,15,7.5
Item_Butter,Butter,Consumables/Foodstuffs,1,Recipe_MushroomsFried_5 10,cooking,Item_MushroomFried,'Fried Mushroom ',2,Stat_HealthRegen,15,7.5
Item_Butter,Butter,Consumables/Foodstuffs,1,Recipe_MushroomsFried_5 11,cooking,Item_MushroomFried,'Fried Mushroom ',2,Stat_HealthRegen,15,7.5
Item_Butter,Butter,Consumables/Foodstuffs,1,Recipe_MushroomsFried_5 2,cooking,Item_MushroomFried,'Fried Mushroom ',2,Stat_HealthRegen,15,7.5
Item_Butter,Butter,Consumables/Foodstuffs,1,Recipe_MushroomsFried_5 3,cooking,Item_MushroomFried,'Fried Mushroom ',2,Stat_HealthRegen,15,7.5
Item_Butter,Butter,Consumables/Foodstuffs,1,Recipe_MushroomsFried_5 4,cooking,Item_MushroomFried,'Fried Mushroom ',2,Stat_HealthRegen,15,7.5
Item_Butter,Butter,Consumables/Foodstuffs,1,Recipe_MushroomsFried_5 5,cooking,Item_MushroomFried,'Fried Mushroom ',2,Stat_HealthRegen,15,7.5
Item_Butter,Butter,Consumables/Foodstuffs,1,Recipe_MushroomsFried_5 6,cooking,Item_MushroomFried,'Fried Mushroom ',2,Stat_HealthRegen,15,7.5
Item_Butter,Butter,Consumables/Foodstuffs,1,Recipe_MushroomsFried_5 7,cooking,Item_MushroomFried,'Fried Mushroom ',2,Stat_HealthRegen,15,7.5
Item_Butter,Butter,Consumables/Foodstuffs,1,Recipe_MushroomsFried_5 8,cooking,Item_MushroomFried,'Fried Mushroom ',2,Stat_HealthRegen,15,7.5
Item_Butter,Butter,Consumables/Foodstuffs,1,Recipe_MushroomsFried_5 9,cooking,Item_MushroomFried,'Fried Mushroom ',2,Stat_HealthRegen,15,7.5
Item_Butter,Butter,Consumables/Foodstuffs,1,Recipe_NutSpreadSandwitch_1 6,cooking,Item_SandwichPeanutbutter,Peanutbutter Sandwich,1,Stat_HealthRegen,25,25.0
Item_Butter,Butter,Consumables/Foodstuffs,1,Recipe_NutSpreadSandwitch_1 7,cooking,Item_SandwichPeanutbutter,Peanutbutter Sandwich,1,Stat_HealthRegen,25,25.0
Item_Butter,Butter,Consumables/Foodstuffs,1,Recipe_NutSpread_5,cooking,Item_NutSpread,Nut Spread,4,Stat_HealthRegen,40,10.0
Item_Butter,Butter,Consumables/Foodstuffs,1,Recipe_OmeletteButter,cooking,Item_Omelette,Omelette,2,Stat_HealthRegen,22,11.0
Item_Butter,Butter,Consumables/Foodstuffs,1,Recipe_OmeletteButter 1,cooking,Item_Omelette,Omelette,2,Stat_HealthRegen,22,11.0
Item_Butter,Butter,Consumables/Foodstuffs,2,Recipe_OmeletteButter 2,cooking,Item_Omelette,Omelette,2,Stat_HealthRegen,22,11.0
Item_Butter,Butter,Consumables/Foodstuffs,2,Recipe_OmeletteButter 3,cooking,Item_Omelette,Omelette,2,Stat_HealthRegen,22,11.0
Item_Butter,Butter,Consumables/Foodstuffs,2,Recipe_OmeletteButter 4,cooking,Item_Omelette,Omelette,2,Stat_HealthRegen,22,11.0
Item_Butter,Butter,Consumables/Foodstuffs,3,Recipe_OmeletteButter 5,cooking,Item_Omelette,Omelette,2,Stat_HealthRegen,22,11.0
Item_Butter,Butter,Consumables/Foodstuffs,3,Recipe_OmeletteButter 6,cooking,Item_Omelette,Omelette,2,Stat_HealthRegen,22,11.0
Item_Butter,Butter,Consumables/Foodstuffs,1,Recipe_Pancakes 1,cooking,Item_SwedishPancakes,Swedish Pancakes,2,Stat_HealthRegen,30,15.0
Item_Butter,Butter,Consumables/Foodstuffs,1,Recipe_Pancakes 2,cooking,Item_SwedishPancakes,Swedish Pancakes,2,Stat_HealthRegen,30,15.0
Item_Butter,Butter,Consumables/Foodstuffs,1,Recipe_PeanutButterJellySandwitch_1 2,cooking,Item_SandwichPeanutbutterJelly,Peanutbutter Jelly Sandwich,1,Stat_HealthRegen,35,35.0
Item_Butter,Butter,Consumables/Foodstuffs,1,Recipe_PeanutButterJellySandwitch_1 3,cooking,Item_SandwichPeanutbutterJelly,Peanutbutter Jelly Sandwich,1,Stat_HealthRegen,35,35.0
Item_Butter,Butter,Consumables/Foodstuffs,1,Recipe_PeanutButter_2 2,cooking,Item_PeanutButter,Peanut Butter,4,Stat_HealthRegen,45,11.25
Item_Butter,Butter,Consumables/Foodstuffs,1,Recipe_RhubarbPie_4,cooking,Item_RhubarbPie,Rhubarb Pie,2,Stat_HealthRegen,30,15.0
Item_Butter,Butter,Consumables/Foodstuffs,1,Recipe_RhubarbPie_5,cooking,Item_RhubarbPie,Rhubarb Pie,2,Stat_HealthRegen,30,15.0
Item_Butter,Butter,Consumables/Foodstuffs,1,Recipe_RhubarbPie_6,cooking,Item_RhubarbPie,Rhubarb Pie,2,Stat_HealthRegen,30,15.0
Item_Butter,Butter,Consumables/Foodstuffs,1,Recipe_Sandwich_1,cooking,Item_SandwichButter,Butter Sandwich,1,Stat_HealthRegen,15,15.0
Item_Butter,Butter,Consumables/Foodstuffs,1,Recipe_Sandwich_1 1,cooking,Item_SandwichButter,Butter Sandwich,1,Stat_HealthRegen,15,15.0
Item_Butter,Butter,Consumables/Foodstuffs,1,Recipe_Sandwich_2,cooking,Item_SandwichCheese,Cheese Sandwich,1,Stat_HealthRegen,20,20.0
Item_Butter,Butter,Consumables/Foodstuffs,1,Recipe_Sandwich_2 1,cooking,Item_SandwichCheese,Cheese Sandwich,1,Stat_HealthRegen,20,20.0
Item_Butter,Butter,Consumables/Foodstuffs,1,Recipe_ToastSkagen,cooking,Item_ToastSkagen,Toast Skagen,1,Stat_HealthRegen,15,15.0
Item_Cacao,Cacao,Consumables/Foodstuffs,1,Recipe_ChocolateBall_1,cooking,Item_ChocolateBall,Chocolate Ball,1,Stat_HealthRegen,20,20.0
Item_Cacao,Cacao,Consumables/Foodstuffs,1,Recipe_ChocolateBall_1 1,cooking,Item_ChocolateBall,Chocolate Ball,1,Stat_HealthRegen,20,20.0
Item_Cacao,Cacao,Consumables/Foodstuffs,1,Recipe_ChocolateBall_1 2,cooking,Item_ChocolateBall,Chocolate Ball,1,Stat_HealthRegen,20,20.0
Item_Cacao,Cacao,Consumables/Foodstuffs,1,Recipe_ChocolateBall_2,cooking,Item_ChocolateBall,Chocolate Ball,1,Stat_HealthRegen,20,20.0
Item_Cacao,Cacao,Consumables/Foodstuffs,1,Recipe_ChocolateBall_2 1,cooking,Item_ChocolateBall,Chocolate Ball,1,Stat_HealthRegen,20,20.0
Item_Cacao,Cacao,Consumables/Foodstuffs,1,Recipe_ChocolateBall_2 2,cooking,Item_ChocolateBall,Chocolate Ball,1,Stat_HealthRegen,20,20.0
Item_Cacao,Cacao,Consumables/Foodstuffs,1,Recipe_ChocolateBall_3,cooking,Item_ChocolateBall,Chocolate Ball,1,Stat_HealthRegen,20,20.0
Item_Cacao,Cacao,Consumables/Foodstuffs,1,Recipe_ChocolateBall_3 1,cooking,Item_ChocolateBall,Chocolate Ball,1,Stat_HealthRegen,20,20.0
Item_Cacao,Cacao,Consumables/Foodstuffs,1,Recipe_ChocolateBall_3 2,cooking,Item_ChocolateBall,Chocolate Ball,1,Stat_HealthRegen,20,20.0
Item_Cacao,Cacao,Consumables/Foodstuffs,1,Recipe_ChocolateBall_4,cooking,Item_ChocolateBall,Chocolate Ball,1,Stat_HealthRegen,20,20.0
Item_Cacao,Cacao,Consumables/Foodstuffs,1,Recipe_ChocolateBall_4 1,cooking,Item_ChocolateBall,Chocolate Ball,1,Stat_HealthRegen,20,20.0
Item_Cacao,Cacao,Consumables/Foodstuffs,1,Recipe_ChocolateBall_4 2,cooking,Item_ChocolateBall,Chocolate Ball,1,Stat_HealthRegen,20,20.0
Item_Cacao,Cacao,Consumables/Foodstuffs,1,Recipe_ChocolateSyrup_1,cooking,Item_ChocolateSyrup,Chocolate Syrup,2,Stat_HealthRegen,10,5.0
Item_Cacao,Cacao,Consumables/Foodstuffs,1,Recipe_ChocolateSyrup_2,cooking,Item_ChocolateSyrup,Chocolate Syrup,2,Stat_HealthRegen,10,5.0
Item_Cacao,Cacao,Consumables/Foodstuffs,1,Recipe_Milkshake_7,cooking,Item_MilkshakeChocolate,Chocolate Milkshake,2,Stat_HealthRegen,35,17.5
Item_Cacao,Cacao,Consumables/Foodstuffs,2,Recipe_Milkshake_7 1,cooking,Item_MilkshakeChocolate,Chocolate Milkshake,2,Stat_HealthRegen,35,17.5
Item_Cacao,Cacao,Consumables/Foodstuffs,1,Recipe_Milkshake_7 2,cooking,Item_MilkshakeChocolate,Chocolate Milkshake,2,Stat_HealthRegen,35,17.5
Item_Cacao,Cacao,Consumables/Foodstuffs,2,Recipe_Milkshake_7 3,cooking,Item_MilkshakeChocolate,Chocolate Milkshake,2,Stat_HealthRegen,35,17.5
Item_Cacao,Cacao,Consumables/Foodstuffs,1,Recipe_Milkshake_8,cooking,Item_MilkshakeChocolate,Chocolate Milkshake,2,Stat_HealthRegen,35,17.5
Item_Cacao,Cacao,Consumables/Foodstuffs,2,Recipe_Milkshake_8 1,cooking,Item_MilkshakeChocolate,Chocolate Milkshake,2,Stat_HealthRegen,35,17.5
Item_Cacao,Cacao,Consumables/Foodstuffs,1,Recipe_Milkshake_8 2,cooking,Item_MilkshakeChocolate,Chocolate Milkshake,2,Stat_HealthRegen,35,17.5
Item_Cacao,Cacao,Consumables/Foodstuffs,2,Recipe_Milkshake_8 3,cooking,Item_MilkshakeChocolate,Chocolate Milkshake,2,Stat_HealthRegen,35,17.5
Item_Cacao,Cacao,Consumables/Foodstuffs,1,Recipe_Milkshake_9,cooking,Item_MilkshakeChocolate,Chocolate Milkshake,2,Stat_HealthRegen,35,17.5
Item_Cacao,Cacao,Consumables/Foodstuffs,2,Recipe_Milkshake_9 1,cooking,Item_MilkshakeChocolate,Chocolate Milkshake,2,Stat_HealthRegen,35,17.5
Item_Cacao,Cacao,Consumables/Foodstuffs,1,Recipe_Milkshake_9 2,cooking,Item_MilkshakeChocolate,Chocolate Milkshake,2,Stat_HealthRegen,35,17.5
Item_Cacao,Cacao,Consumables/Foodstuffs,2,Recipe_Milkshake_9 3,cooking,Item_MilkshakeChocolate,Chocolate Milkshake,2,Stat_HealthRegen,35,17.5
Item_Cacao,Cacao,Consumables/Foodstuffs,1,Recipe_Mudcake_1,cooking,Item_Mudcake,Chocolate Mudcake,1,Stat_HealthRegen,50,50.0
Item_Cacao,Cacao,Consumables/Foodstuffs,1,Recipe_Mudcake_1 1,cooking,Item_Mudcake,Chocolate Mudcake,1,Stat_HealthRegen,50,50.0
Item_Cacao,Cacao,Consumables/Foodstuffs,1,Recipe_Mudcake_1 2,cooking,Item_Mudcake,Chocolate Mudcake,1,Stat_HealthRegen,50,50.0
Item_Cacao,Cacao,Consumables/Foodstuffs,1,Recipe_Mudcake_1 3,cooking,Item_Mudcake,Chocolate Mudcake,1,Stat_HealthRegen,50,50.0
Item_Cacao,Cacao,Consumables/Foodstuffs,1,Recipe_PowerBar_2,cooking,Item_PowerBar,Power Bar,1,Stat_SprintBonus,60,60.0
Item_Cactus,Cactus,Consumables/Foodstuffs,1,Recipe_CactusDrink_1,cooking,Item_CactusDrink,Cactus Softdrink,2,Stat_HealthRegen,15,7.5
Item_Cactus,Cactus,Consumables/Foodstuffs,3,Recipe_CactusFestis_1,cooking,Item_BottledWater,Bottled Water,2,Stat_HealthRegen,5,2.5
Item_Cactus,Cactus,Consumables/Foodstuffs,2,Recipe_CactusGrilled_1,cooking,Item_CactusGrilled,Grilled Cactus,2,Stat_HealthRegen,20,10.0
Item_Cactus,Cactus,Consumables/Foodstuffs,1,Recipe_CactusSweet_1,cooking,Item_CactusSweets,Lackerol Cactus,1,Stat_HealthRegen,10,10.0
Item_Cactus,Cactus,Consumables/Foodstuffs,3,Recipe_CactusWater_1,cooking,Item_BottledWater,Bottled Water,2,Stat_HealthRegen,5,2.5
Item_Cactus,Cactus,Consumables/Foodstuffs,1,Recipe_Cocktail 5,cooking,Item_Cocktail,Cocktail,4,Stat_Charisma,3600,900.0
Item_CactusDrink,Cactus Softdrink,Consumables/Drinks,1,Recipe_BarkBread 18,cooking,Item_BarkBread,Bark bread,2,Stat_HealthRegen,10,5.0
Item_CactusDrink,Cactus Softdrink,Consumables/Drinks,1,Recipe_BarkBread 28,cooking,Item_BarkBread,Bark bread,2,Stat_HealthRegen,10,5.0
Item_CactusDrink,Cactus Softdrink,Consumables/Drinks,2,Recipe_BarkBread 38,cooking,Item_BarkBread,Bark bread,2,Stat_HealthRegen,10,5.0
Item_CactusDrink,Cactus Softdrink,Consumables/Drinks,2,Recipe_BarkBread 48,cooking,Item_BarkBread,Bark bread,2,Stat_HealthRegen,10,5.0
Item_CactusDrink,Cactus Softdrink,Consumables/Drinks,2,Recipe_BarkBread 58,cooking,Item_BarkBread,Bark bread,2,Stat_HealthRegen,10,5.0
Item_CactusDrink,Cactus Softdrink,Consumables/Drinks,2,Recipe_BarkBread 68,cooking,Item_BarkBread,Bark bread,2,Stat_HealthRegen,10,5.0
Item_CactusDrink,Cactus Softdrink,Consumables/Drinks,2,Recipe_BarkBread 78,cooking,Item_BarkBread,Bark bread,2,Stat_HealthRegen,10,5.0
Item_CactusDrink,Cactus Softdrink,Consumables/Drinks,1,Recipe_BarkBread 8,cooking,Item_BarkBread,Bark bread,2,Stat_HealthRegen,10,5.0
Item_CactusDrink,Cactus Softdrink,Consumables/Drinks,2,Recipe_BarkBread 88,cooking,Item_BarkBread,Bark bread,2,Stat_HealthRegen,10,5.0
Item_CactusDrink,Cactus Softdrink,Consumables/Drinks,1,Recipe_Cocktail 3,cooking,Item_Cocktail,Cocktail,4,Stat_Charisma,3600,900.0
Item_CactusDrink,Cactus Softdrink,Consumables/Drinks,1,Recipe_Gonster 2,cooking,Item_Gonster,Gonster,2,Stat_Charisma,1200,600.0
Item_CaviarBottle,Bottled Caviar,Consumables/Foodstuffs,1,Recipe_CaviarTubed_1,cooking,Item_CaviarTubed,Tube Caviar,2,Stat_HealthRegen,30,15.0
Item_CaviarBottle,Bottled Caviar,Consumables/Foodstuffs,2,Recipe_CaviarTubed_2,cooking,Item_CaviarTubed,Tube Caviar,2,Stat_HealthRegen,30,15.0
Item_CaviarBottle,Bottled Caviar,Consumables/Foodstuffs,1,Recipe_CaviarTubed_3,cooking,Item_CaviarTubed,Tube Caviar,2,Stat_HealthRegen,30,15.0
Item_CaviarBottle,Bottled Caviar,Consumables/Foodstuffs,1,Recipe_Maki_4,cooking,Item_Maki,Maki,2,Stat_HealthRegen,30,15.0
Item_CaviarBottle,Bottled Caviar,Consumables/Foodstuffs,1,Recipe_Maki_4 1,cooking,Item_Maki,Maki,2,Stat_HealthRegen,30,15.0
Item_CaviarBottle,Bottled Caviar,Consumables/Foodstuffs,1,Recipe_Maki_4 2,cooking,Item_Maki,Maki,2,Stat_HealthRegen,30,15.0
Item_CaviarBottle,Bottled Caviar,Consumables/Foodstuffs,2,Recipe_Maki_4 3,cooking,Item_Maki,Maki,2,Stat_HealthRegen,30,15.0
Item_CaviarBottle,Bottled Caviar,Consumables/Foodstuffs,2,Recipe_Maki_4 4,cooking,Item_Maki,Maki,2,Stat_HealthRegen,30,15.0
Item_CaviarBottle,Bottled Caviar,Consumables/Foodstuffs,2,Recipe_Maki_4 5,cooking,Item_Maki,Maki,2,Stat_HealthRegen,30,15.0
Item_CaviarBottle,Bottled Caviar,Consumables/Foodstuffs,1,Recipe_OnigiriFisheggs_1,cooking,Item_Onigiri,Onigiri,2,Stat_HealthRegen,35,17.5
Item_CaviarBottle,Bottled Caviar,Consumables/Foodstuffs,2,Recipe_OnigiriFisheggs_1 1,cooking,Item_Onigiri,Onigiri,2,Stat_HealthRegen,35,17.5
Item_CaviarBottle,Bottled Caviar,Consumables/Foodstuffs,2,Recipe_OnigiriFisheggs_1 2,cooking,Item_Onigiri,Onigiri,2,Stat_HealthRegen,35,17.5
Item_CaviarBottle,Bottled Caviar,Consumables/Foodstuffs,1,Recipe_OnigiriFisheggs_1 3,cooking,Item_Onigiri,Onigiri,2,Stat_HealthRegen,35,17.5
Item_CaviarTubed,Tube Caviar,Consumables/Foodstuffs,1,Recipe_OnigiriFisheggs_2,cooking,Item_Onigiri,Onigiri,2,Stat_HealthRegen,35,17.5
Item_CaviarTubed,Tube Caviar,Consumables/Foodstuffs,2,Recipe_OnigiriFisheggs_2 1,cooking,Item_Onigiri,Onigiri,2,Stat_HealthRegen,35,17.5
Item_CaviarTubed,Tube Caviar,Consumables/Foodstuffs,2,Recipe_OnigiriFisheggs_2 2,cooking,Item_Onigiri,Onigiri,2,Stat_HealthRegen,35,17.5
Item_CaviarTubed,Tube Caviar,Consumables/Foodstuffs,1,Recipe_OnigiriFisheggs_2 3,cooking,Item_Onigiri,Onigiri,2,Stat_HealthRegen,35,17.5
Item_Cheese,Cheese,Consumables/Foodstuffs,1,Recipe_CheeseTops_1,cooking,Item_CheeseTops,Cheese Tops,1,Stat_HealthRegen,25,25.0
Item_Cheese,Cheese,Consumables/Foodstuffs,2,Recipe_CheeseTops_1 1,cooking,Item_CheeseTops,Cheese Tops,1,Stat_HealthRegen,25,25.0
Item_Cheese,Cheese,Consumables/Foodstuffs,1,Recipe_CheeseTops_1 2,cooking,Item_CheeseTops,Cheese Tops,1,Stat_HealthRegen,25,25.0
Item_Cheese,Cheese,Consumables/Foodstuffs,2,Recipe_CheeseTops_1 3,cooking,Item_CheeseTops,Cheese Tops,1,Stat_HealthRegen,25,25.0
Item_Cheese,Cheese,Consumables/Foodstuffs,1,Recipe_CheeseburgerDouble_1,cooking,Item_DoubleCheeseburger,Double Cheeseburger,1,Stat_HealthRegen,200,200.0
Item_Cheese,Cheese,Consumables/Foodstuffs,1,Recipe_CheeseburgerDouble_1 1,cooking,Item_DoubleCheeseburger,Double Cheeseburger,1,Stat_HealthRegen,200,200.0
Item_Cheese,Cheese,Consumables/Foodstuffs,1,Recipe_CheeseburgerDouble_1 2,cooking,Item_DoubleCheeseburger,Double Cheeseburger,1,Stat_HealthRegen,200,200.0
Item_Cheese,Cheese,Consumables/Foodstuffs,1,Recipe_CheeseburgerDouble_1 3,cooking,Item_DoubleCheeseburger,Double Cheeseburger,1,Stat_HealthRegen,200,200.0
Item_Cheese,Cheese,Consumables/Foodstuffs,1,Recipe_CheeseburgerDouble_1 4,cooking,Item_DoubleCheeseburger,Double Cheeseburger,1,Stat_HealthRegen,200,200.0
Item_Cheese,Cheese,Consumables/Foodstuffs,1,Recipe_CheeseburgerDouble_1 5,cooking,Item_DoubleCheeseburger,Double Cheeseburger,1,Stat_HealthRegen,200,200.0
Item_Cheese,Cheese,Consumables/Foodstuffs,1,Recipe_Cheeseburger_1 1,cooking,Item_Cheeseburger,Cheeseburger,1,Stat_HealthRegen,45,45.0
Item_Cheese,Cheese,Consumables/Foodstuffs,1,Recipe_Cheeseburger_1 10,cooking,Item_Cheeseburger,Cheeseburger,1,Stat_HealthRegen,45,45.0
Item_Cheese,Cheese,Consumables/Foodstuffs,1,Recipe_Cheeseburger_1 11,cooking,Item_Cheeseburger,Cheeseburger,1,Stat_HealthRegen,45,45.0
Item_Cheese,Cheese,Consumables/Foodstuffs,1,Recipe_Cheeseburger_1 12,cooking,Item_Cheeseburger,Cheeseburger,1,Stat_HealthRegen,45,45.0
Item_Cheese,Cheese,Consumables/Foodstuffs,2,Recipe_Cheeseburger_1 13,cooking,Item_Cheeseburger,Cheeseburger,1,Stat_HealthRegen,45,45.0
Item_Cheese,Cheese,Consumables/Foodstuffs,2,Recipe_Cheeseburger_1 14,cooking,Item_Cheeseburger,Cheeseburger,1,Stat_HealthRegen,45,45.0
Item_Cheese,Cheese,Consumables/Foodstuffs,2,Recipe_Cheeseburger_1 15,cooking,Item_Cheeseburger,Cheeseburger,1,Stat_HealthRegen,45,45.0
Item_Cheese,Cheese,Consumables/Foodstuffs,2,Recipe_Cheeseburger_1 16,cooking,Item_Cheeseburger,Cheeseburger,1,Stat_HealthRegen,45,45.0
Item_Cheese,Cheese,Consumables/Foodstuffs,2,Recipe_Cheeseburger_1 17,cooking,Item_Cheeseburger,Cheeseburger,1,Stat_HealthRegen,45,45.0
Item_Cheese,Cheese,Consumables/Foodstuffs,2,Recipe_Cheeseburger_1 18,cooking,Item_Cheeseburger,Cheeseburger,1,Stat_HealthRegen,45,45.0
Item_Cheese,Cheese,Consumables/Foodstuffs,2,Recipe_Cheeseburger_1 19,cooking,Item_DoubleCheeseburger,Double Cheeseburger,1,Stat_HealthRegen,200,200.0
Item_Cheese,Cheese,Consumables/Foodstuffs,1,Recipe_Cheeseburger_1 2,cooking,Item_Cheeseburger,Cheeseburger,1,Stat_HealthRegen,45,45.0
Item_Cheese,Cheese,Consumables/Foodstuffs,2,Recipe_Cheeseburger_1 20,cooking,Item_DoubleCheeseburger,Double Cheeseburger,1,Stat_HealthRegen,200,200.0
Item_Cheese,Cheese,Consumables/Foodstuffs,2,Recipe_Cheeseburger_1 21,cooking,Item_DoubleCheeseburger,Double Cheeseburger,1,Stat_HealthRegen,200,200.0
Item_Cheese,Cheese,Consumables/Foodstuffs,2,Recipe_Cheeseburger_1 22,cooking,Item_DoubleCheeseburger,Double Cheeseburger,1,Stat_HealthRegen,200,200.0
Item_Cheese,Cheese,Consumables/Foodstuffs,2,Recipe_Cheeseburger_1 23,cooking,Item_DoubleCheeseburger,Double Cheeseburger,1,Stat_HealthRegen,200,200.0
Item_Cheese,Cheese,Consumables/Foodstuffs,2,Recipe_Cheeseburger_1 24,cooking,Item_DoubleCheeseburger,Double Cheeseburger,1,Stat_HealthRegen,200,200.0
Item_Cheese,Cheese,Consumables/Foodstuffs,3,Recipe_Cheeseburger_1 25,cooking,Item_DoubleCheeseburger,Double Cheeseburger,1,Stat_HealthRegen,200,200.0
Item_Cheese,Cheese,Consumables/Foodstuffs,3,Recipe_Cheeseburger_1 26,cooking,Item_DoubleCheeseburger,Double Cheeseburger,1,Stat_HealthRegen,200,200.0
Item_Cheese,Cheese,Consumables/Foodstuffs,3,Recipe_Cheeseburger_1 27,cooking,Item_DoubleCheeseburger,Double Cheeseburger,1,Stat_HealthRegen,200,200.0
Item_Cheese,Cheese,Consumables/Foodstuffs,3,Recipe_Cheeseburger_1 28,cooking,Item_DoubleCheeseburger,Double Cheeseburger,1,Stat_HealthRegen,200,200.0
Item_Cheese,Cheese,Consumables/Foodstuffs,3,Recipe_Cheeseburger_1 29,cooking,Item_DoubleCheeseburger,Double Cheeseburger,1,Stat_HealthRegen,200,200.0
Item_Cheese,Cheese,Consumables/Foodstuffs,1,Recipe_Cheeseburger_1 3,cooking,Item_Cheeseburger,Cheeseburger,1,Stat_HealthRegen,45,45.0
Item_Cheese,Cheese,Consumables/Foodstuffs,3,Recipe_Cheeseburger_1 30,cooking,Item_DoubleCheeseburger,Double Cheeseburger,1,Stat_HealthRegen,200,200.0
Item_Cheese,Cheese,Consumables/Foodstuffs,2,Recipe_Cheeseburger_1 31,cooking,Item_DoubleCheeseburger,Double Cheeseburger,1,Stat_HealthRegen,200,200.0
Item_Cheese,Cheese,Consumables/Foodstuffs,2,Recipe_Cheeseburger_1 32,cooking,Item_DoubleCheeseburger,Double Cheeseburger,1,Stat_HealthRegen,200,200.0
Item_Cheese,Cheese,Consumables/Foodstuffs,2,Recipe_Cheeseburger_1 33,cooking,Item_DoubleCheeseburger,Double Cheeseburger,1,Stat_HealthRegen,200,200.0
Item_Cheese,Cheese,Consumables/Foodstuffs,2,Recipe_Cheeseburger_1 34,cooking,Item_DoubleCheeseburger,Double Cheeseburger,1,Stat_HealthRegen,200,200.0
Item_Cheese,Cheese,Consumables/Foodstuffs,2,Recipe_Cheeseburger_1 35,cooking,Item_DoubleCheeseburger,Double Cheeseburger,1,Stat_HealthRegen,200,200.0
Item_Cheese,Cheese,Consumables/Foodstuffs,2,Recipe_Cheeseburger_1 36,cooking,Item_DoubleCheeseburger,Double Cheeseburger,1,Stat_HealthRegen,200,200.0
Item_Cheese,Cheese,Consumables/Foodstuffs,3,Recipe_Cheeseburger_1 37,cooking,Item_DoubleCheeseburger,Double Cheeseburger,1,Stat_HealthRegen,200,200.0
Item_Cheese,Cheese,Consumables/Foodstuffs,3,Recipe_Cheeseburger_1 38,cooking,Item_DoubleCheeseburger,Double Cheeseburger,1,Stat_HealthRegen,200,200.0
Item_Cheese,Cheese,Consumables/Foodstuffs,3,Recipe_Cheeseburger_1 39,cooking,Item_DoubleCheeseburger,Double Cheeseburger,1,Stat_HealthRegen,200,200.0
Item_Cheese,Cheese,Consumables/Foodstuffs,1,Recipe_Cheeseburger_1 4,cooking,Item_Cheeseburger,Cheeseburger,1,Stat_HealthRegen,45,45.0
Item_Cheese,Cheese,Consumables/Foodstuffs,3,Recipe_Cheeseburger_1 40,cooking,Item_DoubleCheeseburger,Double Cheeseburger,1,Stat_HealthRegen,200,200.0
Item_Cheese,Cheese,Consumables/Foodstuffs,3,Recipe_Cheeseburger_1 41,cooking,Item_DoubleCheeseburger,Double Cheeseburger,1,Stat_HealthRegen,200,200.0
Item_Cheese,Cheese,Consumables/Foodstuffs,3,Recipe_Cheeseburger_1 42,cooking,Item_DoubleCheeseburger,Double Cheeseburger,1,Stat_HealthRegen,200,200.0
Item_Cheese,Cheese,Consumables/Foodstuffs,1,Recipe_Cheeseburger_1 5,cooking,Item_Cheeseburger,Cheeseburger,1,Stat_HealthRegen,45,45.0
Item_Cheese,Cheese,Consumables/Foodstuffs,1,Recipe_Cheeseburger_1 6,cooking,Item_Cheeseburger,Cheeseburger,1,Stat_HealthRegen,45,45.0
Item_Cheese,Cheese,Consumables/Foodstuffs,1,Recipe_Cheeseburger_1 7,cooking,Item_Cheeseburger,Cheeseburger,1,Stat_HealthRegen,45,45.0
Item_Cheese,Cheese,Consumables/Foodstuffs,1,Recipe_Cheeseburger_1 8,cooking,Item_Cheeseburger,Cheeseburger,1,Stat_HealthRegen,45,45.0
Item_Cheese,Cheese,Consumables/Foodstuffs,1,Recipe_Cheeseburger_1 9,cooking,Item_Cheeseburger,Cheeseburger,1,Stat_HealthRegen,45,45.0
Item_Cheese,Cheese,Consumables/Foodstuffs,1,Recipe_CordonBleu,cooking,Item_CordonBleu,Cordon Bleu,2,Stat_HealthRegen,25,12.5
Item_Cheese,Cheese,Consumables/Foodstuffs,1,Recipe_CordonBleu 1,cooking,Item_CordonBleu,Cordon Bleu,2,Stat_HealthRegen,25,12.5
Item_Cheese,Cheese,Consumables/Foodstuffs,1,Recipe_CordonBleu 2,cooking,Item_CordonBleu,Cordon Bleu,2,Stat_HealthRegen,25,12.5
Item_Cheese,Cheese,Consumables/Foodstuffs,1,Recipe_CordonBleu 3,cooking,Item_CordonBleu,Cordon Bleu,2,Stat_HealthRegen,25,12.5
Item_Cheese,Cheese,Consumables/Foodstuffs,1,Recipe_CordonBleu 4,cooking,Item_CordonBleu,Cordon Bleu,2,Stat_HealthRegen,25,12.5
Item_Cheese,Cheese,Consumables/Foodstuffs,1,Recipe_CordonBleu 5,cooking,Item_CordonBleu,Cordon Bleu,2,Stat_HealthRegen,25,12.5
Item_Cheese,Cheese,Consumables/Foodstuffs,1,Recipe_CordonBleu 6,cooking,Item_CordonBleu,Cordon Bleu,2,Stat_HealthRegen,25,12.5
Item_Cheese,Cheese,Consumables/Foodstuffs,2,Recipe_Fondue_1,cooking,Item_Fondue,Fondue,2,Stat_HealthRegen,50,25.0
Item_Cheese,Cheese,Consumables/Foodstuffs,2,Recipe_Fondue_2,cooking,Item_Fondue,Fondue,2,Stat_HealthRegen,50,25.0
Item_Cheese,Cheese,Consumables/Foodstuffs,1,Recipe_Fondue_2 1,cooking,Item_Fondue,Fondue,2,Stat_HealthRegen,50,25.0
Item_Cheese,Cheese,Consumables/Foodstuffs,3,Recipe_Fondue_3,cooking,Item_Fondue,Fondue,2,Stat_HealthRegen,50,25.0
Item_Cheese,Cheese,Consumables/Foodstuffs,1,Recipe_Fondue_4,cooking,Item_Fondue,Fondue,2,Stat_HealthRegen,50,25.0
Item_Cheese,Cheese,Consumables/Foodstuffs,1,Recipe_Fondue_5,cooking,Item_Fondue,Fondue,2,Stat_HealthRegen,50,25.0
Item_Cheese,Cheese,Consumables/Foodstuffs,2,Recipe_MacNCheese 1,cooking,Item_MacNCheese,Mac'n'Cheese,2,Stat_HealthRegen,30,15.0
Item_Cheese,Cheese,Consumables/Foodstuffs,1,Recipe_MacNCheese 2,cooking,Item_MacNCheese,Mac'n'Cheese,2,Stat_HealthRegen,30,15.0
Item_Cheese,Cheese,Consumables/Foodstuffs,1,Recipe_OmeletteCheese_1,cooking,Item_Omelette,Omelette,2,Stat_HealthRegen,22,11.0
Item_Cheese,Cheese,Consumables/Foodstuffs,1,Recipe_OmeletteCheese_2,cooking,Item_Omelette,Omelette,2,Stat_HealthRegen,22,11.0
Item_Cheese,Cheese,Consumables/Foodstuffs,2,Recipe_OmeletteCheese_3,cooking,Item_Omelette,Omelette,2,Stat_HealthRegen,22,11.0
Item_Cheese,Cheese,Consumables/Foodstuffs,2,Recipe_OmeletteCheese_3 1,cooking,Item_Omelette,Omelette,2,Stat_HealthRegen,22,11.0
Item_Cheese,Cheese,Consumables/Foodstuffs,3,Recipe_OmeletteCheese_3 2,cooking,Item_Omelette,Omelette,2,Stat_HealthRegen,22,11.0
Item_Cheese,Cheese,Consumables/Foodstuffs,3,Recipe_OmeletteCheese_3 3,cooking,Item_Omelette,Omelette,2,Stat_HealthRegen,22,11.0
Item_Cheese,Cheese,Consumables/Foodstuffs,2,Recipe_OmeletteCheese_4,cooking,Item_Omelette,Omelette,2,Stat_HealthRegen,22,11.0
Item_Cheese,Cheese,Consumables/Foodstuffs,1,Recipe_PizzaLarge,cooking,Item_PizzaLarge,Pizza,4,Stat_HealthRegen,150,37.5
Item_Cheese,Cheese,Consumables/Foodstuffs,1,Recipe_PizzaLarge 1,cooking,Item_PizzaLarge,Pizza,4,Stat_HealthRegen,150,37.5
Item_Cheese,Cheese,Consumables/Foodstuffs,1,Recipe_Poutine,cooking,Item_Poutine,Poutine,2,Stat_HealthRegen,35,17.5
Item_Cheese,Cheese,Consumables/Foodstuffs,1,Recipe_Poutine 1,cooking,Item_Poutine,Poutine,2,Stat_HealthRegen,35,17.5
Item_Cheese,Cheese,Consumables/Foodstuffs,1,Recipe_Poutine 16,cooking,Item_Poutine,Poutine,2,Stat_HealthRegen,35,17.5
Item_Cheese,Cheese,Consumables/Foodstuffs,1,Recipe_Poutine 2,cooking,Item_Poutine,Poutine,2,Stat_HealthRegen,35,17.5
Item_Cheese,Cheese,Consumables/Foodstuffs,1,Recipe_Poutine 3,cooking,Item_Poutine,Poutine,2,Stat_HealthRegen,35,17.5
Item_Cheese,Cheese,Consumables/Foodstuffs,1,Recipe_Poutine 4,cooking,Item_Poutine,Poutine,2,Stat_HealthRegen,35,17.5
Item_Cheese,Cheese,Consumables/Foodstuffs,1,Recipe_Poutine 5,cooking,Item_Poutine,Poutine,2,Stat_HealthRegen,35,17.5
Item_Cheese,Cheese,Consumables/Foodstuffs,1,Recipe_Poutine 6,cooking,Item_Poutine,Poutine,2,Stat_HealthRegen,35,17.5
Item_Cheese,Cheese,Consumables/Foodstuffs,1,Recipe_Poutine 7,cooking,Item_Poutine,Poutine,2,Stat_HealthRegen,35,17.5
Item_Cheese,Cheese,Consumables/Foodstuffs,1,Recipe_Raqlette,cooking,Item_Raclette,Raclette,2,Stat_HealthRegen,50,25.0
Item_Cheese,Cheese,Consumables/Foodstuffs,1,Recipe_Raqlette 1,cooking,Item_Raclette,Raclette,2,Stat_HealthRegen,50,25.0
Item_Cheese,Cheese,Consumables/Foodstuffs,2,Recipe_Raqlette 10,cooking,Item_Raclette,Raclette,2,Stat_HealthRegen,50,25.0
Item_Cheese,Cheese,Consumables/Foodstuffs,1,Recipe_Raqlette 2,cooking,Item_Raclette,Raclette,2,Stat_HealthRegen,50,25.0
Item_Cheese,Cheese,Consumables/Foodstuffs,2,Recipe_Raqlette 3,cooking,Item_Raclette,Raclette,2,Stat_HealthRegen,50,25.0
Item_Cheese,Cheese,Consumables/Foodstuffs,2,Recipe_Raqlette 4,cooking,Item_Raclette,Raclette,2,Stat_HealthRegen,50,25.0
Item_Cheese,Cheese,Consumables/Foodstuffs,1,Recipe_Raqlette 5,cooking,Item_Raclette,Raclette,2,Stat_HealthRegen,50,25.0
Item_Cheese,Cheese,Consumables/Foodstuffs,2,Recipe_Raqlette 6,cooking,Item_Raclette,Raclette,2,Stat_HealthRegen,50,25.0
Item_Cheese,Cheese,Consumables/Foodstuffs,2,Recipe_Raqlette 7,cooking,Item_Raclette,Raclette,2,Stat_HealthRegen,50,25.0
Item_Cheese,Cheese,Consumables/Foodstuffs,1,Recipe_Raqlette 8,cooking,Item_Raclette,Raclette,2,Stat_HealthRegen,50,25.0
Item_Cheese,Cheese,Consumables/Foodstuffs,1,Recipe_Raqlette 9,cooking,Item_Raclette,Raclette,2,Stat_HealthRegen,50,25.0
Item_Cheese,Cheese,Consumables/Foodstuffs,1,Recipe_Sandwich_2,cooking,Item_SandwichCheese,Cheese Sandwich,1,Stat_HealthRegen,20,20.0
Item_Cheese,Cheese,Consumables/Foodstuffs,1,Recipe_Sandwich_2 1,cooking,Item_SandwichCheese,Cheese Sandwich,1,Stat_HealthRegen,20,20.0
Item_Cheese,Cheese,Consumables/Foodstuffs,2,Recipe_Sandwich_3,cooking,Item_SandwichCheese,Cheese Sandwich,1,Stat_HealthRegen,20,20.0
Item_Cheese,Cheese,Consumables/Foodstuffs,2,Recipe_Sandwich_3 1,cooking,Item_SandwichCheese,Cheese Sandwich,1,Stat_HealthRegen,20,20.0
Item_Cheese,Cheese,Consumables/Foodstuffs,1,Recipe_Sandwich_5,cooking,Item_SandwichCheese,Cheese Sandwich,1,Stat_HealthRegen,20,20.0
Item_Cheese,Cheese,Consumables/Foodstuffs,1,Recipe_Sandwich_5 1,cooking,Item_SandwichCheese,Cheese Sandwich,1,Stat_HealthRegen,20,20.0
Item_Cheese,Cheese,Consumables/Foodstuffs,1,Recipe_Sandwich_6,cooking,Item_SandwichCheese,Cheese Sandwich,1,Stat_HealthRegen,20,20.0
Item_Cheese,Cheese,Consumables/Foodstuffs,1,Recipe_Sandwich_6 1,cooking,Item_SandwichCheese,Cheese Sandwich,1,Stat_HealthRegen,20,20.0
Item_Cheese,Cheese,Consumables/Foodstuffs,1,Recipe_Sandwich_6 2,cooking,Item_SandwichCheese,Cheese Sandwich,1,Stat_HealthRegen,20,20.0
Item_ChickenLeg,Chicken Leg,Consumables/Foodstuffs,1,Recipe_ChickenNuggets,cooking,Item_Nuggets,Nuggets,2,Stat_HealthRegen,25,12.5
Item_ChickenLeg,Chicken Leg,Consumables/Foodstuffs,2,Recipe_ChickenNuggets 1,cooking,Item_Nuggets,Nuggets,2,Stat_HealthRegen,25,12.5
Item_ChickenLeg,Chicken Leg,Consumables/Foodstuffs,3,Recipe_ChickenNuggets 2,cooking,Item_Nuggets,Nuggets,2,Stat_HealthRegen,25,12.5
Item_ChickenLeg,Chicken Leg,Consumables/Foodstuffs,1,Recipe_CordonBleu,cooking,Item_CordonBleu,Cordon Bleu,2,Stat_HealthRegen,25,12.5
Item_ChickenLeg,Chicken Leg,Consumables/Foodstuffs,2,Recipe_NashvilleHotChicken 1,cooking,Item_ChickenNashvilleHot,Nashville Hot Chicken,1,Resistance_Frost,6000,6000.0
Item_ChickenLeg,Chicken Leg,Consumables/Foodstuffs,2,Recipe_NashvilleHotChicken 10,cooking,Item_ChickenNashvilleHot,Nashville Hot Chicken,1,Resistance_Frost,6000,6000.0
Item_ChickenLeg,Chicken Leg,Consumables/Foodstuffs,1,Recipe_NashvilleHotChicken 11,cooking,Item_ChickenNashvilleHot,Nashville Hot Chicken,1,Resistance_Frost,6000,6000.0
Item_ChickenLeg,Chicken Leg,Consumables/Foodstuffs,1,Recipe_NashvilleHotChicken 12,cooking,Item_ChickenNashvilleHot,Nashville Hot Chicken,1,Resistance_Frost,6000,6000.0
Item_ChickenLeg,Chicken Leg,Consumables/Foodstuffs,2,Recipe_NashvilleHotChicken 2,cooking,Item_ChickenNashvilleHot,Nashville Hot Chicken,1,Resistance_Frost,6000,6000.0
Item_ChickenLeg,Chicken Leg,Consumables/Foodstuffs,1,Recipe_NashvilleHotChicken 3,cooking,Item_ChickenNashvilleHot,Nashville Hot Chicken,1,Resistance_Frost,6000,6000.0
Item_ChickenLeg,Chicken Leg,Consumables/Foodstuffs,1,Recipe_NashvilleHotChicken 4,cooking,Item_ChickenNashvilleHot,Nashville Hot Chicken,1,Resistance_Frost,6000,6000.0
Item_ChickenLeg,Chicken Leg,Consumables/Foodstuffs,2,Recipe_NashvilleHotChicken 5,cooking,Item_ChickenNashvilleHot,Nashville Hot Chicken,1,Resistance_Frost,6000,6000.0
Item_ChickenLeg,Chicken Leg,Consumables/Foodstuffs,2,Recipe_NashvilleHotChicken 6,cooking,Item_ChickenNashvilleHot,Nashville Hot Chicken,1,Resistance_Frost,6000,6000.0
Item_ChickenLeg,Chicken Leg,Consumables/Foodstuffs,1,Recipe_NashvilleHotChicken 7,cooking,Item_ChickenNashvilleHot,Nashville Hot Chicken,1,Resistance_Frost,6000,6000.0
Item_ChickenLeg,Chicken Leg,Consumables/Foodstuffs,1,Recipe_NashvilleHotChicken 8,cooking,Item_ChickenNashvilleHot,Nashville Hot Chicken,1,Resistance_Frost,6000,6000.0
Item_ChickenLeg,Chicken Leg,Consumables/Foodstuffs,2,Recipe_NashvilleHotChicken 9,cooking,Item_ChickenNashvilleHot,Nashville Hot Chicken,1,Resistance_Frost,6000,6000.0
Item_ChickenLeg,Chicken Leg,Consumables/Foodstuffs,1,Recipe_Stew_1 8,cooking,Item_Stew,Stew,2,Stat_HealthRegen,20,10.0
Item_ChickenLeg,Chicken Leg,Consumables/Foodstuffs,1,Recipe_Stew_2 8,cooking,Item_Stew,Stew,2,Stat_HealthRegen,20,10.0
Item_ChickenLeg,Chicken Leg,Consumables/Foodstuffs,1,Recipe_ToriRamen_1,cooking,Item_Ramen,Ramen,2,Stat_HealthRegen,40,20.0
Item_ChickenLeg,Chicken Leg,Consumables/Foodstuffs,1,Recipe_ToriRamen_1 1,cooking,Item_RamenTori,Tori Ramen,2,Stat_HealthRegen,40,20.0
Item_ChickenLeg,Chicken Leg,Consumables/Foodstuffs,1,Recipe_ToriRamen_1 2,cooking,Item_Ramen,Ramen,2,Stat_HealthRegen,40,20.0
Item_ChickenLeg,Chicken Leg,Consumables/Foodstuffs,2,Recipe_ToriRamen_1 3,cooking,Item_Ramen,Ramen,2,Stat_HealthRegen,40,20.0
Item_ChickenLeg,Chicken Leg,Consumables/Foodstuffs,2,Recipe_ToriRamen_1 4,cooking,Item_RamenTori,Tori Ramen,2,Stat_HealthRegen,40,20.0
Item_ChickenLeg,Chicken Leg,Consumables/Foodstuffs,1,Recipe_ToriRamen_1 5,cooking,Item_RamenTori,Tori Ramen,2,Stat_HealthRegen,40,20.0
Item_ChickenLeg,Chicken Leg,Consumables/Foodstuffs,2,Recipe_ToriRamen_1 6,cooking,Item_RamenTori,Tori Ramen,2,Stat_HealthRegen,40,20.0
Item_ChickenLeg,Chicken Leg,Consumables/Foodstuffs,1,Recipe_ToriRamen_3 1,cooking,Item_RamenTori,Tori Ramen,2,Stat_HealthRegen,40,20.0
Item_ChickenLeg,Chicken Leg,Consumables/Foodstuffs,1,Recipe_ToriRamen_3 3,cooking,Item_RamenTori,Tori Ramen,2,Stat_HealthRegen,40,20.0
Item_ChickenNashvilleHot,Nashville Hot Chicken,Consumables/Foodstuffs,1,Recipe_Stew_1 9,cooking,Item_Stew,Stew,2,Stat_HealthRegen,20,10.0
Item_ChickenNashvilleHot,Nashville Hot Chicken,Consumables/Foodstuffs,1,Recipe_Stew_2 9,cooking,Item_Stew,Stew,2,Stat_HealthRegen,20,10.0
Item_ChocolateBar,Chocolate Bar,Consumables/Foodstuffs,1,Recipe_ChocolateSyrup_3,cooking,Item_ChocolateSyrup,Chocolate Syrup,2,Stat_HealthRegen,10,5.0
Item_ChocolateBar,Chocolate Bar,Consumables/Foodstuffs,1,Recipe_ChocolateSyrup_4,cooking,Item_ChocolateSyrup,Chocolate Syrup,2,Stat_HealthRegen,10,5.0
Item_ChocolateBar,Chocolate Bar,Consumables/Foodstuffs,1,Recipe_Mudcake_2,cooking,Item_Mudcake,Chocolate Mudcake,1,Stat_HealthRegen,50,50.0
Item_ChocolateBar,Chocolate Bar,Consumables/Foodstuffs,1,Recipe_Mudcake_3,cooking,Item_Mudcake,Chocolate Mudcake,1,Stat_HealthRegen,50,50.0
Item_ChocolateSyrup,Chocolate Syrup,Consumables/Foodstuffs,1,Recipe_ChocolateBall_5,cooking,Item_ChocolateBall,Chocolate Ball,1,Stat_HealthRegen,20,20.0
Item_ChocolateSyrup,Chocolate Syrup,Consumables/Foodstuffs,1,Recipe_ChocolateBall_5 1,cooking,Item_ChocolateBall,Chocolate Ball,1,Stat_HealthRegen,20,20.0
Item_ChocolateSyrup,Chocolate Syrup,Consumables/Foodstuffs,1,Recipe_ChocolateBall_5 2,cooking,Item_ChocolateBall,Chocolate Ball,1,Stat_HealthRegen,20,20.0
Item_ChocolateSyrup,Chocolate Syrup,Consumables/Foodstuffs,1,Recipe_Cocktail 6,cooking,Item_Cocktail,Cocktail,4,Stat_Charisma,3600,900.0
Item_ChocolateSyrup,Chocolate Syrup,Consumables/Foodstuffs,1,Recipe_Milkshake_1,cooking,Item_MilkshakeChocolate,Chocolate Milkshake,2,Stat_HealthRegen,35,17.5
Item_ChocolateSyrup,Chocolate Syrup,Consumables/Foodstuffs,2,Recipe_Milkshake_1 1,cooking,Item_MilkshakeChocolate,Chocolate Milkshake,2,Stat_HealthRegen,35,17.5
Item_ChocolateSyrup,Chocolate Syrup,Consumables/Foodstuffs,1,Recipe_Milkshake_1 2,cooking,Item_MilkshakeChocolate,Chocolate Milkshake,2,Stat_HealthRegen,35,17.5
Item_ChocolateSyrup,Chocolate Syrup,Consumables/Foodstuffs,2,Recipe_Milkshake_1 3,cooking,Item_MilkshakeChocolate,Chocolate Milkshake,2,Stat_HealthRegen,35,17.5
Item_ChocolateSyrup,Chocolate Syrup,Consumables/Foodstuffs,1,Recipe_Milkshake_2,cooking,Item_MilkshakeChocolate,Chocolate Milkshake,2,Stat_HealthRegen,35,17.5
Item_ChocolateSyrup,Chocolate Syrup,Consumables/Foodstuffs,2,Recipe_Milkshake_2 1,cooking,Item_MilkshakeChocolate,Chocolate Milkshake,2,Stat_HealthRegen,35,17.5
Item_ChocolateSyrup,Chocolate Syrup,Consumables/Foodstuffs,1,Recipe_Milkshake_2 2,cooking,Item_MilkshakeChocolate,Chocolate Milkshake,2,Stat_HealthRegen,35,17.5
Item_ChocolateSyrup,Chocolate Syrup,Consumables/Foodstuffs,2,Recipe_Milkshake_2 3,cooking,Item_MilkshakeChocolate,Chocolate Milkshake,2,Stat_HealthRegen,35,17.5
Item_ChocolateSyrup,Chocolate Syrup,Consumables/Foodstuffs,1,Recipe_Milkshake_3,cooking,Item_MilkshakeChocolate,Chocolate Milkshake,2,Stat_HealthRegen,35,17.5
Item_ChocolateSyrup,Chocolate Syrup,Consumables/Foodstuffs,2,Recipe_Milkshake_3 1,cooking,Item_MilkshakeChocolate,Chocolate Milkshake,2,Stat_HealthRegen,35,17.5
Item_ChocolateSyrup,Chocolate Syrup,Consumables/Foodstuffs,1,Recipe_Milkshake_3 2,cooking,Item_MilkshakeChocolate,Chocolate Milkshake,2,Stat_HealthRegen,35,17.5
Item_ChocolateSyrup,Chocolate Syrup,Consumables/Foodstuffs,2,Recipe_Milkshake_3 3,cooking,Item_MilkshakeChocolate,Chocolate Milkshake,2,Stat_HealthRegen,35,17.5
Item_ChocolateSyrup,Chocolate Syrup,Consumables/Foodstuffs,1,Recipe_Mudcake_4,cooking,Item_Mudcake,Chocolate Mudcake,1,Stat_HealthRegen,50,50.0
Item_ChocolateSyrup,Chocolate Syrup,Consumables/Foodstuffs,1,Recipe_Mudcake_5,cooking,Item_Mudcake,Chocolate Mudcake,1,Stat_HealthRegen,50,50.0
Item_ChristmasSpice,Christmas Spice,Consumables/Foodstuffs,1,Recipe_CurryWurst 1,cooking,Item_Currywurst,Currywurst,2,Stat_HealthRegen,45,22.5
Item_ChristmasSpice,Christmas Spice,Consumables/Foodstuffs,1,Recipe_CurryWurst 2,cooking,Item_Currywurst,Currywurst,2,Stat_HealthRegen,45,22.5
Item_ChristmasSpice,Christmas Spice,Consumables/Foodstuffs,1,Recipe_Glogg 1,cooking,Item_MulledWine,Mulled Wine,1,Stat_Charisma,1200,1200.0
Item_ChristmasSpice,Christmas Spice,Consumables/Foodstuffs,1,Recipe_Glogg 2,cooking,Item_MulledWine,Mulled Wine,1,Stat_Charisma,1200,1200.0
Item_ChristmasSpice,Christmas Spice,Consumables/Foodstuffs,1,Recipe_Glogg 3,cooking,Item_MulledWine,Mulled Wine,1,Stat_Charisma,1200,1200.0
Item_ChristmasSpice,Christmas Spice,Consumables/Foodstuffs,1,Recipe_Glogg 4,cooking,Item_MulledWine,Mulled Wine,1,Stat_Charisma,1200,1200.0
Item_ChristmasSpice,Christmas Spice,Consumables/Foodstuffs,2,Recipe_Glogg 5,cooking,Item_MulledWine,Mulled Wine,1,Stat_Charisma,1200,1200.0
Item_ChristmasSpice,Christmas Spice,Consumables/Foodstuffs,1,Recipe_Risalamalta,cooking,Item_Risalamalta,Ris à la Malta,1,Stat_HealthRegen,25,25.0
Item_ChristmasSpice,Christmas Spice,Consumables/Foodstuffs,1,Recipe_Sill 22,cooking,Item_Silltalrik,Silltallrik,2,Stat_HealthRegen,20,10.0
Item_ChristmasSpice,Christmas Spice,Consumables/Foodstuffs,1,Recipe_Sill 23,cooking,Item_Silltalrik,Silltallrik,2,Stat_HealthRegen,20,10.0
Item_ChristmasSpice,Christmas Spice,Consumables/Foodstuffs,2,Recipe_Sill 24,cooking,Item_Silltalrik,Silltallrik,2,Stat_HealthRegen,20,10.0
Item_ChristmasSpice,Christmas Spice,Consumables/Foodstuffs,2,Recipe_Sill 25,cooking,Item_Silltalrik,Silltallrik,2,Stat_HealthRegen,20,10.0
Item_ChristmasSpice,Christmas Spice,Consumables/Foodstuffs,1,Recipe_Sill 26,cooking,Item_Silltalrik,Silltallrik,2,Stat_HealthRegen,20,10.0
Item_ChristmasSpice,Christmas Spice,Consumables/Foodstuffs,1,Recipe_Sill 27,cooking,Item_Silltalrik,Silltallrik,2,Stat_HealthRegen,20,10.0
Item_ChristmasSpice,Christmas Spice,Consumables/Foodstuffs,1,Recipe_Sill 28,cooking,Item_Silltalrik,Silltallrik,2,Stat_HealthRegen,20,10.0
Item_ChristmasSpice,Christmas Spice,Consumables/Foodstuffs,1,Recipe_Sill 29,cooking,Item_Silltalrik,Silltallrik,2,Stat_HealthRegen,20,10.0
Item_ChristmasSpice,Christmas Spice,Consumables/Foodstuffs,2,Recipe_Sill 30,cooking,Item_Silltalrik,Silltallrik,2,Stat_HealthRegen,20,10.0
Item_ChristmasSpice,Christmas Spice,Consumables/Foodstuffs,2,Recipe_Sill 31,cooking,Item_Silltalrik,Silltallrik,2,Stat_HealthRegen,20,10.0
Item_ChristmasSpice,Christmas Spice,Consumables/Foodstuffs,1,Recipe_Sill 32,cooking,Item_Silltalrik,Silltallrik,2,Stat_HealthRegen,20,10.0
Item_ChristmasSpice,Christmas Spice,Consumables/Foodstuffs,1,Recipe_Sill 33,cooking,Item_Silltalrik,Silltallrik,2,Stat_HealthRegen,20,10.0
Item_ChristmasSpice,Christmas Spice,Consumables/Foodstuffs,2,Recipe_Sill 34,cooking,Item_Silltalrik,Silltallrik,2,Stat_HealthRegen,20,10.0
Item_ChristmasSpice,Christmas Spice,Consumables/Foodstuffs,2,Recipe_Sill 35,cooking,Item_Silltalrik,Silltallrik,2,Stat_HealthRegen,20,10.0
Item_ChristmasSpice,Christmas Spice,Consumables/Foodstuffs,1,Recipe_Sill 36,cooking,Item_Silltalrik,Silltallrik,2,Stat_HealthRegen,20,10.0
Item_ChristmasSpice,Christmas Spice,Consumables/Foodstuffs,1,Recipe_Sill 37,cooking,Item_Silltalrik,Silltallrik,2,Stat_HealthRegen,20,10.0
Item_ChristmasSpice,Christmas Spice,Consumables/Foodstuffs,2,Recipe_Sill 38,cooking,Item_Silltalrik,Silltallrik,2,Stat_HealthRegen,20,10.0
Item_ChristmasSpice,Christmas Spice,Consumables/Foodstuffs,2,Recipe_Sill 39,cooking,Item_Silltalrik,Silltallrik,2,Stat_HealthRegen,20,10.0
Item_ChristmasSpice,Christmas Spice,Consumables/Foodstuffs,1,Recipe_Sill 40,cooking,Item_Silltalrik,Silltallrik,2,Stat_HealthRegen,20,10.0
Item_ChristmasSpice,Christmas Spice,Consumables/Foodstuffs,1,Recipe_Sill 41,cooking,Item_Silltalrik,Silltallrik,2,Stat_HealthRegen,20,10.0
Item_ChristmasSpice,Christmas Spice,Consumables/Foodstuffs,2,Recipe_Sill 42,cooking,Item_Silltalrik,Silltallrik,2,Stat_HealthRegen,20,10.0
Item_ChristmasSpice,Christmas Spice,Consumables/Foodstuffs,2,Recipe_Sill 43,cooking,Item_Silltalrik,Silltallrik,2,Stat_HealthRegen,20,10.0
Item_ChristmasSpice,Christmas Spice,Consumables/Foodstuffs,1,Recipe_SillSandfish 22,cooking,Item_Silltalrik,Silltallrik,2,Stat_HealthRegen,20,10.0
Item_ChristmasSpice,Christmas Spice,Consumables/Foodstuffs,1,Recipe_SillSandfish 23,cooking,Item_Silltalrik,Silltallrik,2,Stat_HealthRegen,20,10.0
Item_ChristmasSpice,Christmas Spice,Consumables/Foodstuffs,2,Recipe_SillSandfish 24,cooking,Item_Silltalrik,Silltallrik,2,Stat_HealthRegen,20,10.0
Item_ChristmasSpice,Christmas Spice,Consumables/Foodstuffs,2,Recipe_SillSandfish 25,cooking,Item_Silltalrik,Silltallrik,2,Stat_HealthRegen,20,10.0
Item_ChristmasSpice,Christmas Spice,Consumables/Foodstuffs,1,Recipe_SillSandfish 26,cooking,Item_Silltalrik,Silltallrik,2,Stat_HealthRegen,20,10.0
Item_ChristmasSpice,Christmas Spice,Consumables/Foodstuffs,1,Recipe_SillSandfish 27,cooking,Item_Silltalrik,Silltallrik,2,Stat_HealthRegen,20,10.0
Item_ChristmasSpice,Christmas Spice,Consumables/Foodstuffs,1,Recipe_SillSandfish 28,cooking,Item_Silltalrik,Silltallrik,2,Stat_HealthRegen,20,10.0
Item_ChristmasSpice,Christmas Spice,Consumables/Foodstuffs,1,Recipe_SillSandfish 29,cooking,Item_Silltalrik,Silltallrik,2,Stat_HealthRegen,20,10.0
Item_ChristmasSpice,Christmas Spice,Consumables/Foodstuffs,2,Recipe_SillSandfish 30,cooking,Item_Silltalrik,Silltallrik,2,Stat_HealthRegen,20,10.0
Item_ChristmasSpice,Christmas Spice,Consumables/Foodstuffs,2,Recipe_SillSandfish 31,cooking,Item_Silltalrik,Silltallrik,2,Stat_HealthRegen,20,10.0
Item_ChristmasSpice,Christmas Spice,Consumables/Foodstuffs,1,Recipe_SillSandfish 32,cooking,Item_Silltalrik,Silltallrik,2,Stat_HealthRegen,20,10.0
Item_ChristmasSpice,Christmas Spice,Consumables/Foodstuffs,1,Recipe_SillSandfish 33,cooking,Item_Silltalrik,Silltallrik,2,Stat_HealthRegen,20,10.0
Item_ChristmasSpice,Christmas Spice,Consumables/Foodstuffs,2,Recipe_SillSandfish 34,cooking,Item_Silltalrik,Silltallrik,2,Stat_HealthRegen,20,10.0
Item_ChristmasSpice,Christmas Spice,Consumables/Foodstuffs,2,Recipe_SillSandfish 35,cooking,Item_Silltalrik,Silltallrik,2,Stat_HealthRegen,20,10.0
Item_ChristmasSpice,Christmas Spice,Consumables/Foodstuffs,1,Recipe_SillSandfish 36,cooking,Item_Silltalrik,Silltallrik,2,Stat_HealthRegen,20,10.0
Item_ChristmasSpice,Christmas Spice,Consumables/Foodstuffs,1,Recipe_SillSandfish 37,cooking,Item_Silltalrik,Silltallrik,2,Stat_HealthRegen,20,10.0
Item_ChristmasSpice,Christmas Spice,Consumables/Foodstuffs,2,Recipe_SillSandfish 38,cooking,Item_Silltalrik,Silltallrik,2,Stat_HealthRegen,20,10.0
Item_ChristmasSpice,Christmas Spice,Consumables/Foodstuffs,2,Recipe_SillSandfish 39,cooking,Item_Silltalrik,Silltallrik,2,Stat_HealthRegen,20,10.0
Item_ChristmasSpice,Christmas Spice,Consumables/Foodstuffs,1,Recipe_SillSandfish 40,cooking,Item_Silltalrik,Silltallrik,2,Stat_HealthRegen,20,10.0
Item_ChristmasSpice,Christmas Spice,Consumables/Foodstuffs,1,Recipe_SillSandfish 41,cooking,Item_Silltalrik,Silltallrik,2,Stat_HealthRegen,20,10.0
Item_ChristmasSpice,Christmas Spice,Consumables/Foodstuffs,2,Recipe_SillSandfish 42,cooking,Item_Silltalrik,Silltallrik,2,Stat_HealthRegen,20,10.0
Item_ChristmasSpice,Christmas Spice,Consumables/Foodstuffs,2,Recipe_SillSandfish 43,cooking,Item_Silltalrik,Silltallrik,2,Stat_HealthRegen,20,10.0
Item_ChristmasSpice,Christmas Spice,Consumables/Foodstuffs,1,Recipe_SodaJulmust,cooking,Item_Julmust,Julmust,2,Stat_HealthRegen,18,9.0
Item_ChristmasSpice,Christmas Spice,Consumables/Foodstuffs,1,Recipe_SodaJulmust 1,cooking,Item_Julmust,Julmust,2,Stat_HealthRegen,18,9.0
Item_ChristmasSpice,Christmas Spice,Consumables/Foodstuffs,2,Recipe_SodaJulmust 10,cooking,Item_Julmust,Julmust,2,Stat_HealthRegen,18,9.0
Item_ChristmasSpice,Christmas Spice,Consumables/Foodstuffs,2,Recipe_SodaJulmust 11,cooking,Item_Julmust,Julmust,2,Stat_HealthRegen,18,9.0
Item_ChristmasSpice,Christmas Spice,Consumables/Foodstuffs,2,Recipe_SodaJulmust 12,cooking,Item_Julmust,Julmust,2,Stat_HealthRegen,18,9.0
Item_ChristmasSpice,Christmas Spice,Consumables/Foodstuffs,2,Recipe_SodaJulmust 13,cooking,Item_Julmust,Julmust,2,Stat_HealthRegen,18,9.0
Item_ChristmasSpice,Christmas Spice,Consumables/Foodstuffs,2,Recipe_SodaJulmust 14,cooking,Item_Julmust,Julmust,2,Stat_HealthRegen,18,9.0
Item_ChristmasSpice,Christmas Spice,Consumables/Foodstuffs,2,Recipe_SodaJulmust 15,cooking,Item_Julmust,Julmust,2,Stat_HealthRegen,18,9.0
Item_ChristmasSpice,Christmas Spice,Consumables/Foodstuffs,2,Recipe_SodaJulmust 16,cooking,Item_Julmust,Julmust,2,Stat_HealthRegen,18,9.0
Item_ChristmasSpice,Christmas Spice,Consumables/Foodstuffs,2,Recipe_SodaJulmust 17,cooking,Item_Julmust,Julmust,2,Stat_HealthRegen,18,9.0
Item_ChristmasSpice,Christmas Spice,Consumables/Foodstuffs,1,Recipe_SodaJulmust 18,cooking,Item_Julmust,Julmust,2,Stat_HealthRegen,18,9.0
Item_ChristmasSpice,Christmas Spice,Consumables/Foodstuffs,1,Recipe_SodaJulmust 19,cooking,Item_Julmust,Julmust,2,Stat_HealthRegen,18,9.0
Item_ChristmasSpice,Christmas Spice,Consumables/Foodstuffs,1,Recipe_SodaJulmust 2,cooking,Item_Julmust,Julmust,2,Stat_HealthRegen,18,9.0
Item_ChristmasSpice,Christmas Spice,Consumables/Foodstuffs,1,Recipe_SodaJulmust 20,cooking,Item_Julmust,Julmust,2,Stat_HealthRegen,18,9.0
Item_ChristmasSpice,Christmas Spice,Consumables/Foodstuffs,2,Recipe_SodaJulmust 21,cooking,Item_Julmust,Julmust,2,Stat_HealthRegen,18,9.0
Item_ChristmasSpice,Christmas Spice,Consumables/Foodstuffs,2,Recipe_SodaJulmust 22,cooking,Item_Julmust,Julmust,2,Stat_HealthRegen,18,9.0
Item_ChristmasSpice,Christmas Spice,Consumables/Foodstuffs,2,Recipe_SodaJulmust 23,cooking,Item_Julmust,Julmust,2,Stat_HealthRegen,18,9.0
Item_ChristmasSpice,Christmas Spice,Consumables/Foodstuffs,2,Recipe_SodaJulmust 24,cooking,Item_Julmust,Julmust,2,Stat_HealthRegen,18,9.0
Item_ChristmasSpice,Christmas Spice,Consumables/Foodstuffs,2,Recipe_SodaJulmust 25,cooking,Item_Julmust,Julmust,2,Stat_HealthRegen,18,9.0
Item_ChristmasSpice,Christmas Spice,Consumables/Foodstuffs,1,Recipe_SodaJulmust 26,cooking,Item_Julmust,Julmust,2,Stat_HealthRegen,18,9.0
Item_ChristmasSpice,Christmas Spice,Consumables/Foodstuffs,1,Recipe_SodaJulmust 27,cooking,Item_Julmust,Julmust,2,Stat_HealthRegen,18,9.0
Item_ChristmasSpice,Christmas Spice,Consumables/Foodstuffs,1,Recipe_SodaJulmust 3,cooking,Item_Julmust,Julmust,2,Stat_HealthRegen,18,9.0
Item_ChristmasSpice,Christmas Spice,Consumables/Foodstuffs,1,Recipe_SodaJulmust 4,cooking,Item_Julmust,Julmust,2,Stat_HealthRegen,18,9.0
Item_ChristmasSpice,Christmas Spice,Consumables/Foodstuffs,1,Recipe_SodaJulmust 5,cooking,Item_Julmust,Julmust,2,Stat_HealthRegen,18,9.0
Item_ChristmasSpice,Christmas Spice,Consumables/Foodstuffs,1,Recipe_SodaJulmust 6,cooking,Item_Julmust,Julmust,2,Stat_HealthRegen,18,9.0
Item_ChristmasSpice,Christmas Spice,Consumables/Foodstuffs,1,Recipe_SodaJulmust 7,cooking,Item_Julmust,Julmust,2,Stat_HealthRegen,18,9.0
Item_ChristmasSpice,Christmas Spice,Consumables/Foodstuffs,1,Recipe_SodaJulmust 8,cooking,Item_Julmust,Julmust,2,Stat_HealthRegen,18,9.0
Item_ChristmasSpice,Christmas Spice,Consumables/Foodstuffs,2,Recipe_SodaJulmust 9,cooking,Item_Julmust,Julmust,2,Stat_HealthRegen,18,9.0
Item_ClergyCollar,Father's Shirt,Equipment/Torso,1,Recipe_MolotovCocktail_3,generic,Weapon_MolotovCocktail,Molotov Cocktail,2,,0,0.0
Item_Cloth,Cloth,Misc,1,Recipe_Dynamite19,generic,Weapon_Dynamite,Dynamite,2,,0,0.0
Item_Cloth,Cloth,Misc,1,Recipe_Dynamite7,generic,Weapon_Dynamite,Dynamite,2,,0,0.0
Item_Cloth,Cloth,Misc,1,Recipe_FirstAidKit_1,cooking,Item_FirstAidKit,First Aid Kit,4,Stat_HealthRegen,100,25.0
Item_Cloth,Cloth,Misc,2,Recipe_FirstAidKit_1 1,cooking,Item_FirstAidKit,First Aid Kit,4,Stat_HealthRegen,100,25.0
Item_Cloth,Cloth,Misc,1,Recipe_FirstAidKit_1 2,cooking,Item_FirstAidKit,First Aid Kit,4,Stat_HealthRegen,100,25.0
Item_Cloth,Cloth,Misc,1,Recipe_MolotovCocktail,generic,Weapon_MolotovCocktail,Molotov Cocktail,2,,0,0.0
Item_Cloth,Cloth,Misc,1,Recipe_Snus_2,cooking,Item_Snus,Admiral White Extra Strong,1,Stat_SlowMotion,15,15.0
Item_Cloth,Cloth,Misc,1,Recipe_ThrowingKnife_1,generic,Weapon_ThrowingKnives,Throwing Knives,2,,0,0.0
Item_Cloth,Cloth,Misc,2,Recipe_ThrowingKnife_1 4,generic,Weapon_ThrowingKnives,Throwing Knives,2,,0,0.0
Item_Cloth,Cloth,Misc,3,Recipe_ThrowingKnife_1 5,generic,Weapon_ThrowingKnives,Throwing Knives,2,,0,0.0
Item_Cloth,Cloth,Misc,1,Recipe_WetWipes,generic,Weapon_Dynamite,Dynamite,2,,0,0.0
Item_Coffee,Coffee,Consumables/Drinks,1,Recipe_ChocolateBall_1,cooking,Item_ChocolateBall,Chocolate Ball,1,Stat_HealthRegen,20,20.0
Item_Coffee,Coffee,Consumables/Drinks,1,Recipe_ChocolateBall_1 1,cooking,Item_ChocolateBall,Chocolate Ball,1,Stat_HealthRegen,20,20.0
Item_Coffee,Coffee,Consumables/Drinks,1,Recipe_ChocolateBall_1 2,cooking,Item_ChocolateBall,Chocolate Ball,1,Stat_HealthRegen,20,20.0
Item_Coffee,Coffee,Consumables/Drinks,1,Recipe_ChocolateBall_3,cooking,Item_ChocolateBall,Chocolate Ball,1,Stat_HealthRegen,20,20.0
Item_Coffee,Coffee,Consumables/Drinks,1,Recipe_ChocolateBall_3 1,cooking,Item_ChocolateBall,Chocolate Ball,1,Stat_HealthRegen,20,20.0
Item_Coffee,Coffee,Consumables/Drinks,1,Recipe_ChocolateBall_3 2,cooking,Item_ChocolateBall,Chocolate Ball,1,Stat_HealthRegen,20,20.0
Item_Coffee,Coffee,Consumables/Drinks,1,Recipe_Cocktail 1,cooking,Item_Cocktail,Cocktail,4,Stat_Charisma,3600,900.0
Item_CrawFlesh,Craw flesh,Organs/Craw,1,Recipe_Bolognese_2 1,cooking,Item_PastaBolognese,Spaghetti Bolognese,2,Stat_HealthRegen,50,25.0
Item_CrawFlesh,Craw flesh,Organs/Craw,1,Recipe_Cevapi_1 1,cooking,Item_Cevapi,Cevapi,2,Stat_HealthRegen,25,12.5
Item_CrawFlesh,Craw flesh,Organs/Craw,2,Recipe_CheeseburgerDouble_1 1,cooking,Item_DoubleCheeseburger,Double Cheeseburger,1,Stat_HealthRegen,200,200.0
Item_CrawFlesh,Craw flesh,Organs/Craw,1,Recipe_Cheeseburger_1 1,cooking,Item_Cheeseburger,Cheeseburger,1,Stat_HealthRegen,45,45.0
Item_CrawFlesh,Craw flesh,Organs/Craw,1,Recipe_Cheeseburger_1 12,cooking,Item_Cheeseburger,Cheeseburger,1,Stat_HealthRegen,45,45.0
Item_CrawFlesh,Craw flesh,Organs/Craw,1,Recipe_Cheeseburger_1 18,cooking,Item_Cheeseburger,Cheeseburger,1,Stat_HealthRegen,45,45.0
Item_CrawFlesh,Craw flesh,Organs/Craw,2,Recipe_Cheeseburger_1 24,cooking,Item_DoubleCheeseburger,Double Cheeseburger,1,Stat_HealthRegen,200,200.0
Item_CrawFlesh,Craw flesh,Organs/Craw,2,Recipe_Cheeseburger_1 30,cooking,Item_DoubleCheeseburger,Double Cheeseburger,1,Stat_HealthRegen,200,200.0
Item_CrawFlesh,Craw flesh,Organs/Craw,2,Recipe_Cheeseburger_1 36,cooking,Item_DoubleCheeseburger,Double Cheeseburger,1,Stat_HealthRegen,200,200.0
Item_CrawFlesh,Craw flesh,Organs/Craw,3,Recipe_Cheeseburger_1 42,cooking,Item_DoubleCheeseburger,Double Cheeseburger,1,Stat_HealthRegen,200,200.0
Item_CrawFlesh,Craw flesh,Organs/Craw,3,Recipe_ChickenNuggets 3,cooking,Item_Nuggets,Nuggets,2,Stat_HealthRegen,25,12.5
Item_CrawFlesh,Craw flesh,Organs/Craw,2,Recipe_ChickenNuggets 4,cooking,Item_Nuggets,Nuggets,2,Stat_HealthRegen,25,12.5
Item_CrawFlesh,Craw flesh,Organs/Craw,1,Recipe_ChickenNuggets 5,cooking,Item_Nuggets,Nuggets,2,Stat_HealthRegen,25,12.5
Item_CrawFlesh,Craw flesh,Organs/Craw,1,Recipe_CordonBleu 1,cooking,Item_CordonBleu,Cordon Bleu,2,Stat_HealthRegen,25,12.5
Item_CrawFlesh,Craw flesh,Organs/Craw,1,Recipe_Dimmies 1,cooking,Item_Dimmie,Dimmie,1,Stat_HealthRegen,20,20.0
Item_CrawFlesh,Craw flesh,Organs/Craw,1,Recipe_Hotpot,cooking,Item_HotPot,Hot Pot,6,Stat_HealthRegen,50,8.3333
Item_CrawFlesh,Craw flesh,Organs/Craw,1,Recipe_Hotpot 12,cooking,Item_HotPot,Hot Pot,6,Stat_HealthRegen,50,8.3333
Item_CrawFlesh,Craw flesh,Organs/Craw,1,Recipe_Hotpot 18,cooking,Item_HotPot,Hot Pot,6,Stat_HealthRegen,50,8.3333
Item_CrawFlesh,Craw flesh,Organs/Craw,1,Recipe_Hotpot 24,cooking,Item_HotPot,Hot Pot,6,Stat_HealthRegen,50,8.3333
Item_CrawFlesh,Craw flesh,Organs/Craw,1,Recipe_Hotpot 30,cooking,Item_HotPot,Hot Pot,6,Stat_HealthRegen,50,8.3333
Item_CrawFlesh,Craw flesh,Organs/Craw,1,Recipe_Hotpot 36,cooking,Item_HotPot,Hot Pot,6,Stat_HealthRegen,50,8.3333
Item_CrawFlesh,Craw flesh,Organs/Craw,1,Recipe_Hotpot 42,cooking,Item_HotPot,Hot Pot,6,Stat_HealthRegen,50,8.3333
Item_CrawFlesh,Craw flesh,Organs/Craw,1,Recipe_Hotpot 48,cooking,Item_HotPot,Hot Pot,6,Stat_HealthRegen,50,8.3333
Item_CrawFlesh,Craw flesh,Organs/Craw,1,Recipe_Hotpot 54,cooking,Item_HotPot,Hot Pot,6,Stat_HealthRegen,50,8.3333
Item_CrawFlesh,Craw flesh,Organs/Craw,1,Recipe_Hotpot 6,cooking,Item_HotPot,Hot Pot,6,Stat_HealthRegen,50,8.3333
Item_CrawFlesh,Craw flesh,Organs/Craw,1,Recipe_Hotpot 60,cooking,Item_HotPot,Hot Pot,6,Stat_HealthRegen,50,8.3333
Item_CrawFlesh,Craw flesh,Organs/Craw,1,Recipe_Hotpot 66,cooking,Item_HotPot,Hot Pot,6,Stat_HealthRegen,50,8.3333
Item_CrawFlesh,Craw flesh,Organs/Craw,1,Recipe_Hotpot 72,cooking,Item_HotPot,Hot Pot,6,Stat_HealthRegen,50,8.3333
Item_CrawFlesh,Craw flesh,Organs/Craw,1,Recipe_Hotpot 78,cooking,Item_HotPot,Hot Pot,6,Stat_HealthRegen,50,8.3333
Item_CrawFlesh,Craw flesh,Organs/Craw,1,Recipe_Hotpot 84,cooking,Item_HotPot,Hot Pot,6,Stat_HealthRegen,50,8.3333
Item_CrawFlesh,Craw flesh,Organs/Craw,2,Recipe_Hotpot 90,cooking,Item_HotPot,Hot Pot,6,Stat_HealthRegen,50,8.3333
Item_CrawFlesh,Craw flesh,Organs/Craw,1,Recipe_MeatSkewersBone 1,cooking,Item_MeatSkewers,Meat Skewers,2,Stat_HealthRegen,20,10.0
Item_CrawFlesh,Craw flesh,Organs/Craw,1,Recipe_MeatSkewers_1 2,cooking,Item_MeatSkewers,Meat Skewers,2,Stat_HealthRegen,20,10.0
Item_CrawFlesh,Craw flesh,Organs/Craw,4,Recipe_MysteryMeat_1,cooking,Item_MysteryMeat,Mystery Meat,1,Stat_HealthRegen,15,15.0
Item_CrawFlesh,Craw flesh,Organs/Craw,2,Recipe_MysteryMeat_2,cooking,Item_MysteryMeat,Mystery Meat,1,Stat_HealthRegen,15,15.0
Item_CrawFlesh,Craw flesh,Organs/Craw,1,Recipe_OnigiriFlesh_5,cooking,Item_Onigiri,Onigiri,2,Stat_HealthRegen,35,17.5
Item_CrawFlesh,Craw flesh,Organs/Craw,2,Recipe_OnigiriFlesh_5 1,cooking,Item_Onigiri,Onigiri,2,Stat_HealthRegen,35,17.5
Item_CrawFlesh,Craw flesh,Organs/Craw,2,Recipe_OnigiriFlesh_5 2,cooking,Item_Onigiri,Onigiri,2,Stat_HealthRegen,35,17.5
Item_CrawFlesh,Craw flesh,Organs/Craw,1,Recipe_OnigiriFlesh_5 3,cooking,Item_Onigiri,Onigiri,2,Stat_HealthRegen,35,17.5
Item_CrawFlesh,Craw flesh,Organs/Craw,1,Recipe_Poutine 1,cooking,Item_Poutine,Poutine,2,Stat_HealthRegen,35,17.5
Item_CrawFlesh,Craw flesh,Organs/Craw,1,Recipe_Poutine 9,cooking,Item_Poutine,Poutine,2,Stat_HealthRegen,35,17.5
Item_CrawFlesh,Craw flesh,Organs/Craw,1,Recipe_Ramen_3,cooking,Item_Ramen,Ramen,2,Stat_HealthRegen,40,20.0
Item_CrawFlesh,Craw flesh,Organs/Craw,1,Recipe_Ramen_3 2,cooking,Item_RamenTori,Tori Ramen,2,Stat_HealthRegen,40,20.0
Item_CrawFlesh,Craw flesh,Organs/Craw,1,Recipe_Sausage 1,cooking,Item_Sausage,Spicy Sausage,2,Stat_HealthRegen,30,15.0
Item_CrawFlesh,Craw flesh,Organs/Craw,1,Recipe_Stew_1 1,cooking,Item_Stew,Stew,2,Stat_HealthRegen,20,10.0
Item_CrawFlesh,Craw flesh,Organs/Craw,1,Recipe_Stew_2 1,cooking,Item_Stew,Stew,2,Stat_HealthRegen,20,10.0
Item_CrawFlesh,Craw flesh,Organs/Craw,1,Recipe_Taco_7,cooking,Item_HardshellTaco,Hardshell Taco,1,Stat_HealthRegen,25,25.0
Item_CrawSkin,Craw skin,Organs/Craw,2,Recipe_BeefJerky_1,cooking,Item_BeefJerky,Beef Jerky,1,Stat_HealthRegen,10,10.0
Item_CrawSkin,Craw skin,Organs/Craw,2,Recipe_BeefJerky_4,cooking,Item_BeefJerky,Beef Jerky,1,Stat_HealthRegen,10,10.0
Item_CrawSkin,Craw skin,Organs/Craw,1,Recipe_BeefJerky_5 1,cooking,Item_BeefJerky,Beef Jerky,1,Stat_HealthRegen,10,10.0
Item_CrawSkin,Craw skin,Organs/Craw,1,Recipe_BeefJerky_5 12,cooking,Item_BeefJerky,Beef Jerky,1,Stat_HealthRegen,10,10.0
Item_CrawSkin,Craw skin,Organs/Craw,1,Recipe_Dynamite14,generic,Weapon_Dynamite,Dynamite,2,,0,0.0
Item_CrawSkin,Craw skin,Organs/Craw,1,Recipe_Dynamite2,generic,Weapon_Dynamite,Dynamite,2,,0,0.0
Item_CrawSkin,Craw skin,Organs/Craw,1,Recipe_Haggis_2A,cooking,Item_Haggis,Haggis,2,Stat_HealthRegen,20,10.0
Item_CrawSkin,Craw skin,Organs/Craw,1,Recipe_Haggis_2B,cooking,Item_Haggis,Haggis,2,Stat_HealthRegen,20,10.0
Item_CrawSkin,Craw skin,Organs/Craw,1,Recipe_Haggis_2C,cooking,Item_Haggis,Haggis,2,Stat_HealthRegen,20,10.0
Item_CrawSkin,Craw skin,Organs/Craw,1,Recipe_HotSnacks_1,cooking,Item_HotSnax,Hot Snacks,1,Stat_HealthRegen,15,15.0
Item_DogEye,Dog eye,Organs/Dog,4,Recipe_BuddySandwich,cooking,Item_SandwichBuddy,Buddy Sandwich,2,Stat_HealthRegen,15,7.5
Item_DogFlesh,Dog flesh,Organs/Dog,1,Recipe_Bolognese_2 2,cooking,Item_PastaBolognese,Spaghetti Bolognese,2,Stat_HealthRegen,50,25.0
Item_DogFlesh,Dog flesh,Organs/Dog,1,Recipe_Cevapi_1 2,cooking,Item_Cevapi,Cevapi,2,Stat_HealthRegen,25,12.5
Item_DogFlesh,Dog flesh,Organs/Dog,2,Recipe_CheeseburgerDouble_1,cooking,Item_DoubleCheeseburger,Double Cheeseburger,1,Stat_HealthRegen,200,200.0
Item_DogFlesh,Dog flesh,Organs/Dog,1,Recipe_Cheeseburger_1 10,cooking,Item_Cheeseburger,Cheeseburger,1,Stat_HealthRegen,45,45.0
Item_DogFlesh,Dog flesh,Organs/Dog,1,Recipe_Cheeseburger_1 16,cooking,Item_Cheeseburger,Cheeseburger,1,Stat_HealthRegen,45,45.0
Item_DogFlesh,Dog flesh,Organs/Dog,2,Recipe_Cheeseburger_1 22,cooking,Item_DoubleCheeseburger,Double Cheeseburger,1,Stat_HealthRegen,200,200.0
Item_DogFlesh,Dog flesh,Organs/Dog,2,Recipe_Cheeseburger_1 28,cooking,Item_DoubleCheeseburger,Double Cheeseburger,1,Stat_HealthRegen,200,200.0
Item_DogFlesh,Dog flesh,Organs/Dog,2,Recipe_Cheeseburger_1 34,cooking,Item_DoubleCheeseburger,Double Cheeseburger,1,Stat_HealthRegen,200,200.0
Item_DogFlesh,Dog flesh,Organs/Dog,3,Recipe_Cheeseburger_1 40,cooking,Item_DoubleCheeseburger,Double Cheeseburger,1,Stat_HealthRegen,200,200.0
Item_DogFlesh,Dog flesh,Organs/Dog,1,Recipe_Cheeseburger_1 5,cooking,Item_Cheeseburger,Cheeseburger,1,Stat_HealthRegen,45,45.0
Item_DogFlesh,Dog flesh,Organs/Dog,1,Recipe_CordonBleu 2,cooking,Item_CordonBleu,Cordon Bleu,2,Stat_HealthRegen,25,12.5
Item_DogFlesh,Dog flesh,Organs/Dog,1,Recipe_Dimmies 2,cooking,Item_Dimmie,Dimmie,1,Stat_HealthRegen,20,20.0
Item_DogFlesh,Dog flesh,Organs/Dog,1,Recipe_FrenchHotdog_1,cooking,Item_FrenchHotdog,French Hotdog,2,Stat_HealthRegen,30,15.0
Item_DogFlesh,Dog flesh,Organs/Dog,1,Recipe_Hotpot 1,cooking,Item_HotPot,Hot Pot,6,Stat_HealthRegen,50,8.3333
Item_DogFlesh,Dog flesh,Organs/Dog,1,Recipe_Hotpot 13,cooking,Item_HotPot,Hot Pot,6,Stat_HealthRegen,50,8.3333
Item_DogFlesh,Dog flesh,Organs/Dog,1,Recipe_Hotpot 19,cooking,Item_HotPot,Hot Pot,6,Stat_HealthRegen,50,8.3333
Item_DogFlesh,Dog flesh,Organs/Dog,1,Recipe_Hotpot 25,cooking,Item_HotPot,Hot Pot,6,Stat_HealthRegen,50,8.3333
Item_DogFlesh,Dog flesh,Organs/Dog,1,Recipe_Hotpot 31,cooking,Item_HotPot,Hot Pot,6,Stat_HealthRegen,50,8.3333
Item_DogFlesh,Dog flesh,Organs/Dog,1,Recipe_Hotpot 37,cooking,Item_HotPot,Hot Pot,6,Stat_HealthRegen,50,8.3333
Item_DogFlesh,Dog flesh,Organs/Dog,1,Recipe_Hotpot 43,cooking,Item_HotPot,Hot Pot,6,Stat_HealthRegen,50,8.3333
Item_DogFlesh,Dog flesh,Organs/Dog,1,Recipe_Hotpot 49,cooking,Item_HotPot,Hot Pot,6,Stat_HealthRegen,50,8.3333
Item_DogFlesh,Dog flesh,Organs/Dog,1,Recipe_Hotpot 55,cooking,Item_HotPot,Hot Pot,6,Stat_HealthRegen,50,8.3333
Item_DogFlesh,Dog flesh,Organs/Dog,1,Recipe_Hotpot 61,cooking,Item_HotPot,Hot Pot,6,Stat_HealthRegen,50,8.3333
Item_DogFlesh,Dog flesh,Organs/Dog,1,Recipe_Hotpot 67,cooking,Item_HotPot,Hot Pot,6,Stat_HealthRegen,50,8.3333
Item_DogFlesh,Dog flesh,Organs/Dog,1,Recipe_Hotpot 7,cooking,Item_HotPot,Hot Pot,6,Stat_HealthRegen,50,8.3333
Item_DogFlesh,Dog flesh,Organs/Dog,1,Recipe_Hotpot 73,cooking,Item_HotPot,Hot Pot,6,Stat_HealthRegen,50,8.3333
Item_DogFlesh,Dog flesh,Organs/Dog,1,Recipe_Hotpot 79,cooking,Item_HotPot,Hot Pot,6,Stat_HealthRegen,50,8.3333
Item_DogFlesh,Dog flesh,Organs/Dog,1,Recipe_Hotpot 85,cooking,Item_HotPot,Hot Pot,6,Stat_HealthRegen,50,8.3333
Item_DogFlesh,Dog flesh,Organs/Dog,2,Recipe_Hotpot 91,cooking,Item_HotPot,Hot Pot,6,Stat_HealthRegen,50,8.3333
Item_DogFlesh,Dog flesh,Organs/Dog,1,Recipe_MeatSkewersBone 2,cooking,Item_MeatSkewers,Meat Skewers,2,Stat_HealthRegen,20,10.0
Item_DogFlesh,Dog flesh,Organs/Dog,1,Recipe_MeatSkewers_1 3,cooking,Item_MeatSkewers,Meat Skewers,2,Stat_HealthRegen,20,10.0
Item_DogFlesh,Dog flesh,Organs/Dog,4,Recipe_MysteryMeat_1 1,cooking,Item_MysteryMeat,Mystery Meat,1,Stat_HealthRegen,15,15.0
Item_DogFlesh,Dog flesh,Organs/Dog,2,Recipe_MysteryMeat_2 1,cooking,Item_MysteryMeat,Mystery Meat,1,Stat_HealthRegen,15,15.0
Item_DogFlesh,Dog flesh,Organs/Dog,1,Recipe_OnigiriFlesh_2,cooking,Item_Onigiri,Onigiri,2,Stat_HealthRegen,35,17.5
Item_DogFlesh,Dog flesh,Organs/Dog,2,Recipe_OnigiriFlesh_2 1,cooking,Item_Onigiri,Onigiri,2,Stat_HealthRegen,35,17.5
Item_DogFlesh,Dog flesh,Organs/Dog,2,Recipe_OnigiriFlesh_2 2,cooking,Item_Onigiri,Onigiri,2,Stat_HealthRegen,35,17.5
Item_DogFlesh,Dog flesh,Organs/Dog,1,Recipe_OnigiriFlesh_2 3,cooking,Item_Onigiri,Onigiri,2,Stat_HealthRegen,35,17.5
Item_DogFlesh,Dog flesh,Organs/Dog,1,Recipe_Poutine 11,cooking,Item_Poutine,Poutine,2,Stat_HealthRegen,35,17.5
Item_DogFlesh,Dog flesh,Organs/Dog,1,Recipe_Poutine 3,cooking,Item_Poutine,Poutine,2,Stat_HealthRegen,35,17.5
Item_DogFlesh,Dog flesh,Organs/Dog,1,Recipe_Ramen_3 1,cooking,Item_Ramen,Ramen,2,Stat_HealthRegen,40,20.0
Item_DogFlesh,Dog flesh,Organs/Dog,1,Recipe_Ramen_3 3,cooking,Item_RamenTori,Tori Ramen,2,Stat_HealthRegen,40,20.0
Item_DogFlesh,Dog flesh,Organs/Dog,1,Recipe_Sausage 2,cooking,Item_Sausage,Spicy Sausage,2,Stat_HealthRegen,30,15.0
Item_DogFlesh,Dog flesh,Organs/Dog,1,Recipe_Stew_1 2,cooking,Item_Stew,Stew,2,Stat_HealthRegen,20,10.0
Item_DogFlesh,Dog flesh,Organs/Dog,1,Recipe_Stew_2 2,cooking,Item_Stew,Stew,2,Stat_HealthRegen,20,10.0
Item_DogFlesh,Dog flesh,Organs/Dog,1,Recipe_Taco_6,cooking,Item_HardshellTaco,Hardshell Taco,1,Stat_HealthRegen,25,25.0
Item_DogSkin,Dog Skin,Organs/Dog,2,Recipe_BeefJerky_2,cooking,Item_BeefJerky,Beef Jerky,1,Stat_HealthRegen,10,10.0
Item_DogSkin,Dog Skin,Organs/Dog,1,Recipe_BeefJerky_5 11,cooking,Item_BeefJerky,Beef Jerky,1,Stat_HealthRegen,10,10.0
Item_DogSkin,Dog Skin,Organs/Dog,1,Recipe_BeefJerky_5 2,cooking,Item_BeefJerky,Beef Jerky,1,Stat_HealthRegen,10,10.0
Item_DogSkin,Dog Skin,Organs/Dog,1,Recipe_Dynamite18,generic,Weapon_Dynamite,Dynamite,2,,0,0.0
Item_DogSkin,Dog Skin,Organs/Dog,1,Recipe_Dynamite6,generic,Weapon_Dynamite,Dynamite,2,,0,0.0
Item_DogSkin,Dog Skin,Organs/Dog,1,Recipe_Haggis_3A,cooking,Item_Haggis,Haggis,2,Stat_HealthRegen,20,10.0
Item_DogSkin,Dog Skin,Organs/Dog,1,Recipe_Haggis_3B,cooking,Item_Haggis,Haggis,2,Stat_HealthRegen,20,10.0
Item_DogSkin,Dog Skin,Organs/Dog,1,Recipe_Haggis_3C,cooking,Item_Haggis,Haggis,2,Stat_HealthRegen,20,10.0
Item_DogSkin,Dog Skin,Organs/Dog,1,Recipe_HotSnacks_2,cooking,Item_HotSnax,Hot Snacks,1,Stat_HealthRegen,15,15.0
Item_Egg,Egg,Consumables/Foodstuffs,1,Recipe_ButterMilkPancakes 1,cooking,Item_ButtermilkPancakes,Buttermilk Pancakes,2,Stat_HealthRegen,30,15.0
Item_Egg,Egg,Consumables/Foodstuffs,1,Recipe_ButterMilkPancakes 2,cooking,Item_ButtermilkPancakes,Buttermilk Pancakes,2,Stat_HealthRegen,30,15.0
Item_Egg,Egg,Consumables/Foodstuffs,1,Recipe_ButterMilkPancakes 3,cooking,Item_ButtermilkPancakes,Buttermilk Pancakes,2,Stat_HealthRegen,30,15.0
Item_Egg,Egg,Consumables/Foodstuffs,2,Recipe_ButterMilkPancakes 4,cooking,Item_ButtermilkPancakes,Buttermilk Pancakes,2,Stat_HealthRegen,30,15.0
Item_Egg,Egg,Consumables/Foodstuffs,1,Recipe_EggToddy_1,cooking,Item_EggToddy,Egg Toddy,1,Stat_Charisma,7200,7200.0
Item_Egg,Egg,Consumables/Foodstuffs,1,Recipe_EggToddy_1 1,cooking,Item_EggToddy,Egg Toddy,1,Stat_Charisma,7200,7200.0
Item_Egg,Egg,Consumables/Foodstuffs,2,Recipe_EggToddy_1 2,cooking,Item_EggToddy,Egg Toddy,1,Stat_Charisma,7200,7200.0
Item_Egg,Egg,Consumables/Foodstuffs,1,Recipe_EggToddy_1 3,cooking,Item_EggToddy,Egg Toddy,1,Stat_Charisma,7200,7200.0
Item_Egg,Egg,Consumables/Foodstuffs,2,Recipe_EggToddy_1 4,cooking,Item_EggToddy,Egg Toddy,1,Stat_Charisma,7200,7200.0
Item_Egg,Egg,Consumables/Foodstuffs,1,Recipe_EggToddy_1 5,cooking,Item_EggToddy,Egg Toddy,1,Stat_Charisma,7200,7200.0
Item_Egg,Egg,Consumables/Foodstuffs,2,Recipe_EggToddy_1 6,cooking,Item_EggToddy,Egg Toddy,1,Stat_Charisma,7200,7200.0
Item_Egg,Egg,Consumables/Foodstuffs,2,Recipe_EggToddy_1 7,cooking,Item_EggToddy,Egg Toddy,1,Stat_Charisma,7200,7200.0
Item_Egg,Egg,Consumables/Foodstuffs,1,Recipe_FrenchToast_1,cooking,Item_FrenchToast,French Toast,1,Stat_HealthRegen,15,15.0
Item_Egg,Egg,Consumables/Foodstuffs,1,Recipe_FrenchToast_1 1,cooking,Item_FrenchToast,French Toast,1,Stat_HealthRegen,15,15.0
Item_Egg,Egg,Consumables/Foodstuffs,1,Recipe_FrenchToast_1 2,cooking,Item_FrenchToast,French Toast,1,Stat_HealthRegen,15,15.0
Item_Egg,Egg,Consumables/Foodstuffs,2,Recipe_FrenchToast_1 3,cooking,Item_FrenchToast,French Toast,1,Stat_HealthRegen,15,15.0
Item_Egg,Egg,Consumables/Foodstuffs,2,Recipe_FrenchToast_1 4,cooking,Item_FrenchToast,French Toast,1,Stat_HealthRegen,15,15.0
Item_Egg,Egg,Consumables/Foodstuffs,1,Recipe_FrenchToast_1 5,cooking,Item_FrenchToast,French Toast,1,Stat_HealthRegen,15,15.0
Item_Egg,Egg,Consumables/Foodstuffs,2,Recipe_FrenchToast_1 6,cooking,Item_FrenchToast,French Toast,1,Stat_HealthRegen,15,15.0
Item_Egg,Egg,Consumables/Foodstuffs,2,Recipe_FrenchToast_1 7,cooking,Item_FrenchToast,French Toast,1,Stat_HealthRegen,15,15.0
Item_Egg,Egg,Consumables/Foodstuffs,1,Recipe_FullEnglishBreakfast_1,cooking,Item_FullEnglishBreakfast,Full English Breakfast,2,Stat_HealthRegen,35,17.5
Item_Egg,Egg,Consumables/Foodstuffs,1,Recipe_FullEnglishBreakfast_1 1,cooking,Item_FullEnglishBreakfast,Full English Breakfast,2,Stat_HealthRegen,35,17.5
Item_Egg,Egg,Consumables/Foodstuffs,2,Recipe_FullEnglishBreakfast_1 10,cooking,Item_FullEnglishBreakfast,Full English Breakfast,2,Stat_HealthRegen,35,17.5
Item_Egg,Egg,Consumables/Foodstuffs,2,Recipe_FullEnglishBreakfast_1 11,cooking,Item_FullEnglishBreakfast,Full English Breakfast,2,Stat_HealthRegen,35,17.5
Item_Egg,Egg,Consumables/Foodstuffs,2,Recipe_FullEnglishBreakfast_1 12,cooking,Item_FullEnglishBreakfast,Full English Breakfast,2,Stat_HealthRegen,35,17.5
Item_Egg,Egg,Consumables/Foodstuffs,2,Recipe_FullEnglishBreakfast_1 13,cooking,Item_FullEnglishBreakfast,Full English Breakfast,2,Stat_HealthRegen,35,17.5
Item_Egg,Egg,Consumables/Foodstuffs,2,Recipe_FullEnglishBreakfast_1 14,cooking,Item_FullEnglishBreakfast,Full English Breakfast,2,Stat_HealthRegen,35,17.5
Item_Egg,Egg,Consumables/Foodstuffs,2,Recipe_FullEnglishBreakfast_1 15,cooking,Item_FullEnglishBreakfast,Full English Breakfast,2,Stat_HealthRegen,35,17.5
Item_Egg,Egg,Consumables/Foodstuffs,2,Recipe_FullEnglishBreakfast_1 16,cooking,Item_FullEnglishBreakfast,Full English Breakfast,2,Stat_HealthRegen,35,17.5
Item_Egg,Egg,Consumables/Foodstuffs,2,Recipe_FullEnglishBreakfast_1 17,cooking,Item_FullEnglishBreakfast,Full English Breakfast,2,Stat_HealthRegen,35,17.5
Item_Egg,Egg,Consumables/Foodstuffs,2,Recipe_FullEnglishBreakfast_1 18,cooking,Item_FullEnglishBreakfast,Full English Breakfast,2,Stat_HealthRegen,35,17.5
Item_Egg,Egg,Consumables/Foodstuffs,2,Recipe_FullEnglishBreakfast_1 19,cooking,Item_FullEnglishBreakfast,Full English Breakfast,2,Stat_HealthRegen,35,17.5
Item_Egg,Egg,Consumables/Foodstuffs,1,Recipe_FullEnglishBreakfast_1 2,cooking,Item_FullEnglishBreakfast,Full English Breakfast,2,Stat_HealthRegen,35,17.5
Item_Egg,Egg,Consumables/Foodstuffs,2,Recipe_FullEnglishBreakfast_1 20,cooking,Item_FullEnglishBreakfast,Full English Breakfast,2,Stat_HealthRegen,35,17.5
Item_Egg,Egg,Consumables/Foodstuffs,2,Recipe_FullEnglishBreakfast_1 21,cooking,Item_FullEnglishBreakfast,Full English Breakfast,2,Stat_HealthRegen,35,17.5
Item_Egg,Egg,Consumables/Foodstuffs,2,Recipe_FullEnglishBreakfast_1 22,cooking,Item_FullEnglishBreakfast,Full English Breakfast,2,Stat_HealthRegen,35,17.5
Item_Egg,Egg,Consumables/Foodstuffs,2,Recipe_FullEnglishBreakfast_1 23,cooking,Item_FullEnglishBreakfast,Full English Breakfast,2,Stat_HealthRegen,35,17.5
Item_Egg,Egg,Consumables/Foodstuffs,2,Recipe_FullEnglishBreakfast_1 24,cooking,Item_FullEnglishBreakfast,Full English Breakfast,2,Stat_HealthRegen,35,17.5
Item_Egg,Egg,Consumables/Foodstuffs,3,Recipe_FullEnglishBreakfast_1 25,cooking,Item_FullEnglishBreakfast,Full English Breakfast,2,Stat_HealthRegen,35,17.5
Item_Egg,Egg,Consumables/Foodstuffs,3,Recipe_FullEnglishBreakfast_1 26,cooking,Item_FullEnglishBreakfast,Full English Breakfast,2,Stat_HealthRegen,35,17.5
Item_Egg,Egg,Consumables/Foodstuffs,3,Recipe_FullEnglishBreakfast_1 27,cooking,Item_FullEnglishBreakfast,Full English Breakfast,2,Stat_HealthRegen,35,17.5
Item_Egg,Egg,Consumables/Foodstuffs,3,Recipe_FullEnglishBreakfast_1 28,cooking,Item_FullEnglishBreakfast,Full English Breakfast,2,Stat_HealthRegen,35,17.5
Item_Egg,Egg,Consumables/Foodstuffs,2,Recipe_FullEnglishBreakfast_1 29,cooking,Item_FullEnglishBreakfast,Full English Breakfast,2,Stat_HealthRegen,35,17.5
Item_Egg,Egg,Consumables/Foodstuffs,1,Recipe_FullEnglishBreakfast_1 3,cooking,Item_FullEnglishBreakfast,Full English Breakfast,2,Stat_HealthRegen,35,17.5
Item_Egg,Egg,Consumables/Foodstuffs,2,Recipe_FullEnglishBreakfast_1 30,cooking,Item_FullEnglishBreakfast,Full English Breakfast,2,Stat_HealthRegen,35,17.5
Item_Egg,Egg,Consumables/Foodstuffs,2,Recipe_FullEnglishBreakfast_1 31,cooking,Item_FullEnglishBreakfast,Full English Breakfast,2,Stat_HealthRegen,35,17.5
Item_Egg,Egg,Consumables/Foodstuffs,2,Recipe_FullEnglishBreakfast_1 32,cooking,Item_FullEnglishBreakfast,Full English Breakfast,2,Stat_HealthRegen,35,17.5
Item_Egg,Egg,Consumables/Foodstuffs,3,Recipe_FullEnglishBreakfast_1 33,cooking,Item_FullEnglishBreakfast,Full English Breakfast,2,Stat_HealthRegen,35,17.5
Item_Egg,Egg,Consumables/Foodstuffs,3,Recipe_FullEnglishBreakfast_1 34,cooking,Item_FullEnglishBreakfast,Full English Breakfast,2,Stat_HealthRegen,35,17.5
Item_Egg,Egg,Consumables/Foodstuffs,3,Recipe_FullEnglishBreakfast_1 35,cooking,Item_FullEnglishBreakfast,Full English Breakfast,2,Stat_HealthRegen,35,17.5
Item_Egg,Egg,Consumables/Foodstuffs,3,Recipe_FullEnglishBreakfast_1 36,cooking,Item_FullEnglishBreakfast,Full English Breakfast,2,Stat_HealthRegen,35,17.5
Item_Egg,Egg,Consumables/Foodstuffs,3,Recipe_FullEnglishBreakfast_1 37,cooking,Item_FullEnglishBreakfast,Full English Breakfast,2,Stat_HealthRegen,35,17.5
Item_Egg,Egg,Consumables/Foodstuffs,3,Recipe_FullEnglishBreakfast_1 38,cooking,Item_FullEnglishBreakfast,Full English Breakfast,2,Stat_HealthRegen,35,17.5
Item_Egg,Egg,Consumables/Foodstuffs,3,Recipe_FullEnglishBreakfast_1 39,cooking,Item_FullEnglishBreakfast,Full English Breakfast,2,Stat_HealthRegen,35,17.5
Item_Egg,Egg,Consumables/Foodstuffs,1,Recipe_FullEnglishBreakfast_1 4,cooking,Item_FullEnglishBreakfast,Full English Breakfast,2,Stat_HealthRegen,35,17.5
Item_Egg,Egg,Consumables/Foodstuffs,3,Recipe_FullEnglishBreakfast_1 40,cooking,Item_FullEnglishBreakfast,Full English Breakfast,2,Stat_HealthRegen,35,17.5
Item_Egg,Egg,Consumables/Foodstuffs,3,Recipe_FullEnglishBreakfast_1 41,cooking,Item_FullEnglishBreakfast,Full English Breakfast,2,Stat_HealthRegen,35,17.5
Item_Egg,Egg,Consumables/Foodstuffs,3,Recipe_FullEnglishBreakfast_1 42,cooking,Item_FullEnglishBreakfast,Full English Breakfast,2,Stat_HealthRegen,35,17.5
Item_Egg,Egg,Consumables/Foodstuffs,3,Recipe_FullEnglishBreakfast_1 43,cooking,Item_FullEnglishBreakfast,Full English Breakfast,2,Stat_HealthRegen,35,17.5
Item_Egg,Egg,Consumables/Foodstuffs,3,Recipe_FullEnglishBreakfast_1 44,cooking,Item_FullEnglishBreakfast,Full English Breakfast,2,Stat_HealthRegen,35,17.5
Item_Egg,Egg,Consumables/Foodstuffs,2,Recipe_FullEnglishBreakfast_1 45,cooking,Item_FullEnglishBreakfast,Full English Breakfast,2,Stat_HealthRegen,35,17.5
Item_Egg,Egg,Consumables/Foodstuffs,2,Recipe_FullEnglishBreakfast_1 46,cooking,Item_FullEnglishBreakfast,Full English Breakfast,2,Stat_HealthRegen,35,17.5
Item_Egg,Egg,Consumables/Foodstuffs,2,Recipe_FullEnglishBreakfast_1 47,cooking,Item_FullEnglishBreakfast,Full English Breakfast,2,Stat_HealthRegen,35,17.5
Item_Egg,Egg,Consumables/Foodstuffs,2,Recipe_FullEnglishBreakfast_1 48,cooking,Item_FullEnglishBreakfast,Full English Breakfast,2,Stat_HealthRegen,35,17.5
Item_Egg,Egg,Consumables/Foodstuffs,2,Recipe_FullEnglishBreakfast_1 49,cooking,Item_FullEnglishBreakfast,Full English Breakfast,2,Stat_HealthRegen,35,17.5
Item_Egg,Egg,Consumables/Foodstuffs,1,Recipe_FullEnglishBreakfast_1 5,cooking,Item_FullEnglishBreakfast,Full English Breakfast,2,Stat_HealthRegen,35,17.5
Item_Egg,Egg,Consumables/Foodstuffs,2,Recipe_FullEnglishBreakfast_1 50,cooking,Item_FullEnglishBreakfast,Full English Breakfast,2,Stat_HealthRegen,35,17.5
Item_Egg,Egg,Consumables/Foodstuffs,2,Recipe_FullEnglishBreakfast_1 51,cooking,Item_FullEnglishBreakfast,Full English Breakfast,2,Stat_HealthRegen,35,17.5
Item_Egg,Egg,Consumables/Foodstuffs,2,Recipe_FullEnglishBreakfast_1 52,cooking,Item_FullEnglishBreakfast,Full English Breakfast,2,Stat_HealthRegen,35,17.5
Item_Egg,Egg,Consumables/Foodstuffs,1,Recipe_FullEnglishBreakfast_1 6,cooking,Item_FullEnglishBreakfast,Full English Breakfast,2,Stat_HealthRegen,35,17.5
Item_Egg,Egg,Consumables/Foodstuffs,1,Recipe_FullEnglishBreakfast_1 7,cooking,Item_FullEnglishBreakfast,Full English Breakfast,2,Stat_HealthRegen,35,17.5
Item_Egg,Egg,Consumables/Foodstuffs,1,Recipe_FullEnglishBreakfast_1 8,cooking,Item_FullEnglishBreakfast,Full English Breakfast,2,Stat_HealthRegen,35,17.5
Item_Egg,Egg,Consumables/Foodstuffs,2,Recipe_FullEnglishBreakfast_1 9,cooking,Item_FullEnglishBreakfast,Full English Breakfast,2,Stat_HealthRegen,35,17.5
Item_Egg,Egg,Consumables/Foodstuffs,2,Recipe_Marshmellow 10,cooking,Item_Marshmallow,Marshmallows,2,Stat_HealthRegen,40,20.0
Item_Egg,Egg,Consumables/Foodstuffs,3,Recipe_Marshmellow 11,cooking,Item_Marshmallow,Marshmallows,2,Stat_HealthRegen,40,20.0
Item_Egg,Egg,Consumables/Foodstuffs,2,Recipe_Marshmellow 12,cooking,Item_Marshmallow,Marshmallows,2,Stat_HealthRegen,40,20.0
Item_Egg,Egg,Consumables/Foodstuffs,1,Recipe_Marshmellow 22,cooking,Item_Marshmallow,Marshmallows,2,Stat_HealthRegen,40,20.0
Item_Egg,Egg,Consumables/Foodstuffs,1,Recipe_Marshmellow 23,cooking,Item_Marshmallow,Marshmallows,2,Stat_HealthRegen,40,20.0
Item_Egg,Egg,Consumables/Foodstuffs,1,Recipe_Marshmellow 24,cooking,Item_Marshmallow,Marshmallows,2,Stat_HealthRegen,40,20.0
Item_Egg,Egg,Consumables/Foodstuffs,1,Recipe_Marshmellow 25,cooking,Item_Marshmallow,Marshmallows,2,Stat_HealthRegen,40,20.0
Item_Egg,Egg,Consumables/Foodstuffs,1,Recipe_Marshmellow 26,cooking,Item_Marshmallow,Marshmallows,2,Stat_HealthRegen,40,20.0
Item_Egg,Egg,Consumables/Foodstuffs,1,Recipe_Marshmellow 27,cooking,Item_Marshmallow,Marshmallows,2,Stat_HealthRegen,40,20.0
Item_Egg,Egg,Consumables/Foodstuffs,1,Recipe_Marshmellow 28,cooking,Item_Marshmallow,Marshmallows,2,Stat_HealthRegen,40,20.0
Item_Egg,Egg,Consumables/Foodstuffs,1,Recipe_Marshmellow 29,cooking,Item_Marshmallow,Marshmallows,2,Stat_HealthRegen,40,20.0
Item_Egg,Egg,Consumables/Foodstuffs,1,Recipe_Marshmellow 30,cooking,Item_Marshmallow,Marshmallows,2,Stat_HealthRegen,40,20.0
Item_Egg,Egg,Consumables/Foodstuffs,2,Recipe_Marshmellow 31,cooking,Item_Marshmallow,Marshmallows,2,Stat_HealthRegen,40,20.0
Item_Egg,Egg,Consumables/Foodstuffs,2,Recipe_Marshmellow 32,cooking,Item_Marshmallow,Marshmallows,2,Stat_HealthRegen,40,20.0
Item_Egg,Egg,Consumables/Foodstuffs,2,Recipe_Marshmellow 33,cooking,Item_Marshmallow,Marshmallows,2,Stat_HealthRegen,40,20.0
Item_Egg,Egg,Consumables/Foodstuffs,2,Recipe_Marshmellow 34,cooking,Item_Marshmallow,Marshmallows,2,Stat_HealthRegen,40,20.0
Item_Egg,Egg,Consumables/Foodstuffs,2,Recipe_Marshmellow 35,cooking,Item_Marshmallow,Marshmallows,2,Stat_HealthRegen,40,20.0
Item_Egg,Egg,Consumables/Foodstuffs,2,Recipe_Marshmellow 36,cooking,Item_Marshmallow,Marshmallows,2,Stat_HealthRegen,40,20.0
Item_Egg,Egg,Consumables/Foodstuffs,2,Recipe_Marshmellow 37,cooking,Item_Marshmallow,Marshmallows,2,Stat_HealthRegen,40,20.0
Item_Egg,Egg,Consumables/Foodstuffs,2,Recipe_Marshmellow 38,cooking,Item_Marshmallow,Marshmallows,2,Stat_HealthRegen,40,20.0
Item_Egg,Egg,Consumables/Foodstuffs,2,Recipe_Marshmellow 39,cooking,Item_Marshmallow,Marshmallows,2,Stat_HealthRegen,40,20.0
Item_Egg,Egg,Consumables/Foodstuffs,1,Recipe_Marshmellow 4,cooking,Item_Marshmallow,Marshmallows,2,Stat_HealthRegen,40,20.0
Item_Egg,Egg,Consumables/Foodstuffs,1,Recipe_Marshmellow 5,cooking,Item_Marshmallow,Marshmallows,2,Stat_HealthRegen,40,20.0
Item_Egg,Egg,Consumables/Foodstuffs,1,Recipe_Marshmellow 6,cooking,Item_Marshmallow,Marshmallows,2,Stat_HealthRegen,40,20.0
Item_Egg,Egg,Consumables/Foodstuffs,2,Recipe_Marshmellow 7,cooking,Item_Marshmallow,Marshmallows,2,Stat_HealthRegen,40,20.0
Item_Egg,Egg,Consumables/Foodstuffs,1,Recipe_Marshmellow 8,cooking,Item_Marshmallow,Marshmallows,2,Stat_HealthRegen,40,20.0
Item_Egg,Egg,Consumables/Foodstuffs,2,Recipe_Marshmellow 9,cooking,Item_Marshmallow,Marshmallows,2,Stat_HealthRegen,40,20.0
Item_Egg,Egg,Consumables/Foodstuffs,1,Recipe_Meringue_1,cooking,Item_Meringue,Meringue,1,Stat_HealthRegen,15,15.0
Item_Egg,Egg,Consumables/Foodstuffs,2,Recipe_Meringue_2,cooking,Item_Meringue,Meringue,1,Stat_HealthRegen,15,15.0
Item_Egg,Egg,Consumables/Foodstuffs,1,Recipe_Meringue_2 1,cooking,Item_Meringue,Meringue,1,Stat_HealthRegen,15,15.0
Item_Egg,Egg,Consumables/Foodstuffs,2,Recipe_Meringue_3,cooking,Item_Meringue,Meringue,1,Stat_HealthRegen,15,15.0
Item_Egg,Egg,Consumables/Foodstuffs,3,Recipe_Meringue_3 1,cooking,Item_Meringue,Meringue,1,Stat_HealthRegen,15,15.0
Item_Egg,Egg,Consumables/Foodstuffs,1,Recipe_Mudcake_1,cooking,Item_Mudcake,Chocolate Mudcake,1,Stat_HealthRegen,50,50.0
Item_Egg,Egg,Consumables/Foodstuffs,1,Recipe_Mudcake_1 1,cooking,Item_Mudcake,Chocolate Mudcake,1,Stat_HealthRegen,50,50.0
Item_Egg,Egg,Consumables/Foodstuffs,1,Recipe_Mudcake_1 2,cooking,Item_Mudcake,Chocolate Mudcake,1,Stat_HealthRegen,50,50.0
Item_Egg,Egg,Consumables/Foodstuffs,1,Recipe_Mudcake_1 3,cooking,Item_Mudcake,Chocolate Mudcake,1,Stat_HealthRegen,50,50.0
Item_Egg,Egg,Consumables/Foodstuffs,1,Recipe_Mudcake_2,cooking,Item_Mudcake,Chocolate Mudcake,1,Stat_HealthRegen,50,50.0
Item_Egg,Egg,Consumables/Foodstuffs,1,Recipe_Mudcake_3,cooking,Item_Mudcake,Chocolate Mudcake,1,Stat_HealthRegen,50,50.0
Item_Egg,Egg,Consumables/Foodstuffs,1,Recipe_Mudcake_4,cooking,Item_Mudcake,Chocolate Mudcake,1,Stat_HealthRegen,50,50.0
Item_Egg,Egg,Consumables/Foodstuffs,1,Recipe_Mudcake_5,cooking,Item_Mudcake,Chocolate Mudcake,1,Stat_HealthRegen,50,50.0
Item_Egg,Egg,Consumables/Foodstuffs,1,Recipe_MushroomOmelette_2,cooking,Item_MushroomOmelette,Mushroom Omelette,2,Stat_HealthRegen,20,10.0
Item_Egg,Egg,Consumables/Foodstuffs,1,Recipe_MushroomOmelette_3,cooking,Item_MushroomOmelette,Mushroom Omelette,2,Stat_HealthRegen,20,10.0
Item_Egg,Egg,Consumables/Foodstuffs,1,Recipe_MushroomOmelette_3 1,cooking,Item_MushroomOmelette,Mushroom Omelette,2,Stat_HealthRegen,20,10.0
Item_Egg,Egg,Consumables/Foodstuffs,1,Recipe_OmeletteButter,cooking,Item_Omelette,Omelette,2,Stat_HealthRegen,22,11.0
Item_Egg,Egg,Consumables/Foodstuffs,2,Recipe_OmeletteButter 1,cooking,Item_Omelette,Omelette,2,Stat_HealthRegen,22,11.0
Item_Egg,Egg,Consumables/Foodstuffs,1,Recipe_OmeletteButter 2,cooking,Item_Omelette,Omelette,2,Stat_HealthRegen,22,11.0
Item_Egg,Egg,Consumables/Foodstuffs,2,Recipe_OmeletteButter 3,cooking,Item_Omelette,Omelette,2,Stat_HealthRegen,22,11.0
Item_Egg,Egg,Consumables/Foodstuffs,3,Recipe_OmeletteButter 4,cooking,Item_Omelette,Omelette,2,Stat_HealthRegen,22,11.0
Item_Egg,Egg,Consumables/Foodstuffs,2,Recipe_OmeletteButter 5,cooking,Item_Omelette,Omelette,2,Stat_HealthRegen,22,11.0
Item_Egg,Egg,Consumables/Foodstuffs,3,Recipe_OmeletteButter 6,cooking,Item_Omelette,Omelette,2,Stat_HealthRegen,22,11.0
Item_Egg,Egg,Consumables/Foodstuffs,1,Recipe_OmeletteCheese_1,cooking,Item_Omelette,Omelette,2,Stat_HealthRegen,22,11.0
Item_Egg,Egg,Consumables/Foodstuffs,2,Recipe_OmeletteCheese_2,cooking,Item_Omelette,Omelette,2,Stat_HealthRegen,22,11.0
Item_Egg,Egg,Consumables/Foodstuffs,2,Recipe_OmeletteCheese_3,cooking,Item_Omelette,Omelette,2,Stat_HealthRegen,22,11.0
Item_Egg,Egg,Consumables/Foodstuffs,3,Recipe_OmeletteCheese_3 1,cooking,Item_Omelette,Omelette,2,Stat_HealthRegen,22,11.0
Item_Egg,Egg,Consumables/Foodstuffs,2,Recipe_OmeletteCheese_3 2,cooking,Item_Omelette,Omelette,2,Stat_HealthRegen,22,11.0
Item_Egg,Egg,Consumables/Foodstuffs,3,Recipe_OmeletteCheese_3 3,cooking,Item_Omelette,Omelette,2,Stat_HealthRegen,22,11.0
Item_Egg,Egg,Consumables/Foodstuffs,1,Recipe_OmeletteCheese_4,cooking,Item_Omelette,Omelette,2,Stat_HealthRegen,22,11.0
Item_Egg,Egg,Consumables/Foodstuffs,1,Recipe_OmeletteSausage,cooking,Item_SausageOmelette,Sausage Omelette,2,Stat_HealthRegen,42,21.0
Item_Egg,Egg,Consumables/Foodstuffs,1,Recipe_OmeletteSausage 1,cooking,Item_SausageOmelette,Sausage Omelette,2,Stat_HealthRegen,42,21.0
Item_Egg,Egg,Consumables/Foodstuffs,2,Recipe_OmeletteSausage 2,cooking,Item_SausageOmelette,Sausage Omelette,2,Stat_HealthRegen,42,21.0
Item_Egg,Egg,Consumables/Foodstuffs,2,Recipe_OmeletteSausage 3,cooking,Item_SausageOmelette,Sausage Omelette,2,Stat_HealthRegen,42,21.0
Item_Egg,Egg,Consumables/Foodstuffs,3,Recipe_OmeletteSausage 4,cooking,Item_SausageOmelette,Sausage Omelette,2,Stat_HealthRegen,42,21.0
Item_Egg,Egg,Consumables/Foodstuffs,1,Recipe_OmeletteSpanish,cooking,Item_SpanishOmelette,Spanish Omelette,2,Stat_HealthRegen,30,15.0
Item_Egg,Egg,Consumables/Foodstuffs,1,Recipe_OmeletteSpanish 1,cooking,Item_SpanishOmelette,Spanish Omelette,2,Stat_HealthRegen,30,15.0
Item_Egg,Egg,Consumables/Foodstuffs,2,Recipe_OmeletteSpanish 2,cooking,Item_SpanishOmelette,Spanish Omelette,2,Stat_HealthRegen,30,15.0
Item_Egg,Egg,Consumables/Foodstuffs,2,Recipe_OmeletteSpanish 3,cooking,Item_SpanishOmelette,Spanish Omelette,2,Stat_HealthRegen,30,15.0
Item_Egg,Egg,Consumables/Foodstuffs,2,Recipe_Omelette_1,cooking,Item_Omelette,Omelette,2,Stat_HealthRegen,22,11.0
Item_Egg,Egg,Consumables/Foodstuffs,1,Recipe_Omelette_1 1,cooking,Item_Omelette,Omelette,2,Stat_HealthRegen,22,11.0
Item_Egg,Egg,Consumables/Foodstuffs,2,Recipe_Omelette_1 10,cooking,Item_Omelette,Omelette,2,Stat_HealthRegen,22,11.0
Item_Egg,Egg,Consumables/Foodstuffs,2,Recipe_Omelette_1 11,cooking,Item_Omelette,Omelette,2,Stat_HealthRegen,22,11.0
Item_Egg,Egg,Consumables/Foodstuffs,2,Recipe_Omelette_1 12,cooking,Item_Omelette,Omelette,2,Stat_HealthRegen,22,11.0
Item_Egg,Egg,Consumables/Foodstuffs,1,Recipe_Omelette_1 13,cooking,Item_Omelette,Omelette,2,Stat_HealthRegen,22,11.0
Item_Egg,Egg,Consumables/Foodstuffs,1,Recipe_Omelette_1 14,cooking,Item_Omelette,Omelette,2,Stat_HealthRegen,22,11.0
Item_Egg,Egg,Consumables/Foodstuffs,1,Recipe_Omelette_1 15,cooking,Item_Omelette,Omelette,2,Stat_HealthRegen,22,11.0
Item_Egg,Egg,Consumables/Foodstuffs,1,Recipe_Omelette_1 16,cooking,Item_Omelette,Omelette,2,Stat_HealthRegen,22,11.0
Item_Egg,Egg,Consumables/Foodstuffs,1,Recipe_Omelette_1 2,cooking,Item_Omelette,Omelette,2,Stat_HealthRegen,22,11.0
Item_Egg,Egg,Consumables/Foodstuffs,1,Recipe_Omelette_1 3,cooking,Item_Omelette,Omelette,2,Stat_HealthRegen,22,11.0
Item_Egg,Egg,Consumables/Foodstuffs,1,Recipe_Omelette_1 4,cooking,Item_Omelette,Omelette,2,Stat_HealthRegen,22,11.0
Item_Egg,Egg,Consumables/Foodstuffs,2,Recipe_Omelette_1 5,cooking,Item_Omelette,Omelette,2,Stat_HealthRegen,22,11.0
Item_Egg,Egg,Consumables/Foodstuffs,2,Recipe_Omelette_1 6,cooking,Item_Omelette,Omelette,2,Stat_HealthRegen,22,11.0
Item_Egg,Egg,Consumables/Foodstuffs,2,Recipe_Omelette_1 7,cooking,Item_Omelette,Omelette,2,Stat_HealthRegen,22,11.0
Item_Egg,Egg,Consumables/Foodstuffs,2,Recipe_Omelette_1 8,cooking,Item_Omelette,Omelette,2,Stat_HealthRegen,22,11.0
Item_Egg,Egg,Consumables/Foodstuffs,2,Recipe_Omelette_1 9,cooking,Item_Omelette,Omelette,2,Stat_HealthRegen,22,11.0
Item_Egg,Egg,Consumables/Foodstuffs,3,Recipe_Omelette_2,cooking,Item_Omelette,Omelette,2,Stat_HealthRegen,22,11.0
Item_Egg,Egg,Consumables/Foodstuffs,4,Recipe_Omelette_2 1,cooking,Item_Omelette,Omelette,2,Stat_HealthRegen,22,11.0
Item_Egg,Egg,Consumables/Foodstuffs,1,Recipe_Omelette_organ,cooking,Item_Omelette,Omelette,2,Stat_HealthRegen,22,11.0
Item_Egg,Egg,Consumables/Foodstuffs,1,Recipe_Omelette_organ 1,cooking,Item_Omelette,Omelette,2,Stat_HealthRegen,22,11.0
Item_Egg,Egg,Consumables/Foodstuffs,1,Recipe_Omelette_organ 10,cooking,Item_Omelette,Omelette,2,Stat_HealthRegen,22,11.0
Item_Egg,Egg,Consumables/Foodstuffs,1,Recipe_Omelette_organ 2,cooking,Item_Omelette,Omelette,2,Stat_HealthRegen,22,11.0
Item_Egg,Egg,Consumables/Foodstuffs,1,Recipe_Omelette_organ 3,cooking,Item_Omelette,Omelette,2,Stat_HealthRegen,22,11.0
Item_Egg,Egg,Consumables/Foodstuffs,1,Recipe_Omelette_organ 4,cooking,Item_Omelette,Omelette,2,Stat_HealthRegen,22,11.0
Item_Egg,Egg,Consumables/Foodstuffs,1,Recipe_Omelette_organ 5,cooking,Item_Omelette,Omelette,2,Stat_HealthRegen,22,11.0
Item_Egg,Egg,Consumables/Foodstuffs,1,Recipe_Omelette_organ 6,cooking,Item_Omelette,Omelette,2,Stat_HealthRegen,22,11.0
Item_Egg,Egg,Consumables/Foodstuffs,1,Recipe_Omelette_organ 7,cooking,Item_Omelette,Omelette,2,Stat_HealthRegen,22,11.0
Item_Egg,Egg,Consumables/Foodstuffs,1,Recipe_Omelette_organ 8,cooking,Item_Omelette,Omelette,2,Stat_HealthRegen,22,11.0
Item_Egg,Egg,Consumables/Foodstuffs,1,Recipe_Omelette_organ 9,cooking,Item_Omelette,Omelette,2,Stat_HealthRegen,22,11.0
Item_Egg,Egg,Consumables/Foodstuffs,1,Recipe_Pancakes 1,cooking,Item_SwedishPancakes,Swedish Pancakes,2,Stat_HealthRegen,30,15.0
Item_Egg,Egg,Consumables/Foodstuffs,1,Recipe_Pancakes 2,cooking,Item_SwedishPancakes,Swedish Pancakes,2,Stat_HealthRegen,30,15.0
Item_Egg,Egg,Consumables/Foodstuffs,1,Recipe_Pancakes 3,cooking,Item_SwedishPancakes,Swedish Pancakes,2,Stat_HealthRegen,30,15.0
Item_Egg,Egg,Consumables/Foodstuffs,2,Recipe_Pancakes 4,cooking,Item_SwedishPancakes,Swedish Pancakes,2,Stat_HealthRegen,30,15.0
Item_Egg,Egg,Consumables/Foodstuffs,2,Recipe_Pyttipanna 10,cooking,Item_PyttIPanna,Pyttipanna,2,Stat_HealthRegen,25,12.5
Item_Egg,Egg,Consumables/Foodstuffs,1,Recipe_Pyttipanna 11,cooking,Item_PyttIPanna,Pyttipanna,2,Stat_HealthRegen,25,12.5
Item_Egg,Egg,Consumables/Foodstuffs,2,Recipe_Pyttipanna 12,cooking,Item_PyttIPanna,Pyttipanna,2,Stat_HealthRegen,25,12.5
Item_Egg,Egg,Consumables/Foodstuffs,1,Recipe_Pyttipanna 5,cooking,Item_PyttIPanna,Pyttipanna,2,Stat_HealthRegen,25,12.5
Item_Egg,Egg,Consumables/Foodstuffs,1,Recipe_Pyttipanna 6,cooking,Item_PyttIPanna,Pyttipanna,2,Stat_HealthRegen,25,12.5
Item_Egg,Egg,Consumables/Foodstuffs,1,Recipe_Pyttipanna 7,cooking,Item_PyttIPanna,Pyttipanna,2,Stat_HealthRegen,25,12.5
Item_Egg,Egg,Consumables/Foodstuffs,2,Recipe_Pyttipanna 8,cooking,Item_PyttIPanna,Pyttipanna,2,Stat_HealthRegen,25,12.5
Item_Egg,Egg,Consumables/Foodstuffs,2,Recipe_Pyttipanna 9,cooking,Item_PyttIPanna,Pyttipanna,2,Stat_HealthRegen,25,12.5
Item_Egg,Egg,Consumables/Foodstuffs,1,Recipe_Ramen_2,cooking,Item_Ramen,Ramen,2,Stat_HealthRegen,40,20.0
Item_Egg,Egg,Consumables/Foodstuffs,1,Recipe_Ramen_3 11,cooking,Item_RamenTori,Tori Ramen,2,Stat_HealthRegen,40,20.0
Item_Egg,Egg,Consumables/Foodstuffs,1,Recipe_Ramen_3 2,cooking,Item_RamenTori,Tori Ramen,2,Stat_HealthRegen,40,20.0
Item_Egg,Egg,Consumables/Foodstuffs,1,Recipe_Ramen_3 3,cooking,Item_RamenTori,Tori Ramen,2,Stat_HealthRegen,40,20.0
Item_Egg,Egg,Consumables/Foodstuffs,1,Recipe_Ramen_3 4,cooking,Item_RamenTori,Tori Ramen,2,Stat_HealthRegen,40,20.0
Item_Egg,Egg,Consumables/Foodstuffs,1,Recipe_Ramen_3 6,cooking,Item_RamenTori,Tori Ramen,2,Stat_HealthRegen,40,20.0
Item_Egg,Egg,Consumables/Foodstuffs,1,Recipe_Ramen_3 9,cooking,Item_RamenTori,Tori Ramen,2,Stat_HealthRegen,40,20.0
Item_Egg,Egg,Consumables/Foodstuffs,1,Recipe_Raqlette,cooking,Item_Raclette,Raclette,2,Stat_HealthRegen,50,25.0
Item_Egg,Egg,Consumables/Foodstuffs,2,Recipe_Raqlette 10,cooking,Item_Raclette,Raclette,2,Stat_HealthRegen,50,25.0
Item_Egg,Egg,Consumables/Foodstuffs,1,Recipe_Raqlette 5,cooking,Item_Raclette,Raclette,2,Stat_HealthRegen,50,25.0
Item_Egg,Egg,Consumables/Foodstuffs,1,Recipe_Raqlette 6,cooking,Item_Raclette,Raclette,2,Stat_HealthRegen,50,25.0
Item_Egg,Egg,Consumables/Foodstuffs,2,Recipe_Raqlette 7,cooking,Item_Raclette,Raclette,2,Stat_HealthRegen,50,25.0
Item_Egg,Egg,Consumables/Foodstuffs,2,Recipe_Raqlette 8,cooking,Item_Raclette,Raclette,2,Stat_HealthRegen,50,25.0
Item_Egg,Egg,Consumables/Foodstuffs,2,Recipe_Raqlette 9,cooking,Item_Raclette,Raclette,2,Stat_HealthRegen,50,25.0
Item_Egg,Egg,Consumables/Foodstuffs,1,Recipe_Spaghetti_1,cooking,Item_Spagetti,Spaghetti,2,Stat_HealthRegen,5,2.5
Item_Egg,Egg,Consumables/Foodstuffs,1,Recipe_ToriRamen_3 1,cooking,Item_RamenTori,Tori Ramen,2,Stat_HealthRegen,40,20.0
Item_Egg,Egg,Consumables/Foodstuffs,1,Recipe_ToriRamen_3 3,cooking,Item_RamenTori,Tori Ramen,2,Stat_HealthRegen,40,20.0
Item_FalseSulfcap,False Sulfcap,Consumables/Foodstuffs,1,Recipe_Dynamite13,generic,Weapon_Dynamite,Dynamite,2,,0,0.0
Item_FalseSulfcap,False Sulfcap,Consumables/Foodstuffs,1,Recipe_Dynamite14,generic,Weapon_Dynamite,Dynamite,2,,0,0.0
Item_FalseSulfcap,False Sulfcap,Consumables/Foodstuffs,1,Recipe_Dynamite15,generic,Weapon_Dynamite,Dynamite,2,,0,0.0
Item_FalseSulfcap,False Sulfcap,Consumables/Foodstuffs,1,Recipe_Dynamite16,generic,Weapon_Dynamite,Dynamite,2,,0,0.0
Item_FalseSulfcap,False Sulfcap,Consumables/Foodstuffs,1,Recipe_Dynamite17,generic,Weapon_Dynamite,Dynamite,2,,0,0.0
Item_FalseSulfcap,False Sulfcap,Consumables/Foodstuffs,1,Recipe_Dynamite18,generic,Weapon_Dynamite,Dynamite,2,,0,0.0
Item_FalseSulfcap,False Sulfcap,Consumables/Foodstuffs,1,Recipe_Dynamite19,generic,Weapon_Dynamite,Dynamite,2,,0,0.0
Item_FalseSulfcap,False Sulfcap,Consumables/Foodstuffs,1,Recipe_Dynamite20,generic,Weapon_Dynamite,Dynamite,2,,0,0.0
Item_FalseSulfcap,False Sulfcap,Consumables/Foodstuffs,1,Recipe_Dynamite21,generic,Weapon_Dynamite,Dynamite,2,,0,0.0
Item_FalseSulfcap,False Sulfcap,Consumables/Foodstuffs,1,Recipe_Dynamite22,generic,Weapon_Dynamite,Dynamite,2,,0,0.0
Item_FalseSulfcap,False Sulfcap,Consumables/Foodstuffs,1,Recipe_Dynamite23,generic,Weapon_Dynamite,Dynamite,2,,0,0.0
Item_FalseSulfcap,False Sulfcap,Consumables/Foodstuffs,1,Recipe_Dynamite24,generic,Weapon_Dynamite,Dynamite,2,,0,0.0
Item_FalseSulfcap,False Sulfcap,Consumables/Foodstuffs,1,Recipe_FragGrenade_1,generic,Weapon_PineappleGrenade,Pineapple Grenade,2,,0,0.0
Item_FalseSulfcap,False Sulfcap,Consumables/Foodstuffs,1,Recipe_FragGrenade_1 1,generic,Weapon_PineappleGrenade,Pineapple Grenade,2,,0,0.0
Item_FalseSulfcap,False Sulfcap,Consumables/Foodstuffs,1,Recipe_FragGrenade_3,generic,Weapon_PineappleGrenade,Pineapple Grenade,2,,0,0.0
Item_FalseSulfcap,False Sulfcap,Consumables/Foodstuffs,1,Recipe_FragGrenade_5,generic,Weapon_PineappleGrenade,Pineapple Grenade,2,,0,0.0
Item_FalseSulfcap,False Sulfcap,Consumables/Foodstuffs,1,Recipe_MushroomSoup_1,cooking,Item_MushroomSoup,Mushroom Soup,2,Stat_HealthRegen,20,10.0
Item_FalseSulfcap,False Sulfcap,Consumables/Foodstuffs,1,Recipe_MushroomSoup_1 6,cooking,Item_MushroomSoup,Mushroom Soup,2,Stat_HealthRegen,20,10.0
Item_FalseSulfcap,False Sulfcap,Consumables/Foodstuffs,3,Recipe_MushroomsFriedSimple 13,cooking,Item_MushroomFried,'Fried Mushroom ',2,Stat_HealthRegen,15,7.5
Item_FalseSulfcap,False Sulfcap,Consumables/Foodstuffs,4,Recipe_MushroomsFriedSimple 17,cooking,Item_MushroomFried,'Fried Mushroom ',2,Stat_HealthRegen,15,7.5
Item_FalseSulfcap,False Sulfcap,Consumables/Foodstuffs,5,Recipe_MushroomsFriedSimple 21,cooking,Item_MushroomFried,'Fried Mushroom ',2,Stat_HealthRegen,15,7.5
Item_FalseSulfcap,False Sulfcap,Consumables/Foodstuffs,6,Recipe_MushroomsFriedSimple 25,cooking,Item_MushroomFried,'Fried Mushroom ',2,Stat_HealthRegen,15,7.5
Item_FalseSulfcap,False Sulfcap,Consumables/Foodstuffs,7,Recipe_MushroomsFriedSimple 29,cooking,Item_MushroomFried,'Fried Mushroom ',2,Stat_HealthRegen,15,7.5
Item_FalseSulfcap,False Sulfcap,Consumables/Foodstuffs,1,Recipe_MushroomsFriedSimple 5,cooking,Item_MushroomFried,'Fried Mushroom ',2,Stat_HealthRegen,15,7.5
Item_FalseSulfcap,False Sulfcap,Consumables/Foodstuffs,2,Recipe_MushroomsFriedSimple 9,cooking,Item_MushroomFried,'Fried Mushroom ',2,Stat_HealthRegen,15,7.5
Item_FalseSulfcap,False Sulfcap,Consumables/Foodstuffs,1,Recipe_PineappleGrenade_1,generic,Weapon_PineappleGrenade,Pineapple Grenade,2,,0,0.0
Item_FalseSulfcap,False Sulfcap,Consumables/Foodstuffs,1,Recipe_StickGrenade_2,generic,Weapon_StickGrenade,Stick Grenade,2,,0,0.0
Item_FalseSulfcap,False Sulfcap,Consumables/Foodstuffs,1,Recipe_StickGrenade_4,generic,Weapon_StickGrenade,Stick Grenade,2,,0,0.0
Item_FalseSulfcap,False Sulfcap,Consumables/Foodstuffs,1,Recipe_SulfGrenade_1,generic,Weapon_SulfurGrenade,Sulfur Grenade,1,,0,0.0
Item_FalseSulfcap,False Sulfcap,Consumables/Foodstuffs,1,Recipe_SulfGrenade_2,generic,Weapon_SulfurGrenade,Sulfur Grenade,1,,0,0.0
Item_FatbergChunk,Fatberg Chunk,Consumables/Foodstuffs,1,Recipe_Aspic 1,cooking,Item_Aspic,Aspic,2,Stat_HealthRegen,15,7.5
Item_FatbergChunk,Fatberg Chunk,Consumables/Foodstuffs,1,Recipe_Aspic 2,cooking,Item_Aspic,Aspic,2,Stat_HealthRegen,15,7.5
Item_FatbergChunk,Fatberg Chunk,Consumables/Foodstuffs,2,Recipe_Aspic 3,cooking,Item_Aspic,Aspic,2,Stat_HealthRegen,15,7.5
Item_FatbergChunk,Fatberg Chunk,Consumables/Foodstuffs,2,Recipe_Butter_2,cooking,Item_Butter,Butter,2,Stat_HealthRegen,15,7.5
Item_FatbergChunk,Fatberg Chunk,Consumables/Foodstuffs,1,Recipe_ChickenNuggets,cooking,Item_Nuggets,Nuggets,2,Stat_HealthRegen,25,12.5
Item_FatbergChunk,Fatberg Chunk,Consumables/Foodstuffs,1,Recipe_ChickenNuggets 1,cooking,Item_Nuggets,Nuggets,2,Stat_HealthRegen,25,12.5
Item_FatbergChunk,Fatberg Chunk,Consumables/Foodstuffs,1,Recipe_ChickenNuggets 2,cooking,Item_Nuggets,Nuggets,2,Stat_HealthRegen,25,12.5
Item_FatbergChunk,Fatberg Chunk,Consumables/Foodstuffs,1,Recipe_ChickenNuggets 3,cooking,Item_Nuggets,Nuggets,2,Stat_HealthRegen,25,12.5
Item_FatbergChunk,Fatberg Chunk,Consumables/Foodstuffs,1,Recipe_ChickenNuggets 4,cooking,Item_Nuggets,Nuggets,2,Stat_HealthRegen,25,12.5
Item_FatbergChunk,Fatberg Chunk,Consumables/Foodstuffs,1,Recipe_ChickenNuggets 5,cooking,Item_Nuggets,Nuggets,2,Stat_HealthRegen,25,12.5
Item_FatbergChunk,Fatberg Chunk,Consumables/Foodstuffs,1,Recipe_CottonSwab_1,cooking,Item_CottonSwab,Cotton Swabs,1,,0,0.0
Item_FatbergChunk,Fatberg Chunk,Consumables/Foodstuffs,2,Recipe_CottonSwab_2,cooking,Item_CottonSwab,Cotton Swabs,1,,0,0.0
Item_FatbergChunk,Fatberg Chunk,Consumables/Foodstuffs,1,Recipe_Dimmies,cooking,Item_Dimmie,Dimmie,1,Stat_HealthRegen,20,20.0
Item_FatbergChunk,Fatberg Chunk,Consumables/Foodstuffs,1,Recipe_Dimmies 1,cooking,Item_Dimmie,Dimmie,1,Stat_HealthRegen,20,20.0
Item_FatbergChunk,Fatberg Chunk,Consumables/Foodstuffs,1,Recipe_Dimmies 2,cooking,Item_Dimmie,Dimmie,1,Stat_HealthRegen,20,20.0
Item_FatbergChunk,Fatberg Chunk,Consumables/Foodstuffs,1,Recipe_Dimmies 3,cooking,Item_Dimmie,Dimmie,1,Stat_HealthRegen,20,20.0
Item_FatbergChunk,Fatberg Chunk,Consumables/Foodstuffs,1,Recipe_Dimmies 4,cooking,Item_Dimmie,Dimmie,1,Stat_HealthRegen,20,20.0
Item_FatbergChunk,Fatberg Chunk,Consumables/Foodstuffs,1,Recipe_Dimmies 5,cooking,Item_Dimmie,Dimmie,1,Stat_HealthRegen,20,20.0
Item_FatbergChunk,Fatberg Chunk,Consumables/Foodstuffs,1,Recipe_Dimmies 6,cooking,Item_Dimmie,Dimmie,1,Stat_HealthRegen,20,20.0
Item_FatbergChunk,Fatberg Chunk,Consumables/Foodstuffs,1,Recipe_Jello 1,cooking,Item_Jello,Jello,2,Stat_HealthRegen,15,7.5
Item_FatbergChunk,Fatberg Chunk,Consumables/Foodstuffs,1,Recipe_Jello 2,cooking,Item_Jello,Jello,2,Stat_HealthRegen,15,7.5
Item_FatbergChunk,Fatberg Chunk,Consumables/Foodstuffs,2,Recipe_Jello 3,cooking,Item_Jello,Jello,2,Stat_HealthRegen,15,7.5
Item_FatbergChunk,Fatberg Chunk,Consumables/Foodstuffs,2,Recipe_Jello 4,cooking,Item_Jello,Jello,2,Stat_HealthRegen,15,7.5
Item_FatbergChunk,Fatberg Chunk,Consumables/Foodstuffs,3,Recipe_Jello 5,cooking,Item_Jello,Jello,2,Stat_HealthRegen,15,7.5
Item_FatbergChunk,Fatberg Chunk,Consumables/Foodstuffs,2,Recipe_Jello 6,cooking,Item_Jello,Jello,2,Stat_HealthRegen,15,7.5
Item_FatbergChunk,Fatberg Chunk,Consumables/Foodstuffs,3,Recipe_Jello 7,cooking,Item_Jello,Jello,2,Stat_HealthRegen,15,7.5
Item_FatbergChunk,Fatberg Chunk,Consumables/Foodstuffs,1,Recipe_PeanutButter_2 3,cooking,Item_PeanutButter,Peanut Butter,4,Stat_HealthRegen,45,11.25
Item_FatbergChunk,Fatberg Chunk,Consumables/Foodstuffs,1,Recipe_Unagi 1,cooking,Item_Unagi,Unagi,2,Resistance_Electric,100,50.0
Item_FatbergChunk,Fatberg Chunk,Consumables/Foodstuffs,2,Recipe_Unagi 2,cooking,Item_Unagi,Unagi,2,Resistance_Electric,100,50.0
Item_FatbergChunk,Fatberg Chunk,Consumables/Foodstuffs,1,Recipe_Unagi 3,cooking,Item_Unagi,Unagi,2,Resistance_Electric,100,50.0
Item_FatbergChunk,Fatberg Chunk,Consumables/Foodstuffs,1,Recipe_Unagi 4,cooking,Item_Unagi,Unagi,2,Resistance_Electric,100,50.0
Item_FatbergChunk,Fatberg Chunk,Consumables/Foodstuffs,2,Recipe_Unagi 5,cooking,Item_Unagi,Unagi,2,Resistance_Electric,100,50.0
Item_FatbergChunk,Fatberg Chunk,Consumables/Foodstuffs,1,Recipe_Unagi 6,cooking,Item_Unagi,Unagi,2,Resistance_Electric,100,50.0
Item_FatbergChunk,Fatberg Chunk,Consumables/Foodstuffs,2,Recipe_Unagi 7,cooking,Item_Unagi,Unagi,2,Resistance_Electric,100,50.0
Item_FatbergChunk,Fatberg Chunk,Consumables/Foodstuffs,2,Recipe_Unagi 8,cooking,Item_Unagi,Unagi,2,Resistance_Electric,100,50.0
Item_Fish,Fish,Consumables/Foodstuffs,2,Recipe_FishNChipsRegularFish 1,cooking,Item_FishNChips,Fish and chips,2,Stat_HealthRegen,50,25.0
Item_Fish,Fish,Consumables/Foodstuffs,1,Recipe_FishNChipsRegularFish 2,cooking,Item_FishNChips,Fish and chips,2,Stat_HealthRegen,50,25.0
Item_Fish,Fish,Consumables/Foodstuffs,2,Recipe_FishNChipsRegularFish 3,cooking,Item_FishNChips,Fish and chips,2,Stat_HealthRegen,50,25.0
Item_Fish,Fish,Consumables/Foodstuffs,1,Recipe_FishnChips 1,cooking,Item_FishNChips,Fish and chips,2,Stat_HealthRegen,50,25.0
Item_Fish,Fish,Consumables/Foodstuffs,1,Recipe_Gravadlax,cooking,Item_GravadLax,Gravad Lax,2,Stat_HealthRegen,20,10.0
Item_Fish,Fish,Consumables/Foodstuffs,1,Recipe_Jansson 10,cooking,Item_JanssonsTemptation,Jansson's Temptation,3,Stat_HealthRegen,45,15.0
Item_Fish,Fish,Consumables/Foodstuffs,2,Recipe_Jansson 11,cooking,Item_JanssonsTemptation,Jansson's Temptation,3,Stat_HealthRegen,45,15.0
Item_Fish,Fish,Consumables/Foodstuffs,1,Recipe_Jansson 4,cooking,Item_JanssonsTemptation,Jansson's Temptation,3,Stat_HealthRegen,45,15.0
Item_Fish,Fish,Consumables/Foodstuffs,1,Recipe_Jansson 5,cooking,Item_JanssonsTemptation,Jansson's Temptation,3,Stat_HealthRegen,45,15.0
Item_Fish,Fish,Consumables/Foodstuffs,1,Recipe_Jansson 6,cooking,Item_JanssonsTemptation,Jansson's Temptation,3,Stat_HealthRegen,45,15.0
Item_Fish,Fish,Consumables/Foodstuffs,1,Recipe_Jansson 7,cooking,Item_JanssonsTemptation,Jansson's Temptation,3,Stat_HealthRegen,45,15.0
Item_Fish,Fish,Consumables/Foodstuffs,1,Recipe_Jansson 8,cooking,Item_JanssonsTemptation,Jansson's Temptation,3,Stat_HealthRegen,45,15.0
Item_Fish,Fish,Consumables/Foodstuffs,1,Recipe_Jansson 9,cooking,Item_JanssonsTemptation,Jansson's Temptation,3,Stat_HealthRegen,45,15.0
Item_Fish,Fish,Consumables/Foodstuffs,1,Recipe_Lutfisk,cooking,Item_Lutfisk,Lutfisk,2,Stat_HealthRegen,25,12.5
Item_Fish,Fish,Consumables/Foodstuffs,1,Recipe_Lutfisk 2,cooking,Item_Lutfisk,Lutfisk,2,Stat_HealthRegen,25,12.5
Item_Fish,Fish,Consumables/Foodstuffs,1,Recipe_Maki_2,cooking,Item_Maki,Maki,2,Stat_HealthRegen,30,15.0
Item_Fish,Fish,Consumables/Foodstuffs,1,Recipe_Maki_2 1,cooking,Item_Maki,Maki,2,Stat_HealthRegen,30,15.0
Item_Fish,Fish,Consumables/Foodstuffs,1,Recipe_Maki_2 2,cooking,Item_Maki,Maki,2,Stat_HealthRegen,30,15.0
Item_Fish,Fish,Consumables/Foodstuffs,2,Recipe_Maki_2 3,cooking,Item_Maki,Maki,2,Stat_HealthRegen,30,15.0
Item_Fish,Fish,Consumables/Foodstuffs,2,Recipe_Maki_2 4,cooking,Item_Maki,Maki,2,Stat_HealthRegen,30,15.0
Item_Fish,Fish,Consumables/Foodstuffs,2,Recipe_Maki_2 5,cooking,Item_Maki,Maki,2,Stat_HealthRegen,30,15.0
Item_Fish,Fish,Consumables/Foodstuffs,1,Recipe_Nigiri_1,cooking,Item_Nigiri,Nigiri,2,Stat_HealthRegen,20,10.0
Item_Fish,Fish,Consumables/Foodstuffs,1,Recipe_Nigiri_1 1,cooking,Item_Nigiri,Nigiri,2,Stat_HealthRegen,20,10.0
Item_Fish,Fish,Consumables/Foodstuffs,2,Recipe_Nigiri_1 2,cooking,Item_Nigiri,Nigiri,2,Stat_HealthRegen,20,10.0
Item_Fish,Fish,Consumables/Foodstuffs,2,Recipe_Nigiri_1 3,cooking,Item_Nigiri,Nigiri,2,Stat_HealthRegen,20,10.0
Item_Fish,Fish,Consumables/Foodstuffs,1,Recipe_SaltedFish,cooking,Item_FishSalted,Salted Fish,1,Stat_HealthRegen,20,20.0
Item_Fish,Fish,Consumables/Foodstuffs,2,Recipe_SaltedFish 1,cooking,Item_FishSalted,Salted Fish,1,Stat_HealthRegen,20,20.0
Item_Fish,Fish,Consumables/Foodstuffs,1,Recipe_SaltedFish 2,cooking,Item_FishSalted,Salted Fish,1,Stat_HealthRegen,20,20.0
Item_Fish,Fish,Consumables/Foodstuffs,2,Recipe_SaltedFish 3,cooking,Item_FishSalted,Salted Fish,1,Stat_HealthRegen,20,20.0
Item_Fish,Fish,Consumables/Foodstuffs,2,Recipe_Sashimi_1,cooking,Item_Sashimi,Sashimi,2,Stat_HealthRegen,40,20.0
Item_Fish,Fish,Consumables/Foodstuffs,3,Recipe_Sashimi_1 2,cooking,Item_Sashimi,Sashimi,2,Stat_HealthRegen,40,20.0
Item_Fish,Fish,Consumables/Foodstuffs,4,Recipe_Sashimi_1 3,cooking,Item_Sashimi,Sashimi,2,Stat_HealthRegen,40,20.0
Item_Fish,Fish,Consumables/Foodstuffs,5,Recipe_Sashimi_1 4,cooking,Item_Sashimi,Sashimi,2,Stat_HealthRegen,40,20.0
Item_Fish,Fish,Consumables/Foodstuffs,6,Recipe_Sashimi_1 5,cooking,Item_Sashimi,Sashimi,2,Stat_HealthRegen,40,20.0
Item_Fish,Fish,Consumables/Foodstuffs,1,Recipe_Sill 0,cooking,Item_Silltalrik,Silltallrik,2,Stat_HealthRegen,20,10.0
Item_Fish,Fish,Consumables/Foodstuffs,2,Recipe_Sill 1,cooking,Item_Silltalrik,Silltallrik,2,Stat_HealthRegen,20,10.0
Item_Fish,Fish,Consumables/Foodstuffs,1,Recipe_Sill 10,cooking,Item_Silltalrik,Silltallrik,2,Stat_HealthRegen,20,10.0
Item_Fish,Fish,Consumables/Foodstuffs,1,Recipe_Sill 11,cooking,Item_Silltalrik,Silltallrik,2,Stat_HealthRegen,20,10.0
Item_Fish,Fish,Consumables/Foodstuffs,1,Recipe_Sill 12,cooking,Item_Silltalrik,Silltallrik,2,Stat_HealthRegen,20,10.0
Item_Fish,Fish,Consumables/Foodstuffs,1,Recipe_Sill 13,cooking,Item_Silltalrik,Silltallrik,2,Stat_HealthRegen,20,10.0
Item_Fish,Fish,Consumables/Foodstuffs,2,Recipe_Sill 14,cooking,Item_Silltalrik,Silltallrik,2,Stat_HealthRegen,20,10.0
Item_Fish,Fish,Consumables/Foodstuffs,2,Recipe_Sill 15,cooking,Item_Silltalrik,Silltallrik,2,Stat_HealthRegen,20,10.0
Item_Fish,Fish,Consumables/Foodstuffs,2,Recipe_Sill 16,cooking,Item_Silltalrik,Silltallrik,2,Stat_HealthRegen,20,10.0
Item_Fish,Fish,Consumables/Foodstuffs,2,Recipe_Sill 17,cooking,Item_Silltalrik,Silltallrik,2,Stat_HealthRegen,20,10.0
Item_Fish,Fish,Consumables/Foodstuffs,2,Recipe_Sill 18,cooking,Item_Silltalrik,Silltallrik,2,Stat_HealthRegen,20,10.0
Item_Fish,Fish,Consumables/Foodstuffs,2,Recipe_Sill 19,cooking,Item_Silltalrik,Silltallrik,2,Stat_HealthRegen,20,10.0
Item_Fish,Fish,Consumables/Foodstuffs,1,Recipe_Sill 2,cooking,Item_Silltalrik,Silltallrik,2,Stat_HealthRegen,20,10.0
Item_Fish,Fish,Consumables/Foodstuffs,2,Recipe_Sill 20,cooking,Item_Silltalrik,Silltallrik,2,Stat_HealthRegen,20,10.0
Item_Fish,Fish,Consumables/Foodstuffs,2,Recipe_Sill 21,cooking,Item_Silltalrik,Silltallrik,2,Stat_HealthRegen,20,10.0
Item_Fish,Fish,Consumables/Foodstuffs,1,Recipe_Sill 22,cooking,Item_Silltalrik,Silltallrik,2,Stat_HealthRegen,20,10.0
Item_Fish,Fish,Consumables/Foodstuffs,2,Recipe_Sill 23,cooking,Item_Silltalrik,Silltallrik,2,Stat_HealthRegen,20,10.0
Item_Fish,Fish,Consumables/Foodstuffs,1,Recipe_Sill 24,cooking,Item_Silltalrik,Silltallrik,2,Stat_HealthRegen,20,10.0
Item_Fish,Fish,Consumables/Foodstuffs,2,Recipe_Sill 25,cooking,Item_Silltalrik,Silltallrik,2,Stat_HealthRegen,20,10.0
Item_Fish,Fish,Consumables/Foodstuffs,1,Recipe_Sill 26,cooking,Item_Silltalrik,Silltallrik,2,Stat_HealthRegen,20,10.0
Item_Fish,Fish,Consumables/Foodstuffs,1,Recipe_Sill 27,cooking,Item_Silltalrik,Silltallrik,2,Stat_HealthRegen,20,10.0
Item_Fish,Fish,Consumables/Foodstuffs,2,Recipe_Sill 28,cooking,Item_Silltalrik,Silltallrik,2,Stat_HealthRegen,20,10.0
Item_Fish,Fish,Consumables/Foodstuffs,2,Recipe_Sill 29,cooking,Item_Silltalrik,Silltallrik,2,Stat_HealthRegen,20,10.0
Item_Fish,Fish,Consumables/Foodstuffs,2,Recipe_Sill 3,cooking,Item_Silltalrik,Silltallrik,2,Stat_HealthRegen,20,10.0
Item_Fish,Fish,Consumables/Foodstuffs,1,Recipe_Sill 30,cooking,Item_Silltalrik,Silltallrik,2,Stat_HealthRegen,20,10.0
Item_Fish,Fish,Consumables/Foodstuffs,1,Recipe_Sill 31,cooking,Item_Silltalrik,Silltallrik,2,Stat_HealthRegen,20,10.0
Item_Fish,Fish,Consumables/Foodstuffs,1,Recipe_Sill 32,cooking,Item_Silltalrik,Silltallrik,2,Stat_HealthRegen,20,10.0
Item_Fish,Fish,Consumables/Foodstuffs,1,Recipe_Sill 33,cooking,Item_Silltalrik,Silltallrik,2,Stat_HealthRegen,20,10.0
Item_Fish,Fish,Consumables/Foodstuffs,1,Recipe_Sill 34,cooking,Item_Silltalrik,Silltallrik,2,Stat_HealthRegen,20,10.0
Item_Fish,Fish,Consumables/Foodstuffs,1,Recipe_Sill 35,cooking,Item_Silltalrik,Silltallrik,2,Stat_HealthRegen,20,10.0
Item_Fish,Fish,Consumables/Foodstuffs,2,Recipe_Sill 36,cooking,Item_Silltalrik,Silltallrik,2,Stat_HealthRegen,20,10.0
Item_Fish,Fish,Consumables/Foodstuffs,2,Recipe_Sill 37,cooking,Item_Silltalrik,Silltallrik,2,Stat_HealthRegen,20,10.0
Item_Fish,Fish,Consumables/Foodstuffs,2,Recipe_Sill 38,cooking,Item_Silltalrik,Silltallrik,2,Stat_HealthRegen,20,10.0
Item_Fish,Fish,Consumables/Foodstuffs,2,Recipe_Sill 39,cooking,Item_Silltalrik,Silltallrik,2,Stat_HealthRegen,20,10.0
Item_Fish,Fish,Consumables/Foodstuffs,1,Recipe_Sill 4,cooking,Item_Silltalrik,Silltallrik,2,Stat_HealthRegen,20,10.0
Item_Fish,Fish,Consumables/Foodstuffs,2,Recipe_Sill 40,cooking,Item_Silltalrik,Silltallrik,2,Stat_HealthRegen,20,10.0
Item_Fish,Fish,Consumables/Foodstuffs,2,Recipe_Sill 41,cooking,Item_Silltalrik,Silltallrik,2,Stat_HealthRegen,20,10.0
Item_Fish,Fish,Consumables/Foodstuffs,2,Recipe_Sill 42,cooking,Item_Silltalrik,Silltallrik,2,Stat_HealthRegen,20,10.0
Item_Fish,Fish,Consumables/Foodstuffs,2,Recipe_Sill 43,cooking,Item_Silltalrik,Silltallrik,2,Stat_HealthRegen,20,10.0
Item_Fish,Fish,Consumables/Foodstuffs,1,Recipe_Sill 5,cooking,Item_Silltalrik,Silltallrik,2,Stat_HealthRegen,20,10.0
Item_Fish,Fish,Consumables/Foodstuffs,2,Recipe_Sill 6,cooking,Item_Silltalrik,Silltallrik,2,Stat_HealthRegen,20,10.0
Item_Fish,Fish,Consumables/Foodstuffs,2,Recipe_Sill 7,cooking,Item_Silltalrik,Silltallrik,2,Stat_HealthRegen,20,10.0
Item_Fish,Fish,Consumables/Foodstuffs,1,Recipe_Sill 8,cooking,Item_Silltalrik,Silltallrik,2,Stat_HealthRegen,20,10.0
Item_Fish,Fish,Consumables/Foodstuffs,1,Recipe_Sill 9,cooking,Item_Silltalrik,Silltallrik,2,Stat_HealthRegen,20,10.0
Item_Fish,Fish,Consumables/Foodstuffs,1,Recipe_Surstromming 2,cooking,Item_Surstromming,Surstromming,1,Stat_HealthRegen,50,50.0
Item_Fish,Fish,Consumables/Foodstuffs,1,Recipe_ToastSkagen,cooking,Item_ToastSkagen,Toast Skagen,1,Stat_HealthRegen,15,15.0
Item_Fish,Fish,Consumables/Foodstuffs,1,Recipe_ToastSkagen 1,cooking,Item_ToastSkagen,Toast Skagen,1,Stat_HealthRegen,15,15.0
Item_Fish,Fish,Consumables/Foodstuffs,1,Recipe_Unagi 1,cooking,Item_Unagi,Unagi,2,Resistance_Electric,100,50.0
Item_Fish,Fish,Consumables/Foodstuffs,1,Recipe_Unagi 2,cooking,Item_Unagi,Unagi,2,Resistance_Electric,100,50.0
Item_Fish,Fish,Consumables/Foodstuffs,2,Recipe_Unagi 3,cooking,Item_Unagi,Unagi,2,Resistance_Electric,100,50.0
Item_Fish,Fish,Consumables/Foodstuffs,1,Recipe_Unagi 4,cooking,Item_Unagi,Unagi,2,Resistance_Electric,100,50.0
Item_Fish,Fish,Consumables/Foodstuffs,1,Recipe_Unagi 5,cooking,Item_Unagi,Unagi,2,Resistance_Electric,100,50.0
Item_Fish,Fish,Consumables/Foodstuffs,2,Recipe_Unagi 6,cooking,Item_Unagi,Unagi,2,Resistance_Electric,100,50.0
Item_Fish,Fish,Consumables/Foodstuffs,2,Recipe_Unagi 7,cooking,Item_Unagi,Unagi,2,Resistance_Electric,100,50.0
Item_Fish,Fish,Consumables/Foodstuffs,2,Recipe_Unagi 8,cooking,Item_Unagi,Unagi,2,Resistance_Electric,100,50.0
Item_FishSalted,Salted Fish,Consumables/Foodstuffs,1,Recipe_FishnChips 4,cooking,Item_FishNChips,Fish and chips,2,Stat_HealthRegen,50,25.0
Item_FishSalted,Salted Fish,Consumables/Foodstuffs,1,Recipe_Surstromming 1,cooking,Item_Surstromming,Surstromming,1,Stat_HealthRegen,50,50.0
Item_Flour,Flour,Consumables/Foodstuffs,1,Recipe_BloodPudding_1,cooking,Item_BloodPudding,Blood Pudding,2,Stat_HealthRegen,30,15.0
Item_Flour,Flour,Consumables/Foodstuffs,1,Recipe_BloodPudding_3,cooking,Item_BloodPudding,Blood Pudding,2,Stat_HealthRegen,30,15.0
Item_Flour,Flour,Consumables/Foodstuffs,1,Recipe_Bread_1,cooking,Item_Bread,Bread,2,Stat_HealthRegen,15,7.5
Item_Flour,Flour,Consumables/Foodstuffs,1,Recipe_Bread_1 1,cooking,Item_Bread,Bread,2,Stat_HealthRegen,15,7.5
Item_Flour,Flour,Consumables/Foodstuffs,2,Recipe_Bread_1 2,cooking,Item_Bread,Bread,2,Stat_HealthRegen,15,7.5
Item_Flour,Flour,Consumables/Foodstuffs,2,Recipe_Bread_1 3,cooking,Item_Bread,Bread,2,Stat_HealthRegen,15,7.5
Item_Flour,Flour,Consumables/Foodstuffs,1,Recipe_Bread_2,cooking,Item_Bread,Bread,2,Stat_HealthRegen,15,7.5
Item_Flour,Flour,Consumables/Foodstuffs,1,Recipe_Bread_2 1,cooking,Item_Bread,Bread,2,Stat_HealthRegen,15,7.5
Item_Flour,Flour,Consumables/Foodstuffs,2,Recipe_Bread_2 2,cooking,Item_Bread,Bread,2,Stat_HealthRegen,15,7.5
Item_Flour,Flour,Consumables/Foodstuffs,2,Recipe_Bread_2 3,cooking,Item_Bread,Bread,2,Stat_HealthRegen,15,7.5
Item_Flour,Flour,Consumables/Foodstuffs,1,Recipe_Bread_3,cooking,Item_Bread,Bread,2,Stat_HealthRegen,15,7.5
Item_Flour,Flour,Consumables/Foodstuffs,1,Recipe_Bread_3 1,cooking,Item_Bread,Bread,2,Stat_HealthRegen,15,7.5
Item_Flour,Flour,Consumables/Foodstuffs,2,Recipe_Bread_3 2,cooking,Item_Bread,Bread,2,Stat_HealthRegen,15,7.5
Item_Flour,Flour,Consumables/Foodstuffs,2,Recipe_Bread_3 3,cooking,Item_Bread,Bread,2,Stat_HealthRegen,15,7.5
Item_Flour,Flour,Consumables/Foodstuffs,1,Recipe_Bread_4,cooking,Item_Bread,Bread,2,Stat_HealthRegen,15,7.5
Item_Flour,Flour,Consumables/Foodstuffs,1,Recipe_Bread_4 1,cooking,Item_Bread,Bread,2,Stat_HealthRegen,15,7.5
Item_Flour,Flour,Consumables/Foodstuffs,2,Recipe_Bread_4 2,cooking,Item_Bread,Bread,2,Stat_HealthRegen,15,7.5
Item_Flour,Flour,Consumables/Foodstuffs,2,Recipe_Bread_4 3,cooking,Item_Bread,Bread,2,Stat_HealthRegen,15,7.5
Item_Flour,Flour,Consumables/Foodstuffs,1,Recipe_Bread_5,cooking,Item_Bread,Bread,2,Stat_HealthRegen,15,7.5
Item_Flour,Flour,Consumables/Foodstuffs,1,Recipe_Bread_5 1,cooking,Item_Bread,Bread,2,Stat_HealthRegen,15,7.5
Item_Flour,Flour,Consumables/Foodstuffs,2,Recipe_Bread_5 2,cooking,Item_Bread,Bread,2,Stat_HealthRegen,15,7.5
Item_Flour,Flour,Consumables/Foodstuffs,2,Recipe_Bread_5 3,cooking,Item_Bread,Bread,2,Stat_HealthRegen,15,7.5
Item_Flour,Flour,Consumables/Foodstuffs,1,Recipe_ButterMilkPancakes 1,cooking,Item_ButtermilkPancakes,Buttermilk Pancakes,2,Stat_HealthRegen,30,15.0
Item_Flour,Flour,Consumables/Foodstuffs,1,Recipe_ButterMilkPancakes 2,cooking,Item_ButtermilkPancakes,Buttermilk Pancakes,2,Stat_HealthRegen,30,15.0
Item_Flour,Flour,Consumables/Foodstuffs,1,Recipe_ButterMilkPancakes 3,cooking,Item_ButtermilkPancakes,Buttermilk Pancakes,2,Stat_HealthRegen,30,15.0
Item_Flour,Flour,Consumables/Foodstuffs,2,Recipe_ButterMilkPancakes 4,cooking,Item_ButtermilkPancakes,Buttermilk Pancakes,2,Stat_HealthRegen,30,15.0
Item_Flour,Flour,Consumables/Foodstuffs,1,Recipe_CheeseTops_1,cooking,Item_CheeseTops,Cheese Tops,1,Stat_HealthRegen,25,25.0
Item_Flour,Flour,Consumables/Foodstuffs,1,Recipe_CheeseTops_1 1,cooking,Item_CheeseTops,Cheese Tops,1,Stat_HealthRegen,25,25.0
Item_Flour,Flour,Consumables/Foodstuffs,2,Recipe_CheeseTops_1 2,cooking,Item_CheeseTops,Cheese Tops,1,Stat_HealthRegen,25,25.0
Item_Flour,Flour,Consumables/Foodstuffs,2,Recipe_CheeseTops_1 3,cooking,Item_CheeseTops,Cheese Tops,1,Stat_HealthRegen,25,25.0
Item_Flour,Flour,Consumables/Foodstuffs,1,Recipe_CordonBleu,cooking,Item_CordonBleu,Cordon Bleu,2,Stat_HealthRegen,25,12.5
Item_Flour,Flour,Consumables/Foodstuffs,1,Recipe_CordonBleu 1,cooking,Item_CordonBleu,Cordon Bleu,2,Stat_HealthRegen,25,12.5
Item_Flour,Flour,Consumables/Foodstuffs,1,Recipe_CordonBleu 2,cooking,Item_CordonBleu,Cordon Bleu,2,Stat_HealthRegen,25,12.5
Item_Flour,Flour,Consumables/Foodstuffs,1,Recipe_CordonBleu 3,cooking,Item_CordonBleu,Cordon Bleu,2,Stat_HealthRegen,25,12.5
Item_Flour,Flour,Consumables/Foodstuffs,1,Recipe_CordonBleu 4,cooking,Item_CordonBleu,Cordon Bleu,2,Stat_HealthRegen,25,12.5
Item_Flour,Flour,Consumables/Foodstuffs,1,Recipe_CordonBleu 5,cooking,Item_CordonBleu,Cordon Bleu,2,Stat_HealthRegen,25,12.5
Item_Flour,Flour,Consumables/Foodstuffs,1,Recipe_CordonBleu 6,cooking,Item_CordonBleu,Cordon Bleu,2,Stat_HealthRegen,25,12.5
Item_Flour,Flour,Consumables/Foodstuffs,1,Recipe_Dimmies,cooking,Item_Dimmie,Dimmie,1,Stat_HealthRegen,20,20.0
Item_Flour,Flour,Consumables/Foodstuffs,1,Recipe_Dimmies 1,cooking,Item_Dimmie,Dimmie,1,Stat_HealthRegen,20,20.0
Item_Flour,Flour,Consumables/Foodstuffs,1,Recipe_Dimmies 2,cooking,Item_Dimmie,Dimmie,1,Stat_HealthRegen,20,20.0
Item_Flour,Flour,Consumables/Foodstuffs,1,Recipe_Dimmies 3,cooking,Item_Dimmie,Dimmie,1,Stat_HealthRegen,20,20.0
Item_Flour,Flour,Consumables/Foodstuffs,1,Recipe_Dimmies 4,cooking,Item_Dimmie,Dimmie,1,Stat_HealthRegen,20,20.0
Item_Flour,Flour,Consumables/Foodstuffs,1,Recipe_Dimmies 5,cooking,Item_Dimmie,Dimmie,1,Stat_HealthRegen,20,20.0
Item_Flour,Flour,Consumables/Foodstuffs,1,Recipe_Dimmies 6,cooking,Item_Dimmie,Dimmie,1,Stat_HealthRegen,20,20.0
Item_Flour,Flour,Consumables/Foodstuffs,1,Recipe_HardBread_1,cooking,Item_HardBread,Hard Bread,1,Stat_HealthRegen,8,8.0
Item_Flour,Flour,Consumables/Foodstuffs,1,Recipe_HardBread_1 1,cooking,Item_HardBread,Hard Bread,1,Stat_HealthRegen,8,8.0
Item_Flour,Flour,Consumables/Foodstuffs,2,Recipe_HardBread_1 2,cooking,Item_HardBread,Hard Bread,1,Stat_HealthRegen,8,8.0
Item_Flour,Flour,Consumables/Foodstuffs,2,Recipe_HardBread_1 3,cooking,Item_HardBread,Hard Bread,1,Stat_HealthRegen,8,8.0
Item_Flour,Flour,Consumables/Foodstuffs,1,Recipe_KidneyPie_1,cooking,Item_KidneyPie,Kidney Pie,2,Stat_HealthRegen,35,17.5
Item_Flour,Flour,Consumables/Foodstuffs,1,Recipe_KidneyPie_1 1,cooking,Item_KidneyPie,Kidney Pie,2,Stat_HealthRegen,35,17.5
Item_Flour,Flour,Consumables/Foodstuffs,2,Recipe_KidneyPie_1 2,cooking,Item_KidneyPie,Kidney Pie,2,Stat_HealthRegen,35,17.5
Item_Flour,Flour,Consumables/Foodstuffs,2,Recipe_KidneyPie_1 3,cooking,Item_KidneyPie,Kidney Pie,2,Stat_HealthRegen,35,17.5
Item_Flour,Flour,Consumables/Foodstuffs,1,Recipe_LiverDumpling_1,cooking,Item_LiverDumpling,Dumpling,1,Stat_HealthRegen,20,20.0
Item_Flour,Flour,Consumables/Foodstuffs,1,Recipe_Mochi_1,cooking,Item_Mochi,Mochi,1,Stat_HealthRegen,25,25.0
Item_Flour,Flour,Consumables/Foodstuffs,1,Recipe_Mochi_1 1,cooking,Item_Mochi,Mochi,1,Stat_HealthRegen,25,25.0
Item_Flour,Flour,Consumables/Foodstuffs,2,Recipe_Mochi_1 2,cooking,Item_Mochi,Mochi,1,Stat_HealthRegen,25,25.0
Item_Flour,Flour,Consumables/Foodstuffs,2,Recipe_Mochi_1 3,cooking,Item_Mochi,Mochi,1,Stat_HealthRegen,25,25.0
Item_Flour,Flour,Consumables/Foodstuffs,1,Recipe_Mudcake_1,cooking,Item_Mudcake,Chocolate Mudcake,1,Stat_HealthRegen,50,50.0
Item_Flour,Flour,Consumables/Foodstuffs,1,Recipe_Mudcake_1 1,cooking,Item_Mudcake,Chocolate Mudcake,1,Stat_HealthRegen,50,50.0
Item_Flour,Flour,Consumables/Foodstuffs,1,Recipe_Mudcake_1 2,cooking,Item_Mudcake,Chocolate Mudcake,1,Stat_HealthRegen,50,50.0
Item_Flour,Flour,Consumables/Foodstuffs,1,Recipe_Mudcake_1 3,cooking,Item_Mudcake,Chocolate Mudcake,1,Stat_HealthRegen,50,50.0
Item_Flour,Flour,Consumables/Foodstuffs,1,Recipe_Mudcake_2,cooking,Item_Mudcake,Chocolate Mudcake,1,Stat_HealthRegen,50,50.0
Item_Flour,Flour,Consumables/Foodstuffs,1,Recipe_Mudcake_3,cooking,Item_Mudcake,Chocolate Mudcake,1,Stat_HealthRegen,50,50.0
Item_Flour,Flour,Consumables/Foodstuffs,1,Recipe_Mudcake_4,cooking,Item_Mudcake,Chocolate Mudcake,1,Stat_HealthRegen,50,50.0
Item_Flour,Flour,Consumables/Foodstuffs,1,Recipe_Mudcake_5,cooking,Item_Mudcake,Chocolate Mudcake,1,Stat_HealthRegen,50,50.0
Item_Flour,Flour,Consumables/Foodstuffs,1,Recipe_Pancakes 1,cooking,Item_SwedishPancakes,Swedish Pancakes,2,Stat_HealthRegen,30,15.0
Item_Flour,Flour,Consumables/Foodstuffs,1,Recipe_Pancakes 2,cooking,Item_SwedishPancakes,Swedish Pancakes,2,Stat_HealthRegen,30,15.0
Item_Flour,Flour,Consumables/Foodstuffs,1,Recipe_Pancakes 3,cooking,Item_SwedishPancakes,Swedish Pancakes,2,Stat_HealthRegen,30,15.0
Item_Flour,Flour,Consumables/Foodstuffs,1,Recipe_Pancakes 4,cooking,Item_SwedishPancakes,Swedish Pancakes,2,Stat_HealthRegen,30,15.0
Item_Flour,Flour,Consumables/Foodstuffs,1,Recipe_PizzaLarge 1,cooking,Item_PizzaLarge,Pizza,4,Stat_HealthRegen,150,37.5
Item_Flour,Flour,Consumables/Foodstuffs,1,Recipe_Polse_1,cooking,Item_Polse,Pølse,2,Stat_HealthRegen,15,7.5
Item_Flour,Flour,Consumables/Foodstuffs,1,Recipe_Polse_2,cooking,Item_Polse,Pølse,2,Stat_HealthRegen,15,7.5
Item_Flour,Flour,Consumables/Foodstuffs,1,Recipe_Polse_3,cooking,Item_Polse,Pølse,2,Stat_HealthRegen,15,7.5
Item_Flour,Flour,Consumables/Foodstuffs,1,Recipe_Polse_4,cooking,Item_Polse,Pølse,2,Stat_HealthRegen,15,7.5
Item_Flour,Flour,Consumables/Foodstuffs,1,Recipe_Polse_5,cooking,Item_Polse,Pølse,2,Stat_HealthRegen,15,7.5
Item_Flour,Flour,Consumables/Foodstuffs,1,Recipe_Polse_6,cooking,Item_Polse,Pølse,2,Stat_HealthRegen,15,7.5
Item_Flour,Flour,Consumables/Foodstuffs,1,Recipe_Polse_7,cooking,Item_Polse,Pølse,2,Stat_HealthRegen,15,7.5
Item_Flour,Flour,Consumables/Foodstuffs,1,Recipe_Polse_8,cooking,Item_Polse,Pølse,2,Stat_HealthRegen,15,7.5
Item_Flour,Flour,Consumables/Foodstuffs,1,Recipe_RhubarbPie_1,cooking,Item_RhubarbPie,Rhubarb Pie,2,Stat_HealthRegen,30,15.0
Item_Flour,Flour,Consumables/Foodstuffs,1,Recipe_RhubarbPie_3,cooking,Item_RhubarbPie,Rhubarb Pie,2,Stat_HealthRegen,30,15.0
Item_Flour,Flour,Consumables/Foodstuffs,1,Recipe_RhubarbPie_4,cooking,Item_RhubarbPie,Rhubarb Pie,2,Stat_HealthRegen,30,15.0
Item_Flour,Flour,Consumables/Foodstuffs,1,Recipe_RhubarbPie_6,cooking,Item_RhubarbPie,Rhubarb Pie,2,Stat_HealthRegen,30,15.0
Item_Flour,Flour,Consumables/Foodstuffs,1,Recipe_Spaghetti_1,cooking,Item_Spagetti,Spaghetti,2,Stat_HealthRegen,5,2.5
Item_FrogLeg,Frog Leg,Consumables/Foodstuffs,2,Recipe_CuissesDeGrenouille_1,cooking,Item_CuissesDeGrenouille,Cuisses De Grenouille,2,Stat_HealthRegen,35,17.5
Item_FrogLeg,Frog Leg,Consumables/Foodstuffs,1,Recipe_CuissesDeGrenouille_2,cooking,Item_CuissesDeGrenouille,Cuisses De Grenouille,2,Stat_HealthRegen,35,17.5
Item_FrogLeg,Frog Leg,Consumables/Foodstuffs,1,Recipe_CuissesDeGrenouille_3,cooking,Item_CuissesDeGrenouille,Cuisses De Grenouille,2,Stat_HealthRegen,35,17.5
Item_FrogLeg,Frog Leg,Consumables/Foodstuffs,1,Recipe_CuissesDeGrenouille_4,cooking,Item_CuissesDeGrenouille,Cuisses De Grenouille,2,Stat_HealthRegen,35,17.5
Item_FrogLeg,Frog Leg,Consumables/Foodstuffs,1,Recipe_FrenchHotdog_9,cooking,Item_FrenchHotdog,French Hotdog,2,Stat_HealthRegen,30,15.0
Item_GoblinFlesh,Goblin flesh,Organs/Goblin,1,Recipe_Bolognese_2,cooking,Item_PastaBolognese,Spaghetti Bolognese,2,Stat_HealthRegen,50,25.0
Item_GoblinFlesh,Goblin flesh,Organs/Goblin,1,Recipe_Cevapi_1,cooking,Item_Cevapi,Cevapi,2,Stat_HealthRegen,25,12.5
Item_GoblinFlesh,Goblin flesh,Organs/Goblin,2,Recipe_CheeseburgerDouble_1 2,cooking,Item_DoubleCheeseburger,Double Cheeseburger,1,Stat_HealthRegen,200,200.0
Item_GoblinFlesh,Goblin flesh,Organs/Goblin,1,Recipe_Cheeseburger_1 13,cooking,Item_Cheeseburger,Cheeseburger,1,Stat_HealthRegen,45,45.0
Item_GoblinFlesh,Goblin flesh,Organs/Goblin,2,Recipe_Cheeseburger_1 19,cooking,Item_DoubleCheeseburger,Double Cheeseburger,1,Stat_HealthRegen,200,200.0
Item_GoblinFlesh,Goblin flesh,Organs/Goblin,1,Recipe_Cheeseburger_1 2,cooking,Item_Cheeseburger,Cheeseburger,1,Stat_HealthRegen,45,45.0
Item_GoblinFlesh,Goblin flesh,Organs/Goblin,2,Recipe_Cheeseburger_1 25,cooking,Item_DoubleCheeseburger,Double Cheeseburger,1,Stat_HealthRegen,200,200.0
Item_GoblinFlesh,Goblin flesh,Organs/Goblin,2,Recipe_Cheeseburger_1 31,cooking,Item_DoubleCheeseburger,Double Cheeseburger,1,Stat_HealthRegen,200,200.0
Item_GoblinFlesh,Goblin flesh,Organs/Goblin,3,Recipe_Cheeseburger_1 37,cooking,Item_DoubleCheeseburger,Double Cheeseburger,1,Stat_HealthRegen,200,200.0
Item_GoblinFlesh,Goblin flesh,Organs/Goblin,1,Recipe_Cheeseburger_1 7,cooking,Item_Cheeseburger,Cheeseburger,1,Stat_HealthRegen,45,45.0
Item_GoblinFlesh,Goblin flesh,Organs/Goblin,1,Recipe_CordonBleu 3,cooking,Item_CordonBleu,Cordon Bleu,2,Stat_HealthRegen,25,12.5
Item_GoblinFlesh,Goblin flesh,Organs/Goblin,1,Recipe_Dimmies 3,cooking,Item_Dimmie,Dimmie,1,Stat_HealthRegen,20,20.0
Item_GoblinFlesh,Goblin flesh,Organs/Goblin,1,Recipe_Hotpot 14,cooking,Item_HotPot,Hot Pot,6,Stat_HealthRegen,50,8.3333
Item_GoblinFlesh,Goblin flesh,Organs/Goblin,1,Recipe_Hotpot 2,cooking,Item_HotPot,Hot Pot,6,Stat_HealthRegen,50,8.3333
Item_GoblinFlesh,Goblin flesh,Organs/Goblin,1,Recipe_Hotpot 20,cooking,Item_HotPot,Hot Pot,6,Stat_HealthRegen,50,8.3333
Item_GoblinFlesh,Goblin flesh,Organs/Goblin,1,Recipe_Hotpot 26,cooking,Item_HotPot,Hot Pot,6,Stat_HealthRegen,50,8.3333
Item_GoblinFlesh,Goblin flesh,Organs/Goblin,1,Recipe_Hotpot 32,cooking,Item_HotPot,Hot Pot,6,Stat_HealthRegen,50,8.3333
Item_GoblinFlesh,Goblin flesh,Organs/Goblin,1,Recipe_Hotpot 38,cooking,Item_HotPot,Hot Pot,6,Stat_HealthRegen,50,8.3333
Item_GoblinFlesh,Goblin flesh,Organs/Goblin,1,Recipe_Hotpot 44,cooking,Item_HotPot,Hot Pot,6,Stat_HealthRegen,50,8.3333
Item_GoblinFlesh,Goblin flesh,Organs/Goblin,1,Recipe_Hotpot 50,cooking,Item_HotPot,Hot Pot,6,Stat_HealthRegen,50,8.3333
Item_GoblinFlesh,Goblin flesh,Organs/Goblin,1,Recipe_Hotpot 56,cooking,Item_HotPot,Hot Pot,6,Stat_HealthRegen,50,8.3333
Item_GoblinFlesh,Goblin flesh,Organs/Goblin,1,Recipe_Hotpot 62,cooking,Item_HotPot,Hot Pot,6,Stat_HealthRegen,50,8.3333
Item_GoblinFlesh,Goblin flesh,Organs/Goblin,1,Recipe_Hotpot 68,cooking,Item_HotPot,Hot Pot,6,Stat_HealthRegen,50,8.3333
Item_GoblinFlesh,Goblin flesh,Organs/Goblin,1,Recipe_Hotpot 74,cooking,Item_HotPot,Hot Pot,6,Stat_HealthRegen,50,8.3333
Item_GoblinFlesh,Goblin flesh,Organs/Goblin,1,Recipe_Hotpot 8,cooking,Item_HotPot,Hot Pot,6,Stat_HealthRegen,50,8.3333
Item_GoblinFlesh,Goblin flesh,Organs/Goblin,1,Recipe_Hotpot 80,cooking,Item_HotPot,Hot Pot,6,Stat_HealthRegen,50,8.3333
Item_GoblinFlesh,Goblin flesh,Organs/Goblin,1,Recipe_Hotpot 86,cooking,Item_HotPot,Hot Pot,6,Stat_HealthRegen,50,8.3333
Item_GoblinFlesh,Goblin flesh,Organs/Goblin,2,Recipe_Hotpot 92,cooking,Item_HotPot,Hot Pot,6,Stat_HealthRegen,50,8.3333
Item_GoblinFlesh,Goblin flesh,Organs/Goblin,1,Recipe_MeatSkewersBone 3,cooking,Item_MeatSkewers,Meat Skewers,2,Stat_HealthRegen,20,10.0
Item_GoblinFlesh,Goblin flesh,Organs/Goblin,2,Recipe_MeatSkewers_1,cooking,Item_MeatSkewers,Meat Skewers,2,Stat_HealthRegen,20,10.0
Item_GoblinFlesh,Goblin flesh,Organs/Goblin,1,Recipe_MeatSkewers_1 1,cooking,Item_MeatSkewers,Meat Skewers,2,Stat_HealthRegen,20,10.0
Item_GoblinFlesh,Goblin flesh,Organs/Goblin,4,Recipe_MysteryMeat_1 2,cooking,Item_MysteryMeat,Mystery Meat,1,Stat_HealthRegen,15,15.0
Item_GoblinFlesh,Goblin flesh,Organs/Goblin,2,Recipe_MysteryMeat_2 2,cooking,Item_MysteryMeat,Mystery Meat,1,Stat_HealthRegen,15,15.0
Item_GoblinFlesh,Goblin flesh,Organs/Goblin,1,Recipe_OnigiriFlesh_1,cooking,Item_Onigiri,Onigiri,2,Stat_HealthRegen,35,17.5
Item_GoblinFlesh,Goblin flesh,Organs/Goblin,2,Recipe_OnigiriFlesh_1 1,cooking,Item_Onigiri,Onigiri,2,Stat_HealthRegen,35,17.5
Item_GoblinFlesh,Goblin flesh,Organs/Goblin,2,Recipe_OnigiriFlesh_1 2,cooking,Item_Onigiri,Onigiri,2,Stat_HealthRegen,35,17.5
Item_GoblinFlesh,Goblin flesh,Organs/Goblin,1,Recipe_OnigiriFlesh_1 3,cooking,Item_Onigiri,Onigiri,2,Stat_HealthRegen,35,17.5
Item_GoblinFlesh,Goblin flesh,Organs/Goblin,1,Recipe_Ramen_3 4,cooking,Item_RamenTori,Tori Ramen,2,Stat_HealthRegen,40,20.0
Item_GoblinFlesh,Goblin flesh,Organs/Goblin,1,Recipe_Ramen_3 5,cooking,Item_Ramen,Ramen,2,Stat_HealthRegen,40,20.0
Item_GoblinFlesh,Goblin flesh,Organs/Goblin,1,Recipe_Sausage 3,cooking,Item_Sausage,Spicy Sausage,2,Stat_HealthRegen,30,15.0
Item_GoblinFlesh,Goblin flesh,Organs/Goblin,1,Recipe_Stew_1 3,cooking,Item_Stew,Stew,2,Stat_HealthRegen,20,10.0
Item_GoblinFlesh,Goblin flesh,Organs/Goblin,1,Recipe_Stew_2 3,cooking,Item_Stew,Stew,2,Stat_HealthRegen,20,10.0
Item_GoblinFlesh,Goblin flesh,Organs/Goblin,1,Recipe_Taco_1,cooking,Item_HardshellTaco,Hardshell Taco,1,Stat_HealthRegen,25,25.0
Item_GoblinSkin,Goblin skin,Organs/Goblin,2,Recipe_BeefJerky_3,cooking,Item_BeefJerky,Beef Jerky,1,Stat_HealthRegen,10,10.0
Item_GoblinSkin,Goblin skin,Organs/Goblin,1,Recipe_BeefJerky_5 10,cooking,Item_BeefJerky,Beef Jerky,1,Stat_HealthRegen,10,10.0
Item_GoblinSkin,Goblin skin,Organs/Goblin,1,Recipe_BeefJerky_5 3,cooking,Item_BeefJerky,Beef Jerky,1,Stat_HealthRegen,10,10.0
Item_GoblinSkin,Goblin skin,Organs/Goblin,1,Recipe_Dynamite17,generic,Weapon_Dynamite,Dynamite,2,,0,0.0
Item_GoblinSkin,Goblin skin,Organs/Goblin,1,Recipe_Dynamite5,generic,Weapon_Dynamite,Dynamite,2,,0,0.0
Item_GoblinSkin,Goblin skin,Organs/Goblin,1,Recipe_Haggis_4A,cooking,Item_Haggis,Haggis,2,Stat_HealthRegen,20,10.0
Item_GoblinSkin,Goblin skin,Organs/Goblin,1,Recipe_Haggis_4B,cooking,Item_Haggis,Haggis,2,Stat_HealthRegen,20,10.0
Item_GoblinSkin,Goblin skin,Organs/Goblin,1,Recipe_Haggis_4C,cooking,Item_Haggis,Haggis,2,Stat_HealthRegen,20,10.0
Item_GoblinSkin,Goblin skin,Organs/Goblin,1,Recipe_HotSnacks_3,cooking,Item_HotSnax,Hot Snacks,1,Stat_HealthRegen,15,15.0
Item_Gravy,Gravy,Consumables/Foodstuffs,1,Recipe_BiscuitsAndGravy,cooking,Item_BiscuitsAndGravy,Biscuiits and Gravy,2,Stat_HealthRegen,25,12.5
Item_Gravy,Gravy,Consumables/Foodstuffs,1,Recipe_BiscuitsAndGravy 1,cooking,Item_BiscuitsAndGravy,Biscuiits and Gravy,2,Stat_HealthRegen,25,12.5
Item_Gravy,Gravy,Consumables/Foodstuffs,2,Recipe_BiscuitsAndGravy 2,cooking,Item_BiscuitsAndGravy,Biscuiits and Gravy,2,Stat_HealthRegen,25,12.5
Item_Gravy,Gravy,Consumables/Foodstuffs,2,Recipe_BiscuitsAndGravy 3,cooking,Item_BiscuitsAndGravy,Biscuiits and Gravy,2,Stat_HealthRegen,25,12.5
Item_Gravy,Gravy,Consumables/Foodstuffs,1,Recipe_Poutine,cooking,Item_Poutine,Poutine,2,Stat_HealthRegen,35,17.5
Item_Gravy,Gravy,Consumables/Foodstuffs,1,Recipe_Poutine 1,cooking,Item_Poutine,Poutine,2,Stat_HealthRegen,35,17.5
Item_Gravy,Gravy,Consumables/Foodstuffs,1,Recipe_Poutine 10,cooking,Item_Poutine,Poutine,2,Stat_HealthRegen,35,17.5
Item_Gravy,Gravy,Consumables/Foodstuffs,1,Recipe_Poutine 11,cooking,Item_Poutine,Poutine,2,Stat_HealthRegen,35,17.5
Item_Gravy,Gravy,Consumables/Foodstuffs,1,Recipe_Poutine 12,cooking,Item_Poutine,Poutine,2,Stat_HealthRegen,35,17.5
Item_Gravy,Gravy,Consumables/Foodstuffs,1,Recipe_Poutine 13,cooking,Item_Poutine,Poutine,2,Stat_HealthRegen,35,17.5
Item_Gravy,Gravy,Consumables/Foodstuffs,1,Recipe_Poutine 14,cooking,Item_Poutine,Poutine,2,Stat_HealthRegen,35,17.5
Item_Gravy,Gravy,Consumables/Foodstuffs,1,Recipe_Poutine 15,cooking,Item_Poutine,Poutine,2,Stat_HealthRegen,35,17.5
Item_Gravy,Gravy,Consumables/Foodstuffs,1,Recipe_Poutine 16,cooking,Item_Poutine,Poutine,2,Stat_HealthRegen,35,17.5
Item_Gravy,Gravy,Consumables/Foodstuffs,1,Recipe_Poutine 2,cooking,Item_Poutine,Poutine,2,Stat_HealthRegen,35,17.5
Item_Gravy,Gravy,Consumables/Foodstuffs,1,Recipe_Poutine 3,cooking,Item_Poutine,Poutine,2,Stat_HealthRegen,35,17.5
Item_Gravy,Gravy,Consumables/Foodstuffs,1,Recipe_Poutine 4,cooking,Item_Poutine,Poutine,2,Stat_HealthRegen,35,17.5
Item_Gravy,Gravy,Consumables/Foodstuffs,1,Recipe_Poutine 5,cooking,Item_Poutine,Poutine,2,Stat_HealthRegen,35,17.5
Item_Gravy,Gravy,Consumables/Foodstuffs,1,Recipe_Poutine 6,cooking,Item_Poutine,Poutine,2,Stat_HealthRegen,35,17.5
Item_Gravy,Gravy,Consumables/Foodstuffs,1,Recipe_Poutine 7,cooking,Item_Poutine,Poutine,2,Stat_HealthRegen,35,17.5
Item_Gravy,Gravy,Consumables/Foodstuffs,1,Recipe_Poutine 8,cooking,Item_Poutine,Poutine,2,Stat_HealthRegen,35,17.5
Item_Gravy,Gravy,Consumables/Foodstuffs,1,Recipe_Poutine 9,cooking,Item_Poutine,Poutine,2,Stat_HealthRegen,35,17.5
Item_GreenGlob,Green Glob,Misc,1,Recipe_JarOfPoison_1,generic,Weapon_PoisonGrenade,Jar of Poison,2,,0,0.0
Item_GreenGlob,Green Glob,Misc,2,Recipe_JarOfPoison_1 1,generic,Weapon_PoisonGrenade,Jar of Poison,2,,0,0.0
Item_GreenGlob,Green Glob,Misc,1,Recipe_JarOfPoison_1 2,generic,Weapon_PoisonGrenade,Jar of Poison,2,,0,0.0
Item_GreenGlob,Green Glob,Misc,2,Recipe_JarOfPoison_1 3,generic,Weapon_PoisonGrenade,Jar of Poison,2,,0,0.0
Item_GreenGlob,Green Glob,Misc,1,Recipe_PoisonGrenade_2,generic,Weapon_PoisonGrenade,Jar of Poison,2,,0,0.0
Item_GreenGlob,Green Glob,Misc,1,Recipe_PoisonGum_1,cooking,Item_PoisonGum,Anti-Poison Gum,1,Resistance_Poison,9600,9600.0
Item_GreenGlob,Green Glob,Misc,1,Recipe_PoisonGum_2,cooking,Item_PoisonGum,Anti-Poison Gum,1,Resistance_Poison,9600,9600.0
Item_GreenGlob,Green Glob,Misc,1,Recipe_Surstromming 1,cooking,Item_Surstromming,Surstromming,1,Stat_HealthRegen,50,50.0
Item_GreenGlob,Green Glob,Misc,1,Recipe_Surstromming 2,cooking,Item_Surstromming,Surstromming,1,Stat_HealthRegen,50,50.0
Item_GreenGlob,Green Glob,Misc,1,Recipe_Surstromming 3,cooking,Item_Surstromming,Surstromming,1,Stat_HealthRegen,50,50.0
Item_GreenGlob,Green Glob,Misc,1,Recipe_Surstromming 4,cooking,Item_Surstromming,Surstromming,1,Stat_HealthRegen,50,50.0
Item_Hazelnut,Hazelnut,Consumables/Foodstuffs,2,Recipe_NutMix_1 1,cooking,Item_NutMix,Nut Mix,1,Stat_HealthRegen,25,25.0
Item_Hazelnut,Hazelnut,Consumables/Foodstuffs,1,Recipe_NutMix_1 12,cooking,Item_NutMix,Nut Mix,1,Stat_HealthRegen,25,25.0
Item_Hazelnut,Hazelnut,Consumables/Foodstuffs,1,Recipe_NutMix_1 15,cooking,Item_NutMix,Nut Mix,1,Stat_HealthRegen,25,25.0
Item_Hazelnut,Hazelnut,Consumables/Foodstuffs,1,Recipe_NutMix_1 16,cooking,Item_NutMix,Nut Mix,1,Stat_HealthRegen,25,25.0
Item_Hazelnut,Hazelnut,Consumables/Foodstuffs,1,Recipe_NutMix_1 17,cooking,Item_NutMix,Nut Mix,1,Stat_HealthRegen,25,25.0
Item_Hazelnut,Hazelnut,Consumables/Foodstuffs,1,Recipe_NutMix_1 19,cooking,Item_NutMix,Nut Mix,1,Stat_HealthRegen,25,25.0
Item_Hazelnut,Hazelnut,Consumables/Foodstuffs,2,Recipe_NutMix_1 2,cooking,Item_NutMix,Nut Mix,1,Stat_HealthRegen,25,25.0
Item_Hazelnut,Hazelnut,Consumables/Foodstuffs,1,Recipe_NutMix_1 21,cooking,Item_NutMix,Nut Mix,1,Stat_HealthRegen,25,25.0
Item_Hazelnut,Hazelnut,Consumables/Foodstuffs,1,Recipe_NutMix_1 22,cooking,Item_NutMix,Nut Mix,1,Stat_HealthRegen,25,25.0
Item_Hazelnut,Hazelnut,Consumables/Foodstuffs,2,Recipe_NutMix_1 3,cooking,Item_NutMix,Nut Mix,1,Stat_HealthRegen,25,25.0
Item_Hazelnut,Hazelnut,Consumables/Foodstuffs,1,Recipe_NutMix_1 4,cooking,Item_NutMix,Nut Mix,1,Stat_HealthRegen,25,25.0
Item_Hazelnut,Hazelnut,Consumables/Foodstuffs,1,Recipe_NutMix_1 8,cooking,Item_NutMix,Nut Mix,1,Stat_HealthRegen,25,25.0
Item_Hazelnut,Hazelnut,Consumables/Foodstuffs,2,Recipe_NutMix_four_ThreeKinds_1 23,cooking,Item_NutMix,Nut Mix,1,Stat_HealthRegen,25,25.0
Item_Hazelnut,Hazelnut,Consumables/Foodstuffs,2,Recipe_NutMix_four_ThreeKinds_1 24,cooking,Item_NutMix,Nut Mix,1,Stat_HealthRegen,25,25.0
Item_Hazelnut,Hazelnut,Consumables/Foodstuffs,2,Recipe_NutMix_four_ThreeKinds_1 25,cooking,Item_NutMix,Nut Mix,1,Stat_HealthRegen,25,25.0
Item_Hazelnut,Hazelnut,Consumables/Foodstuffs,1,Recipe_NutMix_four_ThreeKinds_1 27,cooking,Item_NutMix,Nut Mix,1,Stat_HealthRegen,25,25.0
Item_Hazelnut,Hazelnut,Consumables/Foodstuffs,1,Recipe_NutMix_four_ThreeKinds_1 29,cooking,Item_NutMix,Nut Mix,1,Stat_HealthRegen,25,25.0
Item_Hazelnut,Hazelnut,Consumables/Foodstuffs,1,Recipe_NutMix_four_ThreeKinds_1 30,cooking,Item_NutMix,Nut Mix,1,Stat_HealthRegen,25,25.0
Item_Hazelnut,Hazelnut,Consumables/Foodstuffs,1,Recipe_NutMix_four_ThreeKinds_1 31,cooking,Item_NutMix,Nut Mix,1,Stat_HealthRegen,25,25.0
Item_Hazelnut,Hazelnut,Consumables/Foodstuffs,1,Recipe_NutMix_four_ThreeKinds_1 32,cooking,Item_NutMix,Nut Mix,1,Stat_HealthRegen,25,25.0
Item_Hazelnut,Hazelnut,Consumables/Foodstuffs,1,Recipe_NutMix_four_ThreeKinds_1 33,cooking,Item_NutMix,Nut Mix,1,Stat_HealthRegen,25,25.0
Item_Hazelnut,Hazelnut,Consumables/Foodstuffs,2,Recipe_NutMix_four_ThreeKinds_1 35,cooking,Item_NutMix,Nut Mix,1,Stat_HealthRegen,25,25.0
Item_Hazelnut,Hazelnut,Consumables/Foodstuffs,2,Recipe_NutMix_four_ThreeKinds_1 37,cooking,Item_NutMix,Nut Mix,1,Stat_HealthRegen,25,25.0
Item_Hazelnut,Hazelnut,Consumables/Foodstuffs,2,Recipe_NutMix_four_ThreeKinds_1 38,cooking,Item_NutMix,Nut Mix,1,Stat_HealthRegen,25,25.0
Item_Hazelnut,Hazelnut,Consumables/Foodstuffs,1,Recipe_NutMix_four_ThreeKinds_1 39,cooking,Item_NutMix,Nut Mix,1,Stat_HealthRegen,25,25.0
Item_Hazelnut,Hazelnut,Consumables/Foodstuffs,1,Recipe_NutMix_four_ThreeKinds_1 40,cooking,Item_NutMix,Nut Mix,1,Stat_HealthRegen,25,25.0
Item_Hazelnut,Hazelnut,Consumables/Foodstuffs,1,Recipe_NutMix_four_ThreeKinds_1 41,cooking,Item_NutMix,Nut Mix,1,Stat_HealthRegen,25,25.0
Item_Hazelnut,Hazelnut,Consumables/Foodstuffs,1,Recipe_NutMix_four_ThreeKinds_1 43,cooking,Item_NutMix,Nut Mix,1,Stat_HealthRegen,25,25.0
Item_Hazelnut,Hazelnut,Consumables/Foodstuffs,1,Recipe_NutMix_four_ThreeKinds_1 45,cooking,Item_NutMix,Nut Mix,1,Stat_HealthRegen,25,25.0
Item_Hazelnut,Hazelnut,Consumables/Foodstuffs,1,Recipe_NutMix_four_ThreeKinds_1 46,cooking,Item_NutMix,Nut Mix,1,Stat_HealthRegen,25,25.0
Item_Hazelnut,Hazelnut,Consumables/Foodstuffs,3,Recipe_NutMix_four_TwqKinds_1 10,cooking,Item_NutMix,Nut Mix,1,Stat_HealthRegen,25,25.0
Item_Hazelnut,Hazelnut,Consumables/Foodstuffs,2,Recipe_NutMix_four_TwqKinds_1 11,cooking,Item_NutMix,Nut Mix,1,Stat_HealthRegen,25,25.0
Item_Hazelnut,Hazelnut,Consumables/Foodstuffs,3,Recipe_NutMix_four_TwqKinds_1 15,cooking,Item_NutMix,Nut Mix,1,Stat_HealthRegen,25,25.0
Item_Hazelnut,Hazelnut,Consumables/Foodstuffs,1,Recipe_NutMix_four_TwqKinds_1 16,cooking,Item_NutMix,Nut Mix,1,Stat_HealthRegen,25,25.0
Item_Hazelnut,Hazelnut,Consumables/Foodstuffs,1,Recipe_NutMix_four_TwqKinds_1 19,cooking,Item_NutMix,Nut Mix,1,Stat_HealthRegen,25,25.0
Item_Hazelnut,Hazelnut,Consumables/Foodstuffs,1,Recipe_NutMix_four_TwqKinds_1 22,cooking,Item_NutMix,Nut Mix,1,Stat_HealthRegen,25,25.0
Item_Hazelnut,Hazelnut,Consumables/Foodstuffs,2,Recipe_NutMix_four_TwqKinds_1 25,cooking,Item_NutMix,Nut Mix,1,Stat_HealthRegen,25,25.0
Item_Hazelnut,Hazelnut,Consumables/Foodstuffs,2,Recipe_NutMix_four_TwqKinds_1 26,cooking,Item_NutMix,Nut Mix,1,Stat_HealthRegen,25,25.0
Item_Hazelnut,Hazelnut,Consumables/Foodstuffs,2,Recipe_NutMix_four_TwqKinds_1 29,cooking,Item_NutMix,Nut Mix,1,Stat_HealthRegen,25,25.0
Item_Hazelnut,Hazelnut,Consumables/Foodstuffs,2,Recipe_NutMix_four_TwqKinds_1 32,cooking,Item_NutMix,Nut Mix,1,Stat_HealthRegen,25,25.0
Item_Hazelnut,Hazelnut,Consumables/Foodstuffs,3,Recipe_NutMix_four_TwqKinds_1 5,cooking,Item_NutMix,Nut Mix,1,Stat_HealthRegen,25,25.0
Item_Hazelnut,Hazelnut,Consumables/Foodstuffs,2,Recipe_NutMix_four_TwqKinds_1 6,cooking,Item_NutMix,Nut Mix,1,Stat_HealthRegen,25,25.0
Item_Hazelnut,Hazelnut,Consumables/Foodstuffs,3,Recipe_NutSpreadHaz_1,cooking,Item_NutSpread,Nut Spread,4,Stat_HealthRegen,40,10.0
Item_Hazelnut,Hazelnut,Consumables/Foodstuffs,4,Recipe_NutSpreadHaz_1 1,cooking,Item_NutSpread,Nut Spread,4,Stat_HealthRegen,40,10.0
Item_Hazelnut,Hazelnut,Consumables/Foodstuffs,5,Recipe_NutSpreadHaz_1 2,cooking,Item_NutSpread,Nut Spread,4,Stat_HealthRegen,40,10.0
Item_Hazelnut,Hazelnut,Consumables/Foodstuffs,6,Recipe_NutSpreadHaz_1 3,cooking,Item_NutSpread,Nut Spread,4,Stat_HealthRegen,40,10.0
Item_Hazelnut,Hazelnut,Consumables/Foodstuffs,7,Recipe_NutSpreadHaz_1 4,cooking,Item_NutSpread,Nut Spread,4,Stat_HealthRegen,40,10.0
Item_Hazelnut,Hazelnut,Consumables/Foodstuffs,8,Recipe_NutSpreadHaz_1 5,cooking,Item_NutSpread,Nut Spread,4,Stat_HealthRegen,40,10.0
Item_Hazelnut,Hazelnut,Consumables/Foodstuffs,9,Recipe_NutSpreadHaz_1 6,cooking,Item_NutSpread,Nut Spread,4,Stat_HealthRegen,40,10.0
Item_Hazelnut,Hazelnut,Consumables/Foodstuffs,2,Recipe_NutSpread_MIXED_Three_17,cooking,Item_NutSpread,Nut Spread,4,Stat_HealthRegen,40,10.0
Item_Hazelnut,Hazelnut,Consumables/Foodstuffs,2,Recipe_NutSpread_MIXED_Three_18,cooking,Item_NutSpread,Nut Spread,4,Stat_HealthRegen,40,10.0
Item_Hazelnut,Hazelnut,Consumables/Foodstuffs,2,Recipe_NutSpread_MIXED_Three_19,cooking,Item_NutSpread,Nut Spread,4,Stat_HealthRegen,40,10.0
Item_Hazelnut,Hazelnut,Consumables/Foodstuffs,1,Recipe_NutSpread_MIXED_Three_20,cooking,Item_NutSpread,Nut Spread,4,Stat_HealthRegen,40,10.0
Item_Hazelnut,Hazelnut,Consumables/Foodstuffs,1,Recipe_NutSpread_MIXED_Three_24,cooking,Item_NutSpread,Nut Spread,4,Stat_HealthRegen,40,10.0
Item_Hazelnut,Hazelnut,Consumables/Foodstuffs,1,Recipe_NutSpread_MIXED_Three_28,cooking,Item_NutSpread,Nut Spread,4,Stat_HealthRegen,40,10.0
Item_Heart,Heart,Organs/General,1,Recipe_Dynamite11,generic,Weapon_Dynamite,Dynamite,2,,0,0.0
Item_Heart,Heart,Organs/General,1,Recipe_Dynamite23,generic,Weapon_Dynamite,Dynamite,2,,0,0.0
Item_Heart,Heart,Organs/General,1,Recipe_Haggis_1B,cooking,Item_Haggis,Haggis,2,Stat_HealthRegen,20,10.0
Item_Heart,Heart,Organs/General,1,Recipe_Haggis_2C,cooking,Item_Haggis,Haggis,2,Stat_HealthRegen,20,10.0
Item_Heart,Heart,Organs/General,1,Recipe_Haggis_3C,cooking,Item_Haggis,Haggis,2,Stat_HealthRegen,20,10.0
Item_Heart,Heart,Organs/General,1,Recipe_Haggis_4C,cooking,Item_Haggis,Haggis,2,Stat_HealthRegen,20,10.0
Item_Heart,Heart,Organs/General,1,Recipe_Haggis_5C,cooking,Item_Haggis,Haggis,2,Stat_HealthRegen,20,10.0
Item_Heart,Heart,Organs/General,1,Recipe_Haggis_6C,cooking,Item_Haggis,Haggis,2,Stat_HealthRegen,20,10.0
Item_Heart,Heart,Organs/General,1,Recipe_Haggis_7C,cooking,Item_Haggis,Haggis,2,Stat_HealthRegen,20,10.0
Item_Heart,Heart,Organs/General,1,Recipe_LoveGrenade,generic,Weapon_JarOfLove,Jar of love notes,2,,0,0.0
Item_Heart,Heart,Organs/General,1,Recipe_LoveGrenade 1,generic,Weapon_JarOfLove,Jar of love notes,2,,0,0.0
Item_Heart,Heart,Organs/General,1,Recipe_LoveGrenade 2,generic,Weapon_JarOfLove,Jar of love notes,2,,0,0.0
Item_Heart,Heart,Organs/General,1,Recipe_LoveGrenade 3,generic,Weapon_JarOfLove,Jar of love notes,2,,0,0.0
Item_Heart,Heart,Organs/General,2,Recipe_LoveGrenade 4,generic,Weapon_JarOfLove,Jar of love notes,2,,0,0.0
Item_Heart,Heart,Organs/General,2,Recipe_LoveGrenade 5,generic,Weapon_JarOfLove,Jar of love notes,2,,0,0.0
Item_Heart,Heart,Organs/General,2,Recipe_LoveGrenade 6,generic,Weapon_JarOfLove,Jar of love notes,2,,0,0.0
Item_Heart,Heart,Organs/General,2,Recipe_LoveGrenade 7,generic,Weapon_JarOfLove,Jar of love notes,2,,0,0.0
Item_Heart,Heart,Organs/General,1,Recipe_Omelette_organ 2,cooking,Item_Omelette,Omelette,2,Stat_HealthRegen,22,11.0
Item_Herb,Herbs,Consumables/Foodstuffs,1,Recipe_Candycane,cooking,Item_CandyCane,Candy Cane,1,Stat_HealthRegen,20,20.0
Item_Herb,Herbs,Consumables/Foodstuffs,1,Recipe_CuissesDeGrenouille_4,cooking,Item_CuissesDeGrenouille,Cuisses De Grenouille,2,Stat_HealthRegen,35,17.5
Item_Herb,Herbs,Consumables/Foodstuffs,1,Recipe_CurryWurst 3,cooking,Item_Currywurst,Currywurst,2,Stat_HealthRegen,45,22.5
Item_Herb,Herbs,Consumables/Foodstuffs,1,Recipe_CurryWurst 4,cooking,Item_Currywurst,Currywurst,2,Stat_HealthRegen,45,22.5
Item_Herb,Herbs,Consumables/Foodstuffs,1,Recipe_Escargot_1,cooking,Item_Escargot,Escargot,2,Stat_HealthRegen,30,15.0
Item_Herb,Herbs,Consumables/Foodstuffs,1,Recipe_Gravadlax,cooking,Item_GravadLax,Gravad Lax,2,Stat_HealthRegen,20,10.0
Item_Herb,Herbs,Consumables/Foodstuffs,1,Recipe_Gravadlax 1,cooking,Item_GravadLax,Gravad Lax,2,Stat_HealthRegen,20,10.0
Item_Herb,Herbs,Consumables/Foodstuffs,4,Recipe_HealthPotion_2,cooking,Item_HealthPotion,Health Potion,1,Stat_HealthRegen,80,80.0
Item_Herb,Herbs,Consumables/Foodstuffs,1,Recipe_HealthPotion_4,cooking,Item_HealthPotion,Health Potion,1,Stat_HealthRegen,80,80.0
Item_Herb,Herbs,Consumables/Foodstuffs,1,Recipe_Leverpastej_7,cooking,Item_Leverpastej,Leverpastej,2,Stat_HealthRegen,20,10.0
Item_Herb,Herbs,Consumables/Foodstuffs,2,Recipe_Omelette_1 12,cooking,Item_Omelette,Omelette,2,Stat_HealthRegen,22,11.0
Item_Herb,Herbs,Consumables/Foodstuffs,2,Recipe_Omelette_1 16,cooking,Item_Omelette,Omelette,2,Stat_HealthRegen,22,11.0
Item_Herb,Herbs,Consumables/Foodstuffs,1,Recipe_Omelette_1 4,cooking,Item_Omelette,Omelette,2,Stat_HealthRegen,22,11.0
Item_Herb,Herbs,Consumables/Foodstuffs,1,Recipe_Omelette_1 8,cooking,Item_Omelette,Omelette,2,Stat_HealthRegen,22,11.0
Item_Herb,Herbs,Consumables/Foodstuffs,1,Recipe_PizzaLarge,cooking,Item_PizzaLarge,Pizza,4,Stat_HealthRegen,150,37.5
Item_Herb,Herbs,Consumables/Foodstuffs,1,Recipe_PizzaLarge 1,cooking,Item_PizzaLarge,Pizza,4,Stat_HealthRegen,150,37.5
Item_Herb,Herbs,Consumables/Foodstuffs,1,Recipe_PotatoSalad,cooking,Item_PotatoSalad,Potato Salad,2,Stat_HealthRegen,15,7.5
Item_Herb,Herbs,Consumables/Foodstuffs,1,Recipe_PotatoSalad 1,cooking,Item_PotatoSalad,Potato Salad,2,Stat_HealthRegen,15,7.5
Item_Herb,Herbs,Consumables/Foodstuffs,1,Recipe_PotatoSalad 2,cooking,Item_PotatoSalad,Potato Salad,2,Stat_HealthRegen,15,7.5
Item_Herb,Herbs,Consumables/Foodstuffs,1,Recipe_PotatoSalad 3,cooking,Item_PotatoSalad,Potato Salad,2,Stat_HealthRegen,15,7.5
Item_Herb,Herbs,Consumables/Foodstuffs,1,Recipe_PotatoSalad 4,cooking,Item_PotatoSalad,Potato Salad,2,Stat_HealthRegen,15,7.5
Item_Herb,Herbs,Consumables/Foodstuffs,1,Recipe_Sill 0,cooking,Item_Silltalrik,Silltallrik,2,Stat_HealthRegen,20,10.0
Item_Herb,Herbs,Consumables/Foodstuffs,1,Recipe_Sill 1,cooking,Item_Silltalrik,Silltallrik,2,Stat_HealthRegen,20,10.0
Item_Herb,Herbs,Consumables/Foodstuffs,1,Recipe_Sill 10,cooking,Item_Silltalrik,Silltallrik,2,Stat_HealthRegen,20,10.0
Item_Herb,Herbs,Consumables/Foodstuffs,1,Recipe_Sill 11,cooking,Item_Silltalrik,Silltallrik,2,Stat_HealthRegen,20,10.0
Item_Herb,Herbs,Consumables/Foodstuffs,2,Recipe_Sill 12,cooking,Item_Silltalrik,Silltallrik,2,Stat_HealthRegen,20,10.0
Item_Herb,Herbs,Consumables/Foodstuffs,2,Recipe_Sill 13,cooking,Item_Silltalrik,Silltallrik,2,Stat_HealthRegen,20,10.0
Item_Herb,Herbs,Consumables/Foodstuffs,1,Recipe_Sill 14,cooking,Item_Silltalrik,Silltallrik,2,Stat_HealthRegen,20,10.0
Item_Herb,Herbs,Consumables/Foodstuffs,1,Recipe_Sill 15,cooking,Item_Silltalrik,Silltallrik,2,Stat_HealthRegen,20,10.0
Item_Herb,Herbs,Consumables/Foodstuffs,2,Recipe_Sill 16,cooking,Item_Silltalrik,Silltallrik,2,Stat_HealthRegen,20,10.0
Item_Herb,Herbs,Consumables/Foodstuffs,2,Recipe_Sill 17,cooking,Item_Silltalrik,Silltallrik,2,Stat_HealthRegen,20,10.0
Item_Herb,Herbs,Consumables/Foodstuffs,1,Recipe_Sill 18,cooking,Item_Silltalrik,Silltallrik,2,Stat_HealthRegen,20,10.0
Item_Herb,Herbs,Consumables/Foodstuffs,1,Recipe_Sill 19,cooking,Item_Silltalrik,Silltallrik,2,Stat_HealthRegen,20,10.0
Item_Herb,Herbs,Consumables/Foodstuffs,2,Recipe_Sill 2,cooking,Item_Silltalrik,Silltallrik,2,Stat_HealthRegen,20,10.0
Item_Herb,Herbs,Consumables/Foodstuffs,2,Recipe_Sill 20,cooking,Item_Silltalrik,Silltallrik,2,Stat_HealthRegen,20,10.0
Item_Herb,Herbs,Consumables/Foodstuffs,2,Recipe_Sill 21,cooking,Item_Silltalrik,Silltallrik,2,Stat_HealthRegen,20,10.0
Item_Herb,Herbs,Consumables/Foodstuffs,2,Recipe_Sill 3,cooking,Item_Silltalrik,Silltallrik,2,Stat_HealthRegen,20,10.0
Item_Herb,Herbs,Consumables/Foodstuffs,1,Recipe_Sill 4,cooking,Item_Silltalrik,Silltallrik,2,Stat_HealthRegen,20,10.0
Item_Herb,Herbs,Consumables/Foodstuffs,1,Recipe_Sill 5,cooking,Item_Silltalrik,Silltallrik,2,Stat_HealthRegen,20,10.0
Item_Herb,Herbs,Consumables/Foodstuffs,1,Recipe_Sill 6,cooking,Item_Silltalrik,Silltallrik,2,Stat_HealthRegen,20,10.0
Item_Herb,Herbs,Consumables/Foodstuffs,1,Recipe_Sill 7,cooking,Item_Silltalrik,Silltallrik,2,Stat_HealthRegen,20,10.0
Item_Herb,Herbs,Consumables/Foodstuffs,2,Recipe_Sill 8,cooking,Item_Silltalrik,Silltallrik,2,Stat_HealthRegen,20,10.0
Item_Herb,Herbs,Consumables/Foodstuffs,2,Recipe_Sill 9,cooking,Item_Silltalrik,Silltallrik,2,Stat_HealthRegen,20,10.0
Item_Herb,Herbs,Consumables/Foodstuffs,1,Recipe_SillSandfish 0,cooking,Item_Silltalrik,Silltallrik,2,Stat_HealthRegen,20,10.0
Item_Herb,Herbs,Consumables/Foodstuffs,1,Recipe_SillSandfish 1,cooking,Item_Silltalrik,Silltallrik,2,Stat_HealthRegen,20,10.0
Item_Herb,Herbs,Consumables/Foodstuffs,1,Recipe_SillSandfish 10,cooking,Item_Silltalrik,Silltallrik,2,Stat_HealthRegen,20,10.0
Item_Herb,Herbs,Consumables/Foodstuffs,1,Recipe_SillSandfish 11,cooking,Item_Silltalrik,Silltallrik,2,Stat_HealthRegen,20,10.0
Item_Herb,Herbs,Consumables/Foodstuffs,2,Recipe_SillSandfish 12,cooking,Item_Silltalrik,Silltallrik,2,Stat_HealthRegen,20,10.0
Item_Herb,Herbs,Consumables/Foodstuffs,2,Recipe_SillSandfish 13,cooking,Item_Silltalrik,Silltallrik,2,Stat_HealthRegen,20,10.0
Item_Herb,Herbs,Consumables/Foodstuffs,1,Recipe_SillSandfish 14,cooking,Item_Silltalrik,Silltallrik,2,Stat_HealthRegen,20,10.0
Item_Herb,Herbs,Consumables/Foodstuffs,1,Recipe_SillSandfish 15,cooking,Item_Silltalrik,Silltallrik,2,Stat_HealthRegen,20,10.0
Item_Herb,Herbs,Consumables/Foodstuffs,2,Recipe_SillSandfish 16,cooking,Item_Silltalrik,Silltallrik,2,Stat_HealthRegen,20,10.0
Item_Herb,Herbs,Consumables/Foodstuffs,2,Recipe_SillSandfish 17,cooking,Item_Silltalrik,Silltallrik,2,Stat_HealthRegen,20,10.0
Item_Herb,Herbs,Consumables/Foodstuffs,1,Recipe_SillSandfish 18,cooking,Item_Silltalrik,Silltallrik,2,Stat_HealthRegen,20,10.0
Item_Herb,Herbs,Consumables/Foodstuffs,1,Recipe_SillSandfish 19,cooking,Item_Silltalrik,Silltallrik,2,Stat_HealthRegen,20,10.0
Item_Herb,Herbs,Consumables/Foodstuffs,2,Recipe_SillSandfish 2,cooking,Item_Silltalrik,Silltallrik,2,Stat_HealthRegen,20,10.0
Item_Herb,Herbs,Consumables/Foodstuffs,2,Recipe_SillSandfish 20,cooking,Item_Silltalrik,Silltallrik,2,Stat_HealthRegen,20,10.0
Item_Herb,Herbs,Consumables/Foodstuffs,2,Recipe_SillSandfish 21,cooking,Item_Silltalrik,Silltallrik,2,Stat_HealthRegen,20,10.0
Item_Herb,Herbs,Consumables/Foodstuffs,2,Recipe_SillSandfish 3,cooking,Item_Silltalrik,Silltallrik,2,Stat_HealthRegen,20,10.0
Item_Herb,Herbs,Consumables/Foodstuffs,1,Recipe_SillSandfish 4,cooking,Item_Silltalrik,Silltallrik,2,Stat_HealthRegen,20,10.0
Item_Herb,Herbs,Consumables/Foodstuffs,1,Recipe_SillSandfish 5,cooking,Item_Silltalrik,Silltallrik,2,Stat_HealthRegen,20,10.0
Item_Herb,Herbs,Consumables/Foodstuffs,1,Recipe_SillSandfish 6,cooking,Item_Silltalrik,Silltallrik,2,Stat_HealthRegen,20,10.0
Item_Herb,Herbs,Consumables/Foodstuffs,1,Recipe_SillSandfish 7,cooking,Item_Silltalrik,Silltallrik,2,Stat_HealthRegen,20,10.0
Item_Herb,Herbs,Consumables/Foodstuffs,2,Recipe_SillSandfish 8,cooking,Item_Silltalrik,Silltallrik,2,Stat_HealthRegen,20,10.0
Item_Herb,Herbs,Consumables/Foodstuffs,2,Recipe_SillSandfish 9,cooking,Item_Silltalrik,Silltallrik,2,Stat_HealthRegen,20,10.0
Item_Herb,Herbs,Consumables/Foodstuffs,1,Recipe_Snus_1,cooking,Item_Snus,Admiral White Extra Strong,1,Stat_SlowMotion,15,15.0
Item_Herb,Herbs,Consumables/Foodstuffs,1,Recipe_Snus_2,cooking,Item_Snus,Admiral White Extra Strong,1,Stat_SlowMotion,15,15.0
Item_Herb,Herbs,Consumables/Foodstuffs,1,Recipe_SpiceMix 3,cooking,Item_SpiceMix,Spice Mix,1,,0,0.0
Item_Herb,Herbs,Consumables/Foodstuffs,1,Recipe_SpiceMix 4,cooking,Item_SpiceMix,Spice Mix,1,,0,0.0
Item_HolyToast,Holy Toast,Consumables/Foodstuffs,1,Recipe_Wine_1 1,cooking,Item_Wine,Red Wine,2,Stat_Charisma,2400,1200.0
Item_HolyWater,Holy Water,Consumables/Drinks,1,Recipe_BarkBread 1,cooking,Item_BarkBread,Bark bread,2,Stat_HealthRegen,10,5.0
Item_HolyWater,Holy Water,Consumables/Drinks,1,Recipe_HolyToast_1,cooking,Item_HolyToast,Holy Toast,1,Stat_CoyoteTime,90,90.0
Item_HolyWater,Holy Water,Consumables/Drinks,1,Recipe_SulfCola_3,cooking,Item_SulfCola,SulfCola,2,Stat_HealthRegen,30,15.0
Item_HotSauce,Hot Sauce,Consumables/Foodstuffs,2,Recipe_NashvilleHotChicken 5,cooking,Item_ChickenNashvilleHot,Nashville Hot Chicken,1,Resistance_Frost,6000,6000.0
Item_HotSauce,Hot Sauce,Consumables/Foodstuffs,1,Recipe_NashvilleHotChicken 6,cooking,Item_ChickenNashvilleHot,Nashville Hot Chicken,1,Resistance_Frost,6000,6000.0
Item_HotSauce,Hot Sauce,Consumables/Foodstuffs,1,Recipe_NashvilleHotChicken 7,cooking,Item_ChickenNashvilleHot,Nashville Hot Chicken,1,Resistance_Frost,6000,6000.0
Item_HotSauce,Hot Sauce,Consumables/Foodstuffs,2,Recipe_NashvilleHotChicken 8,cooking,Item_ChickenNashvilleHot,Nashville Hot Chicken,1,Resistance_Frost,6000,6000.0
Item_HotSnax,Hot Snacks,Consumables/Foodstuffs,1,Recipe_NashvilleHotChicken 10,cooking,Item_ChickenNashvilleHot,Nashville Hot Chicken,1,Resistance_Frost,6000,6000.0
Item_HotSnax,Hot Snacks,Consumables/Foodstuffs,1,Recipe_NashvilleHotChicken 11,cooking,Item_ChickenNashvilleHot,Nashville Hot Chicken,1,Resistance_Frost,6000,6000.0
Item_HotSnax,Hot Snacks,Consumables/Foodstuffs,2,Recipe_NashvilleHotChicken 12,cooking,Item_ChickenNashvilleHot,Nashville Hot Chicken,1,Resistance_Frost,6000,6000.0
Item_HotSnax,Hot Snacks,Consumables/Foodstuffs,2,Recipe_NashvilleHotChicken 9,cooking,Item_ChickenNashvilleHot,Nashville Hot Chicken,1,Resistance_Frost,6000,6000.0
Item_HotSnax,Hot Snacks,Consumables/Foodstuffs,1,Recipe_SpiceMix 2,cooking,Item_SpiceMix,Spice Mix,1,,0,0.0
Item_HumanFlesh,Human flesh,Organs/Human,1,Recipe_Bolognese_2 4,cooking,Item_PastaBolognese,Spaghetti Bolognese,2,Stat_HealthRegen,50,25.0
Item_HumanFlesh,Human flesh,Organs/Human,1,Recipe_Cevapi_1 3,cooking,Item_Cevapi,Cevapi,2,Stat_HealthRegen,25,12.5
Item_HumanFlesh,Human flesh,Organs/Human,2,Recipe_CheeseburgerDouble_1 3,cooking,Item_DoubleCheeseburger,Double Cheeseburger,1,Stat_HealthRegen,200,200.0
Item_HumanFlesh,Human flesh,Organs/Human,1,Recipe_Cheeseburger_1 14,cooking,Item_Cheeseburger,Cheeseburger,1,Stat_HealthRegen,45,45.0
Item_HumanFlesh,Human flesh,Organs/Human,2,Recipe_Cheeseburger_1 20,cooking,Item_DoubleCheeseburger,Double Cheeseburger,1,Stat_HealthRegen,200,200.0
Item_HumanFlesh,Human flesh,Organs/Human,2,Recipe_Cheeseburger_1 26,cooking,Item_DoubleCheeseburger,Double Cheeseburger,1,Stat_HealthRegen,200,200.0
Item_HumanFlesh,Human flesh,Organs/Human,1,Recipe_Cheeseburger_1 3,cooking,Item_Cheeseburger,Cheeseburger,1,Stat_HealthRegen,45,45.0
Item_HumanFlesh,Human flesh,Organs/Human,2,Recipe_Cheeseburger_1 32,cooking,Item_DoubleCheeseburger,Double Cheeseburger,1,Stat_HealthRegen,200,200.0
Item_HumanFlesh,Human flesh,Organs/Human,3,Recipe_Cheeseburger_1 38,cooking,Item_DoubleCheeseburger,Double Cheeseburger,1,Stat_HealthRegen,200,200.0
Item_HumanFlesh,Human flesh,Organs/Human,1,Recipe_Cheeseburger_1 8,cooking,Item_Cheeseburger,Cheeseburger,1,Stat_HealthRegen,45,45.0
Item_HumanFlesh,Human flesh,Organs/Human,1,Recipe_CordonBleu 4,cooking,Item_CordonBleu,Cordon Bleu,2,Stat_HealthRegen,25,12.5
Item_HumanFlesh,Human flesh,Organs/Human,1,Recipe_Dimmies 4,cooking,Item_Dimmie,Dimmie,1,Stat_HealthRegen,20,20.0
Item_HumanFlesh,Human flesh,Organs/Human,1,Recipe_Hotpot 15,cooking,Item_HotPot,Hot Pot,6,Stat_HealthRegen,50,8.3333
Item_HumanFlesh,Human flesh,Organs/Human,1,Recipe_Hotpot 21,cooking,Item_HotPot,Hot Pot,6,Stat_HealthRegen,50,8.3333
Item_HumanFlesh,Human flesh,Organs/Human,1,Recipe_Hotpot 27,cooking,Item_HotPot,Hot Pot,6,Stat_HealthRegen,50,8.3333
Item_HumanFlesh,Human flesh,Organs/Human,1,Recipe_Hotpot 3,cooking,Item_HotPot,Hot Pot,6,Stat_HealthRegen,50,8.3333
Item_HumanFlesh,Human flesh,Organs/Human,1,Recipe_Hotpot 33,cooking,Item_HotPot,Hot Pot,6,Stat_HealthRegen,50,8.3333
Item_HumanFlesh,Human flesh,Organs/Human,1,Recipe_Hotpot 39,cooking,Item_HotPot,Hot Pot,6,Stat_HealthRegen,50,8.3333
Item_HumanFlesh,Human flesh,Organs/Human,1,Recipe_Hotpot 45,cooking,Item_HotPot,Hot Pot,6,Stat_HealthRegen,50,8.3333
Item_HumanFlesh,Human flesh,Organs/Human,1,Recipe_Hotpot 51,cooking,Item_HotPot,Hot Pot,6,Stat_HealthRegen,50,8.3333
Item_HumanFlesh,Human flesh,Organs/Human,1,Recipe_Hotpot 57,cooking,Item_HotPot,Hot Pot,6,Stat_HealthRegen,50,8.3333
Item_HumanFlesh,Human flesh,Organs/Human,1,Recipe_Hotpot 63,cooking,Item_HotPot,Hot Pot,6,Stat_HealthRegen,50,8.3333
Item_HumanFlesh,Human flesh,Organs/Human,1,Recipe_Hotpot 69,cooking,Item_HotPot,Hot Pot,6,Stat_HealthRegen,50,8.3333
Item_HumanFlesh,Human flesh,Organs/Human,1,Recipe_Hotpot 75,cooking,Item_HotPot,Hot Pot,6,Stat_HealthRegen,50,8.3333
Item_HumanFlesh,Human flesh,Organs/Human,1,Recipe_Hotpot 81,cooking,Item_HotPot,Hot Pot,6,Stat_HealthRegen,50,8.3333
Item_HumanFlesh,Human flesh,Organs/Human,1,Recipe_Hotpot 87,cooking,Item_HotPot,Hot Pot,6,Stat_HealthRegen,50,8.3333
Item_HumanFlesh,Human flesh,Organs/Human,1,Recipe_Hotpot 9,cooking,Item_HotPot,Hot Pot,6,Stat_HealthRegen,50,8.3333
Item_HumanFlesh,Human flesh,Organs/Human,2,Recipe_Hotpot 93,cooking,Item_HotPot,Hot Pot,6,Stat_HealthRegen,50,8.3333
Item_HumanFlesh,Human flesh,Organs/Human,1,Recipe_MeatSkewersBone 4,cooking,Item_MeatSkewers,Meat Skewers,2,Stat_HealthRegen,20,10.0
Item_HumanFlesh,Human flesh,Organs/Human,1,Recipe_MeatSkewers_1 4,cooking,Item_MeatSkewers,Meat Skewers,2,Stat_HealthRegen,20,10.0
Item_HumanFlesh,Human flesh,Organs/Human,4,Recipe_MysteryMeat_1 3,cooking,Item_MysteryMeat,Mystery Meat,1,Stat_HealthRegen,15,15.0
Item_HumanFlesh,Human flesh,Organs/Human,2,Recipe_MysteryMeat_2 3,cooking,Item_MysteryMeat,Mystery Meat,1,Stat_HealthRegen,15,15.0
Item_HumanFlesh,Human flesh,Organs/Human,1,Recipe_OnigiriFlesh_4,cooking,Item_Onigiri,Onigiri,2,Stat_HealthRegen,35,17.5
Item_HumanFlesh,Human flesh,Organs/Human,2,Recipe_OnigiriFlesh_4 1,cooking,Item_Onigiri,Onigiri,2,Stat_HealthRegen,35,17.5
Item_HumanFlesh,Human flesh,Organs/Human,2,Recipe_OnigiriFlesh_4 2,cooking,Item_Onigiri,Onigiri,2,Stat_HealthRegen,35,17.5
Item_HumanFlesh,Human flesh,Organs/Human,1,Recipe_OnigiriFlesh_4 3,cooking,Item_Onigiri,Onigiri,2,Stat_HealthRegen,35,17.5
Item_HumanFlesh,Human flesh,Organs/Human,1,Recipe_Poutine 12,cooking,Item_Poutine,Poutine,2,Stat_HealthRegen,35,17.5
Item_HumanFlesh,Human flesh,Organs/Human,1,Recipe_Poutine 4,cooking,Item_Poutine,Poutine,2,Stat_HealthRegen,35,17.5
Item_HumanFlesh,Human flesh,Organs/Human,1,Recipe_Ramen_3 6,cooking,Item_RamenTori,Tori Ramen,2,Stat_HealthRegen,40,20.0
Item_HumanFlesh,Human flesh,Organs/Human,1,Recipe_Ramen_3 7,cooking,Item_Ramen,Ramen,2,Stat_HealthRegen,40,20.0
Item_HumanFlesh,Human flesh,Organs/Human,1,Recipe_Sausage 4,cooking,Item_Sausage,Spicy Sausage,2,Stat_HealthRegen,30,15.0
Item_HumanFlesh,Human flesh,Organs/Human,1,Recipe_Stew_1 4,cooking,Item_Stew,Stew,2,Stat_HealthRegen,20,10.0
Item_HumanFlesh,Human flesh,Organs/Human,1,Recipe_Stew_2 4,cooking,Item_Stew,Stew,2,Stat_HealthRegen,20,10.0
Item_HumanFlesh,Human flesh,Organs/Human,1,Recipe_Taco_5,cooking,Item_HardshellTaco,Hardshell Taco,1,Stat_HealthRegen,25,25.0
Item_HumanSkin,Human skin,Organs/Human,2,Recipe_BeefJerky_1 1,cooking,Item_BeefJerky,Beef Jerky,1,Stat_HealthRegen,10,10.0
Item_HumanSkin,Human skin,Organs/Human,1,Recipe_BeefJerky_5 4,cooking,Item_BeefJerky,Beef Jerky,1,Stat_HealthRegen,10,10.0
Item_HumanSkin,Human skin,Organs/Human,1,Recipe_BeefJerky_5 9,cooking,Item_BeefJerky,Beef Jerky,1,Stat_HealthRegen,10,10.0
Item_HumanSkin,Human skin,Organs/Human,1,Recipe_Dynamite16,generic,Weapon_Dynamite,Dynamite,2,,0,0.0
Item_HumanSkin,Human skin,Organs/Human,1,Recipe_Dynamite4,generic,Weapon_Dynamite,Dynamite,2,,0,0.0
Item_HumanSkin,Human skin,Organs/Human,1,Recipe_Haggis_5A,cooking,Item_Haggis,Haggis,2,Stat_HealthRegen,20,10.0
Item_HumanSkin,Human skin,Organs/Human,1,Recipe_Haggis_5B,cooking,Item_Haggis,Haggis,2,Stat_HealthRegen,20,10.0
Item_HumanSkin,Human skin,Organs/Human,1,Recipe_Haggis_5C,cooking,Item_Haggis,Haggis,2,Stat_HealthRegen,20,10.0
Item_HumanSkin,Human skin,Organs/Human,1,Recipe_HotSnacks_4,cooking,Item_HotSnax,Hot Snacks,1,Stat_HealthRegen,15,15.0
Item_Intestines,Intestines,Organs/General,1,Recipe_FrenchHotdog_3,cooking,Item_FrenchHotdog,French Hotdog,2,Stat_HealthRegen,30,15.0
Item_Intestines,Intestines,Organs/General,1,Recipe_Omelette_organ,cooking,Item_Omelette,Omelette,2,Stat_HealthRegen,22,11.0
Item_Intestines,Intestines,Organs/General,1,Recipe_Polsa_1,cooking,Item_Polsa,Pölsa,2,Stat_HealthRegen,20,10.0
Item_Intestines,Intestines,Organs/General,1,Recipe_Polsa_1 2,cooking,Item_Polsa,Pölsa,2,Stat_HealthRegen,20,10.0
Item_Intestines,Intestines,Organs/General,1,Recipe_Polsa_2,cooking,Item_Polsa,Pölsa,2,Stat_HealthRegen,20,10.0
Item_Intestines,Intestines,Organs/General,1,Recipe_Polsa_2 2,cooking,Item_Polsa,Pölsa,2,Stat_HealthRegen,20,10.0
Item_Intestines,Intestines,Organs/General,1,Recipe_Polsa_3,cooking,Item_Polsa,Pölsa,2,Stat_HealthRegen,20,10.0
Item_Intestines,Intestines,Organs/General,1,Recipe_Polsa_3 2,cooking,Item_Polsa,Pölsa,2,Stat_HealthRegen,20,10.0
Item_Intestines,Intestines,Organs/General,1,Recipe_Polsa_4,cooking,Item_Polsa,Pölsa,2,Stat_HealthRegen,20,10.0
Item_Intestines,Intestines,Organs/General,1,Recipe_Polsa_4 2,cooking,Item_Polsa,Pölsa,2,Stat_HealthRegen,20,10.0
Item_Intestines,Intestines,Organs/General,1,Recipe_Polsa_5,cooking,Item_Polsa,Pölsa,2,Stat_HealthRegen,20,10.0
Item_Intestines,Intestines,Organs/General,1,Recipe_Polsa_5 2,cooking,Item_Polsa,Pölsa,2,Stat_HealthRegen,20,10.0
Item_Intestines,Intestines,Organs/General,1,Recipe_Polsa_6,cooking,Item_Polsa,Pölsa,2,Stat_HealthRegen,20,10.0
Item_Intestines,Intestines,Organs/General,1,Recipe_Polsa_6 2,cooking,Item_Polsa,Pölsa,2,Stat_HealthRegen,20,10.0
Item_Intestines,Intestines,Organs/General,1,Recipe_Polse_2,cooking,Item_Polse,Pølse,2,Stat_HealthRegen,15,7.5
Item_Intestines,Intestines,Organs/General,1,Recipe_Sausage 1,cooking,Item_Sausage,Spicy Sausage,2,Stat_HealthRegen,30,15.0
Item_Intestines,Intestines,Organs/General,1,Recipe_Sausage 2,cooking,Item_Sausage,Spicy Sausage,2,Stat_HealthRegen,30,15.0
Item_Intestines,Intestines,Organs/General,1,Recipe_Sausage 3,cooking,Item_Sausage,Spicy Sausage,2,Stat_HealthRegen,30,15.0
Item_Intestines,Intestines,Organs/General,1,Recipe_Sausage 4,cooking,Item_Sausage,Spicy Sausage,2,Stat_HealthRegen,30,15.0
Item_Intestines,Intestines,Organs/General,1,Recipe_Sausage 5,cooking,Item_Sausage,Spicy Sausage,2,Stat_HealthRegen,30,15.0
Item_Intestines,Intestines,Organs/General,1,Recipe_Sausage 6,cooking,Item_Sausage,Spicy Sausage,2,Stat_HealthRegen,30,15.0
Item_Intestines,Intestines,Organs/General,1,Recipe_Sausage 7,cooking,Item_Sausage,Spicy Sausage,2,Stat_HealthRegen,30,15.0
Item_Jam,Berry Jam,Consumables/Foodstuffs,1,Recipe_Cocktail 7,cooking,Item_Cocktail,Cocktail,4,Stat_Charisma,3600,900.0
Item_Jam,Berry Jam,Consumables/Foodstuffs,1,Recipe_Glogg 3,cooking,Item_MulledWine,Mulled Wine,1,Stat_Charisma,1200,1200.0
Item_Jam,Berry Jam,Consumables/Foodstuffs,1,Recipe_HealthPotion_1,cooking,Item_HealthPotion,Health Potion,1,Stat_HealthRegen,80,80.0
Item_Jam,Berry Jam,Consumables/Foodstuffs,1,Recipe_Milkshake_4 4,cooking,Item_MilkshakeBerries,Berry Milkshake,2,Stat_HealthRegen,35,17.5
Item_Jam,Berry Jam,Consumables/Foodstuffs,1,Recipe_Milkshake_4 5,cooking,Item_MilkshakeBerries,Berry Milkshake,2,Stat_HealthRegen,35,17.5
Item_Jam,Berry Jam,Consumables/Foodstuffs,2,Recipe_Milkshake_4 6,cooking,Item_MilkshakeBerries,Berry Milkshake,2,Stat_HealthRegen,35,17.5
Item_Jam,Berry Jam,Consumables/Foodstuffs,2,Recipe_Milkshake_4 7,cooking,Item_MilkshakeBerries,Berry Milkshake,2,Stat_HealthRegen,35,17.5
Item_Jam,Berry Jam,Consumables/Foodstuffs,1,Recipe_Milkshake_5 4,cooking,Item_MilkshakeBerries,Berry Milkshake,2,Stat_HealthRegen,35,17.5
Item_Jam,Berry Jam,Consumables/Foodstuffs,1,Recipe_Milkshake_5 5,cooking,Item_MilkshakeBerries,Berry Milkshake,2,Stat_HealthRegen,35,17.5
Item_Jam,Berry Jam,Consumables/Foodstuffs,2,Recipe_Milkshake_5 6,cooking,Item_MilkshakeBerries,Berry Milkshake,2,Stat_HealthRegen,35,17.5
Item_Jam,Berry Jam,Consumables/Foodstuffs,2,Recipe_Milkshake_5 7,cooking,Item_MilkshakeBerries,Berry Milkshake,2,Stat_HealthRegen,35,17.5
Item_Jam,Berry Jam,Consumables/Foodstuffs,1,Recipe_Milkshake_6 4,cooking,Item_MilkshakeBerries,Berry Milkshake,2,Stat_HealthRegen,35,17.5
Item_Jam,Berry Jam,Consumables/Foodstuffs,1,Recipe_Milkshake_6 5,cooking,Item_MilkshakeBerries,Berry Milkshake,2,Stat_HealthRegen,35,17.5
Item_Jam,Berry Jam,Consumables/Foodstuffs,2,Recipe_Milkshake_6 6,cooking,Item_MilkshakeBerries,Berry Milkshake,2,Stat_HealthRegen,35,17.5
Item_Jam,Berry Jam,Consumables/Foodstuffs,2,Recipe_Milkshake_6 7,cooking,Item_MilkshakeBerries,Berry Milkshake,2,Stat_HealthRegen,35,17.5
Item_Jam,Berry Jam,Consumables/Foodstuffs,1,Recipe_PeanutButterJellySandwitch_1,cooking,Item_SandwichPeanutbutterJelly,Peanutbutter Jelly Sandwich,1,Stat_HealthRegen,35,35.0
Item_Jam,Berry Jam,Consumables/Foodstuffs,1,Recipe_PeanutButterJellySandwitch_1 1,cooking,Item_SandwichPeanutbutterJelly,Peanutbutter Jelly Sandwich,1,Stat_HealthRegen,35,35.0
Item_Jam,Berry Jam,Consumables/Foodstuffs,1,Recipe_PeanutButterJellySandwitch_1 2,cooking,Item_SandwichPeanutbutterJelly,Peanutbutter Jelly Sandwich,1,Stat_HealthRegen,35,35.0
Item_Jam,Berry Jam,Consumables/Foodstuffs,1,Recipe_PeanutButterJellySandwitch_1 3,cooking,Item_SandwichPeanutbutterJelly,Peanutbutter Jelly Sandwich,1,Stat_HealthRegen,35,35.0
Item_Jam,Berry Jam,Consumables/Foodstuffs,1,Recipe_Risalamalta 1,cooking,Item_Risalamalta,Ris à la Malta,1,Stat_HealthRegen,25,25.0
Item_JamUnsweetened,Berry Jam (Unsweetened),Consumables/Foodstuffs,1,Recipe_Jam_7,cooking,Item_Jam,Berry Jam,1,Stat_HealthRegen,15,15.0
Item_JamUnsweetened,Berry Jam (Unsweetened),Consumables/Foodstuffs,2,Recipe_Jam_7 1,cooking,Item_Jam,Berry Jam,1,Stat_HealthRegen,15,15.0
Item_JamUnsweetened,Berry Jam (Unsweetened),Consumables/Foodstuffs,1,Recipe_Jam_7 2,cooking,Item_Jam,Berry Jam,1,Stat_HealthRegen,15,15.0
Item_JamUnsweetened,Berry Jam (Unsweetened),Consumables/Foodstuffs,2,Recipe_Jam_7 3,cooking,Item_Jam,Berry Jam,1,Stat_HealthRegen,15,15.0
Item_JamUnsweetened,Berry Jam (Unsweetened),Consumables/Foodstuffs,2,Recipe_Milkshake_4 10,cooking,Item_MilkshakeBerries,Berry Milkshake,2,Stat_HealthRegen,35,17.5
Item_JamUnsweetened,Berry Jam (Unsweetened),Consumables/Foodstuffs,2,Recipe_Milkshake_4 11,cooking,Item_MilkshakeBerries,Berry Milkshake,2,Stat_HealthRegen,35,17.5
Item_JamUnsweetened,Berry Jam (Unsweetened),Consumables/Foodstuffs,1,Recipe_Milkshake_4 8,cooking,Item_MilkshakeBerries,Berry Milkshake,2,Stat_HealthRegen,35,17.5
Item_JamUnsweetened,Berry Jam (Unsweetened),Consumables/Foodstuffs,1,Recipe_Milkshake_4 9,cooking,Item_MilkshakeBerries,Berry Milkshake,2,Stat_HealthRegen,35,17.5
Item_JamUnsweetened,Berry Jam (Unsweetened),Consumables/Foodstuffs,2,Recipe_Milkshake_5 10,cooking,Item_MilkshakeBerries,Berry Milkshake,2,Stat_HealthRegen,35,17.5
Item_JamUnsweetened,Berry Jam (Unsweetened),Consumables/Foodstuffs,2,Recipe_Milkshake_5 11,cooking,Item_MilkshakeBerries,Berry Milkshake,2,Stat_HealthRegen,35,17.5
Item_JamUnsweetened,Berry Jam (Unsweetened),Consumables/Foodstuffs,1,Recipe_Milkshake_5 8,cooking,Item_MilkshakeBerries,Berry Milkshake,2,Stat_HealthRegen,35,17.5
Item_JamUnsweetened,Berry Jam (Unsweetened),Consumables/Foodstuffs,1,Recipe_Milkshake_5 9,cooking,Item_MilkshakeBerries,Berry Milkshake,2,Stat_HealthRegen,35,17.5
Item_JamUnsweetened,Berry Jam (Unsweetened),Consumables/Foodstuffs,2,Recipe_Milkshake_6 10,cooking,Item_MilkshakeBerries,Berry Milkshake,2,Stat_HealthRegen,35,17.5
Item_JamUnsweetened,Berry Jam (Unsweetened),Consumables/Foodstuffs,2,Recipe_Milkshake_6 11,cooking,Item_MilkshakeBerries,Berry Milkshake,2,Stat_HealthRegen,35,17.5
Item_JamUnsweetened,Berry Jam (Unsweetened),Consumables/Foodstuffs,1,Recipe_Milkshake_6 8,cooking,Item_MilkshakeBerries,Berry Milkshake,2,Stat_HealthRegen,35,17.5
Item_JamUnsweetened,Berry Jam (Unsweetened),Consumables/Foodstuffs,1,Recipe_Milkshake_6 9,cooking,Item_MilkshakeBerries,Berry Milkshake,2,Stat_HealthRegen,35,17.5
Item_JamUnsweetened,Berry Jam (Unsweetened),Consumables/Foodstuffs,1,Recipe_PeanutButterJellySandwitch_2,cooking,Item_SandwichPeanutbutterJelly,Peanutbutter Jelly Sandwich,1,Stat_HealthRegen,35,35.0
Item_JamUnsweetened,Berry Jam (Unsweetened),Consumables/Foodstuffs,1,Recipe_PeanutButterJellySandwitch_2 1,cooking,Item_SandwichPeanutbutterJelly,Peanutbutter Jelly Sandwich,1,Stat_HealthRegen,35,35.0
Item_Jello,Jello,Consumables/Foodstuffs,1,Recipe_Aspic,cooking,Item_Aspic,Aspic,2,Stat_HealthRegen,15,7.5
Item_KarlOskar,Karl-Oskar,Consumables/Foodstuffs,1,Recipe_FullEnglishBreakfast_1 1,cooking,Item_FullEnglishBreakfast,Full English Breakfast,2,Stat_HealthRegen,35,17.5
Item_KarlOskar,Karl-Oskar,Consumables/Foodstuffs,2,Recipe_FullEnglishBreakfast_1 13,cooking,Item_FullEnglishBreakfast,Full English Breakfast,2,Stat_HealthRegen,35,17.5
Item_KarlOskar,Karl-Oskar,Consumables/Foodstuffs,2,Recipe_FullEnglishBreakfast_1 17,cooking,Item_FullEnglishBreakfast,Full English Breakfast,2,Stat_HealthRegen,35,17.5
Item_KarlOskar,Karl-Oskar,Consumables/Foodstuffs,2,Recipe_FullEnglishBreakfast_1 21,cooking,Item_FullEnglishBreakfast,Full English Breakfast,2,Stat_HealthRegen,35,17.5
Item_KarlOskar,Karl-Oskar,Consumables/Foodstuffs,2,Recipe_FullEnglishBreakfast_1 25,cooking,Item_FullEnglishBreakfast,Full English Breakfast,2,Stat_HealthRegen,35,17.5
Item_KarlOskar,Karl-Oskar,Consumables/Foodstuffs,3,Recipe_FullEnglishBreakfast_1 29,cooking,Item_FullEnglishBreakfast,Full English Breakfast,2,Stat_HealthRegen,35,17.5
Item_KarlOskar,Karl-Oskar,Consumables/Foodstuffs,3,Recipe_FullEnglishBreakfast_1 33,cooking,Item_FullEnglishBreakfast,Full English Breakfast,2,Stat_HealthRegen,35,17.5
Item_KarlOskar,Karl-Oskar,Consumables/Foodstuffs,3,Recipe_FullEnglishBreakfast_1 37,cooking,Item_FullEnglishBreakfast,Full English Breakfast,2,Stat_HealthRegen,35,17.5
Item_KarlOskar,Karl-Oskar,Consumables/Foodstuffs,3,Recipe_FullEnglishBreakfast_1 41,cooking,Item_FullEnglishBreakfast,Full English Breakfast,2,Stat_HealthRegen,35,17.5
Item_KarlOskar,Karl-Oskar,Consumables/Foodstuffs,2,Recipe_FullEnglishBreakfast_1 45,cooking,Item_FullEnglishBreakfast,Full English Breakfast,2,Stat_HealthRegen,35,17.5
Item_KarlOskar,Karl-Oskar,Consumables/Foodstuffs,2,Recipe_FullEnglishBreakfast_1 49,cooking,Item_FullEnglishBreakfast,Full English Breakfast,2,Stat_HealthRegen,35,17.5
Item_KarlOskar,Karl-Oskar,Consumables/Foodstuffs,2,Recipe_FullEnglishBreakfast_1 5,cooking,Item_FullEnglishBreakfast,Full English Breakfast,2,Stat_HealthRegen,35,17.5
Item_KarlOskar,Karl-Oskar,Consumables/Foodstuffs,1,Recipe_FullEnglishBreakfast_1 9,cooking,Item_FullEnglishBreakfast,Full English Breakfast,2,Stat_HealthRegen,35,17.5
Item_KarlOskar,Karl-Oskar,Consumables/Foodstuffs,1,Recipe_Hotpot,cooking,Item_HotPot,Hot Pot,6,Stat_HealthRegen,50,8.3333
Item_KarlOskar,Karl-Oskar,Consumables/Foodstuffs,1,Recipe_Hotpot 1,cooking,Item_HotPot,Hot Pot,6,Stat_HealthRegen,50,8.3333
Item_KarlOskar,Karl-Oskar,Consumables/Foodstuffs,2,Recipe_Hotpot 10,cooking,Item_HotPot,Hot Pot,6,Stat_HealthRegen,50,8.3333
Item_KarlOskar,Karl-Oskar,Consumables/Foodstuffs,2,Recipe_Hotpot 11,cooking,Item_HotPot,Hot Pot,6,Stat_HealthRegen,50,8.3333
Item_KarlOskar,Karl-Oskar,Consumables/Foodstuffs,1,Recipe_Hotpot 12,cooking,Item_HotPot,Hot Pot,6,Stat_HealthRegen,50,8.3333
Item_KarlOskar,Karl-Oskar,Consumables/Foodstuffs,1,Recipe_Hotpot 13,cooking,Item_HotPot,Hot Pot,6,Stat_HealthRegen,50,8.3333
Item_KarlOskar,Karl-Oskar,Consumables/Foodstuffs,1,Recipe_Hotpot 14,cooking,Item_HotPot,Hot Pot,6,Stat_HealthRegen,50,8.3333
Item_KarlOskar,Karl-Oskar,Consumables/Foodstuffs,1,Recipe_Hotpot 15,cooking,Item_HotPot,Hot Pot,6,Stat_HealthRegen,50,8.3333
Item_KarlOskar,Karl-Oskar,Consumables/Foodstuffs,1,Recipe_Hotpot 16,cooking,Item_HotPot,Hot Pot,6,Stat_HealthRegen,50,8.3333
Item_KarlOskar,Karl-Oskar,Consumables/Foodstuffs,1,Recipe_Hotpot 17,cooking,Item_HotPot,Hot Pot,6,Stat_HealthRegen,50,8.3333
Item_KarlOskar,Karl-Oskar,Consumables/Foodstuffs,1,Recipe_Hotpot 18,cooking,Item_HotPot,Hot Pot,6,Stat_HealthRegen,50,8.3333
Item_KarlOskar,Karl-Oskar,Consumables/Foodstuffs,1,Recipe_Hotpot 19,cooking,Item_HotPot,Hot Pot,6,Stat_HealthRegen,50,8.3333
Item_KarlOskar,Karl-Oskar,Consumables/Foodstuffs,1,Recipe_Hotpot 2,cooking,Item_HotPot,Hot Pot,6,Stat_HealthRegen,50,8.3333
Item_KarlOskar,Karl-Oskar,Consumables/Foodstuffs,1,Recipe_Hotpot 20,cooking,Item_HotPot,Hot Pot,6,Stat_HealthRegen,50,8.3333
Item_KarlOskar,Karl-Oskar,Consumables/Foodstuffs,1,Recipe_Hotpot 21,cooking,Item_HotPot,Hot Pot,6,Stat_HealthRegen,50,8.3333
Item_KarlOskar,Karl-Oskar,Consumables/Foodstuffs,1,Recipe_Hotpot 22,cooking,Item_HotPot,Hot Pot,6,Stat_HealthRegen,50,8.3333
Item_KarlOskar,Karl-Oskar,Consumables/Foodstuffs,1,Recipe_Hotpot 23,cooking,Item_HotPot,Hot Pot,6,Stat_HealthRegen,50,8.3333
Item_KarlOskar,Karl-Oskar,Consumables/Foodstuffs,1,Recipe_Hotpot 24,cooking,Item_HotPot,Hot Pot,6,Stat_HealthRegen,50,8.3333
Item_KarlOskar,Karl-Oskar,Consumables/Foodstuffs,1,Recipe_Hotpot 25,cooking,Item_HotPot,Hot Pot,6,Stat_HealthRegen,50,8.3333
Item_KarlOskar,Karl-Oskar,Consumables/Foodstuffs,1,Recipe_Hotpot 26,cooking,Item_HotPot,Hot Pot,6,Stat_HealthRegen,50,8.3333
Item_KarlOskar,Karl-Oskar,Consumables/Foodstuffs,1,Recipe_Hotpot 27,cooking,Item_HotPot,Hot Pot,6,Stat_HealthRegen,50,8.3333
Item_KarlOskar,Karl-Oskar,Consumables/Foodstuffs,1,Recipe_Hotpot 28,cooking,Item_HotPot,Hot Pot,6,Stat_HealthRegen,50,8.3333
Item_KarlOskar,Karl-Oskar,Consumables/Foodstuffs,1,Recipe_Hotpot 29,cooking,Item_HotPot,Hot Pot,6,Stat_HealthRegen,50,8.3333
Item_KarlOskar,Karl-Oskar,Consumables/Foodstuffs,1,Recipe_Hotpot 3,cooking,Item_HotPot,Hot Pot,6,Stat_HealthRegen,50,8.3333
Item_KarlOskar,Karl-Oskar,Consumables/Foodstuffs,1,Recipe_Hotpot 30,cooking,Item_HotPot,Hot Pot,6,Stat_HealthRegen,50,8.3333
Item_KarlOskar,Karl-Oskar,Consumables/Foodstuffs,1,Recipe_Hotpot 31,cooking,Item_HotPot,Hot Pot,6,Stat_HealthRegen,50,8.3333
Item_KarlOskar,Karl-Oskar,Consumables/Foodstuffs,1,Recipe_Hotpot 32,cooking,Item_HotPot,Hot Pot,6,Stat_HealthRegen,50,8.3333
Item_KarlOskar,Karl-Oskar,Consumables/Foodstuffs,1,Recipe_Hotpot 33,cooking,Item_HotPot,Hot Pot,6,Stat_HealthRegen,50,8.3333
Item_KarlOskar,Karl-Oskar,Consumables/Foodstuffs,1,Recipe_Hotpot 34,cooking,Item_HotPot,Hot Pot,6,Stat_HealthRegen,50,8.3333
Item_KarlOskar,Karl-Oskar,Consumables/Foodstuffs,1,Recipe_Hotpot 35,cooking,Item_HotPot,Hot Pot,6,Stat_HealthRegen,50,8.3333
Item_KarlOskar,Karl-Oskar,Consumables/Foodstuffs,1,Recipe_Hotpot 36,cooking,Item_HotPot,Hot Pot,6,Stat_HealthRegen,50,8.3333
Item_KarlOskar,Karl-Oskar,Consumables/Foodstuffs,1,Recipe_Hotpot 37,cooking,Item_HotPot,Hot Pot,6,Stat_HealthRegen,50,8.3333
Item_KarlOskar,Karl-Oskar,Consumables/Foodstuffs,1,Recipe_Hotpot 38,cooking,Item_HotPot,Hot Pot,6,Stat_HealthRegen,50,8.3333
Item_KarlOskar,Karl-Oskar,Consumables/Foodstuffs,1,Recipe_Hotpot 39,cooking,Item_HotPot,Hot Pot,6,Stat_HealthRegen,50,8.3333
Item_KarlOskar,Karl-Oskar,Consumables/Foodstuffs,1,Recipe_Hotpot 4,cooking,Item_HotPot,Hot Pot,6,Stat_HealthRegen,50,8.3333
Item_KarlOskar,Karl-Oskar,Consumables/Foodstuffs,1,Recipe_Hotpot 40,cooking,Item_HotPot,Hot Pot,6,Stat_HealthRegen,50,8.3333
Item_KarlOskar,Karl-Oskar,Consumables/Foodstuffs,1,Recipe_Hotpot 41,cooking,Item_HotPot,Hot Pot,6,Stat_HealthRegen,50,8.3333
Item_KarlOskar,Karl-Oskar,Consumables/Foodstuffs,1,Recipe_Hotpot 42,cooking,Item_HotPot,Hot Pot,6,Stat_HealthRegen,50,8.3333
Item_KarlOskar,Karl-Oskar,Consumables/Foodstuffs,1,Recipe_Hotpot 43,cooking,Item_HotPot,Hot Pot,6,Stat_HealthRegen,50,8.3333
Item_KarlOskar,Karl-Oskar,Consumables/Foodstuffs,1,Recipe_Hotpot 44,cooking,Item_HotPot,Hot Pot,6,Stat_HealthRegen,50,8.3333
Item_KarlOskar,Karl-Oskar,Consumables/Foodstuffs,1,Recipe_Hotpot 45,cooking,Item_HotPot,Hot Pot,6,Stat_HealthRegen,50,8.3333
Item_KarlOskar,Karl-Oskar,Consumables/Foodstuffs,1,Recipe_Hotpot 46,cooking,Item_HotPot,Hot Pot,6,Stat_HealthRegen,50,8.3333
Item_KarlOskar,Karl-Oskar,Consumables/Foodstuffs,1,Recipe_Hotpot 47,cooking,Item_HotPot,Hot Pot,6,Stat_HealthRegen,50,8.3333
Item_KarlOskar,Karl-Oskar,Consumables/Foodstuffs,1,Recipe_Hotpot 48,cooking,Item_HotPot,Hot Pot,6,Stat_HealthRegen,50,8.3333
Item_KarlOskar,Karl-Oskar,Consumables/Foodstuffs,1,Recipe_Hotpot 49,cooking,Item_HotPot,Hot Pot,6,Stat_HealthRegen,50,8.3333
Item_KarlOskar,Karl-Oskar,Consumables/Foodstuffs,1,Recipe_Hotpot 5,cooking,Item_HotPot,Hot Pot,6,Stat_HealthRegen,50,8.3333
Item_KarlOskar,Karl-Oskar,Consumables/Foodstuffs,1,Recipe_Hotpot 50,cooking,Item_HotPot,Hot Pot,6,Stat_HealthRegen,50,8.3333
Item_KarlOskar,Karl-Oskar,Consumables/Foodstuffs,1,Recipe_Hotpot 51,cooking,Item_HotPot,Hot Pot,6,Stat_HealthRegen,50,8.3333
Item_KarlOskar,Karl-Oskar,Consumables/Foodstuffs,1,Recipe_Hotpot 52,cooking,Item_HotPot,Hot Pot,6,Stat_HealthRegen,50,8.3333
Item_KarlOskar,Karl-Oskar,Consumables/Foodstuffs,1,Recipe_Hotpot 53,cooking,Item_HotPot,Hot Pot,6,Stat_HealthRegen,50,8.3333
Item_KarlOskar,Karl-Oskar,Consumables/Foodstuffs,2,Recipe_Hotpot 54,cooking,Item_HotPot,Hot Pot,6,Stat_HealthRegen,50,8.3333
Item_KarlOskar,Karl-Oskar,Consumables/Foodstuffs,2,Recipe_Hotpot 55,cooking,Item_HotPot,Hot Pot,6,Stat_HealthRegen,50,8.3333
Item_KarlOskar,Karl-Oskar,Consumables/Foodstuffs,2,Recipe_Hotpot 56,cooking,Item_HotPot,Hot Pot,6,Stat_HealthRegen,50,8.3333
Item_KarlOskar,Karl-Oskar,Consumables/Foodstuffs,2,Recipe_Hotpot 57,cooking,Item_HotPot,Hot Pot,6,Stat_HealthRegen,50,8.3333
Item_KarlOskar,Karl-Oskar,Consumables/Foodstuffs,2,Recipe_Hotpot 58,cooking,Item_HotPot,Hot Pot,6,Stat_HealthRegen,50,8.3333
Item_KarlOskar,Karl-Oskar,Consumables/Foodstuffs,2,Recipe_Hotpot 59,cooking,Item_HotPot,Hot Pot,6,Stat_HealthRegen,50,8.3333
Item_KarlOskar,Karl-Oskar,Consumables/Foodstuffs,2,Recipe_Hotpot 6,cooking,Item_HotPot,Hot Pot,6,Stat_HealthRegen,50,8.3333
Item_KarlOskar,Karl-Oskar,Consumables/Foodstuffs,2,Recipe_Hotpot 60,cooking,Item_HotPot,Hot Pot,6,Stat_HealthRegen,50,8.3333
Item_KarlOskar,Karl-Oskar,Consumables/Foodstuffs,2,Recipe_Hotpot 61,cooking,Item_HotPot,Hot Pot,6,Stat_HealthRegen,50,8.3333
Item_KarlOskar,Karl-Oskar,Consumables/Foodstuffs,2,Recipe_Hotpot 62,cooking,Item_HotPot,Hot Pot,6,Stat_HealthRegen,50,8.3333
Item_KarlOskar,Karl-Oskar,Consumables/Foodstuffs,2,Recipe_Hotpot 63,cooking,Item_HotPot,Hot Pot,6,Stat_HealthRegen,50,8.3333
Item_KarlOskar,Karl-Oskar,Consumables/Foodstuffs,2,Recipe_Hotpot 64,cooking,Item_HotPot,Hot Pot,6,Stat_HealthRegen,50,8.3333
Item_KarlOskar,Karl-Oskar,Consumables/Foodstuffs,2,Recipe_Hotpot 65,cooking,Item_HotPot,Hot Pot,6,Stat_HealthRegen,50,8.3333
Item_KarlOskar,Karl-Oskar,Consumables/Foodstuffs,2,Recipe_Hotpot 66,cooking,Item_HotPot,Hot Pot,6,Stat_HealthRegen,50,8.3333
Item_KarlOskar,Karl-Oskar,Consumables/Foodstuffs,2,Recipe_Hotpot 67,cooking,Item_HotPot,Hot Pot,6,Stat_HealthRegen,50,8.3333
Item_KarlOskar,Karl-Oskar,Consumables/Foodstuffs,2,Recipe_Hotpot 68,cooking,Item_HotPot,Hot Pot,6,Stat_HealthRegen,50,8.3333
Item_KarlOskar,Karl-Oskar,Consumables/Foodstuffs,2,Recipe_Hotpot 69,cooking,Item_HotPot,Hot Pot,6,Stat_HealthRegen,50,8.3333
Item_KarlOskar,Karl-Oskar,Consumables/Foodstuffs,2,Recipe_Hotpot 7,cooking,Item_HotPot,Hot Pot,6,Stat_HealthRegen,50,8.3333
Item_KarlOskar,Karl-Oskar,Consumables/Foodstuffs,2,Recipe_Hotpot 70,cooking,Item_HotPot,Hot Pot,6,Stat_HealthRegen,50,8.3333
Item_KarlOskar,Karl-Oskar,Consumables/Foodstuffs,2,Recipe_Hotpot 71,cooking,Item_HotPot,Hot Pot,6,Stat_HealthRegen,50,8.3333
Item_KarlOskar,Karl-Oskar,Consumables/Foodstuffs,2,Recipe_Hotpot 72,cooking,Item_HotPot,Hot Pot,6,Stat_HealthRegen,50,8.3333
Item_KarlOskar,Karl-Oskar,Consumables/Foodstuffs,2,Recipe_Hotpot 73,cooking,Item_HotPot,Hot Pot,6,Stat_HealthRegen,50,8.3333
Item_KarlOskar,Karl-Oskar,Consumables/Foodstuffs,2,Recipe_Hotpot 74,cooking,Item_HotPot,Hot Pot,6,Stat_HealthRegen,50,8.3333
Item_KarlOskar,Karl-Oskar,Consumables/Foodstuffs,2,Recipe_Hotpot 75,cooking,Item_HotPot,Hot Pot,6,Stat_HealthRegen,50,8.3333
Item_KarlOskar,Karl-Oskar,Consumables/Foodstuffs,2,Recipe_Hotpot 76,cooking,Item_HotPot,Hot Pot,6,Stat_HealthRegen,50,8.3333
Item_KarlOskar,Karl-Oskar,Consumables/Foodstuffs,2,Recipe_Hotpot 77,cooking,Item_HotPot,Hot Pot,6,Stat_HealthRegen,50,8.3333
Item_KarlOskar,Karl-Oskar,Consumables/Foodstuffs,2,Recipe_Hotpot 78,cooking,Item_HotPot,Hot Pot,6,Stat_HealthRegen,50,8.3333
Item_KarlOskar,Karl-Oskar,Consumables/Foodstuffs,2,Recipe_Hotpot 79,cooking,Item_HotPot,Hot Pot,6,Stat_HealthRegen,50,8.3333
Item_KarlOskar,Karl-Oskar,Consumables/Foodstuffs,2,Recipe_Hotpot 8,cooking,Item_HotPot,Hot Pot,6,Stat_HealthRegen,50,8.3333
Item_KarlOskar,Karl-Oskar,Consumables/Foodstuffs,2,Recipe_Hotpot 80,cooking,Item_HotPot,Hot Pot,6,Stat_HealthRegen,50,8.3333
Item_KarlOskar,Karl-Oskar,Consumables/Foodstuffs,2,Recipe_Hotpot 81,cooking,Item_HotPot,Hot Pot,6,Stat_HealthRegen,50,8.3333
Item_KarlOskar,Karl-Oskar,Consumables/Foodstuffs,2,Recipe_Hotpot 82,cooking,Item_HotPot,Hot Pot,6,Stat_HealthRegen,50,8.3333
Item_KarlOskar,Karl-Oskar,Consumables/Foodstuffs,2,Recipe_Hotpot 83,cooking,Item_HotPot,Hot Pot,6,Stat_HealthRegen,50,8.3333
Item_KarlOskar,Karl-Oskar,Consumables/Foodstuffs,2,Recipe_Hotpot 84,cooking,Item_HotPot,Hot Pot,6,Stat_HealthRegen,50,8.3333
Item_KarlOskar,Karl-Oskar,Consumables/Foodstuffs,2,Recipe_Hotpot 85,cooking,Item_HotPot,Hot Pot,6,Stat_HealthRegen,50,8.3333
Item_KarlOskar,Karl-Oskar,Consumables/Foodstuffs,2,Recipe_Hotpot 86,cooking,Item_HotPot,Hot Pot,6,Stat_HealthRegen,50,8.3333
Item_KarlOskar,Karl-Oskar,Consumables/Foodstuffs,2,Recipe_Hotpot 87,cooking,Item_HotPot,Hot Pot,6,Stat_HealthRegen,50,8.3333
Item_KarlOskar,Karl-Oskar,Consumables/Foodstuffs,2,Recipe_Hotpot 88,cooking,Item_HotPot,Hot Pot,6,Stat_HealthRegen,50,8.3333
Item_KarlOskar,Karl-Oskar,Consumables/Foodstuffs,2,Recipe_Hotpot 89,cooking,Item_HotPot,Hot Pot,6,Stat_HealthRegen,50,8.3333
Item_KarlOskar,Karl-Oskar,Consumables/Foodstuffs,2,Recipe_Hotpot 9,cooking,Item_HotPot,Hot Pot,6,Stat_HealthRegen,50,8.3333
Item_KarlOskar,Karl-Oskar,Consumables/Foodstuffs,2,Recipe_Hotpot 90,cooking,Item_HotPot,Hot Pot,6,Stat_HealthRegen,50,8.3333
Item_KarlOskar,Karl-Oskar,Consumables/Foodstuffs,2,Recipe_Hotpot 91,cooking,Item_HotPot,Hot Pot,6,Stat_HealthRegen,50,8.3333
Item_KarlOskar,Karl-Oskar,Consumables/Foodstuffs,2,Recipe_Hotpot 92,cooking,Item_HotPot,Hot Pot,6,Stat_HealthRegen,50,8.3333
Item_KarlOskar,Karl-Oskar,Consumables/Foodstuffs,2,Recipe_Hotpot 93,cooking,Item_HotPot,Hot Pot,6,Stat_HealthRegen,50,8.3333
Item_KarlOskar,Karl-Oskar,Consumables/Foodstuffs,2,Recipe_Hotpot 94,cooking,Item_HotPot,Hot Pot,6,Stat_HealthRegen,50,8.3333
Item_KarlOskar,Karl-Oskar,Consumables/Foodstuffs,2,Recipe_Hotpot 95,cooking,Item_HotPot,Hot Pot,6,Stat_HealthRegen,50,8.3333
Item_KarlOskar,Karl-Oskar,Consumables/Foodstuffs,3,Recipe_MushroomSoupBroth_10,cooking,Item_MushroomSoup,Mushroom Soup,2,Stat_HealthRegen,20,10.0
Item_KarlOskar,Karl-Oskar,Consumables/Foodstuffs,4,Recipe_MushroomSoupBroth_10 1,cooking,Item_MushroomSoup,Mushroom Soup,2,Stat_HealthRegen,20,10.0
Item_KarlOskar,Karl-Oskar,Consumables/Foodstuffs,5,Recipe_MushroomSoupBroth_10 2,cooking,Item_MushroomSoup,Mushroom Soup,2,Stat_HealthRegen,20,10.0
Item_KarlOskar,Karl-Oskar,Consumables/Foodstuffs,6,Recipe_MushroomSoupBroth_11,cooking,Item_MushroomSoup,Mushroom Soup,2,Stat_HealthRegen,20,10.0
Item_KarlOskar,Karl-Oskar,Consumables/Foodstuffs,7,Recipe_MushroomSoupBroth_11 1,cooking,Item_MushroomSoup,Mushroom Soup,2,Stat_HealthRegen,20,10.0
Item_KarlOskar,Karl-Oskar,Consumables/Foodstuffs,8,Recipe_MushroomSoupBroth_11 2,cooking,Item_MushroomSoup,Mushroom Soup,2,Stat_HealthRegen,20,10.0
Item_KarlOskar,Karl-Oskar,Consumables/Foodstuffs,6,Recipe_MushroomSoupBroth_11 3,cooking,Item_MushroomSoup,Mushroom Soup,2,Stat_HealthRegen,20,10.0
Item_KarlOskar,Karl-Oskar,Consumables/Foodstuffs,7,Recipe_MushroomSoupBroth_11 4,cooking,Item_MushroomSoup,Mushroom Soup,2,Stat_HealthRegen,20,10.0
Item_KarlOskar,Karl-Oskar,Consumables/Foodstuffs,8,Recipe_MushroomSoupBroth_11 5,cooking,Item_MushroomSoup,Mushroom Soup,2,Stat_HealthRegen,20,10.0
Item_KarlOskar,Karl-Oskar,Consumables/Foodstuffs,1,Recipe_MushroomSoup_1 10,cooking,Item_MushroomSoup,Mushroom Soup,2,Stat_HealthRegen,20,10.0
Item_KarlOskar,Karl-Oskar,Consumables/Foodstuffs,1,Recipe_MushroomSoup_1 11,cooking,Item_MushroomSoup,Mushroom Soup,2,Stat_HealthRegen,20,10.0
Item_KarlOskar,Karl-Oskar,Consumables/Foodstuffs,1,Recipe_MushroomSoup_1 2,cooking,Item_MushroomSoup,Mushroom Soup,2,Stat_HealthRegen,20,10.0
Item_KarlOskar,Karl-Oskar,Consumables/Foodstuffs,1,Recipe_MushroomSoup_1 3,cooking,Item_MushroomSoup,Mushroom Soup,2,Stat_HealthRegen,20,10.0
Item_KarlOskar,Karl-Oskar,Consumables/Foodstuffs,1,Recipe_MushroomSoup_1 4,cooking,Item_MushroomSoup,Mushroom Soup,2,Stat_HealthRegen,20,10.0
Item_KarlOskar,Karl-Oskar,Consumables/Foodstuffs,1,Recipe_MushroomSoup_1 5,cooking,Item_MushroomSoup,Mushroom Soup,2,Stat_HealthRegen,20,10.0
Item_KarlOskar,Karl-Oskar,Consumables/Foodstuffs,1,Recipe_MushroomSoup_1 8,cooking,Item_MushroomSoup,Mushroom Soup,2,Stat_HealthRegen,20,10.0
Item_KarlOskar,Karl-Oskar,Consumables/Foodstuffs,1,Recipe_MushroomSoup_1 9,cooking,Item_MushroomSoup,Mushroom Soup,2,Stat_HealthRegen,20,10.0
Item_KarlOskar,Karl-Oskar,Consumables/Foodstuffs,1,Recipe_MushroomSoup_3 10,cooking,Item_MushroomSoup,Mushroom Soup,2,Stat_HealthRegen,20,10.0
Item_KarlOskar,Karl-Oskar,Consumables/Foodstuffs,3,Recipe_MushroomSoup_3 11,cooking,Item_MushroomSoup,Mushroom Soup,2,Stat_HealthRegen,20,10.0
Item_KarlOskar,Karl-Oskar,Consumables/Foodstuffs,3,Recipe_MushroomSoup_3 12,cooking,Item_MushroomSoup,Mushroom Soup,2,Stat_HealthRegen,20,10.0
Item_KarlOskar,Karl-Oskar,Consumables/Foodstuffs,2,Recipe_MushroomSoup_3 13,cooking,Item_MushroomSoup,Mushroom Soup,2,Stat_HealthRegen,20,10.0
Item_KarlOskar,Karl-Oskar,Consumables/Foodstuffs,2,Recipe_MushroomSoup_3 14,cooking,Item_MushroomSoup,Mushroom Soup,2,Stat_HealthRegen,20,10.0
Item_KarlOskar,Karl-Oskar,Consumables/Foodstuffs,1,Recipe_MushroomSoup_3 15,cooking,Item_MushroomSoup,Mushroom Soup,2,Stat_HealthRegen,20,10.0
Item_KarlOskar,Karl-Oskar,Consumables/Foodstuffs,3,Recipe_MushroomSoup_3 24_VB+KO,cooking,Item_MushroomSoup,Mushroom Soup,2,Stat_HealthRegen,20,10.0
Item_KarlOskar,Karl-Oskar,Consumables/Foodstuffs,3,Recipe_MushroomSoup_3 24_VB+KO 1,cooking,Item_MushroomSoup,Mushroom Soup,2,Stat_HealthRegen,20,10.0
Item_KarlOskar,Karl-Oskar,Consumables/Foodstuffs,3,Recipe_MushroomSoup_3 25,cooking,Item_MushroomSoup,Mushroom Soup,2,Stat_HealthRegen,20,10.0
Item_KarlOskar,Karl-Oskar,Consumables/Foodstuffs,2,Recipe_MushroomSoup_3 26,cooking,Item_MushroomSoup,Mushroom Soup,2,Stat_HealthRegen,20,10.0
Item_KarlOskar,Karl-Oskar,Consumables/Foodstuffs,1,Recipe_MushroomSoup_3 27,cooking,Item_MushroomSoup,Mushroom Soup,2,Stat_HealthRegen,20,10.0
Item_KarlOskar,Karl-Oskar,Consumables/Foodstuffs,3,Recipe_MushroomSoup_3 28,cooking,Item_MushroomSoup,Mushroom Soup,2,Stat_HealthRegen,20,10.0
Item_KarlOskar,Karl-Oskar,Consumables/Foodstuffs,2,Recipe_MushroomSoup_3 29,cooking,Item_MushroomSoup,Mushroom Soup,2,Stat_HealthRegen,20,10.0
Item_KarlOskar,Karl-Oskar,Consumables/Foodstuffs,2,Recipe_MushroomSoup_3 30,cooking,Item_MushroomSoup,Mushroom Soup,2,Stat_HealthRegen,20,10.0
Item_KarlOskar,Karl-Oskar,Consumables/Foodstuffs,1,Recipe_MushroomSoup_3 31,cooking,Item_MushroomSoup,Mushroom Soup,2,Stat_HealthRegen,20,10.0
Item_KarlOskar,Karl-Oskar,Consumables/Foodstuffs,3,Recipe_MushroomSoup_3 39_KO+SD,cooking,Item_MushroomSoup,Mushroom Soup,2,Stat_HealthRegen,20,10.0
Item_KarlOskar,Karl-Oskar,Consumables/Foodstuffs,3,Recipe_MushroomSoup_3 39_KO+SD 1,cooking,Item_MushroomSoup,Mushroom Soup,2,Stat_HealthRegen,20,10.0
Item_KarlOskar,Karl-Oskar,Consumables/Foodstuffs,2,Recipe_MushroomSoup_3 40,cooking,Item_MushroomSoup,Mushroom Soup,2,Stat_HealthRegen,20,10.0
Item_KarlOskar,Karl-Oskar,Consumables/Foodstuffs,3,Recipe_MushroomSoup_3 41,cooking,Item_MushroomSoup,Mushroom Soup,2,Stat_HealthRegen,20,10.0
Item_KarlOskar,Karl-Oskar,Consumables/Foodstuffs,3,Recipe_MushroomSoup_3 42,cooking,Item_MushroomSoup,Mushroom Soup,2,Stat_HealthRegen,20,10.0
Item_KarlOskar,Karl-Oskar,Consumables/Foodstuffs,1,Recipe_MushroomSoup_3 43,cooking,Item_MushroomSoup,Mushroom Soup,2,Stat_HealthRegen,20,10.0
Item_KarlOskar,Karl-Oskar,Consumables/Foodstuffs,2,Recipe_MushroomSoup_3 44,cooking,Item_MushroomSoup,Mushroom Soup,2,Stat_HealthRegen,20,10.0
Item_KarlOskar,Karl-Oskar,Consumables/Foodstuffs,1,Recipe_MushroomSoup_3 45,cooking,Item_MushroomSoup,Mushroom Soup,2,Stat_HealthRegen,20,10.0
Item_KarlOskar,Karl-Oskar,Consumables/Foodstuffs,2,Recipe_MushroomSoup_3 46,cooking,Item_MushroomSoup,Mushroom Soup,2,Stat_HealthRegen,20,10.0
Item_KarlOskar,Karl-Oskar,Consumables/Foodstuffs,3,Recipe_MushroomSoup_3 47,cooking,Item_MushroomSoup,Mushroom Soup,2,Stat_HealthRegen,20,10.0
Item_KarlOskar,Karl-Oskar,Consumables/Foodstuffs,3,Recipe_MushroomSoup_3 53,cooking,Item_MushroomSoup,Mushroom Soup,2,Stat_HealthRegen,20,10.0
Item_KarlOskar,Karl-Oskar,Consumables/Foodstuffs,2,Recipe_MushroomSoup_3 54,cooking,Item_MushroomSoup,Mushroom Soup,2,Stat_HealthRegen,20,10.0
Item_KarlOskar,Karl-Oskar,Consumables/Foodstuffs,1,Recipe_MushroomSoup_3 55,cooking,Item_MushroomSoup,Mushroom Soup,2,Stat_HealthRegen,20,10.0
Item_KarlOskar,Karl-Oskar,Consumables/Foodstuffs,3,Recipe_MushroomSoup_3 56,cooking,Item_MushroomSoup,Mushroom Soup,2,Stat_HealthRegen,20,10.0
Item_KarlOskar,Karl-Oskar,Consumables/Foodstuffs,3,Recipe_MushroomSoup_3 57,cooking,Item_MushroomSoup,Mushroom Soup,2,Stat_HealthRegen,20,10.0
Item_KarlOskar,Karl-Oskar,Consumables/Foodstuffs,2,Recipe_MushroomSoup_3 58,cooking,Item_MushroomSoup,Mushroom Soup,2,Stat_HealthRegen,20,10.0
Item_KarlOskar,Karl-Oskar,Consumables/Foodstuffs,2,Recipe_MushroomSoup_3 59,cooking,Item_MushroomSoup,Mushroom Soup,2,Stat_HealthRegen,20,10.0
Item_KarlOskar,Karl-Oskar,Consumables/Foodstuffs,1,Recipe_MushroomSoup_3 60,cooking,Item_MushroomSoup,Mushroom Soup,2,Stat_HealthRegen,20,10.0
Item_KarlOskar,Karl-Oskar,Consumables/Foodstuffs,3,Recipe_MushroomSoup_3 69,cooking,Item_MushroomSoup,Mushroom Soup,2,Stat_HealthRegen,20,10.0
Item_KarlOskar,Karl-Oskar,Consumables/Foodstuffs,2,Recipe_MushroomSoup_3 70,cooking,Item_MushroomSoup,Mushroom Soup,2,Stat_HealthRegen,20,10.0
Item_KarlOskar,Karl-Oskar,Consumables/Foodstuffs,1,Recipe_MushroomSoup_3 71,cooking,Item_MushroomSoup,Mushroom Soup,2,Stat_HealthRegen,20,10.0
Item_KarlOskar,Karl-Oskar,Consumables/Foodstuffs,3,Recipe_MushroomSoup_3 72,cooking,Item_MushroomSoup,Mushroom Soup,2,Stat_HealthRegen,20,10.0
Item_KarlOskar,Karl-Oskar,Consumables/Foodstuffs,2,Recipe_MushroomSoup_3 73,cooking,Item_MushroomSoup,Mushroom Soup,2,Stat_HealthRegen,20,10.0
Item_KarlOskar,Karl-Oskar,Consumables/Foodstuffs,2,Recipe_MushroomSoup_3 74,cooking,Item_MushroomSoup,Mushroom Soup,2,Stat_HealthRegen,20,10.0
Item_KarlOskar,Karl-Oskar,Consumables/Foodstuffs,1,Recipe_MushroomSoup_3 75,cooking,Item_MushroomSoup,Mushroom Soup,2,Stat_HealthRegen,20,10.0
Item_KarlOskar,Karl-Oskar,Consumables/Foodstuffs,3,Recipe_MushroomSoup_3 8,cooking,Item_MushroomSoup,Mushroom Soup,2,Stat_HealthRegen,20,10.0
Item_KarlOskar,Karl-Oskar,Consumables/Foodstuffs,2,Recipe_MushroomSoup_3 83,cooking,Item_MushroomSoup,Mushroom Soup,2,Stat_HealthRegen,20,10.0
Item_KarlOskar,Karl-Oskar,Consumables/Foodstuffs,3,Recipe_MushroomSoup_3 84,cooking,Item_MushroomSoup,Mushroom Soup,2,Stat_HealthRegen,20,10.0
Item_KarlOskar,Karl-Oskar,Consumables/Foodstuffs,3,Recipe_MushroomSoup_3 85,cooking,Item_MushroomSoup,Mushroom Soup,2,Stat_HealthRegen,20,10.0
Item_KarlOskar,Karl-Oskar,Consumables/Foodstuffs,1,Recipe_MushroomSoup_3 86,cooking,Item_MushroomSoup,Mushroom Soup,2,Stat_HealthRegen,20,10.0
Item_KarlOskar,Karl-Oskar,Consumables/Foodstuffs,2,Recipe_MushroomSoup_3 87,cooking,Item_MushroomSoup,Mushroom Soup,2,Stat_HealthRegen,20,10.0
Item_KarlOskar,Karl-Oskar,Consumables/Foodstuffs,1,Recipe_MushroomSoup_3 88,cooking,Item_MushroomSoup,Mushroom Soup,2,Stat_HealthRegen,20,10.0
Item_KarlOskar,Karl-Oskar,Consumables/Foodstuffs,2,Recipe_MushroomSoup_3 89,cooking,Item_MushroomSoup,Mushroom Soup,2,Stat_HealthRegen,20,10.0
Item_KarlOskar,Karl-Oskar,Consumables/Foodstuffs,2,Recipe_MushroomSoup_3 9,cooking,Item_MushroomSoup,Mushroom Soup,2,Stat_HealthRegen,20,10.0
Item_KarlOskar,Karl-Oskar,Consumables/Foodstuffs,3,Recipe_MushroomSoup_3 90,cooking,Item_MushroomSoup,Mushroom Soup,2,Stat_HealthRegen,20,10.0
Item_KarlOskar,Karl-Oskar,Consumables/Foodstuffs,3,Recipe_MushroomSoup_5,cooking,Item_MushroomSoup,Mushroom Soup,2,Stat_HealthRegen,20,10.0
Item_KarlOskar,Karl-Oskar,Consumables/Foodstuffs,3,Recipe_MushroomSoup_5 1,cooking,Item_MushroomSoup,Mushroom Soup,2,Stat_HealthRegen,20,10.0
Item_KarlOskar,Karl-Oskar,Consumables/Foodstuffs,3,Recipe_MushroomsFriedSimple 11,cooking,Item_MushroomFried,'Fried Mushroom ',2,Stat_HealthRegen,15,7.5
Item_KarlOskar,Karl-Oskar,Consumables/Foodstuffs,4,Recipe_MushroomsFriedSimple 15,cooking,Item_MushroomFried,'Fried Mushroom ',2,Stat_HealthRegen,15,7.5
Item_KarlOskar,Karl-Oskar,Consumables/Foodstuffs,5,Recipe_MushroomsFriedSimple 19,cooking,Item_MushroomFried,'Fried Mushroom ',2,Stat_HealthRegen,15,7.5
Item_KarlOskar,Karl-Oskar,Consumables/Foodstuffs,6,Recipe_MushroomsFriedSimple 23,cooking,Item_MushroomFried,'Fried Mushroom ',2,Stat_HealthRegen,15,7.5
Item_KarlOskar,Karl-Oskar,Consumables/Foodstuffs,7,Recipe_MushroomsFriedSimple 27,cooking,Item_MushroomFried,'Fried Mushroom ',2,Stat_HealthRegen,15,7.5
Item_KarlOskar,Karl-Oskar,Consumables/Foodstuffs,1,Recipe_MushroomsFriedSimple 3,cooking,Item_MushroomFried,'Fried Mushroom ',2,Stat_HealthRegen,15,7.5
Item_KarlOskar,Karl-Oskar,Consumables/Foodstuffs,2,Recipe_MushroomsFriedSimple 7,cooking,Item_MushroomFried,'Fried Mushroom ',2,Stat_HealthRegen,15,7.5
Item_KarlOskar,Karl-Oskar,Consumables/Foodstuffs,3,Recipe_MushroomsFried_2 2,cooking,Item_MushroomFried,'Fried Mushroom ',2,Stat_HealthRegen,15,7.5
Item_KarlOskar,Karl-Oskar,Consumables/Foodstuffs,4,Recipe_MushroomsFried_2 5,cooking,Item_MushroomFried,'Fried Mushroom ',2,Stat_HealthRegen,15,7.5
Item_KarlOskar,Karl-Oskar,Consumables/Foodstuffs,5,Recipe_MushroomsFried_2 8,cooking,Item_MushroomFried,'Fried Mushroom ',2,Stat_HealthRegen,15,7.5
Item_KarlOskar,Karl-Oskar,Consumables/Foodstuffs,2,Recipe_MushroomsFried_3 2,cooking,Item_MushroomFried,'Fried Mushroom ',2,Stat_HealthRegen,15,7.5
Item_KarlOskar,Karl-Oskar,Consumables/Foodstuffs,1,Recipe_MushroomsFried_3 3,cooking,Item_MushroomFried,'Fried Mushroom ',2,Stat_HealthRegen,15,7.5
Item_KarlOskar,Karl-Oskar,Consumables/Foodstuffs,1,Recipe_MushroomsFried_3 4,cooking,Item_MushroomFried,'Fried Mushroom ',2,Stat_HealthRegen,15,7.5
Item_KarlOskar,Karl-Oskar,Consumables/Foodstuffs,1,Recipe_MushroomsFried_4 2,cooking,Item_MushroomFried,'Fried Mushroom ',2,Stat_HealthRegen,15,7.5
Item_KarlOskar,Karl-Oskar,Consumables/Foodstuffs,2,Recipe_MushroomsFried_5 10,cooking,Item_MushroomFried,'Fried Mushroom ',2,Stat_HealthRegen,15,7.5
Item_KarlOskar,Karl-Oskar,Consumables/Foodstuffs,2,Recipe_MushroomsFried_5 11,cooking,Item_MushroomFried,'Fried Mushroom ',2,Stat_HealthRegen,15,7.5
Item_KarlOskar,Karl-Oskar,Consumables/Foodstuffs,3,Recipe_MushroomsFried_5 3,cooking,Item_MushroomFried,'Fried Mushroom ',2,Stat_HealthRegen,15,7.5
Item_KarlOskar,Karl-Oskar,Consumables/Foodstuffs,3,Recipe_MushroomsFried_5 4,cooking,Item_MushroomFried,'Fried Mushroom ',2,Stat_HealthRegen,15,7.5
Item_KarlOskar,Karl-Oskar,Consumables/Foodstuffs,3,Recipe_MushroomsFried_5 5,cooking,Item_MushroomFried,'Fried Mushroom ',2,Stat_HealthRegen,15,7.5
Item_KarlOskar,Karl-Oskar,Consumables/Foodstuffs,2,Recipe_MushroomsFried_5 9,cooking,Item_MushroomFried,'Fried Mushroom ',2,Stat_HealthRegen,15,7.5
Item_KarlOskar,Karl-Oskar,Consumables/Foodstuffs,3,Recipe_MushroomsSkewer_2 2,cooking,Item_MushroomSkewer,Mushroom Skewer,2,Stat_HealthRegen,15,7.5
Item_KarlOskar,Karl-Oskar,Consumables/Foodstuffs,1,Recipe_MushroomsSkewer_3 3,cooking,Item_MushroomSkewer,Mushroom Skewer,2,Stat_HealthRegen,15,7.5
Item_KarlOskar,Karl-Oskar,Consumables/Foodstuffs,2,Recipe_MushroomsSkewer_5,cooking,Item_MushroomSkewer,Mushroom Skewer,2,Stat_HealthRegen,15,7.5
Item_KarlOskar,Karl-Oskar,Consumables/Foodstuffs,2,Recipe_MushroomsSkewer_5 1,cooking,Item_MushroomSkewer,Mushroom Skewer,2,Stat_HealthRegen,15,7.5
Item_KarlOskar,Karl-Oskar,Consumables/Foodstuffs,2,Recipe_MushroomsSkewer_5 2,cooking,Item_MushroomSkewer,Mushroom Skewer,2,Stat_HealthRegen,15,7.5
Item_Kidney,Kidney,Organs/General,1,Recipe_KidneyPie_1,cooking,Item_KidneyPie,Kidney Pie,2,Stat_HealthRegen,35,17.5
Item_Kidney,Kidney,Organs/General,2,Recipe_KidneyPie_1 1,cooking,Item_KidneyPie,Kidney Pie,2,Stat_HealthRegen,35,17.5
Item_Kidney,Kidney,Organs/General,2,Recipe_KidneyPie_1 2,cooking,Item_KidneyPie,Kidney Pie,2,Stat_HealthRegen,35,17.5
Item_Kidney,Kidney,Organs/General,1,Recipe_KidneyPie_1 3,cooking,Item_KidneyPie,Kidney Pie,2,Stat_HealthRegen,35,17.5
Item_Kidney,Kidney,Organs/General,1,Recipe_KidneyStone_1,cooking,Item_KidneyStone,Kidney Stone,1,Stat_HealthRegen,5,5.0
Item_Kidney,Kidney,Organs/General,1,Recipe_KidneyStone_2,cooking,Item_KidneyStone,Kidney Stone,1,Stat_HealthRegen,5,5.0
Item_Kidney,Kidney,Organs/General,1,Recipe_Omelette_organ 3,cooking,Item_Omelette,Omelette,2,Stat_HealthRegen,22,11.0
Item_KidneyStone,Kidney Stone,Consumables/Foodstuffs,1,Recipe_Broth_1,cooking,Item_Broth,Broth,2,Stat_HealthRegen,10,5.0
Item_KidneyStone,Kidney Stone,Consumables/Foodstuffs,1,Recipe_Leverpastej_3,cooking,Item_Leverpastej,Leverpastej,2,Stat_HealthRegen,20,10.0
Item_Kombucha,Kombucha,Consumables/Drinks,1,Recipe_BarkBread 10,cooking,Item_BarkBread,Bark bread,2,Stat_HealthRegen,10,5.0
Item_Kombucha,Kombucha,Consumables/Drinks,1,Recipe_BarkBread 20,cooking,Item_BarkBread,Bark bread,2,Stat_HealthRegen,10,5.0
Item_Kombucha,Kombucha,Consumables/Drinks,1,Recipe_BarkBread 30,cooking,Item_BarkBread,Bark bread,2,Stat_HealthRegen,10,5.0
Item_Kombucha,Kombucha,Consumables/Drinks,2,Recipe_BarkBread 40,cooking,Item_BarkBread,Bark bread,2,Stat_HealthRegen,10,5.0
Item_Kombucha,Kombucha,Consumables/Drinks,2,Recipe_BarkBread 50,cooking,Item_BarkBread,Bark bread,2,Stat_HealthRegen,10,5.0
Item_Kombucha,Kombucha,Consumables/Drinks,2,Recipe_BarkBread 60,cooking,Item_BarkBread,Bark bread,2,Stat_HealthRegen,10,5.0
Item_Kombucha,Kombucha,Consumables/Drinks,2,Recipe_BarkBread 70,cooking,Item_BarkBread,Bark bread,2,Stat_HealthRegen,10,5.0
Item_Kombucha,Kombucha,Consumables/Drinks,2,Recipe_BarkBread 80,cooking,Item_BarkBread,Bark bread,2,Stat_HealthRegen,10,5.0
Item_Kombucha,Kombucha,Consumables/Drinks,2,Recipe_BarkBread 89,cooking,Item_BarkBread,Bark bread,2,Stat_HealthRegen,10,5.0
Item_Leverpastej,Leverpastej,Consumables/Foodstuffs,1,Recipe_Leverpastejsmacka 2,cooking,Item_SandwichLeverpastej,Liver Patty Sandwich,1,Stat_HealthRegen,20,20.0
Item_Liquor,Liquor,Consumables/Drinks,1,Recipe_Cocktail 1,cooking,Item_Cocktail,Cocktail,4,Stat_Charisma,3600,900.0
Item_Liquor,Liquor,Consumables/Drinks,1,Recipe_Cocktail 2,cooking,Item_Cocktail,Cocktail,4,Stat_Charisma,3600,900.0
Item_Liquor,Liquor,Consumables/Drinks,1,Recipe_Cocktail 3,cooking,Item_Cocktail,Cocktail,4,Stat_Charisma,3600,900.0
Item_Liquor,Liquor,Consumables/Drinks,1,Recipe_Cocktail 4,cooking,Item_Cocktail,Cocktail,4,Stat_Charisma,3600,900.0
Item_Liquor,Liquor,Consumables/Drinks,1,Recipe_Cocktail 5,cooking,Item_Cocktail,Cocktail,4,Stat_Charisma,3600,900.0
Item_Liquor,Liquor,Consumables/Drinks,1,Recipe_Cocktail 6,cooking,Item_Cocktail,Cocktail,4,Stat_Charisma,3600,900.0
Item_Liquor,Liquor,Consumables/Drinks,1,Recipe_Cocktail 7,cooking,Item_Cocktail,Cocktail,4,Stat_Charisma,3600,900.0
Item_Liquor,Liquor,Consumables/Drinks,1,Recipe_Cocktail 8,cooking,Item_Cocktail,Cocktail,4,Stat_Charisma,3600,900.0
Item_Liquor,Liquor,Consumables/Drinks,1,Recipe_Cocktail 9,cooking,Item_Cocktail,Cocktail,4,Stat_Charisma,3600,900.0
Item_Liquor,Liquor,Consumables/Drinks,1,Recipe_Dammsugare,cooking,Item_VacuumCleaner,Vacuum Cleaner,1,Stat_HealthRegen,15,15.0
Item_Liquor,Liquor,Consumables/Drinks,2,Recipe_Dammsugare 1,cooking,Item_VacuumCleaner,Vacuum Cleaner,1,Stat_HealthRegen,15,15.0
Item_Liquor,Liquor,Consumables/Drinks,1,Recipe_Dammsugare 2,cooking,Item_VacuumCleaner,Vacuum Cleaner,1,Stat_HealthRegen,15,15.0
Item_Liquor,Liquor,Consumables/Drinks,2,Recipe_Dammsugare 3,cooking,Item_VacuumCleaner,Vacuum Cleaner,1,Stat_HealthRegen,15,15.0
Item_Liquor,Liquor,Consumables/Drinks,2,Recipe_Dammsugare 4,cooking,Item_VacuumCleaner,Vacuum Cleaner,1,Stat_HealthRegen,15,15.0
Item_Liquor,Liquor,Consumables/Drinks,3,Recipe_Dammsugare 5,cooking,Item_VacuumCleaner,Vacuum Cleaner,1,Stat_HealthRegen,15,15.0
Item_Liquor,Liquor,Consumables/Drinks,1,Recipe_EggToddy_1,cooking,Item_EggToddy,Egg Toddy,1,Stat_Charisma,7200,7200.0
Item_Liquor,Liquor,Consumables/Drinks,1,Recipe_EggToddy_1 1,cooking,Item_EggToddy,Egg Toddy,1,Stat_Charisma,7200,7200.0
Item_Liquor,Liquor,Consumables/Drinks,1,Recipe_EggToddy_1 2,cooking,Item_EggToddy,Egg Toddy,1,Stat_Charisma,7200,7200.0
Item_Liquor,Liquor,Consumables/Drinks,2,Recipe_EggToddy_1 3,cooking,Item_EggToddy,Egg Toddy,1,Stat_Charisma,7200,7200.0
Item_Liquor,Liquor,Consumables/Drinks,2,Recipe_EggToddy_1 4,cooking,Item_EggToddy,Egg Toddy,1,Stat_Charisma,7200,7200.0
Item_Liquor,Liquor,Consumables/Drinks,2,Recipe_EggToddy_1 5,cooking,Item_EggToddy,Egg Toddy,1,Stat_Charisma,7200,7200.0
Item_Liquor,Liquor,Consumables/Drinks,1,Recipe_EggToddy_1 6,cooking,Item_EggToddy,Egg Toddy,1,Stat_Charisma,7200,7200.0
Item_Liquor,Liquor,Consumables/Drinks,2,Recipe_EggToddy_1 7,cooking,Item_EggToddy,Egg Toddy,1,Stat_Charisma,7200,7200.0
Item_Liquor,Liquor,Consumables/Drinks,1,Recipe_MolotovCocktail,generic,Weapon_MolotovCocktail,Molotov Cocktail,2,,0,0.0
Item_Liquor,Liquor,Consumables/Drinks,1,Recipe_MolotovCocktail_2,generic,Weapon_MolotovCocktail,Molotov Cocktail,2,,0,0.0
Item_Liquor,Liquor,Consumables/Drinks,1,Recipe_MolotovCocktail_3,generic,Weapon_MolotovCocktail,Molotov Cocktail,2,,0,0.0
Item_Liquor,Liquor,Consumables/Drinks,1,Recipe_MolotovCocktail_4,generic,Weapon_MolotovCocktail,Molotov Cocktail,2,,0,0.0
Item_Liquor,Liquor,Consumables/Drinks,1,Recipe_MolotovCocktail_5,generic,Weapon_MolotovCocktail,Molotov Cocktail,2,,0,0.0
Item_Liquor,Liquor,Consumables/Drinks,1,Recipe_WetWipes,generic,Weapon_Dynamite,Dynamite,2,,0,0.0
Item_Liver,Liver,Organs/General,1,Recipe_Haggis_1C,cooking,Item_Haggis,Haggis,2,Stat_HealthRegen,20,10.0
Item_Liver,Liver,Organs/General,1,Recipe_Haggis_2B,cooking,Item_Haggis,Haggis,2,Stat_HealthRegen,20,10.0
Item_Liver,Liver,Organs/General,1,Recipe_Haggis_3B,cooking,Item_Haggis,Haggis,2,Stat_HealthRegen,20,10.0
Item_Liver,Liver,Organs/General,1,Recipe_Haggis_4B,cooking,Item_Haggis,Haggis,2,Stat_HealthRegen,20,10.0
Item_Liver,Liver,Organs/General,1,Recipe_Haggis_5B,cooking,Item_Haggis,Haggis,2,Stat_HealthRegen,20,10.0
Item_Liver,Liver,Organs/General,1,Recipe_Haggis_6B,cooking,Item_Haggis,Haggis,2,Stat_HealthRegen,20,10.0
Item_Liver,Liver,Organs/General,1,Recipe_Haggis_7B,cooking,Item_Haggis,Haggis,2,Stat_HealthRegen,20,10.0
Item_Liver,Liver,Organs/General,2,Recipe_Leverpastej_1,cooking,Item_Leverpastej,Leverpastej,2,Stat_HealthRegen,20,10.0
Item_Liver,Liver,Organs/General,1,Recipe_Leverpastej_2,cooking,Item_Leverpastej,Leverpastej,2,Stat_HealthRegen,20,10.0
Item_Liver,Liver,Organs/General,1,Recipe_Leverpastej_3,cooking,Item_Leverpastej,Leverpastej,2,Stat_HealthRegen,20,10.0
Item_Liver,Liver,Organs/General,1,Recipe_Leverpastej_4,cooking,Item_Leverpastej,Leverpastej,2,Stat_HealthRegen,20,10.0
Item_Liver,Liver,Organs/General,1,Recipe_Leverpastej_5,cooking,Item_Leverpastej,Leverpastej,2,Stat_HealthRegen,20,10.0
Item_Liver,Liver,Organs/General,1,Recipe_Leverpastej_6,cooking,Item_Leverpastej,Leverpastej,2,Stat_HealthRegen,20,10.0
Item_Liver,Liver,Organs/General,1,Recipe_Leverpastej_7,cooking,Item_Leverpastej,Leverpastej,2,Stat_HealthRegen,20,10.0
Item_Liver,Liver,Organs/General,1,Recipe_Leverpastejsmacka 1,cooking,Item_SandwichLeverpastej,Liver Patty Sandwich,1,Stat_HealthRegen,20,20.0
Item_Liver,Liver,Organs/General,1,Recipe_LiverDumpling_1,cooking,Item_LiverDumpling,Dumpling,1,Stat_HealthRegen,20,20.0
Item_Liver,Liver,Organs/General,1,Recipe_Omelette_organ 5,cooking,Item_Omelette,Omelette,2,Stat_HealthRegen,22,11.0
Item_Liver,Liver,Organs/General,1,Recipe_Polsa_5,cooking,Item_Polsa,Pölsa,2,Stat_HealthRegen,20,10.0
Item_Liver,Liver,Organs/General,1,Recipe_Polsa_5 1,cooking,Item_Polsa,Pölsa,2,Stat_HealthRegen,20,10.0
Item_Liver,Liver,Organs/General,1,Recipe_Polsa_5 2,cooking,Item_Polsa,Pölsa,2,Stat_HealthRegen,20,10.0
Item_Liver,Liver,Organs/General,1,Recipe_Polsa_5 3,cooking,Item_Polsa,Pölsa,2,Stat_HealthRegen,20,10.0
Item_Liver,Liver,Organs/General,2,Recipe_Polsa_5 4,cooking,Item_Polsa,Pölsa,2,Stat_HealthRegen,20,10.0
Item_Liver,Liver,Organs/General,2,Recipe_Polsa_5 5,cooking,Item_Polsa,Pölsa,2,Stat_HealthRegen,20,10.0
Item_LizardBladder,Shav'Wa bladder,Organs/Lizard,1,Recipe_Dynamite21,generic,Weapon_Dynamite,Dynamite,2,,0,0.0
Item_LizardBladder,Shav'Wa bladder,Organs/Lizard,1,Recipe_Dynamite9,generic,Weapon_Dynamite,Dynamite,2,,0,0.0
Item_LizardBladder,Shav'Wa bladder,Organs/Lizard,1,Recipe_PoisonGrenade_3,generic,Weapon_PoisonGrenade,Jar of Poison,2,,0,0.0
Item_LizardBladder,Shav'Wa bladder,Organs/Lizard,1,Recipe_SulfCola_1,cooking,Item_SulfCola,SulfCola,2,Stat_HealthRegen,30,15.0
Item_LizardBladder,Shav'Wa bladder,Organs/Lizard,1,Recipe_SulfCola_2,cooking,Item_SulfCola,SulfCola,2,Stat_HealthRegen,30,15.0
Item_LizardBladder,Shav'Wa bladder,Organs/Lizard,1,Recipe_SulfCola_3,cooking,Item_SulfCola,SulfCola,2,Stat_HealthRegen,30,15.0
Item_LizardFlesh,Shav'Wa flesh,Organs/Lizard,1,Recipe_Bolognese_2 3,cooking,Item_PastaBolognese,Spaghetti Bolognese,2,Stat_HealthRegen,50,25.0
Item_LizardFlesh,Shav'Wa flesh,Organs/Lizard,1,Recipe_Cevapi_1 4,cooking,Item_Cevapi,Cevapi,2,Stat_HealthRegen,25,12.5
Item_LizardFlesh,Shav'Wa flesh,Organs/Lizard,2,Recipe_CheeseburgerDouble_1 4,cooking,Item_DoubleCheeseburger,Double Cheeseburger,1,Stat_HealthRegen,200,200.0
Item_LizardFlesh,Shav'Wa flesh,Organs/Lizard,1,Recipe_Cheeseburger_1 15,cooking,Item_Cheeseburger,Cheeseburger,1,Stat_HealthRegen,45,45.0
Item_LizardFlesh,Shav'Wa flesh,Organs/Lizard,2,Recipe_Cheeseburger_1 21,cooking,Item_DoubleCheeseburger,Double Cheeseburger,1,Stat_HealthRegen,200,200.0
Item_LizardFlesh,Shav'Wa flesh,Organs/Lizard,2,Recipe_Cheeseburger_1 27,cooking,Item_DoubleCheeseburger,Double Cheeseburger,1,Stat_HealthRegen,200,200.0
Item_LizardFlesh,Shav'Wa flesh,Organs/Lizard,2,Recipe_Cheeseburger_1 33,cooking,Item_DoubleCheeseburger,Double Cheeseburger,1,Stat_HealthRegen,200,200.0
Item_LizardFlesh,Shav'Wa flesh,Organs/Lizard,3,Recipe_Cheeseburger_1 39,cooking,Item_DoubleCheeseburger,Double Cheeseburger,1,Stat_HealthRegen,200,200.0
Item_LizardFlesh,Shav'Wa flesh,Organs/Lizard,1,Recipe_Cheeseburger_1 4,cooking,Item_Cheeseburger,Cheeseburger,1,Stat_HealthRegen,45,45.0
Item_LizardFlesh,Shav'Wa flesh,Organs/Lizard,1,Recipe_Cheeseburger_1 9,cooking,Item_Cheeseburger,Cheeseburger,1,Stat_HealthRegen,45,45.0
Item_LizardFlesh,Shav'Wa flesh,Organs/Lizard,1,Recipe_CordonBleu 5,cooking,Item_CordonBleu,Cordon Bleu,2,Stat_HealthRegen,25,12.5
Item_LizardFlesh,Shav'Wa flesh,Organs/Lizard,1,Recipe_Dimmies 5,cooking,Item_Dimmie,Dimmie,1,Stat_HealthRegen,20,20.0
Item_LizardFlesh,Shav'Wa flesh,Organs/Lizard,1,Recipe_Hotpot 10,cooking,Item_HotPot,Hot Pot,6,Stat_HealthRegen,50,8.3333
Item_LizardFlesh,Shav'Wa flesh,Organs/Lizard,1,Recipe_Hotpot 16,cooking,Item_HotPot,Hot Pot,6,Stat_HealthRegen,50,8.3333
Item_LizardFlesh,Shav'Wa flesh,Organs/Lizard,1,Recipe_Hotpot 22,cooking,Item_HotPot,Hot Pot,6,Stat_HealthRegen,50,8.3333
Item_LizardFlesh,Shav'Wa flesh,Organs/Lizard,1,Recipe_Hotpot 28,cooking,Item_HotPot,Hot Pot,6,Stat_HealthRegen,50,8.3333
Item_LizardFlesh,Shav'Wa flesh,Organs/Lizard,1,Recipe_Hotpot 34,cooking,Item_HotPot,Hot Pot,6,Stat_HealthRegen,50,8.3333
Item_LizardFlesh,Shav'Wa flesh,Organs/Lizard,1,Recipe_Hotpot 4,cooking,Item_HotPot,Hot Pot,6,Stat_HealthRegen,50,8.3333
Item_LizardFlesh,Shav'Wa flesh,Organs/Lizard,1,Recipe_Hotpot 40,cooking,Item_HotPot,Hot Pot,6,Stat_HealthRegen,50,8.3333
Item_LizardFlesh,Shav'Wa flesh,Organs/Lizard,1,Recipe_Hotpot 46,cooking,Item_HotPot,Hot Pot,6,Stat_HealthRegen,50,8.3333
Item_LizardFlesh,Shav'Wa flesh,Organs/Lizard,1,Recipe_Hotpot 52,cooking,Item_HotPot,Hot Pot,6,Stat_HealthRegen,50,8.3333
Item_LizardFlesh,Shav'Wa flesh,Organs/Lizard,1,Recipe_Hotpot 58,cooking,Item_HotPot,Hot Pot,6,Stat_HealthRegen,50,8.3333
Item_LizardFlesh,Shav'Wa flesh,Organs/Lizard,1,Recipe_Hotpot 64,cooking,Item_HotPot,Hot Pot,6,Stat_HealthRegen,50,8.3333
Item_LizardFlesh,Shav'Wa flesh,Organs/Lizard,1,Recipe_Hotpot 70,cooking,Item_HotPot,Hot Pot,6,Stat_HealthRegen,50,8.3333
Item_LizardFlesh,Shav'Wa flesh,Organs/Lizard,1,Recipe_Hotpot 76,cooking,Item_HotPot,Hot Pot,6,Stat_HealthRegen,50,8.3333
Item_LizardFlesh,Shav'Wa flesh,Organs/Lizard,1,Recipe_Hotpot 82,cooking,Item_HotPot,Hot Pot,6,Stat_HealthRegen,50,8.3333
Item_LizardFlesh,Shav'Wa flesh,Organs/Lizard,1,Recipe_Hotpot 88,cooking,Item_HotPot,Hot Pot,6,Stat_HealthRegen,50,8.3333
Item_LizardFlesh,Shav'Wa flesh,Organs/Lizard,2,Recipe_Hotpot 94,cooking,Item_HotPot,Hot Pot,6,Stat_HealthRegen,50,8.3333
Item_LizardFlesh,Shav'Wa flesh,Organs/Lizard,1,Recipe_MeatSkewersBone 5,cooking,Item_MeatSkewers,Meat Skewers,2,Stat_HealthRegen,20,10.0
Item_LizardFlesh,Shav'Wa flesh,Organs/Lizard,1,Recipe_MeatSkewers_1 5,cooking,Item_MeatSkewers,Meat Skewers,2,Stat_HealthRegen,20,10.0
Item_LizardFlesh,Shav'Wa flesh,Organs/Lizard,4,Recipe_MysteryMeat_1 4,cooking,Item_MysteryMeat,Mystery Meat,1,Stat_HealthRegen,15,15.0
Item_LizardFlesh,Shav'Wa flesh,Organs/Lizard,2,Recipe_MysteryMeat_2 5,cooking,Item_MysteryMeat,Mystery Meat,1,Stat_HealthRegen,15,15.0
Item_LizardFlesh,Shav'Wa flesh,Organs/Lizard,1,Recipe_OnigiriFlesh_3,cooking,Item_Onigiri,Onigiri,2,Stat_HealthRegen,35,17.5
Item_LizardFlesh,Shav'Wa flesh,Organs/Lizard,2,Recipe_OnigiriFlesh_3 1,cooking,Item_Onigiri,Onigiri,2,Stat_HealthRegen,35,17.5
Item_LizardFlesh,Shav'Wa flesh,Organs/Lizard,2,Recipe_OnigiriFlesh_3 2,cooking,Item_Onigiri,Onigiri,2,Stat_HealthRegen,35,17.5
Item_LizardFlesh,Shav'Wa flesh,Organs/Lizard,1,Recipe_OnigiriFlesh_3 3,cooking,Item_Onigiri,Onigiri,2,Stat_HealthRegen,35,17.5
Item_LizardFlesh,Shav'Wa flesh,Organs/Lizard,1,Recipe_Poutine 13,cooking,Item_Poutine,Poutine,2,Stat_HealthRegen,35,17.5
Item_LizardFlesh,Shav'Wa flesh,Organs/Lizard,1,Recipe_Poutine 5,cooking,Item_Poutine,Poutine,2,Stat_HealthRegen,35,17.5
Item_LizardFlesh,Shav'Wa flesh,Organs/Lizard,1,Recipe_Ramen_3 8,cooking,Item_Ramen,Ramen,2,Stat_HealthRegen,40,20.0
Item_LizardFlesh,Shav'Wa flesh,Organs/Lizard,1,Recipe_Ramen_3 9,cooking,Item_RamenTori,Tori Ramen,2,Stat_HealthRegen,40,20.0
Item_LizardFlesh,Shav'Wa flesh,Organs/Lizard,1,Recipe_Sausage 5,cooking,Item_Sausage,Spicy Sausage,2,Stat_HealthRegen,30,15.0
Item_LizardFlesh,Shav'Wa flesh,Organs/Lizard,1,Recipe_Stew_1 5,cooking,Item_Stew,Stew,2,Stat_HealthRegen,20,10.0
Item_LizardFlesh,Shav'Wa flesh,Organs/Lizard,1,Recipe_Stew_2 5,cooking,Item_Stew,Stew,2,Stat_HealthRegen,20,10.0
Item_LizardFlesh,Shav'Wa flesh,Organs/Lizard,1,Recipe_Taco_4,cooking,Item_HardshellTaco,Hardshell Taco,1,Stat_HealthRegen,25,25.0
Item_LizardSkin,Shav'Wa skin,Organs/Lizard,1,Recipe_BeefJerky_5 5,cooking,Item_BeefJerky,Beef Jerky,1,Stat_HealthRegen,10,10.0
Item_LizardSkin,Shav'Wa skin,Organs/Lizard,1,Recipe_BeefJerky_5 8,cooking,Item_BeefJerky,Beef Jerky,1,Stat_HealthRegen,10,10.0
Item_LizardSkin,Shav'Wa skin,Organs/Lizard,2,Recipe_BeefJerky_6,cooking,Item_BeefJerky,Beef Jerky,1,Stat_HealthRegen,10,10.0
Item_LizardSkin,Shav'Wa skin,Organs/Lizard,1,Recipe_Dynamite15,generic,Weapon_Dynamite,Dynamite,2,,0,0.0
Item_LizardSkin,Shav'Wa skin,Organs/Lizard,1,Recipe_Dynamite3,generic,Weapon_Dynamite,Dynamite,2,,0,0.0
Item_LizardSkin,Shav'Wa skin,Organs/Lizard,1,Recipe_Haggis_6A,cooking,Item_Haggis,Haggis,2,Stat_HealthRegen,20,10.0
Item_LizardSkin,Shav'Wa skin,Organs/Lizard,1,Recipe_Haggis_6B,cooking,Item_Haggis,Haggis,2,Stat_HealthRegen,20,10.0
Item_LizardSkin,Shav'Wa skin,Organs/Lizard,1,Recipe_Haggis_6C,cooking,Item_Haggis,Haggis,2,Stat_HealthRegen,20,10.0
Item_LizardSkin,Shav'Wa skin,Organs/Lizard,1,Recipe_HotSnacks_5,cooking,Item_HotSnax,Hot Snacks,1,Stat_HealthRegen,15,15.0
Item_Lung,Lung,Organs/General,1,Recipe_Dynamite10,generic,Weapon_Dynamite,Dynamite,2,,0,0.0
Item_Lung,Lung,Organs/General,1,Recipe_Dynamite22,generic,Weapon_Dynamite,Dynamite,2,,0,0.0
Item_Lung,Lung,Organs/General,1,Recipe_ExtraLung_1,cooking,Item_ExtraLung,Extra Lung,2,,0,0.0
Item_Lung,Lung,Organs/General,1,Recipe_ExtraLung_2,cooking,Item_ExtraLung,Extra Lung,2,,0,0.0
Item_Lung,Lung,Organs/General,1,Recipe_FrenchHotdog_4,cooking,Item_FrenchHotdog,French Hotdog,2,Stat_HealthRegen,30,15.0
Item_Lung,Lung,Organs/General,1,Recipe_Haggis_1A,cooking,Item_Haggis,Haggis,2,Stat_HealthRegen,20,10.0
Item_Lung,Lung,Organs/General,1,Recipe_Haggis_1B,cooking,Item_Haggis,Haggis,2,Stat_HealthRegen,20,10.0
Item_Lung,Lung,Organs/General,1,Recipe_Haggis_1C,cooking,Item_Haggis,Haggis,2,Stat_HealthRegen,20,10.0
Item_Lung,Lung,Organs/General,1,Recipe_Omelette_organ 6,cooking,Item_Omelette,Omelette,2,Stat_HealthRegen,22,11.0
Item_Lung,Lung,Organs/General,1,Recipe_Polsa_1,cooking,Item_Polsa,Pölsa,2,Stat_HealthRegen,20,10.0
Item_Lung,Lung,Organs/General,1,Recipe_Polsa_1 1,cooking,Item_Polsa,Pölsa,2,Stat_HealthRegen,20,10.0
Item_Lung,Lung,Organs/General,2,Recipe_Polsa_1 3,cooking,Item_Polsa,Pölsa,2,Stat_HealthRegen,20,10.0
Item_Lung,Lung,Organs/General,1,Recipe_Polsa_1 4,cooking,Item_Polsa,Pölsa,2,Stat_HealthRegen,20,10.0
Item_Lung,Lung,Organs/General,2,Recipe_Polsa_1 5,cooking,Item_Polsa,Pölsa,2,Stat_HealthRegen,20,10.0
Item_Lung,Lung,Organs/General,1,Recipe_Polsa_10,cooking,Item_Polsa,Pölsa,2,Stat_HealthRegen,20,10.0
Item_Lung,Lung,Organs/General,1,Recipe_Polsa_2,cooking,Item_Polsa,Pölsa,2,Stat_HealthRegen,20,10.0
Item_Lung,Lung,Organs/General,1,Recipe_Polsa_2 1,cooking,Item_Polsa,Pölsa,2,Stat_HealthRegen,20,10.0
Item_Lung,Lung,Organs/General,2,Recipe_Polsa_2 3,cooking,Item_Polsa,Pölsa,2,Stat_HealthRegen,20,10.0
Item_Lung,Lung,Organs/General,1,Recipe_Polsa_2 4,cooking,Item_Polsa,Pölsa,2,Stat_HealthRegen,20,10.0
Item_Lung,Lung,Organs/General,2,Recipe_Polsa_2 5,cooking,Item_Polsa,Pölsa,2,Stat_HealthRegen,20,10.0
Item_Lung,Lung,Organs/General,1,Recipe_Polsa_3,cooking,Item_Polsa,Pölsa,2,Stat_HealthRegen,20,10.0
Item_Lung,Lung,Organs/General,1,Recipe_Polsa_3 1,cooking,Item_Polsa,Pölsa,2,Stat_HealthRegen,20,10.0
Item_Lung,Lung,Organs/General,2,Recipe_Polsa_3 3,cooking,Item_Polsa,Pölsa,2,Stat_HealthRegen,20,10.0
Item_Lung,Lung,Organs/General,1,Recipe_Polsa_3 4,cooking,Item_Polsa,Pölsa,2,Stat_HealthRegen,20,10.0
Item_Lung,Lung,Organs/General,2,Recipe_Polsa_3 5,cooking,Item_Polsa,Pölsa,2,Stat_HealthRegen,20,10.0
Item_Lung,Lung,Organs/General,1,Recipe_Polsa_4,cooking,Item_Polsa,Pölsa,2,Stat_HealthRegen,20,10.0
Item_Lung,Lung,Organs/General,1,Recipe_Polsa_4 1,cooking,Item_Polsa,Pölsa,2,Stat_HealthRegen,20,10.0
Item_Lung,Lung,Organs/General,2,Recipe_Polsa_4 3,cooking,Item_Polsa,Pölsa,2,Stat_HealthRegen,20,10.0
Item_Lung,Lung,Organs/General,1,Recipe_Polsa_4 4,cooking,Item_Polsa,Pölsa,2,Stat_HealthRegen,20,10.0
Item_Lung,Lung,Organs/General,2,Recipe_Polsa_4 5,cooking,Item_Polsa,Pölsa,2,Stat_HealthRegen,20,10.0
Item_Lung,Lung,Organs/General,1,Recipe_Polsa_5,cooking,Item_Polsa,Pölsa,2,Stat_HealthRegen,20,10.0
Item_Lung,Lung,Organs/General,1,Recipe_Polsa_5 1,cooking,Item_Polsa,Pölsa,2,Stat_HealthRegen,20,10.0
Item_Lung,Lung,Organs/General,2,Recipe_Polsa_5 3,cooking,Item_Polsa,Pölsa,2,Stat_HealthRegen,20,10.0
Item_Lung,Lung,Organs/General,1,Recipe_Polsa_5 4,cooking,Item_Polsa,Pölsa,2,Stat_HealthRegen,20,10.0
Item_Lung,Lung,Organs/General,2,Recipe_Polsa_5 5,cooking,Item_Polsa,Pölsa,2,Stat_HealthRegen,20,10.0
Item_Lung,Lung,Organs/General,1,Recipe_Polsa_6,cooking,Item_Polsa,Pölsa,2,Stat_HealthRegen,20,10.0
Item_Lung,Lung,Organs/General,1,Recipe_Polsa_6 1,cooking,Item_Polsa,Pölsa,2,Stat_HealthRegen,20,10.0
Item_Lung,Lung,Organs/General,2,Recipe_Polsa_6 3,cooking,Item_Polsa,Pölsa,2,Stat_HealthRegen,20,10.0
Item_Lung,Lung,Organs/General,1,Recipe_Polsa_6 4,cooking,Item_Polsa,Pölsa,2,Stat_HealthRegen,20,10.0
Item_Lung,Lung,Organs/General,2,Recipe_Polsa_6 5,cooking,Item_Polsa,Pölsa,2,Stat_HealthRegen,20,10.0
Item_Lung,Lung,Organs/General,2,Recipe_Polsa_7,cooking,Item_Polsa,Pölsa,2,Stat_HealthRegen,20,10.0
Item_Lung,Lung,Organs/General,2,Recipe_Polsa_8,cooking,Item_Polsa,Pölsa,2,Stat_HealthRegen,20,10.0
Item_Lung,Lung,Organs/General,1,Recipe_Polsa_8 1,cooking,Item_Polsa,Pölsa,2,Stat_HealthRegen,20,10.0
Item_Lung,Lung,Organs/General,2,Recipe_Polsa_9,cooking,Item_Polsa,Pölsa,2,Stat_HealthRegen,20,10.0
Item_Lung,Lung,Organs/General,1,Recipe_Polsa_9 1,cooking,Item_Polsa,Pölsa,2,Stat_HealthRegen,20,10.0
Item_Lung,Lung,Organs/General,1,Recipe_Polse_3,cooking,Item_Polse,Pølse,2,Stat_HealthRegen,15,7.5
Item_MatchaTeaCup,Green Tea,Consumables/Drinks,1,Recipe_BobaTea,cooking,Item_BobaTea,Boba Tea,2,Stat_HealthRegen,15,7.5
Item_MatchaTeaCup,Green Tea,Consumables/Drinks,2,Recipe_BobaTea 1,cooking,Item_BobaTea,Boba Tea,2,Stat_HealthRegen,15,7.5
Item_MatchaTeaCup,Green Tea,Consumables/Drinks,1,Recipe_BobaTea 2,cooking,Item_BobaTea,Boba Tea,2,Stat_HealthRegen,15,7.5
Item_MatchaTeaCup,Green Tea,Consumables/Drinks,2,Recipe_BobaTea 3,cooking,Item_BobaTea,Boba Tea,2,Stat_HealthRegen,15,7.5
Item_MatchaTeaCup,Green Tea,Consumables/Drinks,3,Recipe_BobaTea 4,cooking,Item_BobaTea,Boba Tea,2,Stat_HealthRegen,15,7.5
Item_MatchaTeaCup,Green Tea,Consumables/Drinks,2,Recipe_BobaTea 5,cooking,Item_BobaTea,Boba Tea,2,Stat_HealthRegen,15,7.5
Item_MatchaTeaCup,Green Tea,Consumables/Drinks,3,Recipe_BobaTea 6,cooking,Item_BobaTea,Boba Tea,2,Stat_HealthRegen,15,7.5
Item_MatchaTeaPowder,Matcha,Consumables/Foodstuffs,1,Recipe_MatchaCup_1,cooking,Item_MatchaTeaCup,Green Tea,1,ExtraDamage_Melee,90,90.0
Item_MatchaTeaPowder,Matcha,Consumables/Foodstuffs,2,Recipe_MatchaCup_1 1,cooking,Item_MatchaTeaCup,Green Tea,1,ExtraDamage_Melee,90,90.0
Item_MatchaTeaPowder,Matcha,Consumables/Foodstuffs,1,Recipe_MatchaCup_1 2,cooking,Item_MatchaTeaCup,Green Tea,1,ExtraDamage_Melee,90,90.0
Item_MatchaTeaPowder,Matcha,Consumables/Foodstuffs,2,Recipe_MatchaCup_1 3,cooking,Item_MatchaTeaCup,Green Tea,1,ExtraDamage_Melee,90,90.0
Item_MatchaTeaPowder,Matcha,Consumables/Foodstuffs,1,Recipe_MatchaCup_2,cooking,Item_MatchaTeaCup,Green Tea,1,ExtraDamage_Melee,90,90.0
Item_MatchaTeaPowder,Matcha,Consumables/Foodstuffs,2,Recipe_MatchaCup_2 1,cooking,Item_MatchaTeaCup,Green Tea,1,ExtraDamage_Melee,90,90.0
Item_MatchaTeaPowder,Matcha,Consumables/Foodstuffs,1,Recipe_MatchaCup_2 2,cooking,Item_MatchaTeaCup,Green Tea,1,ExtraDamage_Melee,90,90.0
Item_MatchaTeaPowder,Matcha,Consumables/Foodstuffs,2,Recipe_MatchaCup_2 3,cooking,Item_MatchaTeaCup,Green Tea,1,ExtraDamage_Melee,90,90.0
Item_MatchaTeaPowder,Matcha,Consumables/Foodstuffs,1,Recipe_MatchaGum_1,cooking,Item_MatchaGum,Green Tea Gum,1,ExtraDamage_Melee,144,144.0
Item_MatchaTeaPowder,Matcha,Consumables/Foodstuffs,2,Recipe_MatchaGum_1 1,cooking,Item_MatchaGum,Green Tea Gum,1,ExtraDamage_Melee,144,144.0
Item_MatchaTeaPowder,Matcha,Consumables/Foodstuffs,1,Recipe_MatchaGum_1 2,cooking,Item_MatchaGum,Green Tea Gum,1,ExtraDamage_Melee,144,144.0
Item_MatchaTeaPowder,Matcha,Consumables/Foodstuffs,2,Recipe_MatchaGum_1 3,cooking,Item_MatchaGum,Green Tea Gum,1,ExtraDamage_Melee,144,144.0
Item_MatchaTeaPowder,Matcha,Consumables/Foodstuffs,1,Recipe_MatchaGum_2,cooking,Item_MatchaGum,Green Tea Gum,1,ExtraDamage_Melee,144,144.0
Item_MatchaTeaPowder,Matcha,Consumables/Foodstuffs,2,Recipe_MatchaGum_2 1,cooking,Item_MatchaGum,Green Tea Gum,1,ExtraDamage_Melee,144,144.0
Item_MatchaTeaPowder,Matcha,Consumables/Foodstuffs,1,Recipe_MatchaGum_2 2,cooking,Item_MatchaGum,Green Tea Gum,1,ExtraDamage_Melee,144,144.0
Item_MatchaTeaPowder,Matcha,Consumables/Foodstuffs,2,Recipe_MatchaGum_2 3,cooking,Item_MatchaGum,Green Tea Gum,1,ExtraDamage_Melee,144,144.0
Item_MetalScrap,Metal Scrap,Misc,1,Recipe_CaviarTubed_3,cooking,Item_CaviarTubed,Tube Caviar,2,Stat_HealthRegen,30,15.0
Item_MetalScrap,Metal Scrap,Misc,2,Recipe_FragGrenade_1,generic,Weapon_PineappleGrenade,Pineapple Grenade,2,,0,0.0
Item_MetalScrap,Metal Scrap,Misc,1,Recipe_FragGrenade_2,generic,Weapon_PineappleGrenade,Pineapple Grenade,2,,0,0.0
Item_MetalScrap,Metal Scrap,Misc,1,Recipe_FragGrenade_5,generic,Weapon_PineappleGrenade,Pineapple Grenade,2,,0,0.0
Item_MetalScrap,Metal Scrap,Misc,1,Recipe_FragGrenade_6,generic,Weapon_PineappleGrenade,Pineapple Grenade,2,,0,0.0
Item_MetalScrap,Metal Scrap,Misc,2,Recipe_FragGrenade_7,generic,Weapon_PineappleGrenade,Pineapple Grenade,2,,0,0.0
Item_MetalScrap,Metal Scrap,Misc,1,Recipe_LoveGrenade,generic,Weapon_JarOfLove,Jar of love notes,2,,0,0.0
Item_MetalScrap,Metal Scrap,Misc,2,Recipe_LoveGrenade 2,generic,Weapon_JarOfLove,Jar of love notes,2,,0,0.0
Item_MetalScrap,Metal Scrap,Misc,1,Recipe_LoveGrenade 4,generic,Weapon_JarOfLove,Jar of love notes,2,,0,0.0
Item_MetalScrap,Metal Scrap,Misc,2,Recipe_LoveGrenade 6,generic,Weapon_JarOfLove,Jar of love notes,2,,0,0.0
Item_MetalScrap,Metal Scrap,Misc,2,Recipe_PineappleGrenade_1,generic,Weapon_PineappleGrenade,Pineapple Grenade,2,,0,0.0
Item_MetalScrap,Metal Scrap,Misc,2,Recipe_PineappleGrenade_2,generic,Weapon_PineappleGrenade,Pineapple Grenade,2,,0,0.0
Item_MetalScrap,Metal Scrap,Misc,1,Recipe_PoisonGrenade_4 1,generic,Weapon_PoisonGrenade,Jar of Poison,2,,0,0.0
Item_MetalScrap,Metal Scrap,Misc,1,Recipe_StickGrenade_1,generic,Weapon_StickGrenade,Stick Grenade,2,,0,0.0
Item_MetalScrap,Metal Scrap,Misc,1,Recipe_StickGrenade_2,generic,Weapon_StickGrenade,Stick Grenade,2,,0,0.0
Item_MetalScrap,Metal Scrap,Misc,1,Recipe_SulfGrenade_1,generic,Weapon_SulfurGrenade,Sulfur Grenade,1,,0,0.0
Item_MetalScrap,Metal Scrap,Misc,1,Recipe_ThrowingKnife_1,generic,Weapon_ThrowingKnives,Throwing Knives,2,,0,0.0
Item_MetalScrap,Metal Scrap,Misc,1,Recipe_ThrowingKnife_1 1,generic,Weapon_ThrowingKnives,Throwing Knives,2,,0,0.0
Item_MetalScrap,Metal Scrap,Misc,2,Recipe_ThrowingKnife_1 2,generic,Weapon_ThrowingKnives,Throwing Knives,2,,0,0.0
Item_MetalScrap,Metal Scrap,Misc,3,Recipe_ThrowingKnife_1 3,generic,Weapon_ThrowingKnives,Throwing Knives,2,,0,0.0
Item_MetalScrap,Metal Scrap,Misc,2,Recipe_ThrowingKnife_1 4,generic,Weapon_ThrowingKnives,Throwing Knives,2,,0,0.0
Item_MetalScrap,Metal Scrap,Misc,3,Recipe_ThrowingKnife_1 5,generic,Weapon_ThrowingKnives,Throwing Knives,2,,0,0.0
Item_MilkBlue,Skimmed Milk,Consumables/Drinks,1,Recipe_BarkBread 14,cooking,Item_BarkBread,Bark bread,2,Stat_HealthRegen,10,5.0
Item_MilkBlue,Skimmed Milk,Consumables/Drinks,1,Recipe_BarkBread 24,cooking,Item_BarkBread,Bark bread,2,Stat_HealthRegen,10,5.0
Item_MilkBlue,Skimmed Milk,Consumables/Drinks,2,Recipe_BarkBread 34,cooking,Item_BarkBread,Bark bread,2,Stat_HealthRegen,10,5.0
Item_MilkBlue,Skimmed Milk,Consumables/Drinks,1,Recipe_BarkBread 4,cooking,Item_BarkBread,Bark bread,2,Stat_HealthRegen,10,5.0
Item_MilkBlue,Skimmed Milk,Consumables/Drinks,2,Recipe_BarkBread 44,cooking,Item_BarkBread,Bark bread,2,Stat_HealthRegen,10,5.0
Item_MilkBlue,Skimmed Milk,Consumables/Drinks,2,Recipe_BarkBread 54,cooking,Item_BarkBread,Bark bread,2,Stat_HealthRegen,10,5.0
Item_MilkBlue,Skimmed Milk,Consumables/Drinks,2,Recipe_BarkBread 64,cooking,Item_BarkBread,Bark bread,2,Stat_HealthRegen,10,5.0
Item_MilkBlue,Skimmed Milk,Consumables/Drinks,2,Recipe_BarkBread 74,cooking,Item_BarkBread,Bark bread,2,Stat_HealthRegen,10,5.0
Item_MilkBlue,Skimmed Milk,Consumables/Drinks,2,Recipe_BarkBread 84,cooking,Item_BarkBread,Bark bread,2,Stat_HealthRegen,10,5.0
Item_MilkBlue,Skimmed Milk,Consumables/Drinks,1,Recipe_Bread_4,cooking,Item_Bread,Bread,2,Stat_HealthRegen,15,7.5
Item_MilkBlue,Skimmed Milk,Consumables/Drinks,2,Recipe_Bread_4 1,cooking,Item_Bread,Bread,2,Stat_HealthRegen,15,7.5
Item_MilkBlue,Skimmed Milk,Consumables/Drinks,1,Recipe_Bread_4 2,cooking,Item_Bread,Bread,2,Stat_HealthRegen,15,7.5
Item_MilkBlue,Skimmed Milk,Consumables/Drinks,2,Recipe_Bread_4 3,cooking,Item_Bread,Bread,2,Stat_HealthRegen,15,7.5
Item_MilkBlue,Skimmed Milk,Consumables/Drinks,1,Recipe_ButterMilk_1,cooking,Item_MilkButtermilk,Buttermilk,2,Stat_AimMovingBonus,15,7.5
Item_MilkBlue,Skimmed Milk,Consumables/Drinks,1,Recipe_Cheese,cooking,Item_Cheese,Cheese,1,Stat_HealthRegen,15,15.0
Item_MilkBlue,Skimmed Milk,Consumables/Drinks,2,Recipe_Cheese 1,cooking,Item_Cheese,Cheese,1,Stat_HealthRegen,15,15.0
Item_MilkBlue,Skimmed Milk,Consumables/Drinks,1,Recipe_Cheese 2,cooking,Item_Cheese,Cheese,1,Stat_HealthRegen,15,15.0
Item_MilkBlue,Skimmed Milk,Consumables/Drinks,1,Recipe_Cheese 3,cooking,Item_Cheese,Cheese,1,Stat_HealthRegen,15,15.0
Item_MilkBlue,Skimmed Milk,Consumables/Drinks,1,Recipe_Cheese 4,cooking,Item_Cheese,Cheese,1,Stat_HealthRegen,15,15.0
Item_MilkBlue,Skimmed Milk,Consumables/Drinks,3,Recipe_Cheese 5,cooking,Item_Cheese,Cheese,1,Stat_HealthRegen,15,15.0
Item_MilkBlue,Skimmed Milk,Consumables/Drinks,1,Recipe_Gravy_1 2,cooking,Item_Gravy,Gravy,2,Stat_HealthRegen,20,10.0
Item_MilkBlue,Skimmed Milk,Consumables/Drinks,1,Recipe_Jansson,cooking,Item_JanssonsTemptation,Jansson's Temptation,3,Stat_HealthRegen,45,15.0
Item_MilkBlue,Skimmed Milk,Consumables/Drinks,1,Recipe_Jansson 4,cooking,Item_JanssonsTemptation,Jansson's Temptation,3,Stat_HealthRegen,45,15.0
Item_MilkBlue,Skimmed Milk,Consumables/Drinks,1,Recipe_MashedPotatoes_4 3,cooking,Item_MashedPotatoes,Mashed Potatoes,2,Stat_HealthRegen,30,15.0
Item_MilkBlue,Skimmed Milk,Consumables/Drinks,1,Recipe_Milkshake_1,cooking,Item_MilkshakeChocolate,Chocolate Milkshake,2,Stat_HealthRegen,35,17.5
Item_MilkBlue,Skimmed Milk,Consumables/Drinks,1,Recipe_Milkshake_1 1,cooking,Item_MilkshakeChocolate,Chocolate Milkshake,2,Stat_HealthRegen,35,17.5
Item_MilkBlue,Skimmed Milk,Consumables/Drinks,2,Recipe_Milkshake_1 2,cooking,Item_MilkshakeChocolate,Chocolate Milkshake,2,Stat_HealthRegen,35,17.5
Item_MilkBlue,Skimmed Milk,Consumables/Drinks,2,Recipe_Milkshake_1 3,cooking,Item_MilkshakeChocolate,Chocolate Milkshake,2,Stat_HealthRegen,35,17.5
Item_MilkBlue,Skimmed Milk,Consumables/Drinks,1,Recipe_Milkshake_4,cooking,Item_MilkshakeBerries,Berry Milkshake,2,Stat_HealthRegen,35,17.5
Item_MilkBlue,Skimmed Milk,Consumables/Drinks,2,Recipe_Milkshake_4 1,cooking,Item_MilkshakeBerries,Berry Milkshake,2,Stat_HealthRegen,35,17.5
Item_MilkBlue,Skimmed Milk,Consumables/Drinks,1,Recipe_Milkshake_4 10,cooking,Item_MilkshakeBerries,Berry Milkshake,2,Stat_HealthRegen,35,17.5
Item_MilkBlue,Skimmed Milk,Consumables/Drinks,2,Recipe_Milkshake_4 11,cooking,Item_MilkshakeBerries,Berry Milkshake,2,Stat_HealthRegen,35,17.5
Item_MilkBlue,Skimmed Milk,Consumables/Drinks,1,Recipe_Milkshake_4 2,cooking,Item_MilkshakeBerries,Berry Milkshake,2,Stat_HealthRegen,35,17.5
Item_MilkBlue,Skimmed Milk,Consumables/Drinks,2,Recipe_Milkshake_4 3,cooking,Item_MilkshakeBerries,Berry Milkshake,2,Stat_HealthRegen,35,17.5
Item_MilkBlue,Skimmed Milk,Consumables/Drinks,1,Recipe_Milkshake_4 4,cooking,Item_MilkshakeBerries,Berry Milkshake,2,Stat_HealthRegen,35,17.5
Item_MilkBlue,Skimmed Milk,Consumables/Drinks,2,Recipe_Milkshake_4 5,cooking,Item_MilkshakeBerries,Berry Milkshake,2,Stat_HealthRegen,35,17.5
Item_MilkBlue,Skimmed Milk,Consumables/Drinks,1,Recipe_Milkshake_4 6,cooking,Item_MilkshakeBerries,Berry Milkshake,2,Stat_HealthRegen,35,17.5
Item_MilkBlue,Skimmed Milk,Consumables/Drinks,2,Recipe_Milkshake_4 7,cooking,Item_MilkshakeBerries,Berry Milkshake,2,Stat_HealthRegen,35,17.5
Item_MilkBlue,Skimmed Milk,Consumables/Drinks,1,Recipe_Milkshake_4 8,cooking,Item_MilkshakeBerries,Berry Milkshake,2,Stat_HealthRegen,35,17.5
Item_MilkBlue,Skimmed Milk,Consumables/Drinks,2,Recipe_Milkshake_4 9,cooking,Item_MilkshakeBerries,Berry Milkshake,2,Stat_HealthRegen,35,17.5
Item_MilkBlue,Skimmed Milk,Consumables/Drinks,1,Recipe_Milkshake_7,cooking,Item_MilkshakeChocolate,Chocolate Milkshake,2,Stat_HealthRegen,35,17.5
Item_MilkBlue,Skimmed Milk,Consumables/Drinks,1,Recipe_Milkshake_7 1,cooking,Item_MilkshakeChocolate,Chocolate Milkshake,2,Stat_HealthRegen,35,17.5
Item_MilkBlue,Skimmed Milk,Consumables/Drinks,2,Recipe_Milkshake_7 2,cooking,Item_MilkshakeChocolate,Chocolate Milkshake,2,Stat_HealthRegen,35,17.5
Item_MilkBlue,Skimmed Milk,Consumables/Drinks,2,Recipe_Milkshake_7 3,cooking,Item_MilkshakeChocolate,Chocolate Milkshake,2,Stat_HealthRegen,35,17.5
Item_MilkBlue,Skimmed Milk,Consumables/Drinks,1,Recipe_Mudcake_1 2,cooking,Item_Mudcake,Chocolate Mudcake,1,Stat_HealthRegen,50,50.0
Item_MilkBlue,Skimmed Milk,Consumables/Drinks,1,Recipe_Pilk,cooking,Item_Pilk,Pilk,2,Stat_ExtraJumps,180,90.0
Item_MilkBlue,Skimmed Milk,Consumables/Drinks,1,Recipe_Porridge_2,cooking,Item_Porridge,Porridge,2,Stat_HealthRegen,15,7.5
Item_MilkBlue,Skimmed Milk,Consumables/Drinks,1,Recipe_PotatoSalad 1,cooking,Item_PotatoSalad,Potato Salad,2,Stat_HealthRegen,15,7.5
Item_MilkBlue,Skimmed Milk,Consumables/Drinks,1,Recipe_Risgrynsgrot 3,cooking,Item_Risgrynsgrot,Risgrynsgröt,2,Stat_HealthRegen,18,9.0
Item_MilkBlue,Skimmed Milk,Consumables/Drinks,1,Recipe_Risgrynsgrot 5,cooking,Item_Risgrynsgrot,Risgrynsgröt,2,Stat_HealthRegen,18,9.0
Item_MilkButtermilk,Buttermilk,Consumables/Drinks,1,Recipe_BarkBread 15,cooking,Item_BarkBread,Bark bread,2,Stat_HealthRegen,10,5.0
Item_MilkButtermilk,Buttermilk,Consumables/Drinks,1,Recipe_BarkBread 25,cooking,Item_BarkBread,Bark bread,2,Stat_HealthRegen,10,5.0
Item_MilkButtermilk,Buttermilk,Consumables/Drinks,2,Recipe_BarkBread 35,cooking,Item_BarkBread,Bark bread,2,Stat_HealthRegen,10,5.0
Item_MilkButtermilk,Buttermilk,Consumables/Drinks,2,Recipe_BarkBread 45,cooking,Item_BarkBread,Bark bread,2,Stat_HealthRegen,10,5.0
Item_MilkButtermilk,Buttermilk,Consumables/Drinks,1,Recipe_BarkBread 5,cooking,Item_BarkBread,Bark bread,2,Stat_HealthRegen,10,5.0
Item_MilkButtermilk,Buttermilk,Consumables/Drinks,2,Recipe_BarkBread 55,cooking,Item_BarkBread,Bark bread,2,Stat_HealthRegen,10,5.0
Item_MilkButtermilk,Buttermilk,Consumables/Drinks,2,Recipe_BarkBread 65,cooking,Item_BarkBread,Bark bread,2,Stat_HealthRegen,10,5.0
Item_MilkButtermilk,Buttermilk,Consumables/Drinks,2,Recipe_BarkBread 75,cooking,Item_BarkBread,Bark bread,2,Stat_HealthRegen,10,5.0
Item_MilkButtermilk,Buttermilk,Consumables/Drinks,2,Recipe_BarkBread 85,cooking,Item_BarkBread,Bark bread,2,Stat_HealthRegen,10,5.0
Item_MilkButtermilk,Buttermilk,Consumables/Drinks,1,Recipe_Bread_5,cooking,Item_Bread,Bread,2,Stat_HealthRegen,15,7.5
Item_MilkButtermilk,Buttermilk,Consumables/Drinks,2,Recipe_Bread_5 1,cooking,Item_Bread,Bread,2,Stat_HealthRegen,15,7.5
Item_MilkButtermilk,Buttermilk,Consumables/Drinks,1,Recipe_Bread_5 2,cooking,Item_Bread,Bread,2,Stat_HealthRegen,15,7.5
Item_MilkButtermilk,Buttermilk,Consumables/Drinks,2,Recipe_Bread_5 3,cooking,Item_Bread,Bread,2,Stat_HealthRegen,15,7.5
Item_MilkButtermilk,Buttermilk,Consumables/Drinks,1,Recipe_ButterMilkPancakes 1,cooking,Item_ButtermilkPancakes,Buttermilk Pancakes,2,Stat_HealthRegen,30,15.0
Item_MilkButtermilk,Buttermilk,Consumables/Drinks,1,Recipe_ButterMilkPancakes 2,cooking,Item_ButtermilkPancakes,Buttermilk Pancakes,2,Stat_HealthRegen,30,15.0
Item_MilkButtermilk,Buttermilk,Consumables/Drinks,1,Recipe_ButterMilkPancakes 3,cooking,Item_ButtermilkPancakes,Buttermilk Pancakes,2,Stat_HealthRegen,30,15.0
Item_MilkButtermilk,Buttermilk,Consumables/Drinks,2,Recipe_ButterMilkPancakes 4,cooking,Item_ButtermilkPancakes,Buttermilk Pancakes,2,Stat_HealthRegen,30,15.0
Item_MilkButtermilk,Buttermilk,Consumables/Drinks,1,Recipe_Cheese,cooking,Item_Cheese,Cheese,1,Stat_HealthRegen,15,15.0
Item_MilkButtermilk,Buttermilk,Consumables/Drinks,1,Recipe_Cheese 1,cooking,Item_Cheese,Cheese,1,Stat_HealthRegen,15,15.0
Item_MilkButtermilk,Buttermilk,Consumables/Drinks,1,Recipe_Cheese 2,cooking,Item_Cheese,Cheese,1,Stat_HealthRegen,15,15.0
Item_MilkButtermilk,Buttermilk,Consumables/Drinks,1,Recipe_Cheese 3,cooking,Item_Cheese,Cheese,1,Stat_HealthRegen,15,15.0
Item_MilkButtermilk,Buttermilk,Consumables/Drinks,2,Recipe_Cheese 4,cooking,Item_Cheese,Cheese,1,Stat_HealthRegen,15,15.0
Item_MilkButtermilk,Buttermilk,Consumables/Drinks,3,Recipe_Cheese 8,cooking,Item_Cheese,Cheese,1,Stat_HealthRegen,15,15.0
Item_MilkButtermilk,Buttermilk,Consumables/Drinks,1,Recipe_Gravy_1 4,cooking,Item_Gravy,Gravy,2,Stat_HealthRegen,20,10.0
Item_MilkButtermilk,Buttermilk,Consumables/Drinks,1,Recipe_Jansson 3,cooking,Item_JanssonsTemptation,Jansson's Temptation,3,Stat_HealthRegen,45,15.0
Item_MilkButtermilk,Buttermilk,Consumables/Drinks,1,Recipe_Jansson 7,cooking,Item_JanssonsTemptation,Jansson's Temptation,3,Stat_HealthRegen,45,15.0
Item_MilkButtermilk,Buttermilk,Consumables/Drinks,1,Recipe_MashedPotatoes_4 1,cooking,Item_MashedPotatoes,Mashed Potatoes,2,Stat_HealthRegen,30,15.0
Item_MilkButtermilk,Buttermilk,Consumables/Drinks,1,Recipe_PotatoSalad 3,cooking,Item_PotatoSalad,Potato Salad,2,Stat_HealthRegen,15,7.5
Item_MilkButtermilk,Buttermilk,Consumables/Drinks,1,Recipe_Risgrynsgrot 1,cooking,Item_Risgrynsgrot,Risgrynsgröt,2,Stat_HealthRegen,18,9.0
Item_MilkGreen,Low Fat Milk,Consumables/Drinks,1,Recipe_BarkBread 16,cooking,Item_BarkBread,Bark bread,2,Stat_HealthRegen,10,5.0
Item_MilkGreen,Low Fat Milk,Consumables/Drinks,1,Recipe_BarkBread 26,cooking,Item_BarkBread,Bark bread,2,Stat_HealthRegen,10,5.0
Item_MilkGreen,Low Fat Milk,Consumables/Drinks,2,Recipe_BarkBread 36,cooking,Item_BarkBread,Bark bread,2,Stat_HealthRegen,10,5.0
Item_MilkGreen,Low Fat Milk,Consumables/Drinks,2,Recipe_BarkBread 46,cooking,Item_BarkBread,Bark bread,2,Stat_HealthRegen,10,5.0
Item_MilkGreen,Low Fat Milk,Consumables/Drinks,2,Recipe_BarkBread 56,cooking,Item_BarkBread,Bark bread,2,Stat_HealthRegen,10,5.0
Item_MilkGreen,Low Fat Milk,Consumables/Drinks,1,Recipe_BarkBread 6,cooking,Item_BarkBread,Bark bread,2,Stat_HealthRegen,10,5.0
Item_MilkGreen,Low Fat Milk,Consumables/Drinks,2,Recipe_BarkBread 66,cooking,Item_BarkBread,Bark bread,2,Stat_HealthRegen,10,5.0
Item_MilkGreen,Low Fat Milk,Consumables/Drinks,2,Recipe_BarkBread 76,cooking,Item_BarkBread,Bark bread,2,Stat_HealthRegen,10,5.0
Item_MilkGreen,Low Fat Milk,Consumables/Drinks,2,Recipe_BarkBread 86,cooking,Item_BarkBread,Bark bread,2,Stat_HealthRegen,10,5.0
Item_MilkGreen,Low Fat Milk,Consumables/Drinks,1,Recipe_Bread_3,cooking,Item_Bread,Bread,2,Stat_HealthRegen,15,7.5
Item_MilkGreen,Low Fat Milk,Consumables/Drinks,2,Recipe_Bread_3 1,cooking,Item_Bread,Bread,2,Stat_HealthRegen,15,7.5
Item_MilkGreen,Low Fat Milk,Consumables/Drinks,1,Recipe_Bread_3 2,cooking,Item_Bread,Bread,2,Stat_HealthRegen,15,7.5
Item_MilkGreen,Low Fat Milk,Consumables/Drinks,2,Recipe_Bread_3 3,cooking,Item_Bread,Bread,2,Stat_HealthRegen,15,7.5
Item_MilkGreen,Low Fat Milk,Consumables/Drinks,1,Recipe_ButterMilk_1 2,cooking,Item_MilkButtermilk,Buttermilk,2,Stat_AimMovingBonus,15,7.5
Item_MilkGreen,Low Fat Milk,Consumables/Drinks,1,Recipe_Cheese,cooking,Item_Cheese,Cheese,1,Stat_HealthRegen,15,15.0
Item_MilkGreen,Low Fat Milk,Consumables/Drinks,1,Recipe_Cheese 1,cooking,Item_Cheese,Cheese,1,Stat_HealthRegen,15,15.0
Item_MilkGreen,Low Fat Milk,Consumables/Drinks,2,Recipe_Cheese 2,cooking,Item_Cheese,Cheese,1,Stat_HealthRegen,15,15.0
Item_MilkGreen,Low Fat Milk,Consumables/Drinks,1,Recipe_Cheese 3,cooking,Item_Cheese,Cheese,1,Stat_HealthRegen,15,15.0
Item_MilkGreen,Low Fat Milk,Consumables/Drinks,1,Recipe_Cheese 4,cooking,Item_Cheese,Cheese,1,Stat_HealthRegen,15,15.0
Item_MilkGreen,Low Fat Milk,Consumables/Drinks,2,Recipe_Cheese 6,cooking,Item_Cheese,Cheese,1,Stat_HealthRegen,15,15.0
Item_MilkGreen,Low Fat Milk,Consumables/Drinks,1,Recipe_Gravy_1 1,cooking,Item_Gravy,Gravy,2,Stat_HealthRegen,20,10.0
Item_MilkGreen,Low Fat Milk,Consumables/Drinks,1,Recipe_Jansson 1,cooking,Item_JanssonsTemptation,Jansson's Temptation,3,Stat_HealthRegen,45,15.0
Item_MilkGreen,Low Fat Milk,Consumables/Drinks,1,Recipe_Jansson 5,cooking,Item_JanssonsTemptation,Jansson's Temptation,3,Stat_HealthRegen,45,15.0
Item_MilkGreen,Low Fat Milk,Consumables/Drinks,1,Recipe_MashedPotatoes_4 2,cooking,Item_MashedPotatoes,Mashed Potatoes,2,Stat_HealthRegen,30,15.0
Item_MilkGreen,Low Fat Milk,Consumables/Drinks,1,Recipe_Milkshake_2,cooking,Item_MilkshakeChocolate,Chocolate Milkshake,2,Stat_HealthRegen,35,17.5
Item_MilkGreen,Low Fat Milk,Consumables/Drinks,1,Recipe_Milkshake_2 1,cooking,Item_MilkshakeChocolate,Chocolate Milkshake,2,Stat_HealthRegen,35,17.5
Item_MilkGreen,Low Fat Milk,Consumables/Drinks,2,Recipe_Milkshake_2 2,cooking,Item_MilkshakeChocolate,Chocolate Milkshake,2,Stat_HealthRegen,35,17.5
Item_MilkGreen,Low Fat Milk,Consumables/Drinks,2,Recipe_Milkshake_2 3,cooking,Item_MilkshakeChocolate,Chocolate Milkshake,2,Stat_HealthRegen,35,17.5
Item_MilkGreen,Low Fat Milk,Consumables/Drinks,1,Recipe_Milkshake_5,cooking,Item_MilkshakeBerries,Berry Milkshake,2,Stat_HealthRegen,35,17.5
Item_MilkGreen,Low Fat Milk,Consumables/Drinks,2,Recipe_Milkshake_5 1,cooking,Item_MilkshakeBerries,Berry Milkshake,2,Stat_HealthRegen,35,17.5
Item_MilkGreen,Low Fat Milk,Consumables/Drinks,1,Recipe_Milkshake_5 10,cooking,Item_MilkshakeBerries,Berry Milkshake,2,Stat_HealthRegen,35,17.5
Item_MilkGreen,Low Fat Milk,Consumables/Drinks,2,Recipe_Milkshake_5 11,cooking,Item_MilkshakeBerries,Berry Milkshake,2,Stat_HealthRegen,35,17.5
Item_MilkGreen,Low Fat Milk,Consumables/Drinks,1,Recipe_Milkshake_5 2,cooking,Item_MilkshakeBerries,Berry Milkshake,2,Stat_HealthRegen,35,17.5
Item_MilkGreen,Low Fat Milk,Consumables/Drinks,2,Recipe_Milkshake_5 3,cooking,Item_MilkshakeBerries,Berry Milkshake,2,Stat_HealthRegen,35,17.5
Item_MilkGreen,Low Fat Milk,Consumables/Drinks,1,Recipe_Milkshake_5 4,cooking,Item_MilkshakeBerries,Berry Milkshake,2,Stat_HealthRegen,35,17.5
Item_MilkGreen,Low Fat Milk,Consumables/Drinks,2,Recipe_Milkshake_5 5,cooking,Item_MilkshakeBerries,Berry Milkshake,2,Stat_HealthRegen,35,17.5
Item_MilkGreen,Low Fat Milk,Consumables/Drinks,1,Recipe_Milkshake_5 6,cooking,Item_MilkshakeBerries,Berry Milkshake,2,Stat_HealthRegen,35,17.5
Item_MilkGreen,Low Fat Milk,Consumables/Drinks,2,Recipe_Milkshake_5 7,cooking,Item_MilkshakeBerries,Berry Milkshake,2,Stat_HealthRegen,35,17.5
Item_MilkGreen,Low Fat Milk,Consumables/Drinks,1,Recipe_Milkshake_5 8,cooking,Item_MilkshakeBerries,Berry Milkshake,2,Stat_HealthRegen,35,17.5
Item_MilkGreen,Low Fat Milk,Consumables/Drinks,2,Recipe_Milkshake_5 9,cooking,Item_MilkshakeBerries,Berry Milkshake,2,Stat_HealthRegen,35,17.5
Item_MilkGreen,Low Fat Milk,Consumables/Drinks,1,Recipe_Milkshake_8,cooking,Item_MilkshakeChocolate,Chocolate Milkshake,2,Stat_HealthRegen,35,17.5
Item_MilkGreen,Low Fat Milk,Consumables/Drinks,1,Recipe_Milkshake_8 1,cooking,Item_MilkshakeChocolate,Chocolate Milkshake,2,Stat_HealthRegen,35,17.5
Item_MilkGreen,Low Fat Milk,Consumables/Drinks,2,Recipe_Milkshake_8 2,cooking,Item_MilkshakeChocolate,Chocolate Milkshake,2,Stat_HealthRegen,35,17.5
Item_MilkGreen,Low Fat Milk,Consumables/Drinks,2,Recipe_Milkshake_8 3,cooking,Item_MilkshakeChocolate,Chocolate Milkshake,2,Stat_HealthRegen,35,17.5
Item_MilkGreen,Low Fat Milk,Consumables/Drinks,1,Recipe_Mudcake_1 1,cooking,Item_Mudcake,Chocolate Mudcake,1,Stat_HealthRegen,50,50.0
Item_MilkGreen,Low Fat Milk,Consumables/Drinks,1,Recipe_Pilk2,cooking,Item_Pilk,Pilk,2,Stat_ExtraJumps,180,90.0
Item_MilkGreen,Low Fat Milk,Consumables/Drinks,1,Recipe_Porridge_3,cooking,Item_Porridge,Porridge,2,Stat_HealthRegen,15,7.5
Item_MilkGreen,Low Fat Milk,Consumables/Drinks,1,Recipe_PotatoSalad 2,cooking,Item_PotatoSalad,Potato Salad,2,Stat_HealthRegen,15,7.5
Item_MilkGreen,Low Fat Milk,Consumables/Drinks,1,Recipe_Risgrynsgrot 2,cooking,Item_Risgrynsgrot,Risgrynsgröt,2,Stat_HealthRegen,18,9.0
Item_MilkGreen,Low Fat Milk,Consumables/Drinks,1,Recipe_Risgrynsgrot 4,cooking,Item_Risgrynsgrot,Risgrynsgröt,2,Stat_HealthRegen,18,9.0
Item_MilkRed,Whole Milk,Consumables/Drinks,1,Recipe_BarkBread 17,cooking,Item_BarkBread,Bark bread,2,Stat_HealthRegen,10,5.0
Item_MilkRed,Whole Milk,Consumables/Drinks,1,Recipe_BarkBread 27,cooking,Item_BarkBread,Bark bread,2,Stat_HealthRegen,10,5.0
Item_MilkRed,Whole Milk,Consumables/Drinks,2,Recipe_BarkBread 37,cooking,Item_BarkBread,Bark bread,2,Stat_HealthRegen,10,5.0
Item_MilkRed,Whole Milk,Consumables/Drinks,2,Recipe_BarkBread 47,cooking,Item_BarkBread,Bark bread,2,Stat_HealthRegen,10,5.0
Item_MilkRed,Whole Milk,Consumables/Drinks,2,Recipe_BarkBread 57,cooking,Item_BarkBread,Bark bread,2,Stat_HealthRegen,10,5.0
Item_MilkRed,Whole Milk,Consumables/Drinks,2,Recipe_BarkBread 67,cooking,Item_BarkBread,Bark bread,2,Stat_HealthRegen,10,5.0
Item_MilkRed,Whole Milk,Consumables/Drinks,1,Recipe_BarkBread 7,cooking,Item_BarkBread,Bark bread,2,Stat_HealthRegen,10,5.0
Item_MilkRed,Whole Milk,Consumables/Drinks,2,Recipe_BarkBread 77,cooking,Item_BarkBread,Bark bread,2,Stat_HealthRegen,10,5.0
Item_MilkRed,Whole Milk,Consumables/Drinks,2,Recipe_BarkBread 87,cooking,Item_BarkBread,Bark bread,2,Stat_HealthRegen,10,5.0
Item_MilkRed,Whole Milk,Consumables/Drinks,1,Recipe_Bread_2,cooking,Item_Bread,Bread,2,Stat_HealthRegen,15,7.5
Item_MilkRed,Whole Milk,Consumables/Drinks,2,Recipe_Bread_2 1,cooking,Item_Bread,Bread,2,Stat_HealthRegen,15,7.5
Item_MilkRed,Whole Milk,Consumables/Drinks,1,Recipe_Bread_2 2,cooking,Item_Bread,Bread,2,Stat_HealthRegen,15,7.5
Item_MilkRed,Whole Milk,Consumables/Drinks,2,Recipe_Bread_2 3,cooking,Item_Bread,Bread,2,Stat_HealthRegen,15,7.5
Item_MilkRed,Whole Milk,Consumables/Drinks,1,Recipe_ButterMilk_1 1,cooking,Item_MilkButtermilk,Buttermilk,2,Stat_AimMovingBonus,15,7.5
Item_MilkRed,Whole Milk,Consumables/Drinks,2,Recipe_Butter_1,cooking,Item_Butter,Butter,2,Stat_HealthRegen,15,7.5
Item_MilkRed,Whole Milk,Consumables/Drinks,1,Recipe_Cheese,cooking,Item_Cheese,Cheese,1,Stat_HealthRegen,15,15.0
Item_MilkRed,Whole Milk,Consumables/Drinks,1,Recipe_Cheese 1,cooking,Item_Cheese,Cheese,1,Stat_HealthRegen,15,15.0
Item_MilkRed,Whole Milk,Consumables/Drinks,1,Recipe_Cheese 2,cooking,Item_Cheese,Cheese,1,Stat_HealthRegen,15,15.0
Item_MilkRed,Whole Milk,Consumables/Drinks,2,Recipe_Cheese 3,cooking,Item_Cheese,Cheese,1,Stat_HealthRegen,15,15.0
Item_MilkRed,Whole Milk,Consumables/Drinks,1,Recipe_Cheese 4,cooking,Item_Cheese,Cheese,1,Stat_HealthRegen,15,15.0
Item_MilkRed,Whole Milk,Consumables/Drinks,3,Recipe_Cheese 7,cooking,Item_Cheese,Cheese,1,Stat_HealthRegen,15,15.0
Item_MilkRed,Whole Milk,Consumables/Drinks,2,Recipe_Cheese 9,cooking,Item_Cheese,Cheese,1,Stat_HealthRegen,15,15.0
Item_MilkRed,Whole Milk,Consumables/Drinks,1,Recipe_Gravy_1,cooking,Item_Gravy,Gravy,2,Stat_HealthRegen,20,10.0
Item_MilkRed,Whole Milk,Consumables/Drinks,1,Recipe_Jansson 2,cooking,Item_JanssonsTemptation,Jansson's Temptation,3,Stat_HealthRegen,45,15.0
Item_MilkRed,Whole Milk,Consumables/Drinks,1,Recipe_Jansson 6,cooking,Item_JanssonsTemptation,Jansson's Temptation,3,Stat_HealthRegen,45,15.0
Item_MilkRed,Whole Milk,Consumables/Drinks,1,Recipe_MashedPotatoes_4,cooking,Item_MashedPotatoes,Mashed Potatoes,2,Stat_HealthRegen,30,15.0
Item_MilkRed,Whole Milk,Consumables/Drinks,1,Recipe_Milkshake_3,cooking,Item_MilkshakeChocolate,Chocolate Milkshake,2,Stat_HealthRegen,35,17.5
Item_MilkRed,Whole Milk,Consumables/Drinks,1,Recipe_Milkshake_3 1,cooking,Item_MilkshakeChocolate,Chocolate Milkshake,2,Stat_HealthRegen,35,17.5
Item_MilkRed,Whole Milk,Consumables/Drinks,2,Recipe_Milkshake_3 2,cooking,Item_MilkshakeChocolate,Chocolate Milkshake,2,Stat_HealthRegen,35,17.5
Item_MilkRed,Whole Milk,Consumables/Drinks,2,Recipe_Milkshake_3 3,cooking,Item_MilkshakeChocolate,Chocolate Milkshake,2,Stat_HealthRegen,35,17.5
Item_MilkRed,Whole Milk,Consumables/Drinks,1,Recipe_Milkshake_6,cooking,Item_MilkshakeBerries,Berry Milkshake,2,Stat_HealthRegen,35,17.5
Item_MilkRed,Whole Milk,Consumables/Drinks,2,Recipe_Milkshake_6 1,cooking,Item_MilkshakeBerries,Berry Milkshake,2,Stat_HealthRegen,35,17.5
Item_MilkRed,Whole Milk,Consumables/Drinks,1,Recipe_Milkshake_6 10,cooking,Item_MilkshakeBerries,Berry Milkshake,2,Stat_HealthRegen,35,17.5
Item_MilkRed,Whole Milk,Consumables/Drinks,2,Recipe_Milkshake_6 11,cooking,Item_MilkshakeBerries,Berry Milkshake,2,Stat_HealthRegen,35,17.5
Item_MilkRed,Whole Milk,Consumables/Drinks,1,Recipe_Milkshake_6 2,cooking,Item_MilkshakeBerries,Berry Milkshake,2,Stat_HealthRegen,35,17.5
Item_MilkRed,Whole Milk,Consumables/Drinks,2,Recipe_Milkshake_6 3,cooking,Item_MilkshakeBerries,Berry Milkshake,2,Stat_HealthRegen,35,17.5
Item_MilkRed,Whole Milk,Consumables/Drinks,1,Recipe_Milkshake_6 4,cooking,Item_MilkshakeBerries,Berry Milkshake,2,Stat_HealthRegen,35,17.5
Item_MilkRed,Whole Milk,Consumables/Drinks,2,Recipe_Milkshake_6 5,cooking,Item_MilkshakeBerries,Berry Milkshake,2,Stat_HealthRegen,35,17.5
Item_MilkRed,Whole Milk,Consumables/Drinks,1,Recipe_Milkshake_6 6,cooking,Item_MilkshakeBerries,Berry Milkshake,2,Stat_HealthRegen,35,17.5
Item_MilkRed,Whole Milk,Consumables/Drinks,2,Recipe_Milkshake_6 7,cooking,Item_MilkshakeBerries,Berry Milkshake,2,Stat_HealthRegen,35,17.5
Item_MilkRed,Whole Milk,Consumables/Drinks,1,Recipe_Milkshake_6 8,cooking,Item_MilkshakeBerries,Berry Milkshake,2,Stat_HealthRegen,35,17.5
Item_MilkRed,Whole Milk,Consumables/Drinks,2,Recipe_Milkshake_6 9,cooking,Item_MilkshakeBerries,Berry Milkshake,2,Stat_HealthRegen,35,17.5
Item_MilkRed,Whole Milk,Consumables/Drinks,1,Recipe_Milkshake_9,cooking,Item_MilkshakeChocolate,Chocolate Milkshake,2,Stat_HealthRegen,35,17.5
Item_MilkRed,Whole Milk,Consumables/Drinks,1,Recipe_Milkshake_9 1,cooking,Item_MilkshakeChocolate,Chocolate Milkshake,2,Stat_HealthRegen,35,17.5
Item_MilkRed,Whole Milk,Consumables/Drinks,2,Recipe_Milkshake_9 2,cooking,Item_MilkshakeChocolate,Chocolate Milkshake,2,Stat_HealthRegen,35,17.5
Item_MilkRed,Whole Milk,Consumables/Drinks,2,Recipe_Milkshake_9 3,cooking,Item_MilkshakeChocolate,Chocolate Milkshake,2,Stat_HealthRegen,35,17.5
Item_MilkRed,Whole Milk,Consumables/Drinks,1,Recipe_Mudcake_1 3,cooking,Item_Mudcake,Chocolate Mudcake,1,Stat_HealthRegen,50,50.0
Item_MilkRed,Whole Milk,Consumables/Drinks,1,Recipe_Pancakes 1,cooking,Item_SwedishPancakes,Swedish Pancakes,2,Stat_HealthRegen,30,15.0
Item_MilkRed,Whole Milk,Consumables/Drinks,1,Recipe_Pancakes 2,cooking,Item_SwedishPancakes,Swedish Pancakes,2,Stat_HealthRegen,30,15.0
Item_MilkRed,Whole Milk,Consumables/Drinks,1,Recipe_Pancakes 3,cooking,Item_SwedishPancakes,Swedish Pancakes,2,Stat_HealthRegen,30,15.0
Item_MilkRed,Whole Milk,Consumables/Drinks,2,Recipe_Pancakes 4,cooking,Item_SwedishPancakes,Swedish Pancakes,2,Stat_HealthRegen,30,15.0
Item_MilkRed,Whole Milk,Consumables/Drinks,1,Recipe_Pilk3,cooking,Item_Pilk,Pilk,2,Stat_ExtraJumps,180,90.0
Item_MilkRed,Whole Milk,Consumables/Drinks,1,Recipe_Porridge_4,cooking,Item_Porridge,Porridge,2,Stat_HealthRegen,15,7.5
Item_MilkRed,Whole Milk,Consumables/Drinks,1,Recipe_PotatoSalad,cooking,Item_PotatoSalad,Potato Salad,2,Stat_HealthRegen,15,7.5
Item_MilkRed,Whole Milk,Consumables/Drinks,1,Recipe_PotatoSalad 4,cooking,Item_PotatoSalad,Potato Salad,2,Stat_HealthRegen,15,7.5
Item_MilkRed,Whole Milk,Consumables/Drinks,1,Recipe_Risgrynsgrot,cooking,Item_Risgrynsgrot,Risgrynsgröt,2,Stat_HealthRegen,18,9.0
Item_MilkRed,Whole Milk,Consumables/Drinks,1,Recipe_Risgrynsgrot 6,cooking,Item_Risgrynsgrot,Risgrynsgröt,2,Stat_HealthRegen,18,9.0
Item_MineralWater,Bottled Water,Consumables/Drinks,1,Recipe_BarkBread 12,cooking,Item_BarkBread,Bark bread,2,Stat_HealthRegen,10,5.0
Item_MineralWater,Bottled Water,Consumables/Drinks,1,Recipe_BarkBread 2,cooking,Item_BarkBread,Bark bread,2,Stat_HealthRegen,10,5.0
Item_MineralWater,Bottled Water,Consumables/Drinks,1,Recipe_BarkBread 22,cooking,Item_BarkBread,Bark bread,2,Stat_HealthRegen,10,5.0
Item_MineralWater,Bottled Water,Consumables/Drinks,2,Recipe_BarkBread 32,cooking,Item_BarkBread,Bark bread,2,Stat_HealthRegen,10,5.0
Item_MineralWater,Bottled Water,Consumables/Drinks,2,Recipe_BarkBread 42,cooking,Item_BarkBread,Bark bread,2,Stat_HealthRegen,10,5.0
Item_MineralWater,Bottled Water,Consumables/Drinks,2,Recipe_BarkBread 52,cooking,Item_BarkBread,Bark bread,2,Stat_HealthRegen,10,5.0
Item_MineralWater,Bottled Water,Consumables/Drinks,2,Recipe_BarkBread 62,cooking,Item_BarkBread,Bark bread,2,Stat_HealthRegen,10,5.0
Item_MineralWater,Bottled Water,Consumables/Drinks,2,Recipe_BarkBread 72,cooking,Item_BarkBread,Bark bread,2,Stat_HealthRegen,10,5.0
Item_MineralWater,Bottled Water,Consumables/Drinks,2,Recipe_BarkBread 82,cooking,Item_BarkBread,Bark bread,2,Stat_HealthRegen,10,5.0
Item_MineralWater,Bottled Water,Consumables/Drinks,1,Recipe_MashedPotatoes_4 5,cooking,Item_MashedPotatoes,Mashed Potatoes,2,Stat_HealthRegen,30,15.0
Item_MineralWater,Bottled Water,Consumables/Drinks,1,Recipe_MashedPotatoes_4 6,cooking,Item_MashedPotatoes,Mashed Potatoes,2,Stat_HealthRegen,30,15.0
Item_MineralWater,Bottled Water,Consumables/Drinks,1,Recipe_MushroomSoup_1 10,cooking,Item_MushroomSoup,Mushroom Soup,2,Stat_HealthRegen,20,10.0
Item_MineralWater,Bottled Water,Consumables/Drinks,1,Recipe_MushroomSoup_1 11,cooking,Item_MushroomSoup,Mushroom Soup,2,Stat_HealthRegen,20,10.0
Item_MineralWater,Bottled Water,Consumables/Drinks,1,Recipe_MushroomSoup_1 6,cooking,Item_MushroomSoup,Mushroom Soup,2,Stat_HealthRegen,20,10.0
Item_MineralWater,Bottled Water,Consumables/Drinks,1,Recipe_MushroomSoup_1 7,cooking,Item_MushroomSoup,Mushroom Soup,2,Stat_HealthRegen,20,10.0
Item_MineralWater,Bottled Water,Consumables/Drinks,1,Recipe_MushroomSoup_1 8,cooking,Item_MushroomSoup,Mushroom Soup,2,Stat_HealthRegen,20,10.0
Item_MineralWater,Bottled Water,Consumables/Drinks,1,Recipe_MushroomSoup_1 9,cooking,Item_MushroomSoup,Mushroom Soup,2,Stat_HealthRegen,20,10.0
Item_MineralWater,Bottled Water,Consumables/Drinks,1,Recipe_MushroomSoup_2 1,cooking,Item_MushroomSoup,Mushroom Soup,2,Stat_HealthRegen,20,10.0
Item_MineralWater,Bottled Water,Consumables/Drinks,1,Recipe_MushroomSoup_3 24,cooking,Item_MushroomSoup,Mushroom Soup,2,Stat_HealthRegen,20,10.0
Item_MineralWater,Bottled Water,Consumables/Drinks,1,Recipe_MushroomSoup_3 24_VB+KO 1,cooking,Item_MushroomSoup,Mushroom Soup,2,Stat_HealthRegen,20,10.0
Item_MineralWater,Bottled Water,Consumables/Drinks,1,Recipe_MushroomSoup_3 32,cooking,Item_MushroomSoup,Mushroom Soup,2,Stat_HealthRegen,20,10.0
Item_MineralWater,Bottled Water,Consumables/Drinks,1,Recipe_MushroomSoup_3 32_VB+SD 1,cooking,Item_MushroomSoup,Mushroom Soup,2,Stat_HealthRegen,20,10.0
Item_MineralWater,Bottled Water,Consumables/Drinks,1,Recipe_MushroomSoup_3 32z 1,cooking,Item_MushroomSoup,Mushroom Soup,2,Stat_HealthRegen,20,10.0
Item_MineralWater,Bottled Water,Consumables/Drinks,1,Recipe_MushroomSoup_3 39_KO+SD 1,cooking,Item_MushroomSoup,Mushroom Soup,2,Stat_HealthRegen,20,10.0
Item_MineralWater,Bottled Water,Consumables/Drinks,1,Recipe_MushroomSoup_3 48,cooking,Item_MushroomSoup,Mushroom Soup,2,Stat_HealthRegen,20,10.0
Item_MineralWater,Bottled Water,Consumables/Drinks,1,Recipe_MushroomSoup_3 49,cooking,Item_MushroomSoup,Mushroom Soup,2,Stat_HealthRegen,20,10.0
Item_MineralWater,Bottled Water,Consumables/Drinks,1,Recipe_MushroomSoup_3 50,cooking,Item_MushroomSoup,Mushroom Soup,2,Stat_HealthRegen,20,10.0
Item_MineralWater,Bottled Water,Consumables/Drinks,1,Recipe_MushroomSoup_3 51,cooking,Item_MushroomSoup,Mushroom Soup,2,Stat_HealthRegen,20,10.0
Item_MineralWater,Bottled Water,Consumables/Drinks,1,Recipe_MushroomSoup_3 52,cooking,Item_MushroomSoup,Mushroom Soup,2,Stat_HealthRegen,20,10.0
Item_MineralWater,Bottled Water,Consumables/Drinks,1,Recipe_MushroomSoup_3 53,cooking,Item_MushroomSoup,Mushroom Soup,2,Stat_HealthRegen,20,10.0
Item_MineralWater,Bottled Water,Consumables/Drinks,1,Recipe_MushroomSoup_3 54,cooking,Item_MushroomSoup,Mushroom Soup,2,Stat_HealthRegen,20,10.0
Item_MineralWater,Bottled Water,Consumables/Drinks,1,Recipe_MushroomSoup_3 55,cooking,Item_MushroomSoup,Mushroom Soup,2,Stat_HealthRegen,20,10.0
Item_MineralWater,Bottled Water,Consumables/Drinks,1,Recipe_MushroomSoup_3 56,cooking,Item_MushroomSoup,Mushroom Soup,2,Stat_HealthRegen,20,10.0
Item_MineralWater,Bottled Water,Consumables/Drinks,1,Recipe_MushroomSoup_3 57,cooking,Item_MushroomSoup,Mushroom Soup,2,Stat_HealthRegen,20,10.0
Item_MineralWater,Bottled Water,Consumables/Drinks,1,Recipe_MushroomSoup_3 58,cooking,Item_MushroomSoup,Mushroom Soup,2,Stat_HealthRegen,20,10.0
Item_MineralWater,Bottled Water,Consumables/Drinks,1,Recipe_MushroomSoup_3 59,cooking,Item_MushroomSoup,Mushroom Soup,2,Stat_HealthRegen,20,10.0
Item_MineralWater,Bottled Water,Consumables/Drinks,1,Recipe_MushroomSoup_3 60,cooking,Item_MushroomSoup,Mushroom Soup,2,Stat_HealthRegen,20,10.0
Item_MineralWater,Bottled Water,Consumables/Drinks,1,Recipe_MushroomSoup_3 61,cooking,Item_MushroomSoup,Mushroom Soup,2,Stat_HealthRegen,20,10.0
Item_MineralWater,Bottled Water,Consumables/Drinks,1,Recipe_MushroomSoup_3 62,cooking,Item_MushroomSoup,Mushroom Soup,2,Stat_HealthRegen,20,10.0
Item_MineralWater,Bottled Water,Consumables/Drinks,1,Recipe_MushroomSoup_3 63,cooking,Item_MushroomSoup,Mushroom Soup,2,Stat_HealthRegen,20,10.0
Item_MineralWater,Bottled Water,Consumables/Drinks,1,Recipe_MushroomSoup_3 64,cooking,Item_MushroomSoup,Mushroom Soup,2,Stat_HealthRegen,20,10.0
Item_MineralWater,Bottled Water,Consumables/Drinks,1,Recipe_MushroomSoup_3 65,cooking,Item_MushroomSoup,Mushroom Soup,2,Stat_HealthRegen,20,10.0
Item_MineralWater,Bottled Water,Consumables/Drinks,1,Recipe_MushroomSoup_3 66,cooking,Item_MushroomSoup,Mushroom Soup,2,Stat_HealthRegen,20,10.0
Item_MineralWater,Bottled Water,Consumables/Drinks,1,Recipe_MushroomSoup_3 67,cooking,Item_MushroomSoup,Mushroom Soup,2,Stat_HealthRegen,20,10.0
Item_MineralWater,Bottled Water,Consumables/Drinks,1,Recipe_MushroomSoup_3 68,cooking,Item_MushroomSoup,Mushroom Soup,2,Stat_HealthRegen,20,10.0
Item_MineralWater,Bottled Water,Consumables/Drinks,1,Recipe_MushroomSoup_3 69,cooking,Item_MushroomSoup,Mushroom Soup,2,Stat_HealthRegen,20,10.0
Item_MineralWater,Bottled Water,Consumables/Drinks,1,Recipe_MushroomSoup_3 70,cooking,Item_MushroomSoup,Mushroom Soup,2,Stat_HealthRegen,20,10.0
Item_MineralWater,Bottled Water,Consumables/Drinks,1,Recipe_MushroomSoup_3 71,cooking,Item_MushroomSoup,Mushroom Soup,2,Stat_HealthRegen,20,10.0
Item_MineralWater,Bottled Water,Consumables/Drinks,1,Recipe_MushroomSoup_3 72,cooking,Item_MushroomSoup,Mushroom Soup,2,Stat_HealthRegen,20,10.0
Item_MineralWater,Bottled Water,Consumables/Drinks,1,Recipe_MushroomSoup_3 73,cooking,Item_MushroomSoup,Mushroom Soup,2,Stat_HealthRegen,20,10.0
Item_MineralWater,Bottled Water,Consumables/Drinks,1,Recipe_MushroomSoup_3 74,cooking,Item_MushroomSoup,Mushroom Soup,2,Stat_HealthRegen,20,10.0
Item_MineralWater,Bottled Water,Consumables/Drinks,1,Recipe_MushroomSoup_3 75,cooking,Item_MushroomSoup,Mushroom Soup,2,Stat_HealthRegen,20,10.0
Item_MineralWater,Bottled Water,Consumables/Drinks,1,Recipe_MushroomSoup_3 76,cooking,Item_MushroomSoup,Mushroom Soup,2,Stat_HealthRegen,20,10.0
Item_MineralWater,Bottled Water,Consumables/Drinks,1,Recipe_MushroomSoup_3 77,cooking,Item_MushroomSoup,Mushroom Soup,2,Stat_HealthRegen,20,10.0
Item_MineralWater,Bottled Water,Consumables/Drinks,1,Recipe_MushroomSoup_3 78,cooking,Item_MushroomSoup,Mushroom Soup,2,Stat_HealthRegen,20,10.0
Item_MineralWater,Bottled Water,Consumables/Drinks,1,Recipe_MushroomSoup_3 79,cooking,Item_MushroomSoup,Mushroom Soup,2,Stat_HealthRegen,20,10.0
Item_MineralWater,Bottled Water,Consumables/Drinks,1,Recipe_MushroomSoup_3 80,cooking,Item_MushroomSoup,Mushroom Soup,2,Stat_HealthRegen,20,10.0
Item_MineralWater,Bottled Water,Consumables/Drinks,1,Recipe_MushroomSoup_3 81,cooking,Item_MushroomSoup,Mushroom Soup,2,Stat_HealthRegen,20,10.0
Item_MineralWater,Bottled Water,Consumables/Drinks,1,Recipe_MushroomSoup_3 82,cooking,Item_MushroomSoup,Mushroom Soup,2,Stat_HealthRegen,20,10.0
Item_MineralWater,Bottled Water,Consumables/Drinks,1,Recipe_MushroomSoup_3 83,cooking,Item_MushroomSoup,Mushroom Soup,2,Stat_HealthRegen,20,10.0
Item_MineralWater,Bottled Water,Consumables/Drinks,1,Recipe_MushroomSoup_3 84,cooking,Item_MushroomSoup,Mushroom Soup,2,Stat_HealthRegen,20,10.0
Item_MineralWater,Bottled Water,Consumables/Drinks,1,Recipe_MushroomSoup_3 85,cooking,Item_MushroomSoup,Mushroom Soup,2,Stat_HealthRegen,20,10.0
Item_MineralWater,Bottled Water,Consumables/Drinks,1,Recipe_MushroomSoup_3 86,cooking,Item_MushroomSoup,Mushroom Soup,2,Stat_HealthRegen,20,10.0
Item_MineralWater,Bottled Water,Consumables/Drinks,1,Recipe_MushroomSoup_3 87,cooking,Item_MushroomSoup,Mushroom Soup,2,Stat_HealthRegen,20,10.0
Item_MineralWater,Bottled Water,Consumables/Drinks,1,Recipe_MushroomSoup_3 88,cooking,Item_MushroomSoup,Mushroom Soup,2,Stat_HealthRegen,20,10.0
Item_MineralWater,Bottled Water,Consumables/Drinks,1,Recipe_MushroomSoup_3 89,cooking,Item_MushroomSoup,Mushroom Soup,2,Stat_HealthRegen,20,10.0
Item_MineralWater,Bottled Water,Consumables/Drinks,1,Recipe_MushroomSoup_3 90,cooking,Item_MushroomSoup,Mushroom Soup,2,Stat_HealthRegen,20,10.0
Item_MineralWater,Bottled Water,Consumables/Drinks,1,Recipe_MushroomSoup_4 1,cooking,Item_MushroomSoup,Mushroom Soup,2,Stat_HealthRegen,20,10.0
Item_MineralWater,Bottled Water,Consumables/Drinks,1,Recipe_MushroomSoup_5 1,cooking,Item_MushroomSoup,Mushroom Soup,2,Stat_HealthRegen,20,10.0
Item_MineralWater,Bottled Water,Consumables/Drinks,1,Recipe_MushroomSoup_6 1,cooking,Item_MushroomSoup,Mushroom Soup,2,Stat_HealthRegen,20,10.0
Item_MineralWater,Bottled Water,Consumables/Drinks,1,Recipe_SodaJulmust,cooking,Item_Julmust,Julmust,2,Stat_HealthRegen,18,9.0
Item_MineralWater,Bottled Water,Consumables/Drinks,2,Recipe_SodaJulmust 12,cooking,Item_Julmust,Julmust,2,Stat_HealthRegen,18,9.0
Item_MineralWater,Bottled Water,Consumables/Drinks,1,Recipe_SodaJulmust 15,cooking,Item_Julmust,Julmust,2,Stat_HealthRegen,18,9.0
Item_MineralWater,Bottled Water,Consumables/Drinks,2,Recipe_SodaJulmust 18,cooking,Item_Julmust,Julmust,2,Stat_HealthRegen,18,9.0
Item_MineralWater,Bottled Water,Consumables/Drinks,2,Recipe_SodaJulmust 21,cooking,Item_Julmust,Julmust,2,Stat_HealthRegen,18,9.0
Item_MineralWater,Bottled Water,Consumables/Drinks,2,Recipe_SodaJulmust 3,cooking,Item_Julmust,Julmust,2,Stat_HealthRegen,18,9.0
Item_MineralWater,Bottled Water,Consumables/Drinks,1,Recipe_SodaJulmust 6,cooking,Item_Julmust,Julmust,2,Stat_HealthRegen,18,9.0
Item_MineralWater,Bottled Water,Consumables/Drinks,1,Recipe_SodaJulmust 9,cooking,Item_Julmust,Julmust,2,Stat_HealthRegen,18,9.0
Item_MineralWater,Bottled Water,Consumables/Drinks,1,Recipe_SulfCola_2,cooking,Item_SulfCola,SulfCola,2,Stat_HealthRegen,30,15.0
Item_MysteryMeat,Mystery Meat,Consumables/Foodstuffs,1,Recipe_Aspic,cooking,Item_Aspic,Aspic,2,Stat_HealthRegen,15,7.5
Item_MysteryMeat,Mystery Meat,Consumables/Foodstuffs,1,Recipe_Aspic 1,cooking,Item_Aspic,Aspic,2,Stat_HealthRegen,15,7.5
Item_MysteryMeat,Mystery Meat,Consumables/Foodstuffs,2,Recipe_Aspic 2,cooking,Item_Aspic,Aspic,2,Stat_HealthRegen,15,7.5
Item_MysteryMeat,Mystery Meat,Consumables/Foodstuffs,1,Recipe_Aspic 3,cooking,Item_Aspic,Aspic,2,Stat_HealthRegen,15,7.5
Item_MysteryMeat,Mystery Meat,Consumables/Foodstuffs,1,Recipe_Bolognese_1,cooking,Item_PastaBolognese,Spaghetti Bolognese,2,Stat_HealthRegen,50,25.0
Item_MysteryMeat,Mystery Meat,Consumables/Foodstuffs,1,Recipe_Dimmies,cooking,Item_Dimmie,Dimmie,1,Stat_HealthRegen,20,20.0
Item_MysteryMeat,Mystery Meat,Consumables/Foodstuffs,2,Recipe_FragGrenade_3,generic,Weapon_PineappleGrenade,Pineapple Grenade,2,,0,0.0
Item_MysteryMeat,Mystery Meat,Consumables/Foodstuffs,2,Recipe_FragGrenade_4,generic,Weapon_PineappleGrenade,Pineapple Grenade,2,,0,0.0
Item_MysteryMeat,Mystery Meat,Consumables/Foodstuffs,1,Recipe_FragGrenade_5,generic,Weapon_PineappleGrenade,Pineapple Grenade,2,,0,0.0
Item_MysteryMeat,Mystery Meat,Consumables/Foodstuffs,1,Recipe_FragGrenade_6,generic,Weapon_PineappleGrenade,Pineapple Grenade,2,,0,0.0
Item_MysteryMeat,Mystery Meat,Consumables/Foodstuffs,1,Recipe_FrenchHotdog_2,cooking,Item_FrenchHotdog,French Hotdog,2,Stat_HealthRegen,30,15.0
Item_MysteryMeat,Mystery Meat,Consumables/Foodstuffs,1,Recipe_MeatSkewers_2,cooking,Item_MeatSkewers,Meat Skewers,2,Stat_HealthRegen,20,10.0
Item_MysteryMeat,Mystery Meat,Consumables/Foodstuffs,1,Recipe_Polsa_4,cooking,Item_Polsa,Pölsa,2,Stat_HealthRegen,20,10.0
Item_MysteryMeat,Mystery Meat,Consumables/Foodstuffs,1,Recipe_Polsa_4 1,cooking,Item_Polsa,Pölsa,2,Stat_HealthRegen,20,10.0
Item_MysteryMeat,Mystery Meat,Consumables/Foodstuffs,1,Recipe_Polsa_4 2,cooking,Item_Polsa,Pölsa,2,Stat_HealthRegen,20,10.0
Item_MysteryMeat,Mystery Meat,Consumables/Foodstuffs,1,Recipe_Polsa_4 3,cooking,Item_Polsa,Pölsa,2,Stat_HealthRegen,20,10.0
Item_MysteryMeat,Mystery Meat,Consumables/Foodstuffs,2,Recipe_Polsa_4 4,cooking,Item_Polsa,Pölsa,2,Stat_HealthRegen,20,10.0
Item_MysteryMeat,Mystery Meat,Consumables/Foodstuffs,2,Recipe_Polsa_4 5,cooking,Item_Polsa,Pölsa,2,Stat_HealthRegen,20,10.0
Item_MysteryMeat,Mystery Meat,Consumables/Foodstuffs,1,Recipe_Polse_1,cooking,Item_Polse,Pølse,2,Stat_HealthRegen,15,7.5
Item_MysteryMeat,Mystery Meat,Consumables/Foodstuffs,1,Recipe_Polse_8,cooking,Item_Polse,Pølse,2,Stat_HealthRegen,15,7.5
Item_MysteryMeat,Mystery Meat,Consumables/Foodstuffs,1,Recipe_Poutine,cooking,Item_Poutine,Poutine,2,Stat_HealthRegen,35,17.5
Item_MysteryMeat,Mystery Meat,Consumables/Foodstuffs,1,Recipe_Poutine 10,cooking,Item_Poutine,Poutine,2,Stat_HealthRegen,35,17.5
Item_MysteryMeat,Mystery Meat,Consumables/Foodstuffs,1,Recipe_Poutine 2,cooking,Item_Poutine,Poutine,2,Stat_HealthRegen,35,17.5
Item_MysteryMeat,Mystery Meat,Consumables/Foodstuffs,1,Recipe_Poutine 8,cooking,Item_Poutine,Poutine,2,Stat_HealthRegen,35,17.5
Item_MysteryMeat,Mystery Meat,Consumables/Foodstuffs,1,Recipe_Sausage 7,cooking,Item_Sausage,Spicy Sausage,2,Stat_HealthRegen,30,15.0
Item_MysteryMeat,Mystery Meat,Consumables/Foodstuffs,1,Recipe_Stew_1,cooking,Item_Stew,Stew,2,Stat_HealthRegen,20,10.0
Item_MysteryMeat,Mystery Meat,Consumables/Foodstuffs,1,Recipe_Stew_2,cooking,Item_Stew,Stew,2,Stat_HealthRegen,20,10.0
Item_MysteryMeat,Mystery Meat,Consumables/Foodstuffs,1,Recipe_Stew_2 6,cooking,Item_Stew,Stew,2,Stat_HealthRegen,20,10.0
Item_MysteryMeat,Mystery Meat,Consumables/Foodstuffs,1,Recipe_Stew_3,cooking,Item_Stew,Stew,2,Stat_HealthRegen,20,10.0
Item_MysteryMeat,Mystery Meat,Consumables/Foodstuffs,1,Recipe_StickGrenade_3,generic,Weapon_StickGrenade,Stick Grenade,2,,0,0.0
Item_MysteryMeat,Mystery Meat,Consumables/Foodstuffs,1,Recipe_StickGrenade_4,generic,Weapon_StickGrenade,Stick Grenade,2,,0,0.0
Item_MysteryMeat,Mystery Meat,Consumables/Foodstuffs,1,Recipe_SulfGrenade_2,generic,Weapon_SulfurGrenade,Sulfur Grenade,1,,0,0.0
Item_MysteryMeat,Mystery Meat,Consumables/Foodstuffs,1,Recipe_Taco_7 1,cooking,Item_HardshellTaco,Hardshell Taco,1,Stat_HealthRegen,25,25.0
Item_Nuggets,Nuggets,Consumables/Foodstuffs,1,Recipe_Stew_1 10,cooking,Item_Stew,Stew,2,Stat_HealthRegen,20,10.0
Item_Nuggets,Nuggets,Consumables/Foodstuffs,1,Recipe_Stew_2 10,cooking,Item_Stew,Stew,2,Stat_HealthRegen,20,10.0
Item_NutMix,Nut Mix,Consumables/Foodstuffs,1,Recipe_NutSpread_5,cooking,Item_NutSpread,Nut Spread,4,Stat_HealthRegen,40,10.0
Item_NutMix,Nut Mix,Consumables/Foodstuffs,1,Recipe_NutSpread_5 1,cooking,Item_NutSpread,Nut Spread,4,Stat_HealthRegen,40,10.0
Item_NutMix,Nut Mix,Consumables/Foodstuffs,2,Recipe_NutSpread_6,cooking,Item_NutSpread,Nut Spread,4,Stat_HealthRegen,40,10.0
Item_NutSpread,Nut Spread,Consumables/Foodstuffs,1,Recipe_NutSpreadSandwitch_1 4,cooking,Item_SandwichPeanutbutter,Peanutbutter Sandwich,1,Stat_HealthRegen,25,25.0
Item_NutSpread,Nut Spread,Consumables/Foodstuffs,1,Recipe_NutSpreadSandwitch_1 5,cooking,Item_SandwichPeanutbutter,Peanutbutter Sandwich,1,Stat_HealthRegen,25,25.0
Item_NutSpread,Nut Spread,Consumables/Foodstuffs,1,Recipe_NutSpreadSandwitch_1 6,cooking,Item_SandwichPeanutbutter,Peanutbutter Sandwich,1,Stat_HealthRegen,25,25.0
Item_NutSpread,Nut Spread,Consumables/Foodstuffs,1,Recipe_NutSpreadSandwitch_1 7,cooking,Item_SandwichPeanutbutter,Peanutbutter Sandwich,1,Stat_HealthRegen,25,25.0
Item_NutSpread,Nut Spread,Consumables/Foodstuffs,1,Recipe_NutSpreadSandwitch_2 2,cooking,Item_SandwichPeanutbutter,Peanutbutter Sandwich,1,Stat_HealthRegen,25,25.0
Item_NutSpread,Nut Spread,Consumables/Foodstuffs,1,Recipe_NutSpreadSandwitch_2 3,cooking,Item_SandwichPeanutbutter,Peanutbutter Sandwich,1,Stat_HealthRegen,25,25.0
Item_NutSpread,Nut Spread,Consumables/Foodstuffs,1,Recipe_PeanutButterSandwitch_1 2,cooking,Item_SandwichPeanutbutter,Peanutbutter Sandwich,1,Stat_HealthRegen,25,25.0
Item_NutSpread,Nut Spread,Consumables/Foodstuffs,1,Recipe_PeanutButterSandwitch_1 3,cooking,Item_SandwichPeanutbutter,Peanutbutter Sandwich,1,Stat_HealthRegen,25,25.0
Item_Oats,Oats,Consumables/Foodstuffs,1,Recipe_Cereal 1,cooking,Item_Cereal,Cereal,4,Stat_HealthRegen,35,8.75
Item_Oats,Oats,Consumables/Foodstuffs,2,Recipe_Cereal 2,cooking,Item_Cereal,Cereal,4,Stat_HealthRegen,35,8.75
Item_Oats,Oats,Consumables/Foodstuffs,2,Recipe_Cereal 3,cooking,Item_Cereal,Cereal,4,Stat_HealthRegen,35,8.75
Item_Oats,Oats,Consumables/Foodstuffs,1,Recipe_Cereal 4,cooking,Item_Cereal,Cereal,4,Stat_HealthRegen,35,8.75
Item_Oats,Oats,Consumables/Foodstuffs,1,Recipe_ChocolateBall_1,cooking,Item_ChocolateBall,Chocolate Ball,1,Stat_HealthRegen,20,20.0
Item_Oats,Oats,Consumables/Foodstuffs,1,Recipe_ChocolateBall_1 1,cooking,Item_ChocolateBall,Chocolate Ball,1,Stat_HealthRegen,20,20.0
Item_Oats,Oats,Consumables/Foodstuffs,1,Recipe_ChocolateBall_2,cooking,Item_ChocolateBall,Chocolate Ball,1,Stat_HealthRegen,20,20.0
Item_Oats,Oats,Consumables/Foodstuffs,1,Recipe_ChocolateBall_2 1,cooking,Item_ChocolateBall,Chocolate Ball,1,Stat_HealthRegen,20,20.0
Item_Oats,Oats,Consumables/Foodstuffs,1,Recipe_ChocolateBall_3,cooking,Item_ChocolateBall,Chocolate Ball,1,Stat_HealthRegen,20,20.0
Item_Oats,Oats,Consumables/Foodstuffs,1,Recipe_ChocolateBall_3 1,cooking,Item_ChocolateBall,Chocolate Ball,1,Stat_HealthRegen,20,20.0
Item_Oats,Oats,Consumables/Foodstuffs,1,Recipe_ChocolateBall_4,cooking,Item_ChocolateBall,Chocolate Ball,1,Stat_HealthRegen,20,20.0
Item_Oats,Oats,Consumables/Foodstuffs,1,Recipe_ChocolateBall_4 1,cooking,Item_ChocolateBall,Chocolate Ball,1,Stat_HealthRegen,20,20.0
Item_Oats,Oats,Consumables/Foodstuffs,1,Recipe_ChocolateBall_5,cooking,Item_ChocolateBall,Chocolate Ball,1,Stat_HealthRegen,20,20.0
Item_Oats,Oats,Consumables/Foodstuffs,1,Recipe_ChocolateBall_5 1,cooking,Item_ChocolateBall,Chocolate Ball,1,Stat_HealthRegen,20,20.0
Item_Oats,Oats,Consumables/Foodstuffs,1,Recipe_Haggis_1A,cooking,Item_Haggis,Haggis,2,Stat_HealthRegen,20,10.0
Item_Oats,Oats,Consumables/Foodstuffs,1,Recipe_Haggis_1B,cooking,Item_Haggis,Haggis,2,Stat_HealthRegen,20,10.0
Item_Oats,Oats,Consumables/Foodstuffs,1,Recipe_Haggis_1C,cooking,Item_Haggis,Haggis,2,Stat_HealthRegen,20,10.0
Item_Oats,Oats,Consumables/Foodstuffs,1,Recipe_Haggis_2A,cooking,Item_Haggis,Haggis,2,Stat_HealthRegen,20,10.0
Item_Oats,Oats,Consumables/Foodstuffs,1,Recipe_Haggis_2B,cooking,Item_Haggis,Haggis,2,Stat_HealthRegen,20,10.0
Item_Oats,Oats,Consumables/Foodstuffs,1,Recipe_Haggis_2C,cooking,Item_Haggis,Haggis,2,Stat_HealthRegen,20,10.0
Item_Oats,Oats,Consumables/Foodstuffs,1,Recipe_Haggis_3A,cooking,Item_Haggis,Haggis,2,Stat_HealthRegen,20,10.0
Item_Oats,Oats,Consumables/Foodstuffs,1,Recipe_Haggis_3B,cooking,Item_Haggis,Haggis,2,Stat_HealthRegen,20,10.0
Item_Oats,Oats,Consumables/Foodstuffs,1,Recipe_Haggis_3C,cooking,Item_Haggis,Haggis,2,Stat_HealthRegen,20,10.0
Item_Oats,Oats,Consumables/Foodstuffs,1,Recipe_Haggis_4A,cooking,Item_Haggis,Haggis,2,Stat_HealthRegen,20,10.0
Item_Oats,Oats,Consumables/Foodstuffs,1,Recipe_Haggis_4B,cooking,Item_Haggis,Haggis,2,Stat_HealthRegen,20,10.0
Item_Oats,Oats,Consumables/Foodstuffs,1,Recipe_Haggis_4C,cooking,Item_Haggis,Haggis,2,Stat_HealthRegen,20,10.0
Item_Oats,Oats,Consumables/Foodstuffs,1,Recipe_Haggis_5A,cooking,Item_Haggis,Haggis,2,Stat_HealthRegen,20,10.0
Item_Oats,Oats,Consumables/Foodstuffs,1,Recipe_Haggis_5B,cooking,Item_Haggis,Haggis,2,Stat_HealthRegen,20,10.0
Item_Oats,Oats,Consumables/Foodstuffs,1,Recipe_Haggis_5C,cooking,Item_Haggis,Haggis,2,Stat_HealthRegen,20,10.0
Item_Oats,Oats,Consumables/Foodstuffs,1,Recipe_Haggis_6A,cooking,Item_Haggis,Haggis,2,Stat_HealthRegen,20,10.0
Item_Oats,Oats,Consumables/Foodstuffs,1,Recipe_Haggis_6B,cooking,Item_Haggis,Haggis,2,Stat_HealthRegen,20,10.0
Item_Oats,Oats,Consumables/Foodstuffs,1,Recipe_Haggis_6C,cooking,Item_Haggis,Haggis,2,Stat_HealthRegen,20,10.0
Item_Oats,Oats,Consumables/Foodstuffs,1,Recipe_Haggis_7A,cooking,Item_Haggis,Haggis,2,Stat_HealthRegen,20,10.0
Item_Oats,Oats,Consumables/Foodstuffs,1,Recipe_Haggis_7B,cooking,Item_Haggis,Haggis,2,Stat_HealthRegen,20,10.0
Item_Oats,Oats,Consumables/Foodstuffs,1,Recipe_Haggis_7C,cooking,Item_Haggis,Haggis,2,Stat_HealthRegen,20,10.0
Item_Oats,Oats,Consumables/Foodstuffs,1,Recipe_PoisonGrenade_1,generic,Weapon_PoisonGrenade,Jar of Poison,2,,0,0.0
Item_Oats,Oats,Consumables/Foodstuffs,1,Recipe_PoisonGrenade_2,generic,Weapon_PoisonGrenade,Jar of Poison,2,,0,0.0
Item_Oats,Oats,Consumables/Foodstuffs,1,Recipe_PoisonGrenade_3,generic,Weapon_PoisonGrenade,Jar of Poison,2,,0,0.0
Item_Oats,Oats,Consumables/Foodstuffs,1,Recipe_PoisonGrenade_4,generic,Weapon_PoisonGrenade,Jar of Poison,2,,0,0.0
Item_Oats,Oats,Consumables/Foodstuffs,1,Recipe_Porridge_1,cooking,Item_Porridge,Porridge,2,Stat_HealthRegen,15,7.5
Item_Oats,Oats,Consumables/Foodstuffs,1,Recipe_Porridge_2,cooking,Item_Porridge,Porridge,2,Stat_HealthRegen,15,7.5
Item_Oats,Oats,Consumables/Foodstuffs,1,Recipe_Porridge_3,cooking,Item_Porridge,Porridge,2,Stat_HealthRegen,15,7.5
Item_Oats,Oats,Consumables/Foodstuffs,1,Recipe_Porridge_4,cooking,Item_Porridge,Porridge,2,Stat_HealthRegen,15,7.5
Item_Oats,Oats,Consumables/Foodstuffs,1,Recipe_Porridge_5,cooking,Item_Porridge,Porridge,2,Stat_HealthRegen,15,7.5
Item_Oats,Oats,Consumables/Foodstuffs,1,Recipe_PowerBar_1,cooking,Item_PowerBar,Power Bar,1,Stat_SprintBonus,60,60.0
Item_Oats,Oats,Consumables/Foodstuffs,1,Recipe_RhubarbPie_2,cooking,Item_RhubarbPie,Rhubarb Pie,2,Stat_HealthRegen,30,15.0
Item_Oats,Oats,Consumables/Foodstuffs,1,Recipe_RhubarbPie_3,cooking,Item_RhubarbPie,Rhubarb Pie,2,Stat_HealthRegen,30,15.0
Item_Oats,Oats,Consumables/Foodstuffs,1,Recipe_RhubarbPie_4,cooking,Item_RhubarbPie,Rhubarb Pie,2,Stat_HealthRegen,30,15.0
Item_Oats,Oats,Consumables/Foodstuffs,1,Recipe_RhubarbPie_5,cooking,Item_RhubarbPie,Rhubarb Pie,2,Stat_HealthRegen,30,15.0
Item_Pancreas,Pancreas,Organs/General,1,Recipe_FrenchHotdog_5,cooking,Item_FrenchHotdog,French Hotdog,2,Stat_HealthRegen,30,15.0
Item_Pancreas,Pancreas,Organs/General,1,Recipe_Omelette_organ 7,cooking,Item_Omelette,Omelette,2,Stat_HealthRegen,22,11.0
Item_Pancreas,Pancreas,Organs/General,1,Recipe_Polsa_6,cooking,Item_Polsa,Pölsa,2,Stat_HealthRegen,20,10.0
Item_Pancreas,Pancreas,Organs/General,1,Recipe_Polsa_6 1,cooking,Item_Polsa,Pölsa,2,Stat_HealthRegen,20,10.0
Item_Pancreas,Pancreas,Organs/General,1,Recipe_Polsa_6 2,cooking,Item_Polsa,Pölsa,2,Stat_HealthRegen,20,10.0
Item_Pancreas,Pancreas,Organs/General,1,Recipe_Polsa_6 3,cooking,Item_Polsa,Pölsa,2,Stat_HealthRegen,20,10.0
Item_Pancreas,Pancreas,Organs/General,2,Recipe_Polsa_6 4,cooking,Item_Polsa,Pölsa,2,Stat_HealthRegen,20,10.0
Item_Pancreas,Pancreas,Organs/General,2,Recipe_Polsa_6 5,cooking,Item_Polsa,Pölsa,2,Stat_HealthRegen,20,10.0
Item_Pancreas,Pancreas,Organs/General,1,Recipe_Polse_4,cooking,Item_Polse,Pølse,2,Stat_HealthRegen,15,7.5
Item_Paper,Paper,Misc,1,Recipe_Dynamite,generic,Weapon_Dynamite,Dynamite,2,,0,0.0
Item_Paper,Paper,Misc,1,Recipe_Dynamite20,generic,Weapon_Dynamite,Dynamite,2,,0,0.0
Item_Paper,Paper,Misc,1,Recipe_Dynamite8,generic,Weapon_Dynamite,Dynamite,2,,0,0.0
Item_Paper,Paper,Misc,1,Recipe_LoveGrenade 1,generic,Weapon_JarOfLove,Jar of love notes,2,,0,0.0
Item_Paper,Paper,Misc,2,Recipe_LoveGrenade 3,generic,Weapon_JarOfLove,Jar of love notes,2,,0,0.0
Item_Paper,Paper,Misc,1,Recipe_LoveGrenade 5,generic,Weapon_JarOfLove,Jar of love notes,2,,0,0.0
Item_Paper,Paper,Misc,2,Recipe_LoveGrenade 7,generic,Weapon_JarOfLove,Jar of love notes,2,,0,0.0
Item_Paper,Paper,Misc,1,Recipe_MolotovCocktail_2,generic,Weapon_MolotovCocktail,Molotov Cocktail,2,,0,0.0
Item_Paper,Paper,Misc,1,Recipe_Snus_1,cooking,Item_Snus,Admiral White Extra Strong,1,Stat_SlowMotion,15,15.0
Item_Paper,Paper,Misc,2,Recipe_ToiletPaper,generic,Item_Toiletpaper,Toilet Paper,1,,0,0.0
Item_Paper,Paper,Misc,3,Recipe_ToiletPaper 1,generic,Item_Toiletpaper,Toilet Paper,1,,0,0.0
Item_Paper,Paper,Misc,4,Recipe_ToiletPaper 2,generic,Item_Toiletpaper,Toilet Paper,1,,0,0.0
Item_Paper,Paper,Misc,5,Recipe_ToiletPaper 3,generic,Item_Toiletpaper,Toilet Paper,1,,0,0.0
Item_Peanut,Peanut,Consumables/Foodstuffs,2,Recipe_NutMix_1 11,cooking,Item_NutMix,Nut Mix,1,Stat_HealthRegen,25,25.0
Item_Peanut,Peanut,Consumables/Foodstuffs,1,Recipe_NutMix_1 14,cooking,Item_NutMix,Nut Mix,1,Stat_HealthRegen,25,25.0
Item_Peanut,Peanut,Consumables/Foodstuffs,1,Recipe_NutMix_1 15,cooking,Item_NutMix,Nut Mix,1,Stat_HealthRegen,25,25.0
Item_Peanut,Peanut,Consumables/Foodstuffs,1,Recipe_NutMix_1 17,cooking,Item_NutMix,Nut Mix,1,Stat_HealthRegen,25,25.0
Item_Peanut,Peanut,Consumables/Foodstuffs,1,Recipe_NutMix_1 18,cooking,Item_NutMix,Nut Mix,1,Stat_HealthRegen,25,25.0
Item_Peanut,Peanut,Consumables/Foodstuffs,1,Recipe_NutMix_1 19,cooking,Item_NutMix,Nut Mix,1,Stat_HealthRegen,25,25.0
Item_Peanut,Peanut,Consumables/Foodstuffs,1,Recipe_NutMix_1 2,cooking,Item_NutMix,Nut Mix,1,Stat_HealthRegen,25,25.0
Item_Peanut,Peanut,Consumables/Foodstuffs,1,Recipe_NutMix_1 20,cooking,Item_NutMix,Nut Mix,1,Stat_HealthRegen,25,25.0
Item_Peanut,Peanut,Consumables/Foodstuffs,1,Recipe_NutMix_1 22,cooking,Item_NutMix,Nut Mix,1,Stat_HealthRegen,25,25.0
Item_Peanut,Peanut,Consumables/Foodstuffs,1,Recipe_NutMix_1 6,cooking,Item_NutMix,Nut Mix,1,Stat_HealthRegen,25,25.0
Item_Peanut,Peanut,Consumables/Foodstuffs,2,Recipe_NutMix_1 8,cooking,Item_NutMix,Nut Mix,1,Stat_HealthRegen,25,25.0
Item_Peanut,Peanut,Consumables/Foodstuffs,2,Recipe_NutMix_1 9,cooking,Item_NutMix,Nut Mix,1,Stat_HealthRegen,25,25.0
Item_Peanut,Peanut,Consumables/Foodstuffs,1,Recipe_NutMix_four_ThreeKinds_1 23,cooking,Item_NutMix,Nut Mix,1,Stat_HealthRegen,25,25.0
Item_Peanut,Peanut,Consumables/Foodstuffs,1,Recipe_NutMix_four_ThreeKinds_1 25,cooking,Item_NutMix,Nut Mix,1,Stat_HealthRegen,25,25.0
Item_Peanut,Peanut,Consumables/Foodstuffs,1,Recipe_NutMix_four_ThreeKinds_1 26,cooking,Item_NutMix,Nut Mix,1,Stat_HealthRegen,25,25.0
Item_Peanut,Peanut,Consumables/Foodstuffs,1,Recipe_NutMix_four_ThreeKinds_1 27,cooking,Item_NutMix,Nut Mix,1,Stat_HealthRegen,25,25.0
Item_Peanut,Peanut,Consumables/Foodstuffs,1,Recipe_NutMix_four_ThreeKinds_1 28,cooking,Item_NutMix,Nut Mix,1,Stat_HealthRegen,25,25.0
Item_Peanut,Peanut,Consumables/Foodstuffs,2,Recipe_NutMix_four_ThreeKinds_1 30,cooking,Item_NutMix,Nut Mix,1,Stat_HealthRegen,25,25.0
Item_Peanut,Peanut,Consumables/Foodstuffs,2,Recipe_NutMix_four_ThreeKinds_1 31,cooking,Item_NutMix,Nut Mix,1,Stat_HealthRegen,25,25.0
Item_Peanut,Peanut,Consumables/Foodstuffs,2,Recipe_NutMix_four_ThreeKinds_1 33,cooking,Item_NutMix,Nut Mix,1,Stat_HealthRegen,25,25.0
Item_Peanut,Peanut,Consumables/Foodstuffs,2,Recipe_NutMix_four_ThreeKinds_1 34,cooking,Item_NutMix,Nut Mix,1,Stat_HealthRegen,25,25.0
Item_Peanut,Peanut,Consumables/Foodstuffs,1,Recipe_NutMix_four_ThreeKinds_1 35,cooking,Item_NutMix,Nut Mix,1,Stat_HealthRegen,25,25.0
Item_Peanut,Peanut,Consumables/Foodstuffs,2,Recipe_NutMix_four_ThreeKinds_1 36,cooking,Item_NutMix,Nut Mix,1,Stat_HealthRegen,25,25.0
Item_Peanut,Peanut,Consumables/Foodstuffs,1,Recipe_NutMix_four_ThreeKinds_1 38,cooking,Item_NutMix,Nut Mix,1,Stat_HealthRegen,25,25.0
Item_Peanut,Peanut,Consumables/Foodstuffs,1,Recipe_NutMix_four_ThreeKinds_1 39,cooking,Item_NutMix,Nut Mix,1,Stat_HealthRegen,25,25.0
Item_Peanut,Peanut,Consumables/Foodstuffs,1,Recipe_NutMix_four_ThreeKinds_1 41,cooking,Item_NutMix,Nut Mix,1,Stat_HealthRegen,25,25.0
Item_Peanut,Peanut,Consumables/Foodstuffs,1,Recipe_NutMix_four_ThreeKinds_1 42,cooking,Item_NutMix,Nut Mix,1,Stat_HealthRegen,25,25.0
Item_Peanut,Peanut,Consumables/Foodstuffs,2,Recipe_NutMix_four_ThreeKinds_1 43,cooking,Item_NutMix,Nut Mix,1,Stat_HealthRegen,25,25.0
Item_Peanut,Peanut,Consumables/Foodstuffs,1,Recipe_NutMix_four_ThreeKinds_1 44,cooking,Item_NutMix,Nut Mix,1,Stat_HealthRegen,25,25.0
Item_Peanut,Peanut,Consumables/Foodstuffs,1,Recipe_NutMix_four_ThreeKinds_1 46,cooking,Item_NutMix,Nut Mix,1,Stat_HealthRegen,25,25.0
Item_Peanut,Peanut,Consumables/Foodstuffs,1,Recipe_NutMix_four_TwqKinds_1 10,cooking,Item_NutMix,Nut Mix,1,Stat_HealthRegen,25,25.0
Item_Peanut,Peanut,Consumables/Foodstuffs,2,Recipe_NutMix_four_TwqKinds_1 11,cooking,Item_NutMix,Nut Mix,1,Stat_HealthRegen,25,25.0
Item_Peanut,Peanut,Consumables/Foodstuffs,1,Recipe_NutMix_four_TwqKinds_1 17,cooking,Item_NutMix,Nut Mix,1,Stat_HealthRegen,25,25.0
Item_Peanut,Peanut,Consumables/Foodstuffs,3,Recipe_NutMix_four_TwqKinds_1 19,cooking,Item_NutMix,Nut Mix,1,Stat_HealthRegen,25,25.0
Item_Peanut,Peanut,Consumables/Foodstuffs,3,Recipe_NutMix_four_TwqKinds_1 20,cooking,Item_NutMix,Nut Mix,1,Stat_HealthRegen,25,25.0
Item_Peanut,Peanut,Consumables/Foodstuffs,3,Recipe_NutMix_four_TwqKinds_1 21,cooking,Item_NutMix,Nut Mix,1,Stat_HealthRegen,25,25.0
Item_Peanut,Peanut,Consumables/Foodstuffs,1,Recipe_NutMix_four_TwqKinds_1 24,cooking,Item_NutMix,Nut Mix,1,Stat_HealthRegen,25,25.0
Item_Peanut,Peanut,Consumables/Foodstuffs,2,Recipe_NutMix_four_TwqKinds_1 27,cooking,Item_NutMix,Nut Mix,1,Stat_HealthRegen,25,25.0
Item_Peanut,Peanut,Consumables/Foodstuffs,2,Recipe_NutMix_four_TwqKinds_1 29,cooking,Item_NutMix,Nut Mix,1,Stat_HealthRegen,25,25.0
Item_Peanut,Peanut,Consumables/Foodstuffs,2,Recipe_NutMix_four_TwqKinds_1 30,cooking,Item_NutMix,Nut Mix,1,Stat_HealthRegen,25,25.0
Item_Peanut,Peanut,Consumables/Foodstuffs,2,Recipe_NutMix_four_TwqKinds_1 31,cooking,Item_NutMix,Nut Mix,1,Stat_HealthRegen,25,25.0
Item_Peanut,Peanut,Consumables/Foodstuffs,2,Recipe_NutMix_four_TwqKinds_1 34,cooking,Item_NutMix,Nut Mix,1,Stat_HealthRegen,25,25.0
Item_Peanut,Peanut,Consumables/Foodstuffs,1,Recipe_NutSpread_MIXED_Three_18,cooking,Item_NutSpread,Nut Spread,4,Stat_HealthRegen,40,10.0
Item_Peanut,Peanut,Consumables/Foodstuffs,1,Recipe_NutSpread_MIXED_Three_22,cooking,Item_NutSpread,Nut Spread,4,Stat_HealthRegen,40,10.0
Item_Peanut,Peanut,Consumables/Foodstuffs,2,Recipe_NutSpread_MIXED_Three_24,cooking,Item_NutSpread,Nut Spread,4,Stat_HealthRegen,40,10.0
Item_Peanut,Peanut,Consumables/Foodstuffs,2,Recipe_NutSpread_MIXED_Three_25,cooking,Item_NutSpread,Nut Spread,4,Stat_HealthRegen,40,10.0
Item_Peanut,Peanut,Consumables/Foodstuffs,2,Recipe_NutSpread_MIXED_Three_27,cooking,Item_NutSpread,Nut Spread,4,Stat_HealthRegen,40,10.0
Item_Peanut,Peanut,Consumables/Foodstuffs,1,Recipe_NutSpread_MIXED_Three_30,cooking,Item_NutSpread,Nut Spread,4,Stat_HealthRegen,40,10.0
Item_Peanut,Peanut,Consumables/Foodstuffs,3,Recipe_PeanutButter_1,cooking,Item_PeanutButter,Peanut Butter,4,Stat_HealthRegen,45,11.25
Item_Peanut,Peanut,Consumables/Foodstuffs,2,Recipe_PeanutButter_2,cooking,Item_PeanutButter,Peanut Butter,4,Stat_HealthRegen,45,11.25
Item_Peanut,Peanut,Consumables/Foodstuffs,2,Recipe_PeanutButter_2 1,cooking,Item_PeanutButter,Peanut Butter,4,Stat_HealthRegen,45,11.25
Item_Peanut,Peanut,Consumables/Foodstuffs,2,Recipe_PeanutButter_2 2,cooking,Item_PeanutButter,Peanut Butter,4,Stat_HealthRegen,45,11.25
Item_Peanut,Peanut,Consumables/Foodstuffs,2,Recipe_PeanutButter_2 3,cooking,Item_PeanutButter,Peanut Butter,4,Stat_HealthRegen,45,11.25
Item_PeanutButter,Peanut Butter,Consumables/Foodstuffs,1,Recipe_PeanutButterJellySandwitch_1,cooking,Item_SandwichPeanutbutterJelly,Peanutbutter Jelly Sandwich,1,Stat_HealthRegen,35,35.0
Item_PeanutButter,Peanut Butter,Consumables/Foodstuffs,1,Recipe_PeanutButterJellySandwitch_1 1,cooking,Item_SandwichPeanutbutterJelly,Peanutbutter Jelly Sandwich,1,Stat_HealthRegen,35,35.0
Item_PeanutButter,Peanut Butter,Consumables/Foodstuffs,1,Recipe_PeanutButterJellySandwitch_1 2,cooking,Item_SandwichPeanutbutterJelly,Peanutbutter Jelly Sandwich,1,Stat_HealthRegen,35,35.0
Item_PeanutButter,Peanut Butter,Consumables/Foodstuffs,1,Recipe_PeanutButterJellySandwitch_1 3,cooking,Item_SandwichPeanutbutterJelly,Peanutbutter Jelly Sandwich,1,Stat_HealthRegen,35,35.0
Item_PeanutButter,Peanut Butter,Consumables/Foodstuffs,1,Recipe_PeanutButterJellySandwitch_2,cooking,Item_SandwichPeanutbutterJelly,Peanutbutter Jelly Sandwich,1,Stat_HealthRegen,35,35.0
Item_PeanutButter,Peanut Butter,Consumables/Foodstuffs,1,Recipe_PeanutButterJellySandwitch_2 1,cooking,Item_SandwichPeanutbutterJelly,Peanutbutter Jelly Sandwich,1,Stat_HealthRegen,35,35.0
Item_PeanutButter,Peanut Butter,Consumables/Foodstuffs,1,Recipe_PeanutButterSandwitch_1,cooking,Item_SandwichPeanutbutter,Peanutbutter Sandwich,1,Stat_HealthRegen,25,25.0
Item_PeanutButter,Peanut Butter,Consumables/Foodstuffs,1,Recipe_PeanutButterSandwitch_1 1,cooking,Item_SandwichPeanutbutter,Peanutbutter Sandwich,1,Stat_HealthRegen,25,25.0
Item_PineNut,Pine nuts,Consumables/Foodstuffs,1,Recipe_NutMix_1 1,cooking,Item_NutMix,Nut Mix,1,Stat_HealthRegen,25,25.0
Item_PineNut,Pine nuts,Consumables/Foodstuffs,1,Recipe_NutMix_1 13,cooking,Item_NutMix,Nut Mix,1,Stat_HealthRegen,25,25.0
Item_PineNut,Pine nuts,Consumables/Foodstuffs,1,Recipe_NutMix_1 15,cooking,Item_NutMix,Nut Mix,1,Stat_HealthRegen,25,25.0
Item_PineNut,Pine nuts,Consumables/Foodstuffs,1,Recipe_NutMix_1 16,cooking,Item_NutMix,Nut Mix,1,Stat_HealthRegen,25,25.0
Item_PineNut,Pine nuts,Consumables/Foodstuffs,1,Recipe_NutMix_1 17,cooking,Item_NutMix,Nut Mix,1,Stat_HealthRegen,25,25.0
Item_PineNut,Pine nuts,Consumables/Foodstuffs,1,Recipe_NutMix_1 18,cooking,Item_NutMix,Nut Mix,1,Stat_HealthRegen,25,25.0
Item_PineNut,Pine nuts,Consumables/Foodstuffs,1,Recipe_NutMix_1 20,cooking,Item_NutMix,Nut Mix,1,Stat_HealthRegen,25,25.0
Item_PineNut,Pine nuts,Consumables/Foodstuffs,1,Recipe_NutMix_1 21,cooking,Item_NutMix,Nut Mix,1,Stat_HealthRegen,25,25.0
Item_PineNut,Pine nuts,Consumables/Foodstuffs,2,Recipe_NutMix_1 4,cooking,Item_NutMix,Nut Mix,1,Stat_HealthRegen,25,25.0
Item_PineNut,Pine nuts,Consumables/Foodstuffs,2,Recipe_NutMix_1 6,cooking,Item_NutMix,Nut Mix,1,Stat_HealthRegen,25,25.0
Item_PineNut,Pine nuts,Consumables/Foodstuffs,2,Recipe_NutMix_1 7,cooking,Item_NutMix,Nut Mix,1,Stat_HealthRegen,25,25.0
Item_PineNut,Pine nuts,Consumables/Foodstuffs,1,Recipe_NutMix_1 9,cooking,Item_NutMix,Nut Mix,1,Stat_HealthRegen,25,25.0
Item_PineNut,Pine nuts,Consumables/Foodstuffs,1,Recipe_NutMix_four_ThreeKinds_1 23,cooking,Item_NutMix,Nut Mix,1,Stat_HealthRegen,25,25.0
Item_PineNut,Pine nuts,Consumables/Foodstuffs,1,Recipe_NutMix_four_ThreeKinds_1 24,cooking,Item_NutMix,Nut Mix,1,Stat_HealthRegen,25,25.0
Item_PineNut,Pine nuts,Consumables/Foodstuffs,1,Recipe_NutMix_four_ThreeKinds_1 25,cooking,Item_NutMix,Nut Mix,1,Stat_HealthRegen,25,25.0
Item_PineNut,Pine nuts,Consumables/Foodstuffs,1,Recipe_NutMix_four_ThreeKinds_1 26,cooking,Item_NutMix,Nut Mix,1,Stat_HealthRegen,25,25.0
Item_PineNut,Pine nuts,Consumables/Foodstuffs,2,Recipe_NutMix_four_ThreeKinds_1 28,cooking,Item_NutMix,Nut Mix,1,Stat_HealthRegen,25,25.0
Item_PineNut,Pine nuts,Consumables/Foodstuffs,2,Recipe_NutMix_four_ThreeKinds_1 29,cooking,Item_NutMix,Nut Mix,1,Stat_HealthRegen,25,25.0
Item_PineNut,Pine nuts,Consumables/Foodstuffs,1,Recipe_NutMix_four_ThreeKinds_1 31,cooking,Item_NutMix,Nut Mix,1,Stat_HealthRegen,25,25.0
Item_PineNut,Pine nuts,Consumables/Foodstuffs,1,Recipe_NutMix_four_ThreeKinds_1 32,cooking,Item_NutMix,Nut Mix,1,Stat_HealthRegen,25,25.0
Item_PineNut,Pine nuts,Consumables/Foodstuffs,1,Recipe_NutMix_four_ThreeKinds_1 33,cooking,Item_NutMix,Nut Mix,1,Stat_HealthRegen,25,25.0
Item_PineNut,Pine nuts,Consumables/Foodstuffs,1,Recipe_NutMix_four_ThreeKinds_1 34,cooking,Item_NutMix,Nut Mix,1,Stat_HealthRegen,25,25.0
Item_PineNut,Pine nuts,Consumables/Foodstuffs,1,Recipe_NutMix_four_ThreeKinds_1 36,cooking,Item_NutMix,Nut Mix,1,Stat_HealthRegen,25,25.0
Item_PineNut,Pine nuts,Consumables/Foodstuffs,1,Recipe_NutMix_four_ThreeKinds_1 37,cooking,Item_NutMix,Nut Mix,1,Stat_HealthRegen,25,25.0
Item_PineNut,Pine nuts,Consumables/Foodstuffs,2,Recipe_NutMix_four_ThreeKinds_1 39,cooking,Item_NutMix,Nut Mix,1,Stat_HealthRegen,25,25.0
Item_PineNut,Pine nuts,Consumables/Foodstuffs,2,Recipe_NutMix_four_ThreeKinds_1 40,cooking,Item_NutMix,Nut Mix,1,Stat_HealthRegen,25,25.0
Item_PineNut,Pine nuts,Consumables/Foodstuffs,2,Recipe_NutMix_four_ThreeKinds_1 41,cooking,Item_NutMix,Nut Mix,1,Stat_HealthRegen,25,25.0
Item_PineNut,Pine nuts,Consumables/Foodstuffs,2,Recipe_NutMix_four_ThreeKinds_1 42,cooking,Item_NutMix,Nut Mix,1,Stat_HealthRegen,25,25.0
Item_PineNut,Pine nuts,Consumables/Foodstuffs,1,Recipe_NutMix_four_ThreeKinds_1 44,cooking,Item_NutMix,Nut Mix,1,Stat_HealthRegen,25,25.0
Item_PineNut,Pine nuts,Consumables/Foodstuffs,1,Recipe_NutMix_four_ThreeKinds_1 45,cooking,Item_NutMix,Nut Mix,1,Stat_HealthRegen,25,25.0
Item_PineNut,Pine nuts,Consumables/Foodstuffs,3,Recipe_NutMix_four_TwqKinds_1 16,cooking,Item_NutMix,Nut Mix,1,Stat_HealthRegen,25,25.0
Item_PineNut,Pine nuts,Consumables/Foodstuffs,3,Recipe_NutMix_four_TwqKinds_1 17,cooking,Item_NutMix,Nut Mix,1,Stat_HealthRegen,25,25.0
Item_PineNut,Pine nuts,Consumables/Foodstuffs,3,Recipe_NutMix_four_TwqKinds_1 18,cooking,Item_NutMix,Nut Mix,1,Stat_HealthRegen,25,25.0
Item_PineNut,Pine nuts,Consumables/Foodstuffs,1,Recipe_NutMix_four_TwqKinds_1 20,cooking,Item_NutMix,Nut Mix,1,Stat_HealthRegen,25,25.0
Item_PineNut,Pine nuts,Consumables/Foodstuffs,1,Recipe_NutMix_four_TwqKinds_1 23,cooking,Item_NutMix,Nut Mix,1,Stat_HealthRegen,25,25.0
Item_PineNut,Pine nuts,Consumables/Foodstuffs,2,Recipe_NutMix_four_TwqKinds_1 26,cooking,Item_NutMix,Nut Mix,1,Stat_HealthRegen,25,25.0
Item_PineNut,Pine nuts,Consumables/Foodstuffs,2,Recipe_NutMix_four_TwqKinds_1 27,cooking,Item_NutMix,Nut Mix,1,Stat_HealthRegen,25,25.0
Item_PineNut,Pine nuts,Consumables/Foodstuffs,2,Recipe_NutMix_four_TwqKinds_1 28,cooking,Item_NutMix,Nut Mix,1,Stat_HealthRegen,25,25.0
Item_PineNut,Pine nuts,Consumables/Foodstuffs,2,Recipe_NutMix_four_TwqKinds_1 30,cooking,Item_NutMix,Nut Mix,1,Stat_HealthRegen,25,25.0
Item_PineNut,Pine nuts,Consumables/Foodstuffs,2,Recipe_NutMix_four_TwqKinds_1 33,cooking,Item_NutMix,Nut Mix,1,Stat_HealthRegen,25,25.0
Item_PineNut,Pine nuts,Consumables/Foodstuffs,1,Recipe_NutMix_four_TwqKinds_1 5,cooking,Item_NutMix,Nut Mix,1,Stat_HealthRegen,25,25.0
Item_PineNut,Pine nuts,Consumables/Foodstuffs,2,Recipe_NutMix_four_TwqKinds_1 6,cooking,Item_NutMix,Nut Mix,1,Stat_HealthRegen,25,25.0
Item_PineNut,Pine nuts,Consumables/Foodstuffs,3,Recipe_NutSpreadPinenut_1 14,cooking,Item_NutSpread,Nut Spread,4,Stat_HealthRegen,40,10.0
Item_PineNut,Pine nuts,Consumables/Foodstuffs,4,Recipe_NutSpreadPinenut_1 15,cooking,Item_NutSpread,Nut Spread,4,Stat_HealthRegen,40,10.0
Item_PineNut,Pine nuts,Consumables/Foodstuffs,5,Recipe_NutSpreadPinenut_1 16,cooking,Item_NutSpread,Nut Spread,4,Stat_HealthRegen,40,10.0
Item_PineNut,Pine nuts,Consumables/Foodstuffs,6,Recipe_NutSpreadPinenut_1 17,cooking,Item_NutSpread,Nut Spread,4,Stat_HealthRegen,40,10.0
Item_PineNut,Pine nuts,Consumables/Foodstuffs,7,Recipe_NutSpreadPinenut_1 18,cooking,Item_NutSpread,Nut Spread,4,Stat_HealthRegen,40,10.0
Item_PineNut,Pine nuts,Consumables/Foodstuffs,8,Recipe_NutSpreadPinenut_1 19,cooking,Item_NutSpread,Nut Spread,4,Stat_HealthRegen,40,10.0
Item_PineNut,Pine nuts,Consumables/Foodstuffs,9,Recipe_NutSpreadPinenut_1 20,cooking,Item_NutSpread,Nut Spread,4,Stat_HealthRegen,40,10.0
Item_PineNut,Pine nuts,Consumables/Foodstuffs,1,Recipe_NutSpread_MIXED_Three_17,cooking,Item_NutSpread,Nut Spread,4,Stat_HealthRegen,40,10.0
Item_PineNut,Pine nuts,Consumables/Foodstuffs,2,Recipe_NutSpread_MIXED_Three_20,cooking,Item_NutSpread,Nut Spread,4,Stat_HealthRegen,40,10.0
Item_PineNut,Pine nuts,Consumables/Foodstuffs,2,Recipe_NutSpread_MIXED_Three_22,cooking,Item_NutSpread,Nut Spread,4,Stat_HealthRegen,40,10.0
Item_PineNut,Pine nuts,Consumables/Foodstuffs,2,Recipe_NutSpread_MIXED_Three_23,cooking,Item_NutSpread,Nut Spread,4,Stat_HealthRegen,40,10.0
Item_PineNut,Pine nuts,Consumables/Foodstuffs,1,Recipe_NutSpread_MIXED_Three_25,cooking,Item_NutSpread,Nut Spread,4,Stat_HealthRegen,40,10.0
Item_PineNut,Pine nuts,Consumables/Foodstuffs,1,Recipe_NutSpread_MIXED_Three_29,cooking,Item_NutSpread,Nut Spread,4,Stat_HealthRegen,40,10.0
Item_PizzaLarge,Pizza,Consumables/Foodstuffs,1,Recipe_PizzaSlicedUp,cooking,Item_PizzaSlice,Pizza Slice,1,Stat_HealthRegen,100,100.0
Item_PlainWhiteTee,Plain White Tee,Equipment/Torso,1,Recipe_MolotovCocktail_5,generic,Weapon_MolotovCocktail,Molotov Cocktail,2,,0,0.0
Item_PoisonGum,Anti-Poison Gum,Consumables/Foodstuffs,1,Recipe_PoisonGrenade_4,generic,Weapon_PoisonGrenade,Jar of Poison,2,,0,0.0
Item_PoisonGum,Anti-Poison Gum,Consumables/Foodstuffs,1,Recipe_PoisonGrenade_4 1,generic,Weapon_PoisonGrenade,Jar of Poison,2,,0,0.0
Item_Polsa,Pölsa,Consumables/Foodstuffs,1,Recipe_Bolognese_2 7,cooking,Item_PastaBolognese,Spaghetti Bolognese,2,Stat_HealthRegen,50,25.0
Item_Porridge,Porridge,Consumables/Foodstuffs,1,Recipe_RhubarbPorridge_1,cooking,Item_RhubarbPorridge,Rhubarb Porridge,2,Stat_HealthRegen,25,12.5
Item_Porridge,Porridge,Consumables/Foodstuffs,1,Recipe_RhubarbPorridge_1 1,cooking,Item_RhubarbPorridge,Rhubarb Porridge,2,Stat_HealthRegen,25,12.5
Item_Porridge,Porridge,Consumables/Foodstuffs,1,Recipe_RhubarbPorridge_2,cooking,Item_RhubarbPorridge,Rhubarb Porridge,2,Stat_HealthRegen,25,12.5
Item_Potato,Potato,Consumables/Foodstuffs,1,Recipe_FishNChipsRegularFish 1,cooking,Item_FishNChips,Fish and chips,2,Stat_HealthRegen,50,25.0
Item_Potato,Potato,Consumables/Foodstuffs,2,Recipe_FishNChipsRegularFish 2,cooking,Item_FishNChips,Fish and chips,2,Stat_HealthRegen,50,25.0
Item_Potato,Potato,Consumables/Foodstuffs,2,Recipe_FishNChipsRegularFish 3,cooking,Item_FishNChips,Fish and chips,2,Stat_HealthRegen,50,25.0
Item_Potato,Potato,Consumables/Foodstuffs,1,Recipe_FishNShipsSandFish 0,cooking,Item_FishNChips,Fish and chips,2,Stat_HealthRegen,50,25.0
Item_Potato,Potato,Consumables/Foodstuffs,1,Recipe_FishNShipsSandFish 1,cooking,Item_FishNChips,Fish and chips,2,Stat_HealthRegen,50,25.0
Item_Potato,Potato,Consumables/Foodstuffs,2,Recipe_FishNShipsSandFish 2,cooking,Item_FishNChips,Fish and chips,2,Stat_HealthRegen,50,25.0
Item_Potato,Potato,Consumables/Foodstuffs,2,Recipe_FishNShipsSandFish 3,cooking,Item_FishNChips,Fish and chips,2,Stat_HealthRegen,50,25.0
Item_Potato,Potato,Consumables/Foodstuffs,1,Recipe_FishnChips 1,cooking,Item_FishNChips,Fish and chips,2,Stat_HealthRegen,50,25.0
Item_Potato,Potato,Consumables/Foodstuffs,1,Recipe_FishnChips 2,cooking,Item_FishNChips,Fish and chips,2,Stat_HealthRegen,50,25.0
Item_Potato,Potato,Consumables/Foodstuffs,1,Recipe_FishnChips 3,cooking,Item_FishNChips,Fish and chips,2,Stat_HealthRegen,50,25.0
Item_Potato,Potato,Consumables/Foodstuffs,1,Recipe_FishnChips 4,cooking,Item_FishNChips,Fish and chips,2,Stat_HealthRegen,50,25.0
Item_Potato,Potato,Consumables/Foodstuffs,1,Recipe_Jansson,cooking,Item_JanssonsTemptation,Jansson's Temptation,3,Stat_HealthRegen,45,15.0
Item_Potato,Potato,Consumables/Foodstuffs,1,Recipe_Jansson 1,cooking,Item_JanssonsTemptation,Jansson's Temptation,3,Stat_HealthRegen,45,15.0
Item_Potato,Potato,Consumables/Foodstuffs,1,Recipe_Jansson 2,cooking,Item_JanssonsTemptation,Jansson's Temptation,3,Stat_HealthRegen,45,15.0
Item_Potato,Potato,Consumables/Foodstuffs,1,Recipe_Jansson 3,cooking,Item_JanssonsTemptation,Jansson's Temptation,3,Stat_HealthRegen,45,15.0
Item_Potato,Potato,Consumables/Foodstuffs,1,Recipe_Jansson 4,cooking,Item_JanssonsTemptation,Jansson's Temptation,3,Stat_HealthRegen,45,15.0
Item_Potato,Potato,Consumables/Foodstuffs,1,Recipe_Jansson 5,cooking,Item_JanssonsTemptation,Jansson's Temptation,3,Stat_HealthRegen,45,15.0
Item_Potato,Potato,Consumables/Foodstuffs,1,Recipe_Jansson 6,cooking,Item_JanssonsTemptation,Jansson's Temptation,3,Stat_HealthRegen,45,15.0
Item_Potato,Potato,Consumables/Foodstuffs,1,Recipe_Jansson 7,cooking,Item_JanssonsTemptation,Jansson's Temptation,3,Stat_HealthRegen,45,15.0
Item_Potato,Potato,Consumables/Foodstuffs,1,Recipe_Lutfisk 2,cooking,Item_Lutfisk,Lutfisk,2,Stat_HealthRegen,25,12.5
Item_Potato,Potato,Consumables/Foodstuffs,1,Recipe_Lutfisk 3,cooking,Item_Lutfisk,Lutfisk,2,Stat_HealthRegen,25,12.5
Item_Potato,Potato,Consumables/Foodstuffs,1,Recipe_MashedPotatoes,cooking,Item_MashedPotatoes,Mashed Potatoes,2,Stat_HealthRegen,30,15.0
Item_Potato,Potato,Consumables/Foodstuffs,1,Recipe_MashedPotatoes_1,cooking,Item_MashedPotatoes,Mashed Potatoes,2,Stat_HealthRegen,30,15.0
Item_Potato,Potato,Consumables/Foodstuffs,2,Recipe_MashedPotatoes_2,cooking,Item_MashedPotatoes,Mashed Potatoes,2,Stat_HealthRegen,30,15.0
Item_Potato,Potato,Consumables/Foodstuffs,1,Recipe_MashedPotatoes_3,cooking,Item_MashedPotatoes,Mashed Potatoes,2,Stat_HealthRegen,30,15.0
Item_Potato,Potato,Consumables/Foodstuffs,1,Recipe_MashedPotatoes_4,cooking,Item_MashedPotatoes,Mashed Potatoes,2,Stat_HealthRegen,30,15.0
Item_Potato,Potato,Consumables/Foodstuffs,1,Recipe_MashedPotatoes_4 1,cooking,Item_MashedPotatoes,Mashed Potatoes,2,Stat_HealthRegen,30,15.0
Item_Potato,Potato,Consumables/Foodstuffs,1,Recipe_MashedPotatoes_4 2,cooking,Item_MashedPotatoes,Mashed Potatoes,2,Stat_HealthRegen,30,15.0
Item_Potato,Potato,Consumables/Foodstuffs,1,Recipe_MashedPotatoes_4 3,cooking,Item_MashedPotatoes,Mashed Potatoes,2,Stat_HealthRegen,30,15.0
Item_Potato,Potato,Consumables/Foodstuffs,1,Recipe_MashedPotatoes_4 4,cooking,Item_MashedPotatoes,Mashed Potatoes,2,Stat_HealthRegen,30,15.0
Item_Potato,Potato,Consumables/Foodstuffs,1,Recipe_MashedPotatoes_4 5,cooking,Item_MashedPotatoes,Mashed Potatoes,2,Stat_HealthRegen,30,15.0
Item_Potato,Potato,Consumables/Foodstuffs,1,Recipe_MashedPotatoes_4 6,cooking,Item_MashedPotatoes,Mashed Potatoes,2,Stat_HealthRegen,30,15.0
Item_Potato,Potato,Consumables/Foodstuffs,1,Recipe_OmeletteSpanish,cooking,Item_SpanishOmelette,Spanish Omelette,2,Stat_HealthRegen,30,15.0
Item_Potato,Potato,Consumables/Foodstuffs,2,Recipe_OmeletteSpanish 1,cooking,Item_SpanishOmelette,Spanish Omelette,2,Stat_HealthRegen,30,15.0
Item_Potato,Potato,Consumables/Foodstuffs,1,Recipe_OmeletteSpanish 2,cooking,Item_SpanishOmelette,Spanish Omelette,2,Stat_HealthRegen,30,15.0
Item_Potato,Potato,Consumables/Foodstuffs,2,Recipe_OmeletteSpanish 3,cooking,Item_SpanishOmelette,Spanish Omelette,2,Stat_HealthRegen,30,15.0
Item_Potato,Potato,Consumables/Foodstuffs,1,Recipe_PotatoSalad,cooking,Item_PotatoSalad,Potato Salad,2,Stat_HealthRegen,15,7.5
Item_Potato,Potato,Consumables/Foodstuffs,1,Recipe_PotatoSalad 1,cooking,Item_PotatoSalad,Potato Salad,2,Stat_HealthRegen,15,7.5
Item_Potato,Potato,Consumables/Foodstuffs,1,Recipe_PotatoSalad 2,cooking,Item_PotatoSalad,Potato Salad,2,Stat_HealthRegen,15,7.5
Item_Potato,Potato,Consumables/Foodstuffs,1,Recipe_PotatoSalad 3,cooking,Item_PotatoSalad,Potato Salad,2,Stat_HealthRegen,15,7.5
Item_Potato,Potato,Consumables/Foodstuffs,1,Recipe_PotatoSalad 4,cooking,Item_PotatoSalad,Potato Salad,2,Stat_HealthRegen,15,7.5
Item_Potato,Potato,Consumables/Foodstuffs,1,Recipe_Poutine,cooking,Item_Poutine,Poutine,2,Stat_HealthRegen,35,17.5
Item_Potato,Potato,Consumables/Foodstuffs,1,Recipe_Poutine 1,cooking,Item_Poutine,Poutine,2,Stat_HealthRegen,35,17.5
Item_Potato,Potato,Consumables/Foodstuffs,1,Recipe_Poutine 10,cooking,Item_Poutine,Poutine,2,Stat_HealthRegen,35,17.5
Item_Potato,Potato,Consumables/Foodstuffs,1,Recipe_Poutine 11,cooking,Item_Poutine,Poutine,2,Stat_HealthRegen,35,17.5
Item_Potato,Potato,Consumables/Foodstuffs,1,Recipe_Poutine 12,cooking,Item_Poutine,Poutine,2,Stat_HealthRegen,35,17.5
Item_Potato,Potato,Consumables/Foodstuffs,1,Recipe_Poutine 13,cooking,Item_Poutine,Poutine,2,Stat_HealthRegen,35,17.5
Item_Potato,Potato,Consumables/Foodstuffs,1,Recipe_Poutine 14,cooking,Item_Poutine,Poutine,2,Stat_HealthRegen,35,17.5
Item_Potato,Potato,Consumables/Foodstuffs,1,Recipe_Poutine 15,cooking,Item_Poutine,Poutine,2,Stat_HealthRegen,35,17.5
Item_Potato,Potato,Consumables/Foodstuffs,1,Recipe_Poutine 16,cooking,Item_Poutine,Poutine,2,Stat_HealthRegen,35,17.5
Item_Potato,Potato,Consumables/Foodstuffs,1,Recipe_Poutine 2,cooking,Item_Poutine,Poutine,2,Stat_HealthRegen,35,17.5
Item_Potato,Potato,Consumables/Foodstuffs,1,Recipe_Poutine 3,cooking,Item_Poutine,Poutine,2,Stat_HealthRegen,35,17.5
Item_Potato,Potato,Consumables/Foodstuffs,1,Recipe_Poutine 4,cooking,Item_Poutine,Poutine,2,Stat_HealthRegen,35,17.5
Item_Potato,Potato,Consumables/Foodstuffs,1,Recipe_Poutine 5,cooking,Item_Poutine,Poutine,2,Stat_HealthRegen,35,17.5
Item_Potato,Potato,Consumables/Foodstuffs,1,Recipe_Poutine 6,cooking,Item_Poutine,Poutine,2,Stat_HealthRegen,35,17.5
Item_Potato,Potato,Consumables/Foodstuffs,1,Recipe_Poutine 7,cooking,Item_Poutine,Poutine,2,Stat_HealthRegen,35,17.5
Item_Potato,Potato,Consumables/Foodstuffs,1,Recipe_Poutine 8,cooking,Item_Poutine,Poutine,2,Stat_HealthRegen,35,17.5
Item_Potato,Potato,Consumables/Foodstuffs,1,Recipe_Poutine 9,cooking,Item_Poutine,Poutine,2,Stat_HealthRegen,35,17.5
Item_Potato,Potato,Consumables/Foodstuffs,1,Recipe_Pyttipanna,cooking,Item_PyttIPanna,Pyttipanna,2,Stat_HealthRegen,25,12.5
Item_Potato,Potato,Consumables/Foodstuffs,1,Recipe_Pyttipanna 10,cooking,Item_PyttIPanna,Pyttipanna,2,Stat_HealthRegen,25,12.5
Item_Potato,Potato,Consumables/Foodstuffs,2,Recipe_Pyttipanna 11,cooking,Item_PyttIPanna,Pyttipanna,2,Stat_HealthRegen,25,12.5
Item_Potato,Potato,Consumables/Foodstuffs,2,Recipe_Pyttipanna 12,cooking,Item_PyttIPanna,Pyttipanna,2,Stat_HealthRegen,25,12.5
Item_Potato,Potato,Consumables/Foodstuffs,2,Recipe_Pyttipanna 2,cooking,Item_PyttIPanna,Pyttipanna,2,Stat_HealthRegen,25,12.5
Item_Potato,Potato,Consumables/Foodstuffs,1,Recipe_Pyttipanna 3,cooking,Item_PyttIPanna,Pyttipanna,2,Stat_HealthRegen,25,12.5
Item_Potato,Potato,Consumables/Foodstuffs,2,Recipe_Pyttipanna 4,cooking,Item_PyttIPanna,Pyttipanna,2,Stat_HealthRegen,25,12.5
Item_Potato,Potato,Consumables/Foodstuffs,1,Recipe_Pyttipanna 5,cooking,Item_PyttIPanna,Pyttipanna,2,Stat_HealthRegen,25,12.5
Item_Potato,Potato,Consumables/Foodstuffs,2,Recipe_Pyttipanna 6,cooking,Item_PyttIPanna,Pyttipanna,2,Stat_HealthRegen,25,12.5
Item_Potato,Potato,Consumables/Foodstuffs,1,Recipe_Pyttipanna 7,cooking,Item_PyttIPanna,Pyttipanna,2,Stat_HealthRegen,25,12.5
Item_Potato,Potato,Consumables/Foodstuffs,1,Recipe_Pyttipanna 8,cooking,Item_PyttIPanna,Pyttipanna,2,Stat_HealthRegen,25,12.5
Item_Potato,Potato,Consumables/Foodstuffs,2,Recipe_Pyttipanna 9,cooking,Item_PyttIPanna,Pyttipanna,2,Stat_HealthRegen,25,12.5
Item_Potato,Potato,Consumables/Foodstuffs,1,Recipe_Raqlette,cooking,Item_Raclette,Raclette,2,Stat_HealthRegen,50,25.0
Item_Potato,Potato,Consumables/Foodstuffs,1,Recipe_Raqlette 1,cooking,Item_Raclette,Raclette,2,Stat_HealthRegen,50,25.0
Item_Potato,Potato,Consumables/Foodstuffs,2,Recipe_Raqlette 10,cooking,Item_Raclette,Raclette,2,Stat_HealthRegen,50,25.0
Item_Potato,Potato,Consumables/Foodstuffs,2,Recipe_Raqlette 2,cooking,Item_Raclette,Raclette,2,Stat_HealthRegen,50,25.0
Item_Potato,Potato,Consumables/Foodstuffs,1,Recipe_Raqlette 3,cooking,Item_Raclette,Raclette,2,Stat_HealthRegen,50,25.0
Item_Potato,Potato,Consumables/Foodstuffs,2,Recipe_Raqlette 4,cooking,Item_Raclette,Raclette,2,Stat_HealthRegen,50,25.0
Item_Potato,Potato,Consumables/Foodstuffs,2,Recipe_Raqlette 5,cooking,Item_Raclette,Raclette,2,Stat_HealthRegen,50,25.0
Item_Potato,Potato,Consumables/Foodstuffs,2,Recipe_Raqlette 6,cooking,Item_Raclette,Raclette,2,Stat_HealthRegen,50,25.0
Item_Potato,Potato,Consumables/Foodstuffs,2,Recipe_Raqlette 7,cooking,Item_Raclette,Raclette,2,Stat_HealthRegen,50,25.0
Item_Potato,Potato,Consumables/Foodstuffs,2,Recipe_Raqlette 8,cooking,Item_Raclette,Raclette,2,Stat_HealthRegen,50,25.0
Item_Potato,Potato,Consumables/Foodstuffs,1,Recipe_Raqlette 9,cooking,Item_Raclette,Raclette,2,Stat_HealthRegen,50,25.0
Item_Potato,Potato,Consumables/Foodstuffs,2,Recipe_Sill 10,cooking,Item_Silltalrik,Silltallrik,2,Stat_HealthRegen,20,10.0
Item_Potato,Potato,Consumables/Foodstuffs,1,Recipe_Sill 12,cooking,Item_Silltalrik,Silltallrik,2,Stat_HealthRegen,20,10.0
Item_Potato,Potato,Consumables/Foodstuffs,1,Recipe_Sill 15,cooking,Item_Silltalrik,Silltallrik,2,Stat_HealthRegen,20,10.0
Item_Potato,Potato,Consumables/Foodstuffs,1,Recipe_Sill 17,cooking,Item_Silltalrik,Silltallrik,2,Stat_HealthRegen,20,10.0
Item_Potato,Potato,Consumables/Foodstuffs,2,Recipe_Sill 19,cooking,Item_Silltalrik,Silltallrik,2,Stat_HealthRegen,20,10.0
Item_Potato,Potato,Consumables/Foodstuffs,2,Recipe_Sill 21,cooking,Item_Silltalrik,Silltallrik,2,Stat_HealthRegen,20,10.0
Item_Potato,Potato,Consumables/Foodstuffs,1,Recipe_Sill 26,cooking,Item_Silltalrik,Silltallrik,2,Stat_HealthRegen,20,10.0
Item_Potato,Potato,Consumables/Foodstuffs,1,Recipe_Sill 28,cooking,Item_Silltalrik,Silltallrik,2,Stat_HealthRegen,20,10.0
Item_Potato,Potato,Consumables/Foodstuffs,1,Recipe_Sill 30,cooking,Item_Silltalrik,Silltallrik,2,Stat_HealthRegen,20,10.0
Item_Potato,Potato,Consumables/Foodstuffs,2,Recipe_Sill 32,cooking,Item_Silltalrik,Silltallrik,2,Stat_HealthRegen,20,10.0
Item_Potato,Potato,Consumables/Foodstuffs,1,Recipe_Sill 34,cooking,Item_Silltalrik,Silltallrik,2,Stat_HealthRegen,20,10.0
Item_Potato,Potato,Consumables/Foodstuffs,1,Recipe_Sill 37,cooking,Item_Silltalrik,Silltallrik,2,Stat_HealthRegen,20,10.0
Item_Potato,Potato,Consumables/Foodstuffs,1,Recipe_Sill 39,cooking,Item_Silltalrik,Silltallrik,2,Stat_HealthRegen,20,10.0
Item_Potato,Potato,Consumables/Foodstuffs,1,Recipe_Sill 4,cooking,Item_Silltalrik,Silltallrik,2,Stat_HealthRegen,20,10.0
Item_Potato,Potato,Consumables/Foodstuffs,2,Recipe_Sill 41,cooking,Item_Silltalrik,Silltallrik,2,Stat_HealthRegen,20,10.0
Item_Potato,Potato,Consumables/Foodstuffs,2,Recipe_Sill 43,cooking,Item_Silltalrik,Silltallrik,2,Stat_HealthRegen,20,10.0
Item_Potato,Potato,Consumables/Foodstuffs,1,Recipe_Sill 6,cooking,Item_Silltalrik,Silltallrik,2,Stat_HealthRegen,20,10.0
Item_Potato,Potato,Consumables/Foodstuffs,1,Recipe_Sill 8,cooking,Item_Silltalrik,Silltallrik,2,Stat_HealthRegen,20,10.0
Item_Potato,Potato,Consumables/Foodstuffs,2,Recipe_SillSandfish 10,cooking,Item_Silltalrik,Silltallrik,2,Stat_HealthRegen,20,10.0
Item_Potato,Potato,Consumables/Foodstuffs,1,Recipe_SillSandfish 12,cooking,Item_Silltalrik,Silltallrik,2,Stat_HealthRegen,20,10.0
Item_Potato,Potato,Consumables/Foodstuffs,1,Recipe_SillSandfish 15,cooking,Item_Silltalrik,Silltallrik,2,Stat_HealthRegen,20,10.0
Item_Potato,Potato,Consumables/Foodstuffs,1,Recipe_SillSandfish 17,cooking,Item_Silltalrik,Silltallrik,2,Stat_HealthRegen,20,10.0
Item_Potato,Potato,Consumables/Foodstuffs,2,Recipe_SillSandfish 19,cooking,Item_Silltalrik,Silltallrik,2,Stat_HealthRegen,20,10.0
Item_Potato,Potato,Consumables/Foodstuffs,2,Recipe_SillSandfish 21,cooking,Item_Silltalrik,Silltallrik,2,Stat_HealthRegen,20,10.0
Item_Potato,Potato,Consumables/Foodstuffs,1,Recipe_SillSandfish 26,cooking,Item_Silltalrik,Silltallrik,2,Stat_HealthRegen,20,10.0
Item_Potato,Potato,Consumables/Foodstuffs,1,Recipe_SillSandfish 28,cooking,Item_Silltalrik,Silltallrik,2,Stat_HealthRegen,20,10.0
Item_Potato,Potato,Consumables/Foodstuffs,1,Recipe_SillSandfish 30,cooking,Item_Silltalrik,Silltallrik,2,Stat_HealthRegen,20,10.0
Item_Potato,Potato,Consumables/Foodstuffs,2,Recipe_SillSandfish 32,cooking,Item_Silltalrik,Silltallrik,2,Stat_HealthRegen,20,10.0
Item_Potato,Potato,Consumables/Foodstuffs,1,Recipe_SillSandfish 34,cooking,Item_Silltalrik,Silltallrik,2,Stat_HealthRegen,20,10.0
Item_Potato,Potato,Consumables/Foodstuffs,1,Recipe_SillSandfish 37,cooking,Item_Silltalrik,Silltallrik,2,Stat_HealthRegen,20,10.0
Item_Potato,Potato,Consumables/Foodstuffs,1,Recipe_SillSandfish 39,cooking,Item_Silltalrik,Silltallrik,2,Stat_HealthRegen,20,10.0
Item_Potato,Potato,Consumables/Foodstuffs,1,Recipe_SillSandfish 4,cooking,Item_Silltalrik,Silltallrik,2,Stat_HealthRegen,20,10.0
Item_Potato,Potato,Consumables/Foodstuffs,2,Recipe_SillSandfish 41,cooking,Item_Silltalrik,Silltallrik,2,Stat_HealthRegen,20,10.0
Item_Potato,Potato,Consumables/Foodstuffs,2,Recipe_SillSandfish 43,cooking,Item_Silltalrik,Silltallrik,2,Stat_HealthRegen,20,10.0
Item_Potato,Potato,Consumables/Foodstuffs,1,Recipe_SillSandfish 6,cooking,Item_Silltalrik,Silltallrik,2,Stat_HealthRegen,20,10.0
Item_Potato,Potato,Consumables/Foodstuffs,1,Recipe_SillSandfish 8,cooking,Item_Silltalrik,Silltallrik,2,Stat_HealthRegen,20,10.0
Item_PotatoSalad,Potato Salad,Consumables/Foodstuffs/Christmas,2,Recipe_Jansson 10,cooking,Item_JanssonsTemptation,Jansson's Temptation,3,Stat_HealthRegen,45,15.0
Item_PotatoSalad,Potato Salad,Consumables/Foodstuffs/Christmas,2,Recipe_Jansson 11,cooking,Item_JanssonsTemptation,Jansson's Temptation,3,Stat_HealthRegen,45,15.0
Item_PotatoSalad,Potato Salad,Consumables/Foodstuffs/Christmas,1,Recipe_Jansson 8,cooking,Item_JanssonsTemptation,Jansson's Temptation,3,Stat_HealthRegen,45,15.0
Item_PotatoSalad,Potato Salad,Consumables/Foodstuffs/Christmas,2,Recipe_Jansson 9,cooking,Item_JanssonsTemptation,Jansson's Temptation,3,Stat_HealthRegen,45,15.0
Item_PotatoSalad,Potato Salad,Consumables/Foodstuffs/Christmas,2,Recipe_Sill 11,cooking,Item_Silltalrik,Silltallrik,2,Stat_HealthRegen,20,10.0
Item_PotatoSalad,Potato Salad,Consumables/Foodstuffs/Christmas,1,Recipe_Sill 13,cooking,Item_Silltalrik,Silltallrik,2,Stat_HealthRegen,20,10.0
Item_PotatoSalad,Potato Salad,Consumables/Foodstuffs/Christmas,1,Recipe_Sill 14,cooking,Item_Silltalrik,Silltallrik,2,Stat_HealthRegen,20,10.0
Item_PotatoSalad,Potato Salad,Consumables/Foodstuffs/Christmas,1,Recipe_Sill 16,cooking,Item_Silltalrik,Silltallrik,2,Stat_HealthRegen,20,10.0
Item_PotatoSalad,Potato Salad,Consumables/Foodstuffs/Christmas,2,Recipe_Sill 18,cooking,Item_Silltalrik,Silltallrik,2,Stat_HealthRegen,20,10.0
Item_PotatoSalad,Potato Salad,Consumables/Foodstuffs/Christmas,2,Recipe_Sill 20,cooking,Item_Silltalrik,Silltallrik,2,Stat_HealthRegen,20,10.0
Item_PotatoSalad,Potato Salad,Consumables/Foodstuffs/Christmas,1,Recipe_Sill 27,cooking,Item_Silltalrik,Silltallrik,2,Stat_HealthRegen,20,10.0
Item_PotatoSalad,Potato Salad,Consumables/Foodstuffs/Christmas,1,Recipe_Sill 29,cooking,Item_Silltalrik,Silltallrik,2,Stat_HealthRegen,20,10.0
Item_PotatoSalad,Potato Salad,Consumables/Foodstuffs/Christmas,1,Recipe_Sill 31,cooking,Item_Silltalrik,Silltallrik,2,Stat_HealthRegen,20,10.0
Item_PotatoSalad,Potato Salad,Consumables/Foodstuffs/Christmas,2,Recipe_Sill 33,cooking,Item_Silltalrik,Silltallrik,2,Stat_HealthRegen,20,10.0
Item_PotatoSalad,Potato Salad,Consumables/Foodstuffs/Christmas,1,Recipe_Sill 35,cooking,Item_Silltalrik,Silltallrik,2,Stat_HealthRegen,20,10.0
Item_PotatoSalad,Potato Salad,Consumables/Foodstuffs/Christmas,1,Recipe_Sill 36,cooking,Item_Silltalrik,Silltallrik,2,Stat_HealthRegen,20,10.0
Item_PotatoSalad,Potato Salad,Consumables/Foodstuffs/Christmas,1,Recipe_Sill 38,cooking,Item_Silltalrik,Silltallrik,2,Stat_HealthRegen,20,10.0
Item_PotatoSalad,Potato Salad,Consumables/Foodstuffs/Christmas,2,Recipe_Sill 40,cooking,Item_Silltalrik,Silltallrik,2,Stat_HealthRegen,20,10.0
Item_PotatoSalad,Potato Salad,Consumables/Foodstuffs/Christmas,2,Recipe_Sill 42,cooking,Item_Silltalrik,Silltallrik,2,Stat_HealthRegen,20,10.0
Item_PotatoSalad,Potato Salad,Consumables/Foodstuffs/Christmas,1,Recipe_Sill 5,cooking,Item_Silltalrik,Silltallrik,2,Stat_HealthRegen,20,10.0
Item_PotatoSalad,Potato Salad,Consumables/Foodstuffs/Christmas,1,Recipe_Sill 7,cooking,Item_Silltalrik,Silltallrik,2,Stat_HealthRegen,20,10.0
Item_PotatoSalad,Potato Salad,Consumables/Foodstuffs/Christmas,1,Recipe_Sill 9,cooking,Item_Silltalrik,Silltallrik,2,Stat_HealthRegen,20,10.0
Item_PotatoSalad,Potato Salad,Consumables/Foodstuffs/Christmas,2,Recipe_SillSandfish 11,cooking,Item_Silltalrik,Silltallrik,2,Stat_HealthRegen,20,10.0
Item_PotatoSalad,Potato Salad,Consumables/Foodstuffs/Christmas,1,Recipe_SillSandfish 13,cooking,Item_Silltalrik,Silltallrik,2,Stat_HealthRegen,20,10.0
Item_PotatoSalad,Potato Salad,Consumables/Foodstuffs/Christmas,1,Recipe_SillSandfish 14,cooking,Item_Silltalrik,Silltallrik,2,Stat_HealthRegen,20,10.0
Item_PotatoSalad,Potato Salad,Consumables/Foodstuffs/Christmas,1,Recipe_SillSandfish 16,cooking,Item_Silltalrik,Silltallrik,2,Stat_HealthRegen,20,10.0
Item_PotatoSalad,Potato Salad,Consumables/Foodstuffs/Christmas,2,Recipe_SillSandfish 18,cooking,Item_Silltalrik,Silltallrik,2,Stat_HealthRegen,20,10.0
Item_PotatoSalad,Potato Salad,Consumables/Foodstuffs/Christmas,2,Recipe_SillSandfish 20,cooking,Item_Silltalrik,Silltallrik,2,Stat_HealthRegen,20,10.0
Item_PotatoSalad,Potato Salad,Consumables/Foodstuffs/Christmas,1,Recipe_SillSandfish 27,cooking,Item_Silltalrik,Silltallrik,2,Stat_HealthRegen,20,10.0
Item_PotatoSalad,Potato Salad,Consumables/Foodstuffs/Christmas,1,Recipe_SillSandfish 29,cooking,Item_Silltalrik,Silltallrik,2,Stat_HealthRegen,20,10.0
Item_PotatoSalad,Potato Salad,Consumables/Foodstuffs/Christmas,1,Recipe_SillSandfish 31,cooking,Item_Silltalrik,Silltallrik,2,Stat_HealthRegen,20,10.0
Item_PotatoSalad,Potato Salad,Consumables/Foodstuffs/Christmas,2,Recipe_SillSandfish 33,cooking,Item_Silltalrik,Silltallrik,2,Stat_HealthRegen,20,10.0
Item_PotatoSalad,Potato Salad,Consumables/Foodstuffs/Christmas,1,Recipe_SillSandfish 35,cooking,Item_Silltalrik,Silltallrik,2,Stat_HealthRegen,20,10.0
Item_PotatoSalad,Potato Salad,Consumables/Foodstuffs/Christmas,1,Recipe_SillSandfish 36,cooking,Item_Silltalrik,Silltallrik,2,Stat_HealthRegen,20,10.0
Item_PotatoSalad,Potato Salad,Consumables/Foodstuffs/Christmas,1,Recipe_SillSandfish 38,cooking,Item_Silltalrik,Silltallrik,2,Stat_HealthRegen,20,10.0
Item_PotatoSalad,Potato Salad,Consumables/Foodstuffs/Christmas,2,Recipe_SillSandfish 40,cooking,Item_Silltalrik,Silltallrik,2,Stat_HealthRegen,20,10.0
Item_PotatoSalad,Potato Salad,Consumables/Foodstuffs/Christmas,2,Recipe_SillSandfish 42,cooking,Item_Silltalrik,Silltallrik,2,Stat_HealthRegen,20,10.0
Item_PotatoSalad,Potato Salad,Consumables/Foodstuffs/Christmas,1,Recipe_SillSandfish 5,cooking,Item_Silltalrik,Silltallrik,2,Stat_HealthRegen,20,10.0
Item_PotatoSalad,Potato Salad,Consumables/Foodstuffs/Christmas,1,Recipe_SillSandfish 7,cooking,Item_Silltalrik,Silltallrik,2,Stat_HealthRegen,20,10.0
Item_PotatoSalad,Potato Salad,Consumables/Foodstuffs/Christmas,1,Recipe_SillSandfish 9,cooking,Item_Silltalrik,Silltallrik,2,Stat_HealthRegen,20,10.0
Item_Rhubarb,Rhubarb,Consumables/Foodstuffs,1,Recipe_RhubarbPie_1,cooking,Item_RhubarbPie,Rhubarb Pie,2,Stat_HealthRegen,30,15.0
Item_Rhubarb,Rhubarb,Consumables/Foodstuffs,1,Recipe_RhubarbPie_2,cooking,Item_RhubarbPie,Rhubarb Pie,2,Stat_HealthRegen,30,15.0
Item_Rhubarb,Rhubarb,Consumables/Foodstuffs,1,Recipe_RhubarbPie_3,cooking,Item_RhubarbPie,Rhubarb Pie,2,Stat_HealthRegen,30,15.0
Item_Rhubarb,Rhubarb,Consumables/Foodstuffs,1,Recipe_RhubarbPie_4,cooking,Item_RhubarbPie,Rhubarb Pie,2,Stat_HealthRegen,30,15.0
Item_Rhubarb,Rhubarb,Consumables/Foodstuffs,1,Recipe_RhubarbPie_5,cooking,Item_RhubarbPie,Rhubarb Pie,2,Stat_HealthRegen,30,15.0
Item_Rhubarb,Rhubarb,Consumables/Foodstuffs,1,Recipe_RhubarbPie_6,cooking,Item_RhubarbPie,Rhubarb Pie,2,Stat_HealthRegen,30,15.0
Item_Rhubarb,Rhubarb,Consumables/Foodstuffs,1,Recipe_RhubarbPorridge_1,cooking,Item_RhubarbPorridge,Rhubarb Porridge,2,Stat_HealthRegen,25,12.5
Item_Rhubarb,Rhubarb,Consumables/Foodstuffs,1,Recipe_RhubarbPorridge_1 1,cooking,Item_RhubarbPorridge,Rhubarb Porridge,2,Stat_HealthRegen,25,12.5
Item_Rhubarb,Rhubarb,Consumables/Foodstuffs,1,Recipe_RhubarbSauce_1,cooking,Item_RhubarbSauce,Rhubarb Sauce,2,Stat_HealthRegen,20,10.0
Item_Rhubarb,Rhubarb,Consumables/Foodstuffs,1,Recipe_RhubarbSauce_2,cooking,Item_RhubarbSauce,Rhubarb Sauce,2,Stat_HealthRegen,20,10.0
Item_Rhubarb,Rhubarb,Consumables/Foodstuffs,1,Recipe_RhubarbSauce_3,cooking,Item_RhubarbSauce,Rhubarb Sauce,2,Stat_HealthRegen,20,10.0
Item_RhubarbSauce,Rhubarb Sauce,Consumables/Foodstuffs,1,Recipe_RhubarbPorridge_2,cooking,Item_RhubarbPorridge,Rhubarb Porridge,2,Stat_HealthRegen,25,12.5
Item_Rice,Rice,Consumables/Foodstuffs,1,Recipe_BobaTea,cooking,Item_BobaTea,Boba Tea,2,Stat_HealthRegen,15,7.5
Item_Rice,Rice,Consumables/Foodstuffs,1,Recipe_BobaTea 1,cooking,Item_BobaTea,Boba Tea,2,Stat_HealthRegen,15,7.5
Item_Rice,Rice,Consumables/Foodstuffs,2,Recipe_BobaTea 2,cooking,Item_BobaTea,Boba Tea,2,Stat_HealthRegen,15,7.5
Item_Rice,Rice,Consumables/Foodstuffs,2,Recipe_BobaTea 3,cooking,Item_BobaTea,Boba Tea,2,Stat_HealthRegen,15,7.5
Item_Rice,Rice,Consumables/Foodstuffs,2,Recipe_BobaTea 4,cooking,Item_BobaTea,Boba Tea,2,Stat_HealthRegen,15,7.5
Item_Rice,Rice,Consumables/Foodstuffs,3,Recipe_BobaTea 5,cooking,Item_BobaTea,Boba Tea,2,Stat_HealthRegen,15,7.5
Item_Rice,Rice,Consumables/Foodstuffs,3,Recipe_BobaTea 6,cooking,Item_BobaTea,Boba Tea,2,Stat_HealthRegen,15,7.5
Item_Rice,Rice,Consumables/Foodstuffs,1,Recipe_Cereal 1,cooking,Item_Cereal,Cereal,4,Stat_HealthRegen,35,8.75
Item_Rice,Rice,Consumables/Foodstuffs,1,Recipe_Cereal 2,cooking,Item_Cereal,Cereal,4,Stat_HealthRegen,35,8.75
Item_Rice,Rice,Consumables/Foodstuffs,2,Recipe_Cereal 4,cooking,Item_Cereal,Cereal,4,Stat_HealthRegen,35,8.75
Item_Rice,Rice,Consumables/Foodstuffs,1,Recipe_Maki_1,cooking,Item_Maki,Maki,2,Stat_HealthRegen,30,15.0
Item_Rice,Rice,Consumables/Foodstuffs,1,Recipe_Maki_1 1,cooking,Item_Maki,Maki,2,Stat_HealthRegen,30,15.0
Item_Rice,Rice,Consumables/Foodstuffs,2,Recipe_Maki_1 2,cooking,Item_Maki,Maki,2,Stat_HealthRegen,30,15.0
Item_Rice,Rice,Consumables/Foodstuffs,2,Recipe_Maki_1 3,cooking,Item_Maki,Maki,2,Stat_HealthRegen,30,15.0
Item_Rice,Rice,Consumables/Foodstuffs,1,Recipe_Maki_2,cooking,Item_Maki,Maki,2,Stat_HealthRegen,30,15.0
Item_Rice,Rice,Consumables/Foodstuffs,1,Recipe_Maki_2 1,cooking,Item_Maki,Maki,2,Stat_HealthRegen,30,15.0
Item_Rice,Rice,Consumables/Foodstuffs,2,Recipe_Maki_2 2,cooking,Item_Maki,Maki,2,Stat_HealthRegen,30,15.0
Item_Rice,Rice,Consumables/Foodstuffs,1,Recipe_Maki_2 3,cooking,Item_Maki,Maki,2,Stat_HealthRegen,30,15.0
Item_Rice,Rice,Consumables/Foodstuffs,1,Recipe_Maki_2 4,cooking,Item_Maki,Maki,2,Stat_HealthRegen,30,15.0
Item_Rice,Rice,Consumables/Foodstuffs,2,Recipe_Maki_2 5,cooking,Item_Maki,Maki,2,Stat_HealthRegen,30,15.0
Item_Rice,Rice,Consumables/Foodstuffs,1,Recipe_Maki_3,cooking,Item_Maki,Maki,2,Stat_HealthRegen,30,15.0
Item_Rice,Rice,Consumables/Foodstuffs,1,Recipe_Maki_3 1,cooking,Item_Maki,Maki,2,Stat_HealthRegen,30,15.0
Item_Rice,Rice,Consumables/Foodstuffs,2,Recipe_Maki_3 2,cooking,Item_Maki,Maki,2,Stat_HealthRegen,30,15.0
Item_Rice,Rice,Consumables/Foodstuffs,1,Recipe_Maki_3 3,cooking,Item_Maki,Maki,2,Stat_HealthRegen,30,15.0
Item_Rice,Rice,Consumables/Foodstuffs,1,Recipe_Maki_3 4,cooking,Item_Maki,Maki,2,Stat_HealthRegen,30,15.0
Item_Rice,Rice,Consumables/Foodstuffs,2,Recipe_Maki_3 5,cooking,Item_Maki,Maki,2,Stat_HealthRegen,30,15.0
Item_Rice,Rice,Consumables/Foodstuffs,1,Recipe_Maki_4,cooking,Item_Maki,Maki,2,Stat_HealthRegen,30,15.0
Item_Rice,Rice,Consumables/Foodstuffs,1,Recipe_Maki_4 1,cooking,Item_Maki,Maki,2,Stat_HealthRegen,30,15.0
Item_Rice,Rice,Consumables/Foodstuffs,2,Recipe_Maki_4 2,cooking,Item_Maki,Maki,2,Stat_HealthRegen,30,15.0
Item_Rice,Rice,Consumables/Foodstuffs,1,Recipe_Maki_4 3,cooking,Item_Maki,Maki,2,Stat_HealthRegen,30,15.0
Item_Rice,Rice,Consumables/Foodstuffs,1,Recipe_Maki_4 4,cooking,Item_Maki,Maki,2,Stat_HealthRegen,30,15.0
Item_Rice,Rice,Consumables/Foodstuffs,2,Recipe_Maki_4 5,cooking,Item_Maki,Maki,2,Stat_HealthRegen,30,15.0
Item_Rice,Rice,Consumables/Foodstuffs,1,Recipe_Nigiri_1,cooking,Item_Nigiri,Nigiri,2,Stat_HealthRegen,20,10.0
Item_Rice,Rice,Consumables/Foodstuffs,2,Recipe_Nigiri_1 1,cooking,Item_Nigiri,Nigiri,2,Stat_HealthRegen,20,10.0
Item_Rice,Rice,Consumables/Foodstuffs,1,Recipe_Nigiri_1 2,cooking,Item_Nigiri,Nigiri,2,Stat_HealthRegen,20,10.0
Item_Rice,Rice,Consumables/Foodstuffs,2,Recipe_Nigiri_1 3,cooking,Item_Nigiri,Nigiri,2,Stat_HealthRegen,20,10.0
Item_Rice,Rice,Consumables/Foodstuffs,1,Recipe_Nigiri_2,cooking,Item_Nigiri,Nigiri,2,Stat_HealthRegen,20,10.0
Item_Rice,Rice,Consumables/Foodstuffs,2,Recipe_Nigiri_2 1,cooking,Item_Nigiri,Nigiri,2,Stat_HealthRegen,20,10.0
Item_Rice,Rice,Consumables/Foodstuffs,1,Recipe_Nigiri_2 2,cooking,Item_Nigiri,Nigiri,2,Stat_HealthRegen,20,10.0
Item_Rice,Rice,Consumables/Foodstuffs,2,Recipe_Nigiri_2 3,cooking,Item_Nigiri,Nigiri,2,Stat_HealthRegen,20,10.0
Item_Rice,Rice,Consumables/Foodstuffs,1,Recipe_Nigiri_3,cooking,Item_Nigiri,Nigiri,2,Stat_HealthRegen,20,10.0
Item_Rice,Rice,Consumables/Foodstuffs,2,Recipe_Nigiri_3 1,cooking,Item_Nigiri,Nigiri,2,Stat_HealthRegen,20,10.0
Item_Rice,Rice,Consumables/Foodstuffs,1,Recipe_Nigiri_3 2,cooking,Item_Nigiri,Nigiri,2,Stat_HealthRegen,20,10.0
Item_Rice,Rice,Consumables/Foodstuffs,2,Recipe_Nigiri_3 3,cooking,Item_Nigiri,Nigiri,2,Stat_HealthRegen,20,10.0
Item_Rice,Rice,Consumables/Foodstuffs,1,Recipe_Nigiri_4,cooking,Item_Nigiri,Nigiri,2,Stat_HealthRegen,20,10.0
Item_Rice,Rice,Consumables/Foodstuffs,1,Recipe_OnigiriFisheggs_1,cooking,Item_Onigiri,Onigiri,2,Stat_HealthRegen,35,17.5
Item_Rice,Rice,Consumables/Foodstuffs,1,Recipe_OnigiriFisheggs_1 1,cooking,Item_Onigiri,Onigiri,2,Stat_HealthRegen,35,17.5
Item_Rice,Rice,Consumables/Foodstuffs,2,Recipe_OnigiriFisheggs_1 2,cooking,Item_Onigiri,Onigiri,2,Stat_HealthRegen,35,17.5
Item_Rice,Rice,Consumables/Foodstuffs,2,Recipe_OnigiriFisheggs_1 3,cooking,Item_Onigiri,Onigiri,2,Stat_HealthRegen,35,17.5
Item_Rice,Rice,Consumables/Foodstuffs,1,Recipe_OnigiriFisheggs_2,cooking,Item_Onigiri,Onigiri,2,Stat_HealthRegen,35,17.5
Item_Rice,Rice,Consumables/Foodstuffs,1,Recipe_OnigiriFisheggs_2 1,cooking,Item_Onigiri,Onigiri,2,Stat_HealthRegen,35,17.5
Item_Rice,Rice,Consumables/Foodstuffs,2,Recipe_OnigiriFisheggs_2 2,cooking,Item_Onigiri,Onigiri,2,Stat_HealthRegen,35,17.5
Item_Rice,Rice,Consumables/Foodstuffs,2,Recipe_OnigiriFisheggs_2 3,cooking,Item_Onigiri,Onigiri,2,Stat_HealthRegen,35,17.5
Item_Rice,Rice,Consumables/Foodstuffs,1,Recipe_OnigiriFlesh_1,cooking,Item_Onigiri,Onigiri,2,Stat_HealthRegen,35,17.5
Item_Rice,Rice,Consumables/Foodstuffs,1,Recipe_OnigiriFlesh_1 1,cooking,Item_Onigiri,Onigiri,2,Stat_HealthRegen,35,17.5
Item_Rice,Rice,Consumables/Foodstuffs,2,Recipe_OnigiriFlesh_1 2,cooking,Item_Onigiri,Onigiri,2,Stat_HealthRegen,35,17.5
Item_Rice,Rice,Consumables/Foodstuffs,2,Recipe_OnigiriFlesh_1 3,cooking,Item_Onigiri,Onigiri,2,Stat_HealthRegen,35,17.5
Item_Rice,Rice,Consumables/Foodstuffs,1,Recipe_OnigiriFlesh_2,cooking,Item_Onigiri,Onigiri,2,Stat_HealthRegen,35,17.5
Item_Rice,Rice,Consumables/Foodstuffs,1,Recipe_OnigiriFlesh_2 1,cooking,Item_Onigiri,Onigiri,2,Stat_HealthRegen,35,17.5
Item_Rice,Rice,Consumables/Foodstuffs,2,Recipe_OnigiriFlesh_2 2,cooking,Item_Onigiri,Onigiri,2,Stat_HealthRegen,35,17.5
Item_Rice,Rice,Consumables/Foodstuffs,2,Recipe_OnigiriFlesh_2 3,cooking,Item_Onigiri,Onigiri,2,Stat_HealthRegen,35,17.5
Item_Rice,Rice,Consumables/Foodstuffs,1,Recipe_OnigiriFlesh_3,cooking,Item_Onigiri,Onigiri,2,Stat_HealthRegen,35,17.5
Item_Rice,Rice,Consumables/Foodstuffs,1,Recipe_OnigiriFlesh_3 1,cooking,Item_Onigiri,Onigiri,2,Stat_HealthRegen,35,17.5
Item_Rice,Rice,Consumables/Foodstuffs,2,Recipe_OnigiriFlesh_3 2,cooking,Item_Onigiri,Onigiri,2,Stat_HealthRegen,35,17.5
Item_Rice,Rice,Consumables/Foodstuffs,2,Recipe_OnigiriFlesh_3 3,cooking,Item_Onigiri,Onigiri,2,Stat_HealthRegen,35,17.5
Item_Rice,Rice,Consumables/Foodstuffs,1,Recipe_OnigiriFlesh_4,cooking,Item_Onigiri,Onigiri,2,Stat_HealthRegen,35,17.5
Item_Rice,Rice,Consumables/Foodstuffs,1,Recipe_OnigiriFlesh_4 1,cooking,Item_Onigiri,Onigiri,2,Stat_HealthRegen,35,17.5
Item_Rice,Rice,Consumables/Foodstuffs,2,Recipe_OnigiriFlesh_4 2,cooking,Item_Onigiri,Onigiri,2,Stat_HealthRegen,35,17.5
Item_Rice,Rice,Consumables/Foodstuffs,2,Recipe_OnigiriFlesh_4 3,cooking,Item_Onigiri,Onigiri,2,Stat_HealthRegen,35,17.5
Item_Rice,Rice,Consumables/Foodstuffs,1,Recipe_OnigiriFlesh_5,cooking,Item_Onigiri,Onigiri,2,Stat_HealthRegen,35,17.5
Item_Rice,Rice,Consumables/Foodstuffs,1,Recipe_OnigiriFlesh_5 1,cooking,Item_Onigiri,Onigiri,2,Stat_HealthRegen,35,17.5
Item_Rice,Rice,Consumables/Foodstuffs,2,Recipe_OnigiriFlesh_5 2,cooking,Item_Onigiri,Onigiri,2,Stat_HealthRegen,35,17.5
Item_Rice,Rice,Consumables/Foodstuffs,2,Recipe_OnigiriFlesh_5 3,cooking,Item_Onigiri,Onigiri,2,Stat_HealthRegen,35,17.5
Item_Rice,Rice,Consumables/Foodstuffs,1,Recipe_OnigiriFlesh_6,cooking,Item_Onigiri,Onigiri,2,Stat_HealthRegen,35,17.5
Item_Rice,Rice,Consumables/Foodstuffs,1,Recipe_OnigiriFlesh_6 1,cooking,Item_Onigiri,Onigiri,2,Stat_HealthRegen,35,17.5
Item_Rice,Rice,Consumables/Foodstuffs,2,Recipe_OnigiriFlesh_6 2,cooking,Item_Onigiri,Onigiri,2,Stat_HealthRegen,35,17.5
Item_Rice,Rice,Consumables/Foodstuffs,2,Recipe_OnigiriFlesh_6 3,cooking,Item_Onigiri,Onigiri,2,Stat_HealthRegen,35,17.5
Item_Rice,Rice,Consumables/Foodstuffs,2,Recipe_RiceCakes_1,cooking,Item_RiceCake,Puffed Rice Cakes,1,Stat_HealthRegen,15,15.0
Item_Rice,Rice,Consumables/Foodstuffs,1,Recipe_RiceCakes_2,cooking,Item_RiceCake,Puffed Rice Cakes,1,Stat_HealthRegen,15,15.0
Item_Rice,Rice,Consumables/Foodstuffs,2,Recipe_RiceCakes_2 1,cooking,Item_RiceCake,Puffed Rice Cakes,1,Stat_HealthRegen,15,15.0
Item_Rice,Rice,Consumables/Foodstuffs,1,Recipe_RiceCakes_2 2,cooking,Item_RiceCake,Puffed Rice Cakes,1,Stat_HealthRegen,15,15.0
Item_Rice,Rice,Consumables/Foodstuffs,2,Recipe_RiceCakes_2 3,cooking,Item_RiceCake,Puffed Rice Cakes,1,Stat_HealthRegen,15,15.0
Item_Rice,Rice,Consumables/Foodstuffs,1,Recipe_Risgrynsgrot,cooking,Item_Risgrynsgrot,Risgrynsgröt,2,Stat_HealthRegen,18,9.0
Item_Rice,Rice,Consumables/Foodstuffs,1,Recipe_Risgrynsgrot 1,cooking,Item_Risgrynsgrot,Risgrynsgröt,2,Stat_HealthRegen,18,9.0
Item_Rice,Rice,Consumables/Foodstuffs,1,Recipe_Risgrynsgrot 2,cooking,Item_Risgrynsgrot,Risgrynsgröt,2,Stat_HealthRegen,18,9.0
Item_Rice,Rice,Consumables/Foodstuffs,1,Recipe_Risgrynsgrot 3,cooking,Item_Risgrynsgrot,Risgrynsgröt,2,Stat_HealthRegen,18,9.0
Item_Rice,Rice,Consumables/Foodstuffs,1,Recipe_Risgrynsgrot 4,cooking,Item_Risgrynsgrot,Risgrynsgröt,2,Stat_HealthRegen,18,9.0
Item_Rice,Rice,Consumables/Foodstuffs,1,Recipe_Risgrynsgrot 5,cooking,Item_Risgrynsgrot,Risgrynsgröt,2,Stat_HealthRegen,18,9.0
Item_Rice,Rice,Consumables/Foodstuffs,1,Recipe_Risgrynsgrot 6,cooking,Item_Risgrynsgrot,Risgrynsgröt,2,Stat_HealthRegen,18,9.0
Item_Rice,Rice,Consumables/Foodstuffs,1,Recipe_Unagi 1,cooking,Item_Unagi,Unagi,2,Resistance_Electric,100,50.0
Item_Rice,Rice,Consumables/Foodstuffs,1,Recipe_Unagi 2,cooking,Item_Unagi,Unagi,2,Resistance_Electric,100,50.0
Item_Rice,Rice,Consumables/Foodstuffs,1,Recipe_Unagi 3,cooking,Item_Unagi,Unagi,2,Resistance_Electric,100,50.0
Item_Rice,Rice,Consumables/Foodstuffs,2,Recipe_Unagi 4,cooking,Item_Unagi,Unagi,2,Resistance_Electric,100,50.0
Item_Rice,Rice,Consumables/Foodstuffs,2,Recipe_Unagi 5,cooking,Item_Unagi,Unagi,2,Resistance_Electric,100,50.0
Item_Rice,Rice,Consumables/Foodstuffs,2,Recipe_Unagi 6,cooking,Item_Unagi,Unagi,2,Resistance_Electric,100,50.0
Item_Rice,Rice,Consumables/Foodstuffs,1,Recipe_Unagi 7,cooking,Item_Unagi,Unagi,2,Resistance_Electric,100,50.0
Item_Rice,Rice,Consumables/Foodstuffs,2,Recipe_Unagi 8,cooking,Item_Unagi,Unagi,2,Resistance_Electric,100,50.0
Item_Risgrynsgrot,Risgrynsgröt,Consumables/Foodstuffs/Christmas,1,Recipe_Risalamalta,cooking,Item_Risalamalta,Ris à la Malta,1,Stat_HealthRegen,25,25.0
Item_Risgrynsgrot,Risgrynsgröt,Consumables/Foodstuffs/Christmas,1,Recipe_Risalamalta 1,cooking,Item_Risalamalta,Ris à la Malta,1,Stat_HealthRegen,25,25.0
Item_Risgrynsgrot,Risgrynsgröt,Consumables/Foodstuffs/Christmas,1,Recipe_Risalamalta 2,cooking,Item_Risalamalta,Ris à la Malta,1,Stat_HealthRegen,25,25.0
Item_RobotHydraul,Robot hydraul,Organs/Robot,1,Recipe_MetalScrap_1,generic,Item_MetalScrap,Metal Scrap,1,,0,0.0
Item_RobotJoint,Robot joint pneumatic,Organs/Robot,1,Recipe_MetalScrap_2,generic,Item_MetalScrap,Metal Scrap,1,,0,0.0
Item_RobotPlate,Robot plate,Organs/Robot,1,Recipe_MetalScrap_3,generic,Item_MetalScrap,Metal Scrap,1,,0,0.0
Item_RobotSeptacoil,Robot septacoil,Organs/Robot,1,Recipe_MetalScrap_4,generic,Item_MetalScrap,Metal Scrap,1,,0,0.0
Item_RobotSeptacoil,Robot septacoil,Organs/Robot,1,Recipe_SpringCoilBoots_1,generic,Item_SpringCoilBoots,Springcoil Boot,4,,0,0.0
Item_RobotSoulCapsule,Robot soul capsule,Organs/Robot,1,Recipe_MetalScrap_5,generic,Item_MetalScrap,Metal Scrap,1,,0,0.0
Item_Rock,Rock,Misc,1,Recipe_CottonSwab_1,cooking,Item_CottonSwab,Cotton Swabs,1,,0,0.0
Item_Rock,Rock,Misc,1,Recipe_CottonSwab_2,cooking,Item_CottonSwab,Cotton Swabs,1,,0,0.0
Item_Rock,Rock,Misc,1,Recipe_GreenGlob,cooking,Item_GreenGlob,Green Glob,1,,0,0.0
Item_Rock,Rock,Misc,1,Recipe_KidneyStone_2,cooking,Item_KidneyStone,Kidney Stone,1,Stat_HealthRegen,5,5.0
Item_Rock,Rock,Misc,1,Recipe_Leverpastej_4,cooking,Item_Leverpastej,Leverpastej,2,Stat_HealthRegen,20,10.0
Item_Rock,Rock,Misc,1,Recipe_MashedPotatoes_1,cooking,Item_MashedPotatoes,Mashed Potatoes,2,Stat_HealthRegen,30,15.0
Item_Rock,Rock,Misc,1,Recipe_NutSpreadHaz_1,cooking,Item_NutSpread,Nut Spread,4,Stat_HealthRegen,40,10.0
Item_Rock,Rock,Misc,1,Recipe_NutSpreadHaz_1 1,cooking,Item_NutSpread,Nut Spread,4,Stat_HealthRegen,40,10.0
Item_Rock,Rock,Misc,1,Recipe_NutSpreadHaz_1 2,cooking,Item_NutSpread,Nut Spread,4,Stat_HealthRegen,40,10.0
Item_Rock,Rock,Misc,1,Recipe_NutSpreadHaz_1 3,cooking,Item_NutSpread,Nut Spread,4,Stat_HealthRegen,40,10.0
Item_Rock,Rock,Misc,1,Recipe_NutSpreadHaz_1 4,cooking,Item_NutSpread,Nut Spread,4,Stat_HealthRegen,40,10.0
Item_Rock,Rock,Misc,1,Recipe_NutSpreadHaz_1 5,cooking,Item_NutSpread,Nut Spread,4,Stat_HealthRegen,40,10.0
Item_Rock,Rock,Misc,1,Recipe_NutSpreadHaz_1 6,cooking,Item_NutSpread,Nut Spread,4,Stat_HealthRegen,40,10.0
Item_Rock,Rock,Misc,1,Recipe_NutSpreadPinenut_1 14,cooking,Item_NutSpread,Nut Spread,4,Stat_HealthRegen,40,10.0
Item_Rock,Rock,Misc,1,Recipe_NutSpreadPinenut_1 15,cooking,Item_NutSpread,Nut Spread,4,Stat_HealthRegen,40,10.0
Item_Rock,Rock,Misc,1,Recipe_NutSpreadPinenut_1 16,cooking,Item_NutSpread,Nut Spread,4,Stat_HealthRegen,40,10.0
Item_Rock,Rock,Misc,1,Recipe_NutSpreadPinenut_1 17,cooking,Item_NutSpread,Nut Spread,4,Stat_HealthRegen,40,10.0
Item_Rock,Rock,Misc,1,Recipe_NutSpreadPinenut_1 18,cooking,Item_NutSpread,Nut Spread,4,Stat_HealthRegen,40,10.0
Item_Rock,Rock,Misc,1,Recipe_NutSpreadPinenut_1 19,cooking,Item_NutSpread,Nut Spread,4,Stat_HealthRegen,40,10.0
Item_Rock,Rock,Misc,1,Recipe_NutSpreadPinenut_1 20,cooking,Item_NutSpread,Nut Spread,4,Stat_HealthRegen,40,10.0
Item_Rock,Rock,Misc,1,Recipe_NutSpreadWalnut_1 10,cooking,Item_NutSpread,Nut Spread,4,Stat_HealthRegen,40,10.0
Item_Rock,Rock,Misc,1,Recipe_NutSpreadWalnut_1 11,cooking,Item_NutSpread,Nut Spread,4,Stat_HealthRegen,40,10.0
Item_Rock,Rock,Misc,1,Recipe_NutSpreadWalnut_1 12,cooking,Item_NutSpread,Nut Spread,4,Stat_HealthRegen,40,10.0
Item_Rock,Rock,Misc,1,Recipe_NutSpreadWalnut_1 13,cooking,Item_NutSpread,Nut Spread,4,Stat_HealthRegen,40,10.0
Item_Rock,Rock,Misc,1,Recipe_NutSpreadWalnut_1 7,cooking,Item_NutSpread,Nut Spread,4,Stat_HealthRegen,40,10.0
Item_Rock,Rock,Misc,1,Recipe_NutSpreadWalnut_1 8,cooking,Item_NutSpread,Nut Spread,4,Stat_HealthRegen,40,10.0
Item_Rock,Rock,Misc,1,Recipe_NutSpreadWalnut_1 9,cooking,Item_NutSpread,Nut Spread,4,Stat_HealthRegen,40,10.0
Item_Rock,Rock,Misc,1,Recipe_NutSpread_5 1,cooking,Item_NutSpread,Nut Spread,4,Stat_HealthRegen,40,10.0
Item_Rock,Rock,Misc,1,Recipe_NutSpread_MIXED_Three_17,cooking,Item_NutSpread,Nut Spread,4,Stat_HealthRegen,40,10.0
Item_Rock,Rock,Misc,1,Recipe_NutSpread_MIXED_Three_18,cooking,Item_NutSpread,Nut Spread,4,Stat_HealthRegen,40,10.0
Item_Rock,Rock,Misc,1,Recipe_NutSpread_MIXED_Three_19,cooking,Item_NutSpread,Nut Spread,4,Stat_HealthRegen,40,10.0
Item_Rock,Rock,Misc,1,Recipe_NutSpread_MIXED_Three_20,cooking,Item_NutSpread,Nut Spread,4,Stat_HealthRegen,40,10.0
Item_Rock,Rock,Misc,1,Recipe_NutSpread_MIXED_Three_22,cooking,Item_NutSpread,Nut Spread,4,Stat_HealthRegen,40,10.0
Item_Rock,Rock,Misc,1,Recipe_NutSpread_MIXED_Three_23,cooking,Item_NutSpread,Nut Spread,4,Stat_HealthRegen,40,10.0
Item_Rock,Rock,Misc,1,Recipe_NutSpread_MIXED_Three_24,cooking,Item_NutSpread,Nut Spread,4,Stat_HealthRegen,40,10.0
Item_Rock,Rock,Misc,1,Recipe_NutSpread_MIXED_Three_25,cooking,Item_NutSpread,Nut Spread,4,Stat_HealthRegen,40,10.0
Item_Rock,Rock,Misc,1,Recipe_NutSpread_MIXED_Three_27,cooking,Item_NutSpread,Nut Spread,4,Stat_HealthRegen,40,10.0
Item_Rock,Rock,Misc,1,Recipe_NutSpread_MIXED_Three_28,cooking,Item_NutSpread,Nut Spread,4,Stat_HealthRegen,40,10.0
Item_Rock,Rock,Misc,1,Recipe_NutSpread_MIXED_Three_29,cooking,Item_NutSpread,Nut Spread,4,Stat_HealthRegen,40,10.0
Item_Rock,Rock,Misc,1,Recipe_NutSpread_MIXED_Three_30,cooking,Item_NutSpread,Nut Spread,4,Stat_HealthRegen,40,10.0
Item_Rock,Rock,Misc,1,Recipe_PeanutButter_2 1,cooking,Item_PeanutButter,Peanut Butter,4,Stat_HealthRegen,45,11.25
Item_Rock,Rock,Misc,1,Recipe_Polsa_10,cooking,Item_Polsa,Pölsa,2,Stat_HealthRegen,20,10.0
Item_Rock,Rock,Misc,1,Recipe_RedsoppPaste,generic,Item_RodsoppPaste,Rödsopp Paste,2,Stat_SlowMotion,8,4.0
Item_Rock,Rock,Misc,1,Recipe_RhubarbSauce_2,cooking,Item_RhubarbSauce,Rhubarb Sauce,2,Stat_HealthRegen,20,10.0
Item_Rock,Rock,Misc,1,Recipe_RhubarbSauce_3,cooking,Item_RhubarbSauce,Rhubarb Sauce,2,Stat_HealthRegen,20,10.0
Item_Rock,Rock,Misc,1,Recipe_SpiceMix 2,cooking,Item_SpiceMix,Spice Mix,1,,0,0.0
Item_Rock,Rock,Misc,1,Recipe_ThrowingKnife_1 1,generic,Weapon_ThrowingKnives,Throwing Knives,2,,0,0.0
Item_Rock,Rock,Misc,1,Recipe_ThrowingKnife_1 2,generic,Weapon_ThrowingKnives,Throwing Knives,2,,0,0.0
Item_Rock,Rock,Misc,1,Recipe_ThrowingKnife_1 3,generic,Weapon_ThrowingKnives,Throwing Knives,2,,0,0.0
Item_Rodsopp,Rödsopp,Consumables/Foodstuffs,1,Recipe_FullEnglishBreakfast_1 10,cooking,Item_FullEnglishBreakfast,Full English Breakfast,2,Stat_HealthRegen,35,17.5
Item_Rodsopp,Rödsopp,Consumables/Foodstuffs,2,Recipe_FullEnglishBreakfast_1 14,cooking,Item_FullEnglishBreakfast,Full English Breakfast,2,Stat_HealthRegen,35,17.5
Item_Rodsopp,Rödsopp,Consumables/Foodstuffs,2,Recipe_FullEnglishBreakfast_1 18,cooking,Item_FullEnglishBreakfast,Full English Breakfast,2,Stat_HealthRegen,35,17.5
Item_Rodsopp,Rödsopp,Consumables/Foodstuffs,1,Recipe_FullEnglishBreakfast_1 2,cooking,Item_FullEnglishBreakfast,Full English Breakfast,2,Stat_HealthRegen,35,17.5
Item_Rodsopp,Rödsopp,Consumables/Foodstuffs,2,Recipe_FullEnglishBreakfast_1 22,cooking,Item_FullEnglishBreakfast,Full English Breakfast,2,Stat_HealthRegen,35,17.5
Item_Rodsopp,Rödsopp,Consumables/Foodstuffs,2,Recipe_FullEnglishBreakfast_1 26,cooking,Item_FullEnglishBreakfast,Full English Breakfast,2,Stat_HealthRegen,35,17.5
Item_Rodsopp,Rödsopp,Consumables/Foodstuffs,3,Recipe_FullEnglishBreakfast_1 30,cooking,Item_FullEnglishBreakfast,Full English Breakfast,2,Stat_HealthRegen,35,17.5
Item_Rodsopp,Rödsopp,Consumables/Foodstuffs,3,Recipe_FullEnglishBreakfast_1 34,cooking,Item_FullEnglishBreakfast,Full English Breakfast,2,Stat_HealthRegen,35,17.5
Item_Rodsopp,Rödsopp,Consumables/Foodstuffs,3,Recipe_FullEnglishBreakfast_1 38,cooking,Item_FullEnglishBreakfast,Full English Breakfast,2,Stat_HealthRegen,35,17.5
Item_Rodsopp,Rödsopp,Consumables/Foodstuffs,3,Recipe_FullEnglishBreakfast_1 42,cooking,Item_FullEnglishBreakfast,Full English Breakfast,2,Stat_HealthRegen,35,17.5
Item_Rodsopp,Rödsopp,Consumables/Foodstuffs,2,Recipe_FullEnglishBreakfast_1 46,cooking,Item_FullEnglishBreakfast,Full English Breakfast,2,Stat_HealthRegen,35,17.5
Item_Rodsopp,Rödsopp,Consumables/Foodstuffs,2,Recipe_FullEnglishBreakfast_1 50,cooking,Item_FullEnglishBreakfast,Full English Breakfast,2,Stat_HealthRegen,35,17.5
Item_Rodsopp,Rödsopp,Consumables/Foodstuffs,2,Recipe_FullEnglishBreakfast_1 6,cooking,Item_FullEnglishBreakfast,Full English Breakfast,2,Stat_HealthRegen,35,17.5
Item_Rodsopp,Rödsopp,Consumables/Foodstuffs,9,Recipe_HealthPotion_3,cooking,Item_HealthPotion,Health Potion,1,Stat_HealthRegen,80,80.0
Item_Rodsopp,Rödsopp,Consumables/Foodstuffs,3,Recipe_HealthPotion_4,cooking,Item_HealthPotion,Health Potion,1,Stat_HealthRegen,80,80.0
Item_Rodsopp,Rödsopp,Consumables/Foodstuffs,1,Recipe_HealthPotion_5,cooking,Item_HealthPotion,Health Potion,1,Stat_HealthRegen,80,80.0
Item_Rodsopp,Rödsopp,Consumables/Foodstuffs,1,Recipe_Hotpot,cooking,Item_HotPot,Hot Pot,6,Stat_HealthRegen,50,8.3333
Item_Rodsopp,Rödsopp,Consumables/Foodstuffs,1,Recipe_Hotpot 1,cooking,Item_HotPot,Hot Pot,6,Stat_HealthRegen,50,8.3333
Item_Rodsopp,Rödsopp,Consumables/Foodstuffs,1,Recipe_Hotpot 10,cooking,Item_HotPot,Hot Pot,6,Stat_HealthRegen,50,8.3333
Item_Rodsopp,Rödsopp,Consumables/Foodstuffs,1,Recipe_Hotpot 11,cooking,Item_HotPot,Hot Pot,6,Stat_HealthRegen,50,8.3333
Item_Rodsopp,Rödsopp,Consumables/Foodstuffs,1,Recipe_Hotpot 12,cooking,Item_HotPot,Hot Pot,6,Stat_HealthRegen,50,8.3333
Item_Rodsopp,Rödsopp,Consumables/Foodstuffs,1,Recipe_Hotpot 13,cooking,Item_HotPot,Hot Pot,6,Stat_HealthRegen,50,8.3333
Item_Rodsopp,Rödsopp,Consumables/Foodstuffs,1,Recipe_Hotpot 14,cooking,Item_HotPot,Hot Pot,6,Stat_HealthRegen,50,8.3333
Item_Rodsopp,Rödsopp,Consumables/Foodstuffs,1,Recipe_Hotpot 15,cooking,Item_HotPot,Hot Pot,6,Stat_HealthRegen,50,8.3333
Item_Rodsopp,Rödsopp,Consumables/Foodstuffs,1,Recipe_Hotpot 16,cooking,Item_HotPot,Hot Pot,6,Stat_HealthRegen,50,8.3333
Item_Rodsopp,Rödsopp,Consumables/Foodstuffs,1,Recipe_Hotpot 17,cooking,Item_HotPot,Hot Pot,6,Stat_HealthRegen,50,8.3333
Item_Rodsopp,Rödsopp,Consumables/Foodstuffs,1,Recipe_Hotpot 18,cooking,Item_HotPot,Hot Pot,6,Stat_HealthRegen,50,8.3333
Item_Rodsopp,Rödsopp,Consumables/Foodstuffs,1,Recipe_Hotpot 19,cooking,Item_HotPot,Hot Pot,6,Stat_HealthRegen,50,8.3333
Item_Rodsopp,Rödsopp,Consumables/Foodstuffs,1,Recipe_Hotpot 2,cooking,Item_HotPot,Hot Pot,6,Stat_HealthRegen,50,8.3333
Item_Rodsopp,Rödsopp,Consumables/Foodstuffs,1,Recipe_Hotpot 20,cooking,Item_HotPot,Hot Pot,6,Stat_HealthRegen,50,8.3333
Item_Rodsopp,Rödsopp,Consumables/Foodstuffs,1,Recipe_Hotpot 21,cooking,Item_HotPot,Hot Pot,6,Stat_HealthRegen,50,8.3333
Item_Rodsopp,Rödsopp,Consumables/Foodstuffs,1,Recipe_Hotpot 22,cooking,Item_HotPot,Hot Pot,6,Stat_HealthRegen,50,8.3333
Item_Rodsopp,Rödsopp,Consumables/Foodstuffs,1,Recipe_Hotpot 23,cooking,Item_HotPot,Hot Pot,6,Stat_HealthRegen,50,8.3333
Item_Rodsopp,Rödsopp,Consumables/Foodstuffs,2,Recipe_Hotpot 24,cooking,Item_HotPot,Hot Pot,6,Stat_HealthRegen,50,8.3333
Item_Rodsopp,Rödsopp,Consumables/Foodstuffs,2,Recipe_Hotpot 25,cooking,Item_HotPot,Hot Pot,6,Stat_HealthRegen,50,8.3333
Item_Rodsopp,Rödsopp,Consumables/Foodstuffs,2,Recipe_Hotpot 26,cooking,Item_HotPot,Hot Pot,6,Stat_HealthRegen,50,8.3333
Item_Rodsopp,Rödsopp,Consumables/Foodstuffs,2,Recipe_Hotpot 27,cooking,Item_HotPot,Hot Pot,6,Stat_HealthRegen,50,8.3333
Item_Rodsopp,Rödsopp,Consumables/Foodstuffs,2,Recipe_Hotpot 28,cooking,Item_HotPot,Hot Pot,6,Stat_HealthRegen,50,8.3333
Item_Rodsopp,Rödsopp,Consumables/Foodstuffs,2,Recipe_Hotpot 29,cooking,Item_HotPot,Hot Pot,6,Stat_HealthRegen,50,8.3333
Item_Rodsopp,Rödsopp,Consumables/Foodstuffs,1,Recipe_Hotpot 3,cooking,Item_HotPot,Hot Pot,6,Stat_HealthRegen,50,8.3333
Item_Rodsopp,Rödsopp,Consumables/Foodstuffs,1,Recipe_Hotpot 30,cooking,Item_HotPot,Hot Pot,6,Stat_HealthRegen,50,8.3333
Item_Rodsopp,Rödsopp,Consumables/Foodstuffs,1,Recipe_Hotpot 31,cooking,Item_HotPot,Hot Pot,6,Stat_HealthRegen,50,8.3333
Item_Rodsopp,Rödsopp,Consumables/Foodstuffs,1,Recipe_Hotpot 32,cooking,Item_HotPot,Hot Pot,6,Stat_HealthRegen,50,8.3333
Item_Rodsopp,Rödsopp,Consumables/Foodstuffs,1,Recipe_Hotpot 33,cooking,Item_HotPot,Hot Pot,6,Stat_HealthRegen,50,8.3333
Item_Rodsopp,Rödsopp,Consumables/Foodstuffs,1,Recipe_Hotpot 34,cooking,Item_HotPot,Hot Pot,6,Stat_HealthRegen,50,8.3333
Item_Rodsopp,Rödsopp,Consumables/Foodstuffs,1,Recipe_Hotpot 35,cooking,Item_HotPot,Hot Pot,6,Stat_HealthRegen,50,8.3333
Item_Rodsopp,Rödsopp,Consumables/Foodstuffs,2,Recipe_Hotpot 36,cooking,Item_HotPot,Hot Pot,6,Stat_HealthRegen,50,8.3333
Item_Rodsopp,Rödsopp,Consumables/Foodstuffs,2,Recipe_Hotpot 37,cooking,Item_HotPot,Hot Pot,6,Stat_HealthRegen,50,8.3333
Item_Rodsopp,Rödsopp,Consumables/Foodstuffs,2,Recipe_Hotpot 38,cooking,Item_HotPot,Hot Pot,6,Stat_HealthRegen,50,8.3333
Item_Rodsopp,Rödsopp,Consumables/Foodstuffs,2,Recipe_Hotpot 39,cooking,Item_HotPot,Hot Pot,6,Stat_HealthRegen,50,8.3333
Item_Rodsopp,Rödsopp,Consumables/Foodstuffs,1,Recipe_Hotpot 4,cooking,Item_HotPot,Hot Pot,6,Stat_HealthRegen,50,8.3333
Item_Rodsopp,Rödsopp,Consumables/Foodstuffs,2,Recipe_Hotpot 40,cooking,Item_HotPot,Hot Pot,6,Stat_HealthRegen,50,8.3333
Item_Rodsopp,Rödsopp,Consumables/Foodstuffs,2,Recipe_Hotpot 41,cooking,Item_HotPot,Hot Pot,6,Stat_HealthRegen,50,8.3333
Item_Rodsopp,Rödsopp,Consumables/Foodstuffs,1,Recipe_Hotpot 42,cooking,Item_HotPot,Hot Pot,6,Stat_HealthRegen,50,8.3333
Item_Rodsopp,Rödsopp,Consumables/Foodstuffs,1,Recipe_Hotpot 43,cooking,Item_HotPot,Hot Pot,6,Stat_HealthRegen,50,8.3333
Item_Rodsopp,Rödsopp,Consumables/Foodstuffs,1,Recipe_Hotpot 44,cooking,Item_HotPot,Hot Pot,6,Stat_HealthRegen,50,8.3333
Item_Rodsopp,Rödsopp,Consumables/Foodstuffs,1,Recipe_Hotpot 45,cooking,Item_HotPot,Hot Pot,6,Stat_HealthRegen,50,8.3333
Item_Rodsopp,Rödsopp,Consumables/Foodstuffs,1,Recipe_Hotpot 46,cooking,Item_HotPot,Hot Pot,6,Stat_HealthRegen,50,8.3333
Item_Rodsopp,Rödsopp,Consumables/Foodstuffs,1,Recipe_Hotpot 47,cooking,Item_HotPot,Hot Pot,6,Stat_HealthRegen,50,8.3333
Item_Rodsopp,Rödsopp,Consumables/Foodstuffs,1,Recipe_Hotpot 48,cooking,Item_HotPot,Hot Pot,6,Stat_HealthRegen,50,8.3333
Item_Rodsopp,Rödsopp,Consumables/Foodstuffs,1,Recipe_Hotpot 49,cooking,Item_HotPot,Hot Pot,6,Stat_HealthRegen,50,8.3333
Item_Rodsopp,Rödsopp,Consumables/Foodstuffs,1,Recipe_Hotpot 5,cooking,Item_HotPot,Hot Pot,6,Stat_HealthRegen,50,8.3333
Item_Rodsopp,Rödsopp,Consumables/Foodstuffs,1,Recipe_Hotpot 50,cooking,Item_HotPot,Hot Pot,6,Stat_HealthRegen,50,8.3333
Item_Rodsopp,Rödsopp,Consumables/Foodstuffs,1,Recipe_Hotpot 51,cooking,Item_HotPot,Hot Pot,6,Stat_HealthRegen,50,8.3333
Item_Rodsopp,Rödsopp,Consumables/Foodstuffs,1,Recipe_Hotpot 52,cooking,Item_HotPot,Hot Pot,6,Stat_HealthRegen,50,8.3333
Item_Rodsopp,Rödsopp,Consumables/Foodstuffs,1,Recipe_Hotpot 53,cooking,Item_HotPot,Hot Pot,6,Stat_HealthRegen,50,8.3333
Item_Rodsopp,Rödsopp,Consumables/Foodstuffs,1,Recipe_Hotpot 54,cooking,Item_HotPot,Hot Pot,6,Stat_HealthRegen,50,8.3333
Item_Rodsopp,Rödsopp,Consumables/Foodstuffs,1,Recipe_Hotpot 55,cooking,Item_HotPot,Hot Pot,6,Stat_HealthRegen,50,8.3333
Item_Rodsopp,Rödsopp,Consumables/Foodstuffs,1,Recipe_Hotpot 56,cooking,Item_HotPot,Hot Pot,6,Stat_HealthRegen,50,8.3333
Item_Rodsopp,Rödsopp,Consumables/Foodstuffs,1,Recipe_Hotpot 57,cooking,Item_HotPot,Hot Pot,6,Stat_HealthRegen,50,8.3333
Item_Rodsopp,Rödsopp,Consumables/Foodstuffs,1,Recipe_Hotpot 58,cooking,Item_HotPot,Hot Pot,6,Stat_HealthRegen,50,8.3333
Item_Rodsopp,Rödsopp,Consumables/Foodstuffs,1,Recipe_Hotpot 59,cooking,Item_HotPot,Hot Pot,6,Stat_HealthRegen,50,8.3333
Item_Rodsopp,Rödsopp,Consumables/Foodstuffs,1,Recipe_Hotpot 6,cooking,Item_HotPot,Hot Pot,6,Stat_HealthRegen,50,8.3333
Item_Rodsopp,Rödsopp,Consumables/Foodstuffs,1,Recipe_Hotpot 60,cooking,Item_HotPot,Hot Pot,6,Stat_HealthRegen,50,8.3333
Item_Rodsopp,Rödsopp,Consumables/Foodstuffs,1,Recipe_Hotpot 61,cooking,Item_HotPot,Hot Pot,6,Stat_HealthRegen,50,8.3333
Item_Rodsopp,Rödsopp,Consumables/Foodstuffs,1,Recipe_Hotpot 62,cooking,Item_HotPot,Hot Pot,6,Stat_HealthRegen,50,8.3333
Item_Rodsopp,Rödsopp,Consumables/Foodstuffs,1,Recipe_Hotpot 63,cooking,Item_HotPot,Hot Pot,6,Stat_HealthRegen,50,8.3333
Item_Rodsopp,Rödsopp,Consumables/Foodstuffs,1,Recipe_Hotpot 64,cooking,Item_HotPot,Hot Pot,6,Stat_HealthRegen,50,8.3333
Item_Rodsopp,Rödsopp,Consumables/Foodstuffs,1,Recipe_Hotpot 65,cooking,Item_HotPot,Hot Pot,6,Stat_HealthRegen,50,8.3333
Item_Rodsopp,Rödsopp,Consumables/Foodstuffs,1,Recipe_Hotpot 66,cooking,Item_HotPot,Hot Pot,6,Stat_HealthRegen,50,8.3333
Item_Rodsopp,Rödsopp,Consumables/Foodstuffs,1,Recipe_Hotpot 67,cooking,Item_HotPot,Hot Pot,6,Stat_HealthRegen,50,8.3333
Item_Rodsopp,Rödsopp,Consumables/Foodstuffs,1,Recipe_Hotpot 68,cooking,Item_HotPot,Hot Pot,6,Stat_HealthRegen,50,8.3333
Item_Rodsopp,Rödsopp,Consumables/Foodstuffs,1,Recipe_Hotpot 69,cooking,Item_HotPot,Hot Pot,6,Stat_HealthRegen,50,8.3333
Item_Rodsopp,Rödsopp,Consumables/Foodstuffs,1,Recipe_Hotpot 7,cooking,Item_HotPot,Hot Pot,6,Stat_HealthRegen,50,8.3333
Item_Rodsopp,Rödsopp,Consumables/Foodstuffs,1,Recipe_Hotpot 70,cooking,Item_HotPot,Hot Pot,6,Stat_HealthRegen,50,8.3333
Item_Rodsopp,Rödsopp,Consumables/Foodstuffs,1,Recipe_Hotpot 71,cooking,Item_HotPot,Hot Pot,6,Stat_HealthRegen,50,8.3333
Item_Rodsopp,Rödsopp,Consumables/Foodstuffs,2,Recipe_Hotpot 72,cooking,Item_HotPot,Hot Pot,6,Stat_HealthRegen,50,8.3333
Item_Rodsopp,Rödsopp,Consumables/Foodstuffs,2,Recipe_Hotpot 73,cooking,Item_HotPot,Hot Pot,6,Stat_HealthRegen,50,8.3333
Item_Rodsopp,Rödsopp,Consumables/Foodstuffs,2,Recipe_Hotpot 74,cooking,Item_HotPot,Hot Pot,6,Stat_HealthRegen,50,8.3333
Item_Rodsopp,Rödsopp,Consumables/Foodstuffs,2,Recipe_Hotpot 75,cooking,Item_HotPot,Hot Pot,6,Stat_HealthRegen,50,8.3333
Item_Rodsopp,Rödsopp,Consumables/Foodstuffs,2,Recipe_Hotpot 76,cooking,Item_HotPot,Hot Pot,6,Stat_HealthRegen,50,8.3333
Item_Rodsopp,Rödsopp,Consumables/Foodstuffs,2,Recipe_Hotpot 77,cooking,Item_HotPot,Hot Pot,6,Stat_HealthRegen,50,8.3333
Item_Rodsopp,Rödsopp,Consumables/Foodstuffs,2,Recipe_Hotpot 78,cooking,Item_HotPot,Hot Pot,6,Stat_HealthRegen,50,8.3333
Item_Rodsopp,Rödsopp,Consumables/Foodstuffs,2,Recipe_Hotpot 79,cooking,Item_HotPot,Hot Pot,6,Stat_HealthRegen,50,8.3333
Item_Rodsopp,Rödsopp,Consumables/Foodstuffs,1,Recipe_Hotpot 8,cooking,Item_HotPot,Hot Pot,6,Stat_HealthRegen,50,8.3333
Item_Rodsopp,Rödsopp,Consumables/Foodstuffs,2,Recipe_Hotpot 80,cooking,Item_HotPot,Hot Pot,6,Stat_HealthRegen,50,8.3333
Item_Rodsopp,Rödsopp,Consumables/Foodstuffs,2,Recipe_Hotpot 81,cooking,Item_HotPot,Hot Pot,6,Stat_HealthRegen,50,8.3333
Item_Rodsopp,Rödsopp,Consumables/Foodstuffs,2,Recipe_Hotpot 82,cooking,Item_HotPot,Hot Pot,6,Stat_HealthRegen,50,8.3333
Item_Rodsopp,Rödsopp,Consumables/Foodstuffs,2,Recipe_Hotpot 83,cooking,Item_HotPot,Hot Pot,6,Stat_HealthRegen,50,8.3333
Item_Rodsopp,Rödsopp,Consumables/Foodstuffs,2,Recipe_Hotpot 84,cooking,Item_HotPot,Hot Pot,6,Stat_HealthRegen,50,8.3333
Item_Rodsopp,Rödsopp,Consumables/Foodstuffs,2,Recipe_Hotpot 85,cooking,Item_HotPot,Hot Pot,6,Stat_HealthRegen,50,8.3333
Item_Rodsopp,Rödsopp,Consumables/Foodstuffs,2,Recipe_Hotpot 86,cooking,Item_HotPot,Hot Pot,6,Stat_HealthRegen,50,8.3333
Item_Rodsopp,Rödsopp,Consumables/Foodstuffs,2,Recipe_Hotpot 87,cooking,Item_HotPot,Hot Pot,6,Stat_HealthRegen,50,8.3333
Item_Rodsopp,Rödsopp,Consumables/Foodstuffs,2,Recipe_Hotpot 88,cooking,Item_HotPot,Hot Pot,6,Stat_HealthRegen,50,8.3333
Item_Rodsopp,Rödsopp,Consumables/Foodstuffs,2,Recipe_Hotpot 89,cooking,Item_HotPot,Hot Pot,6,Stat_HealthRegen,50,8.3333
Item_Rodsopp,Rödsopp,Consumables/Foodstuffs,1,Recipe_Hotpot 9,cooking,Item_HotPot,Hot Pot,6,Stat_HealthRegen,50,8.3333
Item_Rodsopp,Rödsopp,Consumables/Foodstuffs,2,Recipe_Hotpot 90,cooking,Item_HotPot,Hot Pot,6,Stat_HealthRegen,50,8.3333
Item_Rodsopp,Rödsopp,Consumables/Foodstuffs,2,Recipe_Hotpot 91,cooking,Item_HotPot,Hot Pot,6,Stat_HealthRegen,50,8.3333
Item_Rodsopp,Rödsopp,Consumables/Foodstuffs,2,Recipe_Hotpot 92,cooking,Item_HotPot,Hot Pot,6,Stat_HealthRegen,50,8.3333
Item_Rodsopp,Rödsopp,Consumables/Foodstuffs,2,Recipe_Hotpot 93,cooking,Item_HotPot,Hot Pot,6,Stat_HealthRegen,50,8.3333
Item_Rodsopp,Rödsopp,Consumables/Foodstuffs,2,Recipe_Hotpot 94,cooking,Item_HotPot,Hot Pot,6,Stat_HealthRegen,50,8.3333
Item_Rodsopp,Rödsopp,Consumables/Foodstuffs,2,Recipe_Hotpot 95,cooking,Item_HotPot,Hot Pot,6,Stat_HealthRegen,50,8.3333
Item_Rodsopp,Rödsopp,Consumables/Foodstuffs,3,Recipe_MushroomOmelette_3,cooking,Item_MushroomOmelette,Mushroom Omelette,2,Stat_HealthRegen,20,10.0
Item_Rodsopp,Rödsopp,Consumables/Foodstuffs,3,Recipe_MushroomSoupBroth_4,cooking,Item_MushroomSoup,Mushroom Soup,2,Stat_HealthRegen,20,10.0
Item_Rodsopp,Rödsopp,Consumables/Foodstuffs,4,Recipe_MushroomSoupBroth_4 1,cooking,Item_MushroomSoup,Mushroom Soup,2,Stat_HealthRegen,20,10.0
Item_Rodsopp,Rödsopp,Consumables/Foodstuffs,5,Recipe_MushroomSoupBroth_4 2,cooking,Item_MushroomSoup,Mushroom Soup,2,Stat_HealthRegen,20,10.0
Item_Rodsopp,Rödsopp,Consumables/Foodstuffs,3,Recipe_MushroomSoupBroth_4 3,cooking,Item_MushroomSoup,Mushroom Soup,2,Stat_HealthRegen,20,10.0
Item_Rodsopp,Rödsopp,Consumables/Foodstuffs,4,Recipe_MushroomSoupBroth_4 4,cooking,Item_MushroomSoup,Mushroom Soup,2,Stat_HealthRegen,20,10.0
Item_Rodsopp,Rödsopp,Consumables/Foodstuffs,5,Recipe_MushroomSoupBroth_4 5,cooking,Item_MushroomSoup,Mushroom Soup,2,Stat_HealthRegen,20,10.0
Item_Rodsopp,Rödsopp,Consumables/Foodstuffs,6,Recipe_MushroomSoupBroth_5,cooking,Item_MushroomSoup,Mushroom Soup,2,Stat_HealthRegen,20,10.0
Item_Rodsopp,Rödsopp,Consumables/Foodstuffs,7,Recipe_MushroomSoupBroth_5 1,cooking,Item_MushroomSoup,Mushroom Soup,2,Stat_HealthRegen,20,10.0
Item_Rodsopp,Rödsopp,Consumables/Foodstuffs,8,Recipe_MushroomSoupBroth_5 2,cooking,Item_MushroomSoup,Mushroom Soup,2,Stat_HealthRegen,20,10.0
Item_Rodsopp,Rödsopp,Consumables/Foodstuffs,6,Recipe_MushroomSoupBroth_5 3,cooking,Item_MushroomSoup,Mushroom Soup,2,Stat_HealthRegen,20,10.0
Item_Rodsopp,Rödsopp,Consumables/Foodstuffs,7,Recipe_MushroomSoupBroth_5 4,cooking,Item_MushroomSoup,Mushroom Soup,2,Stat_HealthRegen,20,10.0
Item_Rodsopp,Rödsopp,Consumables/Foodstuffs,8,Recipe_MushroomSoupBroth_5 5,cooking,Item_MushroomSoup,Mushroom Soup,2,Stat_HealthRegen,20,10.0
Item_Rodsopp,Rödsopp,Consumables/Foodstuffs,1,Recipe_MushroomSoup_1,cooking,Item_MushroomSoup,Mushroom Soup,2,Stat_HealthRegen,20,10.0
Item_Rodsopp,Rödsopp,Consumables/Foodstuffs,1,Recipe_MushroomSoup_1 1,cooking,Item_MushroomSoup,Mushroom Soup,2,Stat_HealthRegen,20,10.0
Item_Rodsopp,Rödsopp,Consumables/Foodstuffs,1,Recipe_MushroomSoup_1 10,cooking,Item_MushroomSoup,Mushroom Soup,2,Stat_HealthRegen,20,10.0
Item_Rodsopp,Rödsopp,Consumables/Foodstuffs,1,Recipe_MushroomSoup_1 11,cooking,Item_MushroomSoup,Mushroom Soup,2,Stat_HealthRegen,20,10.0
Item_Rodsopp,Rödsopp,Consumables/Foodstuffs,1,Recipe_MushroomSoup_1 2,cooking,Item_MushroomSoup,Mushroom Soup,2,Stat_HealthRegen,20,10.0
Item_Rodsopp,Rödsopp,Consumables/Foodstuffs,1,Recipe_MushroomSoup_1 3,cooking,Item_MushroomSoup,Mushroom Soup,2,Stat_HealthRegen,20,10.0
Item_Rodsopp,Rödsopp,Consumables/Foodstuffs,1,Recipe_MushroomSoup_1 4,cooking,Item_MushroomSoup,Mushroom Soup,2,Stat_HealthRegen,20,10.0
Item_Rodsopp,Rödsopp,Consumables/Foodstuffs,1,Recipe_MushroomSoup_1 6,cooking,Item_MushroomSoup,Mushroom Soup,2,Stat_HealthRegen,20,10.0
Item_Rodsopp,Rödsopp,Consumables/Foodstuffs,1,Recipe_MushroomSoup_1 7,cooking,Item_MushroomSoup,Mushroom Soup,2,Stat_HealthRegen,20,10.0
Item_Rodsopp,Rödsopp,Consumables/Foodstuffs,1,Recipe_MushroomSoup_1 8,cooking,Item_MushroomSoup,Mushroom Soup,2,Stat_HealthRegen,20,10.0
Item_Rodsopp,Rödsopp,Consumables/Foodstuffs,3,Recipe_MushroomSoup_2,cooking,Item_MushroomSoup,Mushroom Soup,2,Stat_HealthRegen,20,10.0
Item_Rodsopp,Rödsopp,Consumables/Foodstuffs,3,Recipe_MushroomSoup_2 1,cooking,Item_MushroomSoup,Mushroom Soup,2,Stat_HealthRegen,20,10.0
Item_Rodsopp,Rödsopp,Consumables/Foodstuffs,3,Recipe_MushroomSoup_3,cooking,Item_MushroomSoup,Mushroom Soup,2,Stat_HealthRegen,20,10.0
Item_Rodsopp,Rödsopp,Consumables/Foodstuffs,3,Recipe_MushroomSoup_3 1,cooking,Item_MushroomSoup,Mushroom Soup,2,Stat_HealthRegen,20,10.0
Item_Rodsopp,Rödsopp,Consumables/Foodstuffs,3,Recipe_MushroomSoup_3 10,cooking,Item_MushroomSoup,Mushroom Soup,2,Stat_HealthRegen,20,10.0
Item_Rodsopp,Rödsopp,Consumables/Foodstuffs,2,Recipe_MushroomSoup_3 11,cooking,Item_MushroomSoup,Mushroom Soup,2,Stat_HealthRegen,20,10.0
Item_Rodsopp,Rödsopp,Consumables/Foodstuffs,1,Recipe_MushroomSoup_3 12,cooking,Item_MushroomSoup,Mushroom Soup,2,Stat_HealthRegen,20,10.0
Item_Rodsopp,Rödsopp,Consumables/Foodstuffs,2,Recipe_MushroomSoup_3 13,cooking,Item_MushroomSoup,Mushroom Soup,2,Stat_HealthRegen,20,10.0
Item_Rodsopp,Rödsopp,Consumables/Foodstuffs,1,Recipe_MushroomSoup_3 14,cooking,Item_MushroomSoup,Mushroom Soup,2,Stat_HealthRegen,20,10.0
Item_Rodsopp,Rödsopp,Consumables/Foodstuffs,2,Recipe_MushroomSoup_3 15,cooking,Item_MushroomSoup,Mushroom Soup,2,Stat_HealthRegen,20,10.0
Item_Rodsopp,Rödsopp,Consumables/Foodstuffs,3,Recipe_MushroomSoup_3 16,cooking,Item_MushroomSoup,Mushroom Soup,2,Stat_HealthRegen,20,10.0
Item_Rodsopp,Rödsopp,Consumables/Foodstuffs,3,Recipe_MushroomSoup_3 17,cooking,Item_MushroomSoup,Mushroom Soup,2,Stat_HealthRegen,20,10.0
Item_Rodsopp,Rödsopp,Consumables/Foodstuffs,3,Recipe_MushroomSoup_3 18,cooking,Item_MushroomSoup,Mushroom Soup,2,Stat_HealthRegen,20,10.0
Item_Rodsopp,Rödsopp,Consumables/Foodstuffs,2,Recipe_MushroomSoup_3 19,cooking,Item_MushroomSoup,Mushroom Soup,2,Stat_HealthRegen,20,10.0
Item_Rodsopp,Rödsopp,Consumables/Foodstuffs,3,Recipe_MushroomSoup_3 2,cooking,Item_MushroomSoup,Mushroom Soup,2,Stat_HealthRegen,20,10.0
Item_Rodsopp,Rödsopp,Consumables/Foodstuffs,1,Recipe_MushroomSoup_3 20,cooking,Item_MushroomSoup,Mushroom Soup,2,Stat_HealthRegen,20,10.0
Item_Rodsopp,Rödsopp,Consumables/Foodstuffs,2,Recipe_MushroomSoup_3 21,cooking,Item_MushroomSoup,Mushroom Soup,2,Stat_HealthRegen,20,10.0
Item_Rodsopp,Rödsopp,Consumables/Foodstuffs,1,Recipe_MushroomSoup_3 22,cooking,Item_MushroomSoup,Mushroom Soup,2,Stat_HealthRegen,20,10.0
Item_Rodsopp,Rödsopp,Consumables/Foodstuffs,2,Recipe_MushroomSoup_3 23,cooking,Item_MushroomSoup,Mushroom Soup,2,Stat_HealthRegen,20,10.0
Item_Rodsopp,Rödsopp,Consumables/Foodstuffs,3,Recipe_MushroomSoup_3 24,cooking,Item_MushroomSoup,Mushroom Soup,2,Stat_HealthRegen,20,10.0
Item_Rodsopp,Rödsopp,Consumables/Foodstuffs,2,Recipe_MushroomSoup_3 3,cooking,Item_MushroomSoup,Mushroom Soup,2,Stat_HealthRegen,20,10.0
Item_Rodsopp,Rödsopp,Consumables/Foodstuffs,3,Recipe_MushroomSoup_3 32,cooking,Item_MushroomSoup,Mushroom Soup,2,Stat_HealthRegen,20,10.0
Item_Rodsopp,Rödsopp,Consumables/Foodstuffs,1,Recipe_MushroomSoup_3 4,cooking,Item_MushroomSoup,Mushroom Soup,2,Stat_HealthRegen,20,10.0
Item_Rodsopp,Rödsopp,Consumables/Foodstuffs,2,Recipe_MushroomSoup_3 48,cooking,Item_MushroomSoup,Mushroom Soup,2,Stat_HealthRegen,20,10.0
Item_Rodsopp,Rödsopp,Consumables/Foodstuffs,1,Recipe_MushroomSoup_3 49,cooking,Item_MushroomSoup,Mushroom Soup,2,Stat_HealthRegen,20,10.0
Item_Rodsopp,Rödsopp,Consumables/Foodstuffs,2,Recipe_MushroomSoup_3 5,cooking,Item_MushroomSoup,Mushroom Soup,2,Stat_HealthRegen,20,10.0
Item_Rodsopp,Rödsopp,Consumables/Foodstuffs,2,Recipe_MushroomSoup_3 50,cooking,Item_MushroomSoup,Mushroom Soup,2,Stat_HealthRegen,20,10.0
Item_Rodsopp,Rödsopp,Consumables/Foodstuffs,1,Recipe_MushroomSoup_3 51,cooking,Item_MushroomSoup,Mushroom Soup,2,Stat_HealthRegen,20,10.0
Item_Rodsopp,Rödsopp,Consumables/Foodstuffs,2,Recipe_MushroomSoup_3 52,cooking,Item_MushroomSoup,Mushroom Soup,2,Stat_HealthRegen,20,10.0
Item_Rodsopp,Rödsopp,Consumables/Foodstuffs,3,Recipe_MushroomSoup_3 53,cooking,Item_MushroomSoup,Mushroom Soup,2,Stat_HealthRegen,20,10.0
Item_Rodsopp,Rödsopp,Consumables/Foodstuffs,3,Recipe_MushroomSoup_3 54,cooking,Item_MushroomSoup,Mushroom Soup,2,Stat_HealthRegen,20,10.0
Item_Rodsopp,Rödsopp,Consumables/Foodstuffs,3,Recipe_MushroomSoup_3 55,cooking,Item_MushroomSoup,Mushroom Soup,2,Stat_HealthRegen,20,10.0
Item_Rodsopp,Rödsopp,Consumables/Foodstuffs,2,Recipe_MushroomSoup_3 56,cooking,Item_MushroomSoup,Mushroom Soup,2,Stat_HealthRegen,20,10.0
Item_Rodsopp,Rödsopp,Consumables/Foodstuffs,1,Recipe_MushroomSoup_3 57,cooking,Item_MushroomSoup,Mushroom Soup,2,Stat_HealthRegen,20,10.0
Item_Rodsopp,Rödsopp,Consumables/Foodstuffs,2,Recipe_MushroomSoup_3 58,cooking,Item_MushroomSoup,Mushroom Soup,2,Stat_HealthRegen,20,10.0
Item_Rodsopp,Rödsopp,Consumables/Foodstuffs,1,Recipe_MushroomSoup_3 59,cooking,Item_MushroomSoup,Mushroom Soup,2,Stat_HealthRegen,20,10.0
Item_Rodsopp,Rödsopp,Consumables/Foodstuffs,1,Recipe_MushroomSoup_3 6,cooking,Item_MushroomSoup,Mushroom Soup,2,Stat_HealthRegen,20,10.0
Item_Rodsopp,Rödsopp,Consumables/Foodstuffs,2,Recipe_MushroomSoup_3 60,cooking,Item_MushroomSoup,Mushroom Soup,2,Stat_HealthRegen,20,10.0
Item_Rodsopp,Rödsopp,Consumables/Foodstuffs,3,Recipe_MushroomSoup_3 61,cooking,Item_MushroomSoup,Mushroom Soup,2,Stat_HealthRegen,20,10.0
Item_Rodsopp,Rödsopp,Consumables/Foodstuffs,3,Recipe_MushroomSoup_3 62,cooking,Item_MushroomSoup,Mushroom Soup,2,Stat_HealthRegen,20,10.0
Item_Rodsopp,Rödsopp,Consumables/Foodstuffs,3,Recipe_MushroomSoup_3 63,cooking,Item_MushroomSoup,Mushroom Soup,2,Stat_HealthRegen,20,10.0
Item_Rodsopp,Rödsopp,Consumables/Foodstuffs,2,Recipe_MushroomSoup_3 64,cooking,Item_MushroomSoup,Mushroom Soup,2,Stat_HealthRegen,20,10.0
Item_Rodsopp,Rödsopp,Consumables/Foodstuffs,1,Recipe_MushroomSoup_3 65,cooking,Item_MushroomSoup,Mushroom Soup,2,Stat_HealthRegen,20,10.0
Item_Rodsopp,Rödsopp,Consumables/Foodstuffs,2,Recipe_MushroomSoup_3 66,cooking,Item_MushroomSoup,Mushroom Soup,2,Stat_HealthRegen,20,10.0
Item_Rodsopp,Rödsopp,Consumables/Foodstuffs,1,Recipe_MushroomSoup_3 67,cooking,Item_MushroomSoup,Mushroom Soup,2,Stat_HealthRegen,20,10.0
Item_Rodsopp,Rödsopp,Consumables/Foodstuffs,2,Recipe_MushroomSoup_3 68,cooking,Item_MushroomSoup,Mushroom Soup,2,Stat_HealthRegen,20,10.0
Item_Rodsopp,Rödsopp,Consumables/Foodstuffs,2,Recipe_MushroomSoup_3 7,cooking,Item_MushroomSoup,Mushroom Soup,2,Stat_HealthRegen,20,10.0
Item_Rodsopp,Rödsopp,Consumables/Foodstuffs,3,Recipe_MushroomSoup_3 8,cooking,Item_MushroomSoup,Mushroom Soup,2,Stat_HealthRegen,20,10.0
Item_Rodsopp,Rödsopp,Consumables/Foodstuffs,3,Recipe_MushroomSoup_3 9,cooking,Item_MushroomSoup,Mushroom Soup,2,Stat_HealthRegen,20,10.0
Item_Rodsopp,Rödsopp,Consumables/Foodstuffs,3,Recipe_MushroomsFriedSimple 10,cooking,Item_MushroomFried,'Fried Mushroom ',2,Stat_HealthRegen,15,7.5
Item_Rodsopp,Rödsopp,Consumables/Foodstuffs,4,Recipe_MushroomsFriedSimple 14,cooking,Item_MushroomFried,'Fried Mushroom ',2,Stat_HealthRegen,15,7.5
Item_Rodsopp,Rödsopp,Consumables/Foodstuffs,5,Recipe_MushroomsFriedSimple 18,cooking,Item_MushroomFried,'Fried Mushroom ',2,Stat_HealthRegen,15,7.5
Item_Rodsopp,Rödsopp,Consumables/Foodstuffs,1,Recipe_MushroomsFriedSimple 2,cooking,Item_MushroomFried,'Fried Mushroom ',2,Stat_HealthRegen,15,7.5
Item_Rodsopp,Rödsopp,Consumables/Foodstuffs,6,Recipe_MushroomsFriedSimple 22,cooking,Item_MushroomFried,'Fried Mushroom ',2,Stat_HealthRegen,15,7.5
Item_Rodsopp,Rödsopp,Consumables/Foodstuffs,7,Recipe_MushroomsFriedSimple 26,cooking,Item_MushroomFried,'Fried Mushroom ',2,Stat_HealthRegen,15,7.5
Item_Rodsopp,Rödsopp,Consumables/Foodstuffs,2,Recipe_MushroomsFriedSimple 6,cooking,Item_MushroomFried,'Fried Mushroom ',2,Stat_HealthRegen,15,7.5
Item_Rodsopp,Rödsopp,Consumables/Foodstuffs,3,Recipe_MushroomsFried_2,cooking,Item_MushroomFried,'Fried Mushroom ',2,Stat_HealthRegen,15,7.5
Item_Rodsopp,Rödsopp,Consumables/Foodstuffs,4,Recipe_MushroomsFried_2 3,cooking,Item_MushroomFried,'Fried Mushroom ',2,Stat_HealthRegen,15,7.5
Item_Rodsopp,Rödsopp,Consumables/Foodstuffs,5,Recipe_MushroomsFried_2 6,cooking,Item_MushroomFried,'Fried Mushroom ',2,Stat_HealthRegen,15,7.5
Item_Rodsopp,Rödsopp,Consumables/Foodstuffs,2,Recipe_MushroomsFried_3,cooking,Item_MushroomFried,'Fried Mushroom ',2,Stat_HealthRegen,15,7.5
Item_Rodsopp,Rödsopp,Consumables/Foodstuffs,2,Recipe_MushroomsFried_3 3,cooking,Item_MushroomFried,'Fried Mushroom ',2,Stat_HealthRegen,15,7.5
Item_Rodsopp,Rödsopp,Consumables/Foodstuffs,1,Recipe_MushroomsFried_4,cooking,Item_MushroomFried,'Fried Mushroom ',2,Stat_HealthRegen,15,7.5
Item_Rodsopp,Rödsopp,Consumables/Foodstuffs,3,Recipe_MushroomsFried_5,cooking,Item_MushroomFried,'Fried Mushroom ',2,Stat_HealthRegen,15,7.5
Item_Rodsopp,Rödsopp,Consumables/Foodstuffs,2,Recipe_MushroomsFried_5 10,cooking,Item_MushroomFried,'Fried Mushroom ',2,Stat_HealthRegen,15,7.5
Item_Rodsopp,Rödsopp,Consumables/Foodstuffs,3,Recipe_MushroomsFried_5 2,cooking,Item_MushroomFried,'Fried Mushroom ',2,Stat_HealthRegen,15,7.5
Item_Rodsopp,Rödsopp,Consumables/Foodstuffs,3,Recipe_MushroomsFried_5 4,cooking,Item_MushroomFried,'Fried Mushroom ',2,Stat_HealthRegen,15,7.5
Item_Rodsopp,Rödsopp,Consumables/Foodstuffs,2,Recipe_MushroomsFried_5 6,cooking,Item_MushroomFried,'Fried Mushroom ',2,Stat_HealthRegen,15,7.5
Item_Rodsopp,Rödsopp,Consumables/Foodstuffs,2,Recipe_MushroomsFried_5 8,cooking,Item_MushroomFried,'Fried Mushroom ',2,Stat_HealthRegen,15,7.5
Item_Rodsopp,Rödsopp,Consumables/Foodstuffs,3,Recipe_MushroomsSkewer_1,cooking,Item_MushroomSkewer,Mushroom Skewer,2,Stat_HealthRegen,15,7.5
Item_Rodsopp,Rödsopp,Consumables/Foodstuffs,2,Recipe_MushroomsSkewer_3,cooking,Item_MushroomSkewer,Mushroom Skewer,2,Stat_HealthRegen,15,7.5
Item_Rodsopp,Rödsopp,Consumables/Foodstuffs,1,Recipe_MushroomsSkewer_3 2,cooking,Item_MushroomSkewer,Mushroom Skewer,2,Stat_HealthRegen,15,7.5
Item_Rodsopp,Rödsopp,Consumables/Foodstuffs,1,Recipe_MushroomsSkewer_4,cooking,Item_MushroomSkewer,Mushroom Skewer,2,Stat_HealthRegen,15,7.5
Item_Rodsopp,Rödsopp,Consumables/Foodstuffs,2,Recipe_MushroomsSkewer_4 2,cooking,Item_MushroomSkewer,Mushroom Skewer,2,Stat_HealthRegen,15,7.5
Item_Rodsopp,Rödsopp,Consumables/Foodstuffs,1,Recipe_MushroomsSkewer_5,cooking,Item_MushroomSkewer,Mushroom Skewer,2,Stat_HealthRegen,15,7.5
Item_Rodsopp,Rödsopp,Consumables/Foodstuffs,3,Recipe_RedsoppPaste,generic,Item_RodsoppPaste,Rödsopp Paste,2,Stat_SlowMotion,8,4.0
Item_Rubber,Rubber,Misc,1,Recipe_EnergyGum_1,cooking,Item_EnergyGum,Energy Gum,1,Resistance_Fire,4500,4500.0
Item_Rubber,Rubber,Misc,1,Recipe_ExtraLung_1,cooking,Item_ExtraLung,Extra Lung,2,,0,0.0
Item_Rubber,Rubber,Misc,1,Recipe_Gum_1,cooking,Item_GumHubba,Sweet Gum,1,Stat_HealthRegen,10,10.0
Item_Rubber,Rubber,Misc,1,Recipe_Gum_2,cooking,Item_GumHubba,Sweet Gum,1,Stat_HealthRegen,10,10.0
Item_Rubber,Rubber,Misc,1,Recipe_Gum_2 1,cooking,Item_GumHubba,Sweet Gum,1,Stat_HealthRegen,10,10.0
Item_Rubber,Rubber,Misc,1,Recipe_MatchaGum_1,cooking,Item_MatchaGum,Green Tea Gum,1,ExtraDamage_Melee,144,144.0
Item_Rubber,Rubber,Misc,1,Recipe_MatchaGum_1 1,cooking,Item_MatchaGum,Green Tea Gum,1,ExtraDamage_Melee,144,144.0
Item_Rubber,Rubber,Misc,2,Recipe_MatchaGum_1 2,cooking,Item_MatchaGum,Green Tea Gum,1,ExtraDamage_Melee,144,144.0
Item_Rubber,Rubber,Misc,2,Recipe_MatchaGum_1 3,cooking,Item_MatchaGum,Green Tea Gum,1,ExtraDamage_Melee,144,144.0
Item_Rubber,Rubber,Misc,1,Recipe_PoisonGum_1,cooking,Item_PoisonGum,Anti-Poison Gum,1,Resistance_Poison,9600,9600.0
Item_Salt,Salt,Consumables/Foodstuffs,1,Recipe_BeefJerky_5 1,cooking,Item_BeefJerky,Beef Jerky,1,Stat_HealthRegen,10,10.0
Item_Salt,Salt,Consumables/Foodstuffs,1,Recipe_BeefJerky_5 2,cooking,Item_BeefJerky,Beef Jerky,1,Stat_HealthRegen,10,10.0
Item_Salt,Salt,Consumables/Foodstuffs,1,Recipe_BeefJerky_5 3,cooking,Item_BeefJerky,Beef Jerky,1,Stat_HealthRegen,10,10.0
Item_Salt,Salt,Consumables/Foodstuffs,1,Recipe_BeefJerky_5 4,cooking,Item_BeefJerky,Beef Jerky,1,Stat_HealthRegen,10,10.0
Item_Salt,Salt,Consumables/Foodstuffs,1,Recipe_BeefJerky_5 5,cooking,Item_BeefJerky,Beef Jerky,1,Stat_HealthRegen,10,10.0
Item_Salt,Salt,Consumables/Foodstuffs,1,Recipe_BeefJerky_5 6,cooking,Item_BeefJerky,Beef Jerky,1,Stat_HealthRegen,10,10.0
Item_Salt,Salt,Consumables/Foodstuffs,1,Recipe_Broth_2,cooking,Item_Broth,Broth,2,Stat_HealthRegen,10,5.0
Item_Salt,Salt,Consumables/Foodstuffs,1,Recipe_ButterMilkPancakes 1,cooking,Item_ButtermilkPancakes,Buttermilk Pancakes,2,Stat_HealthRegen,30,15.0
Item_Salt,Salt,Consumables/Foodstuffs,1,Recipe_ChocolateBall_3,cooking,Item_ChocolateBall,Chocolate Ball,1,Stat_HealthRegen,20,20.0
Item_Salt,Salt,Consumables/Foodstuffs,1,Recipe_ChocolateBall_3 1,cooking,Item_ChocolateBall,Chocolate Ball,1,Stat_HealthRegen,20,20.0
Item_Salt,Salt,Consumables/Foodstuffs,1,Recipe_ChocolateBall_3 2,cooking,Item_ChocolateBall,Chocolate Ball,1,Stat_HealthRegen,20,20.0
Item_Salt,Salt,Consumables/Foodstuffs,1,Recipe_ChocolateBall_4,cooking,Item_ChocolateBall,Chocolate Ball,1,Stat_HealthRegen,20,20.0
Item_Salt,Salt,Consumables/Foodstuffs,1,Recipe_ChocolateBall_4 1,cooking,Item_ChocolateBall,Chocolate Ball,1,Stat_HealthRegen,20,20.0
Item_Salt,Salt,Consumables/Foodstuffs,1,Recipe_ChocolateBall_4 2,cooking,Item_ChocolateBall,Chocolate Ball,1,Stat_HealthRegen,20,20.0
Item_Salt,Salt,Consumables/Foodstuffs,1,Recipe_GreenGlob_1,cooking,Item_GreenGlob,Green Glob,1,,0,0.0
Item_Salt,Salt,Consumables/Foodstuffs,1,Recipe_KidneyStone_1,cooking,Item_KidneyStone,Kidney Stone,1,Stat_HealthRegen,5,5.0
Item_Salt,Salt,Consumables/Foodstuffs,1,Recipe_Leverpastej_5,cooking,Item_Leverpastej,Leverpastej,2,Stat_HealthRegen,20,10.0
Item_Salt,Salt,Consumables/Foodstuffs,1,Recipe_Omelette_1 1,cooking,Item_Omelette,Omelette,2,Stat_HealthRegen,22,11.0
Item_Salt,Salt,Consumables/Foodstuffs,2,Recipe_Omelette_1 13,cooking,Item_Omelette,Omelette,2,Stat_HealthRegen,22,11.0
Item_Salt,Salt,Consumables/Foodstuffs,1,Recipe_Omelette_1 5,cooking,Item_Omelette,Omelette,2,Stat_HealthRegen,22,11.0
Item_Salt,Salt,Consumables/Foodstuffs,2,Recipe_Omelette_1 9,cooking,Item_Omelette,Omelette,2,Stat_HealthRegen,22,11.0
Item_Salt,Salt,Consumables/Foodstuffs,1,Recipe_Pancakes 1,cooking,Item_SwedishPancakes,Swedish Pancakes,2,Stat_HealthRegen,30,15.0
Item_Salt,Salt,Consumables/Foodstuffs,1,Recipe_PeanutButter_2,cooking,Item_PeanutButter,Peanut Butter,4,Stat_HealthRegen,45,11.25
Item_Salt,Salt,Consumables/Foodstuffs,1,Recipe_RiceCakes_2,cooking,Item_RiceCake,Puffed Rice Cakes,1,Stat_HealthRegen,15,15.0
Item_Salt,Salt,Consumables/Foodstuffs,1,Recipe_RiceCakes_2 1,cooking,Item_RiceCake,Puffed Rice Cakes,1,Stat_HealthRegen,15,15.0
Item_Salt,Salt,Consumables/Foodstuffs,2,Recipe_RiceCakes_2 2,cooking,Item_RiceCake,Puffed Rice Cakes,1,Stat_HealthRegen,15,15.0
Item_Salt,Salt,Consumables/Foodstuffs,2,Recipe_RiceCakes_2 3,cooking,Item_RiceCake,Puffed Rice Cakes,1,Stat_HealthRegen,15,15.0
Item_Salt,Salt,Consumables/Foodstuffs,1,Recipe_Risgrynsgrot 4,cooking,Item_Risgrynsgrot,Risgrynsgröt,2,Stat_HealthRegen,18,9.0
Item_Salt,Salt,Consumables/Foodstuffs,1,Recipe_Risgrynsgrot 5,cooking,Item_Risgrynsgrot,Risgrynsgröt,2,Stat_HealthRegen,18,9.0
Item_Salt,Salt,Consumables/Foodstuffs,1,Recipe_Risgrynsgrot 6,cooking,Item_Risgrynsgrot,Risgrynsgröt,2,Stat_HealthRegen,18,9.0
Item_Salt,Salt,Consumables/Foodstuffs,1,Recipe_SaltedFish,cooking,Item_FishSalted,Salted Fish,1,Stat_HealthRegen,20,20.0
Item_Salt,Salt,Consumables/Foodstuffs,1,Recipe_SaltedFish 1,cooking,Item_FishSalted,Salted Fish,1,Stat_HealthRegen,20,20.0
Item_Salt,Salt,Consumables/Foodstuffs,2,Recipe_SaltedFish 2,cooking,Item_FishSalted,Salted Fish,1,Stat_HealthRegen,20,20.0
Item_Salt,Salt,Consumables/Foodstuffs,2,Recipe_SaltedFish 3,cooking,Item_FishSalted,Salted Fish,1,Stat_HealthRegen,20,20.0
Item_Salt,Salt,Consumables/Foodstuffs,1,Recipe_SaltedSandFish 0,cooking,Item_SaltedSandfish,Salted Sandfish,1,Stat_HealthRegen,25,25.0
Item_Salt,Salt,Consumables/Foodstuffs,1,Recipe_SaltedSandFish 1,cooking,Item_SaltedSandfish,Salted Sandfish,1,Stat_HealthRegen,25,25.0
Item_Salt,Salt,Consumables/Foodstuffs,2,Recipe_SaltedSandFish 2,cooking,Item_SaltedSandfish,Salted Sandfish,1,Stat_HealthRegen,25,25.0
Item_Salt,Salt,Consumables/Foodstuffs,2,Recipe_SaltedSandFish 3,cooking,Item_SaltedSandfish,Salted Sandfish,1,Stat_HealthRegen,25,25.0
Item_Salt,Salt,Consumables/Foodstuffs,1,Recipe_SpiceMix,cooking,Item_SpiceMix,Spice Mix,1,,0,0.0
Item_Salt,Salt,Consumables/Foodstuffs,1,Recipe_SpiceMix 3,cooking,Item_SpiceMix,Spice Mix,1,,0,0.0
Item_SaltedSandfish,Salted Sandfish,Consumables/Foodstuffs,1,Recipe_FishnChips 3,cooking,Item_FishNChips,Fish and chips,2,Stat_HealthRegen,50,25.0
Item_SaltedSandfish,Salted Sandfish,Consumables/Foodstuffs,1,Recipe_Surstromming 3,cooking,Item_Surstromming,Surstromming,1,Stat_HealthRegen,50,50.0
Item_SandFish,Flat Sandfish,Consumables/Foodstuffs,1,Recipe_FishNShipsSandFish 0,cooking,Item_FishNChips,Fish and chips,2,Stat_HealthRegen,50,25.0
Item_SandFish,Flat Sandfish,Consumables/Foodstuffs,2,Recipe_FishNShipsSandFish 1,cooking,Item_FishNChips,Fish and chips,2,Stat_HealthRegen,50,25.0
Item_SandFish,Flat Sandfish,Consumables/Foodstuffs,1,Recipe_FishNShipsSandFish 2,cooking,Item_FishNChips,Fish and chips,2,Stat_HealthRegen,50,25.0
Item_SandFish,Flat Sandfish,Consumables/Foodstuffs,2,Recipe_FishNShipsSandFish 3,cooking,Item_FishNChips,Fish and chips,2,Stat_HealthRegen,50,25.0
Item_SandFish,Flat Sandfish,Consumables/Foodstuffs,1,Recipe_FishnChips 2,cooking,Item_FishNChips,Fish and chips,2,Stat_HealthRegen,50,25.0
Item_SandFish,Flat Sandfish,Consumables/Foodstuffs,1,Recipe_Gravadlax 1,cooking,Item_GravadLax,Gravad Lax,2,Stat_HealthRegen,20,10.0
Item_SandFish,Flat Sandfish,Consumables/Foodstuffs,1,Recipe_Jansson,cooking,Item_JanssonsTemptation,Jansson's Temptation,3,Stat_HealthRegen,45,15.0
Item_SandFish,Flat Sandfish,Consumables/Foodstuffs,1,Recipe_Jansson 1,cooking,Item_JanssonsTemptation,Jansson's Temptation,3,Stat_HealthRegen,45,15.0
Item_SandFish,Flat Sandfish,Consumables/Foodstuffs,1,Recipe_Jansson 2,cooking,Item_JanssonsTemptation,Jansson's Temptation,3,Stat_HealthRegen,45,15.0
Item_SandFish,Flat Sandfish,Consumables/Foodstuffs,1,Recipe_Jansson 3,cooking,Item_JanssonsTemptation,Jansson's Temptation,3,Stat_HealthRegen,45,15.0
Item_SandFish,Flat Sandfish,Consumables/Foodstuffs,1,Recipe_Lutfisk 1,cooking,Item_Lutfisk,Lutfisk,2,Stat_HealthRegen,25,12.5
Item_SandFish,Flat Sandfish,Consumables/Foodstuffs,1,Recipe_Lutfisk 3,cooking,Item_Lutfisk,Lutfisk,2,Stat_HealthRegen,25,12.5
Item_SandFish,Flat Sandfish,Consumables/Foodstuffs,1,Recipe_Maki_3,cooking,Item_Maki,Maki,2,Stat_HealthRegen,30,15.0
Item_SandFish,Flat Sandfish,Consumables/Foodstuffs,1,Recipe_Maki_3 1,cooking,Item_Maki,Maki,2,Stat_HealthRegen,30,15.0
Item_SandFish,Flat Sandfish,Consumables/Foodstuffs,1,Recipe_Maki_3 2,cooking,Item_Maki,Maki,2,Stat_HealthRegen,30,15.0
Item_SandFish,Flat Sandfish,Consumables/Foodstuffs,2,Recipe_Maki_3 3,cooking,Item_Maki,Maki,2,Stat_HealthRegen,30,15.0
Item_SandFish,Flat Sandfish,Consumables/Foodstuffs,2,Recipe_Maki_3 4,cooking,Item_Maki,Maki,2,Stat_HealthRegen,30,15.0
Item_SandFish,Flat Sandfish,Consumables/Foodstuffs,2,Recipe_Maki_3 5,cooking,Item_Maki,Maki,2,Stat_HealthRegen,30,15.0
Item_SandFish,Flat Sandfish,Consumables/Foodstuffs,1,Recipe_Nigiri_2,cooking,Item_Nigiri,Nigiri,2,Stat_HealthRegen,20,10.0
Item_SandFish,Flat Sandfish,Consumables/Foodstuffs,1,Recipe_Nigiri_2 1,cooking,Item_Nigiri,Nigiri,2,Stat_HealthRegen,20,10.0
Item_SandFish,Flat Sandfish,Consumables/Foodstuffs,2,Recipe_Nigiri_2 2,cooking,Item_Nigiri,Nigiri,2,Stat_HealthRegen,20,10.0
Item_SandFish,Flat Sandfish,Consumables/Foodstuffs,2,Recipe_Nigiri_2 3,cooking,Item_Nigiri,Nigiri,2,Stat_HealthRegen,20,10.0
Item_SandFish,Flat Sandfish,Consumables/Foodstuffs,1,Recipe_SaltedSandFish 0,cooking,Item_SaltedSandfish,Salted Sandfish,1,Stat_HealthRegen,25,25.0
Item_SandFish,Flat Sandfish,Consumables/Foodstuffs,2,Recipe_SaltedSandFish 1,cooking,Item_SaltedSandfish,Salted Sandfish,1,Stat_HealthRegen,25,25.0
Item_SandFish,Flat Sandfish,Consumables/Foodstuffs,1,Recipe_SaltedSandFish 2,cooking,Item_SaltedSandfish,Salted Sandfish,1,Stat_HealthRegen,25,25.0
Item_SandFish,Flat Sandfish,Consumables/Foodstuffs,2,Recipe_SaltedSandFish 3,cooking,Item_SaltedSandfish,Salted Sandfish,1,Stat_HealthRegen,25,25.0
Item_SandFish,Flat Sandfish,Consumables/Foodstuffs,2,Recipe_SashimiSandFish_1,cooking,Item_Sashimi,Sashimi,2,Stat_HealthRegen,40,20.0
Item_SandFish,Flat Sandfish,Consumables/Foodstuffs,3,Recipe_SashimiSandFish_1 1,cooking,Item_Sashimi,Sashimi,2,Stat_HealthRegen,40,20.0
Item_SandFish,Flat Sandfish,Consumables/Foodstuffs,4,Recipe_SashimiSandFish_1 2,cooking,Item_Sashimi,Sashimi,2,Stat_HealthRegen,40,20.0
Item_SandFish,Flat Sandfish,Consumables/Foodstuffs,5,Recipe_SashimiSandFish_1 3,cooking,Item_Sashimi,Sashimi,2,Stat_HealthRegen,40,20.0
Item_SandFish,Flat Sandfish,Consumables/Foodstuffs,6,Recipe_SashimiSandFish_1 4,cooking,Item_Sashimi,Sashimi,2,Stat_HealthRegen,40,20.0
Item_SandFish,Flat Sandfish,Consumables/Foodstuffs,7,Recipe_SashimiSandFish_1 5,cooking,Item_Sashimi,Sashimi,2,Stat_HealthRegen,40,20.0
Item_SandFish,Flat Sandfish,Consumables/Foodstuffs,1,Recipe_SillSandfish 0,cooking,Item_Silltalrik,Silltallrik,2,Stat_HealthRegen,20,10.0
Item_SandFish,Flat Sandfish,Consumables/Foodstuffs,2,Recipe_SillSandfish 1,cooking,Item_Silltalrik,Silltallrik,2,Stat_HealthRegen,20,10.0
Item_SandFish,Flat Sandfish,Consumables/Foodstuffs,1,Recipe_SillSandfish 10,cooking,Item_Silltalrik,Silltallrik,2,Stat_HealthRegen,20,10.0
Item_SandFish,Flat Sandfish,Consumables/Foodstuffs,1,Recipe_SillSandfish 11,cooking,Item_Silltalrik,Silltallrik,2,Stat_HealthRegen,20,10.0
Item_SandFish,Flat Sandfish,Consumables/Foodstuffs,1,Recipe_SillSandfish 12,cooking,Item_Silltalrik,Silltallrik,2,Stat_HealthRegen,20,10.0
Item_SandFish,Flat Sandfish,Consumables/Foodstuffs,1,Recipe_SillSandfish 13,cooking,Item_Silltalrik,Silltallrik,2,Stat_HealthRegen,20,10.0
Item_SandFish,Flat Sandfish,Consumables/Foodstuffs,2,Recipe_SillSandfish 14,cooking,Item_Silltalrik,Silltallrik,2,Stat_HealthRegen,20,10.0
Item_SandFish,Flat Sandfish,Consumables/Foodstuffs,2,Recipe_SillSandfish 15,cooking,Item_Silltalrik,Silltallrik,2,Stat_HealthRegen,20,10.0
Item_SandFish,Flat Sandfish,Consumables/Foodstuffs,2,Recipe_SillSandfish 16,cooking,Item_Silltalrik,Silltallrik,2,Stat_HealthRegen,20,10.0
Item_SandFish,Flat Sandfish,Consumables/Foodstuffs,2,Recipe_SillSandfish 17,cooking,Item_Silltalrik,Silltallrik,2,Stat_HealthRegen,20,10.0
Item_SandFish,Flat Sandfish,Consumables/Foodstuffs,2,Recipe_SillSandfish 18,cooking,Item_Silltalrik,Silltallrik,2,Stat_HealthRegen,20,10.0
Item_SandFish,Flat Sandfish,Consumables/Foodstuffs,2,Recipe_SillSandfish 19,cooking,Item_Silltalrik,Silltallrik,2,Stat_HealthRegen,20,10.0
Item_SandFish,Flat Sandfish,Consumables/Foodstuffs,1,Recipe_SillSandfish 2,cooking,Item_Silltalrik,Silltallrik,2,Stat_HealthRegen,20,10.0
Item_SandFish,Flat Sandfish,Consumables/Foodstuffs,2,Recipe_SillSandfish 20,cooking,Item_Silltalrik,Silltallrik,2,Stat_HealthRegen,20,10.0
Item_SandFish,Flat Sandfish,Consumables/Foodstuffs,2,Recipe_SillSandfish 21,cooking,Item_Silltalrik,Silltallrik,2,Stat_HealthRegen,20,10.0
Item_SandFish,Flat Sandfish,Consumables/Foodstuffs,1,Recipe_SillSandfish 22,cooking,Item_Silltalrik,Silltallrik,2,Stat_HealthRegen,20,10.0
Item_SandFish,Flat Sandfish,Consumables/Foodstuffs,2,Recipe_SillSandfish 23,cooking,Item_Silltalrik,Silltallrik,2,Stat_HealthRegen,20,10.0
Item_SandFish,Flat Sandfish,Consumables/Foodstuffs,1,Recipe_SillSandfish 24,cooking,Item_Silltalrik,Silltallrik,2,Stat_HealthRegen,20,10.0
Item_SandFish,Flat Sandfish,Consumables/Foodstuffs,2,Recipe_SillSandfish 25,cooking,Item_Silltalrik,Silltallrik,2,Stat_HealthRegen,20,10.0
Item_SandFish,Flat Sandfish,Consumables/Foodstuffs,1,Recipe_SillSandfish 26,cooking,Item_Silltalrik,Silltallrik,2,Stat_HealthRegen,20,10.0
Item_SandFish,Flat Sandfish,Consumables/Foodstuffs,1,Recipe_SillSandfish 27,cooking,Item_Silltalrik,Silltallrik,2,Stat_HealthRegen,20,10.0
Item_SandFish,Flat Sandfish,Consumables/Foodstuffs,2,Recipe_SillSandfish 28,cooking,Item_Silltalrik,Silltallrik,2,Stat_HealthRegen,20,10.0
Item_SandFish,Flat Sandfish,Consumables/Foodstuffs,2,Recipe_SillSandfish 29,cooking,Item_Silltalrik,Silltallrik,2,Stat_HealthRegen,20,10.0
Item_SandFish,Flat Sandfish,Consumables/Foodstuffs,2,Recipe_SillSandfish 3,cooking,Item_Silltalrik,Silltallrik,2,Stat_HealthRegen,20,10.0
Item_SandFish,Flat Sandfish,Consumables/Foodstuffs,1,Recipe_SillSandfish 30,cooking,Item_Silltalrik,Silltallrik,2,Stat_HealthRegen,20,10.0
Item_SandFish,Flat Sandfish,Consumables/Foodstuffs,1,Recipe_SillSandfish 31,cooking,Item_Silltalrik,Silltallrik,2,Stat_HealthRegen,20,10.0
Item_SandFish,Flat Sandfish,Consumables/Foodstuffs,1,Recipe_SillSandfish 32,cooking,Item_Silltalrik,Silltallrik,2,Stat_HealthRegen,20,10.0
Item_SandFish,Flat Sandfish,Consumables/Foodstuffs,1,Recipe_SillSandfish 33,cooking,Item_Silltalrik,Silltallrik,2,Stat_HealthRegen,20,10.0
Item_SandFish,Flat Sandfish,Consumables/Foodstuffs,1,Recipe_SillSandfish 34,cooking,Item_Silltalrik,Silltallrik,2,Stat_HealthRegen,20,10.0
Item_SandFish,Flat Sandfish,Consumables/Foodstuffs,1,Recipe_SillSandfish 35,cooking,Item_Silltalrik,Silltallrik,2,Stat_HealthRegen,20,10.0
Item_SandFish,Flat Sandfish,Consumables/Foodstuffs,2,Recipe_SillSandfish 36,cooking,Item_Silltalrik,Silltallrik,2,Stat_HealthRegen,20,10.0
Item_SandFish,Flat Sandfish,Consumables/Foodstuffs,2,Recipe_SillSandfish 37,cooking,Item_Silltalrik,Silltallrik,2,Stat_HealthRegen,20,10.0
Item_SandFish,Flat Sandfish,Consumables/Foodstuffs,2,Recipe_SillSandfish 38,cooking,Item_Silltalrik,Silltallrik,2,Stat_HealthRegen,20,10.0
Item_SandFish,Flat Sandfish,Consumables/Foodstuffs,2,Recipe_SillSandfish 39,cooking,Item_Silltalrik,Silltallrik,2,Stat_HealthRegen,20,10.0
Item_SandFish,Flat Sandfish,Consumables/Foodstuffs,1,Recipe_SillSandfish 4,cooking,Item_Silltalrik,Silltallrik,2,Stat_HealthRegen,20,10.0
Item_SandFish,Flat Sandfish,Consumables/Foodstuffs,2,Recipe_SillSandfish 40,cooking,Item_Silltalrik,Silltallrik,2,Stat_HealthRegen,20,10.0
Item_SandFish,Flat Sandfish,Consumables/Foodstuffs,2,Recipe_SillSandfish 41,cooking,Item_Silltalrik,Silltallrik,2,Stat_HealthRegen,20,10.0
Item_SandFish,Flat Sandfish,Consumables/Foodstuffs,2,Recipe_SillSandfish 42,cooking,Item_Silltalrik,Silltallrik,2,Stat_HealthRegen,20,10.0
Item_SandFish,Flat Sandfish,Consumables/Foodstuffs,2,Recipe_SillSandfish 43,cooking,Item_Silltalrik,Silltallrik,2,Stat_HealthRegen,20,10.0
Item_SandFish,Flat Sandfish,Consumables/Foodstuffs,1,Recipe_SillSandfish 5,cooking,Item_Silltalrik,Silltallrik,2,Stat_HealthRegen,20,10.0
Item_SandFish,Flat Sandfish,Consumables/Foodstuffs,2,Recipe_SillSandfish 6,cooking,Item_Silltalrik,Silltallrik,2,Stat_HealthRegen,20,10.0
Item_SandFish,Flat Sandfish,Consumables/Foodstuffs,2,Recipe_SillSandfish 7,cooking,Item_Silltalrik,Silltallrik,2,Stat_HealthRegen,20,10.0
Item_SandFish,Flat Sandfish,Consumables/Foodstuffs,1,Recipe_SillSandfish 8,cooking,Item_Silltalrik,Silltallrik,2,Stat_HealthRegen,20,10.0
Item_SandFish,Flat Sandfish,Consumables/Foodstuffs,1,Recipe_SillSandfish 9,cooking,Item_Silltalrik,Silltallrik,2,Stat_HealthRegen,20,10.0
Item_SandFish,Flat Sandfish,Consumables/Foodstuffs,1,Recipe_Surstromming 4,cooking,Item_Surstromming,Surstromming,1,Stat_HealthRegen,50,50.0
Item_SandFish,Flat Sandfish,Consumables/Foodstuffs,1,Recipe_ToastSkagen 2,cooking,Item_ToastSkagen,Toast Skagen,1,Stat_HealthRegen,15,15.0
Item_SandwichButter,Butter Sandwich,Consumables/Foodstuffs,3,Recipe_Sandwich_6,cooking,Item_SandwichCheese,Cheese Sandwich,1,Stat_HealthRegen,20,20.0
Item_SandwichButter,Butter Sandwich,Consumables/Foodstuffs,2,Recipe_Sandwich_6 1,cooking,Item_SandwichCheese,Cheese Sandwich,1,Stat_HealthRegen,20,20.0
Item_SandwichButter,Butter Sandwich,Consumables/Foodstuffs,1,Recipe_Sandwich_6 2,cooking,Item_SandwichCheese,Cheese Sandwich,1,Stat_HealthRegen,20,20.0
Item_Sashimi,Sashimi,Consumables/Foodstuffs,1,Recipe_Nigiri_4,cooking,Item_Nigiri,Nigiri,2,Stat_HealthRegen,20,10.0
Item_Sausage,Spicy Sausage,Consumables/Foodstuffs,1,Recipe_CurryWurst 1,cooking,Item_Currywurst,Currywurst,2,Stat_HealthRegen,45,22.5
Item_Sausage,Spicy Sausage,Consumables/Foodstuffs,1,Recipe_CurryWurst 2,cooking,Item_Currywurst,Currywurst,2,Stat_HealthRegen,45,22.5
Item_Sausage,Spicy Sausage,Consumables/Foodstuffs,1,Recipe_CurryWurst 3,cooking,Item_Currywurst,Currywurst,2,Stat_HealthRegen,45,22.5
Item_Sausage,Spicy Sausage,Consumables/Foodstuffs,1,Recipe_CurryWurst 4,cooking,Item_Currywurst,Currywurst,2,Stat_HealthRegen,45,22.5
Item_Sausage,Spicy Sausage,Consumables/Foodstuffs,1,Recipe_FullEnglishBreakfast_1,cooking,Item_FullEnglishBreakfast,Full English Breakfast,2,Stat_HealthRegen,35,17.5
Item_Sausage,Spicy Sausage,Consumables/Foodstuffs,1,Recipe_FullEnglishBreakfast_1 1,cooking,Item_FullEnglishBreakfast,Full English Breakfast,2,Stat_HealthRegen,35,17.5
Item_Sausage,Spicy Sausage,Consumables/Foodstuffs,1,Recipe_FullEnglishBreakfast_1 10,cooking,Item_FullEnglishBreakfast,Full English Breakfast,2,Stat_HealthRegen,35,17.5
Item_Sausage,Spicy Sausage,Consumables/Foodstuffs,1,Recipe_FullEnglishBreakfast_1 11,cooking,Item_FullEnglishBreakfast,Full English Breakfast,2,Stat_HealthRegen,35,17.5
Item_Sausage,Spicy Sausage,Consumables/Foodstuffs,1,Recipe_FullEnglishBreakfast_1 12,cooking,Item_FullEnglishBreakfast,Full English Breakfast,2,Stat_HealthRegen,35,17.5
Item_Sausage,Spicy Sausage,Consumables/Foodstuffs,1,Recipe_FullEnglishBreakfast_1 13,cooking,Item_FullEnglishBreakfast,Full English Breakfast,2,Stat_HealthRegen,35,17.5
Item_Sausage,Spicy Sausage,Consumables/Foodstuffs,1,Recipe_FullEnglishBreakfast_1 14,cooking,Item_FullEnglishBreakfast,Full English Breakfast,2,Stat_HealthRegen,35,17.5
Item_Sausage,Spicy Sausage,Consumables/Foodstuffs,1,Recipe_FullEnglishBreakfast_1 15,cooking,Item_FullEnglishBreakfast,Full English Breakfast,2,Stat_HealthRegen,35,17.5
Item_Sausage,Spicy Sausage,Consumables/Foodstuffs,1,Recipe_FullEnglishBreakfast_1 16,cooking,Item_FullEnglishBreakfast,Full English Breakfast,2,Stat_HealthRegen,35,17.5
Item_Sausage,Spicy Sausage,Consumables/Foodstuffs,1,Recipe_FullEnglishBreakfast_1 17,cooking,Item_FullEnglishBreakfast,Full English Breakfast,2,Stat_HealthRegen,35,17.5
Item_Sausage,Spicy Sausage,Consumables/Foodstuffs,1,Recipe_FullEnglishBreakfast_1 18,cooking,Item_FullEnglishBreakfast,Full English Breakfast,2,Stat_HealthRegen,35,17.5
Item_Sausage,Spicy Sausage,Consumables/Foodstuffs,1,Recipe_FullEnglishBreakfast_1 19,cooking,Item_FullEnglishBreakfast,Full English Breakfast,2,Stat_HealthRegen,35,17.5
Item_Sausage,Spicy Sausage,Consumables/Foodstuffs,1,Recipe_FullEnglishBreakfast_1 2,cooking,Item_FullEnglishBreakfast,Full English Breakfast,2,Stat_HealthRegen,35,17.5
Item_Sausage,Spicy Sausage,Consumables/Foodstuffs,1,Recipe_FullEnglishBreakfast_1 20,cooking,Item_FullEnglishBreakfast,Full English Breakfast,2,Stat_HealthRegen,35,17.5
Item_Sausage,Spicy Sausage,Consumables/Foodstuffs,2,Recipe_FullEnglishBreakfast_1 21,cooking,Item_FullEnglishBreakfast,Full English Breakfast,2,Stat_HealthRegen,35,17.5
Item_Sausage,Spicy Sausage,Consumables/Foodstuffs,2,Recipe_FullEnglishBreakfast_1 22,cooking,Item_FullEnglishBreakfast,Full English Breakfast,2,Stat_HealthRegen,35,17.5
Item_Sausage,Spicy Sausage,Consumables/Foodstuffs,2,Recipe_FullEnglishBreakfast_1 23,cooking,Item_FullEnglishBreakfast,Full English Breakfast,2,Stat_HealthRegen,35,17.5
Item_Sausage,Spicy Sausage,Consumables/Foodstuffs,2,Recipe_FullEnglishBreakfast_1 24,cooking,Item_FullEnglishBreakfast,Full English Breakfast,2,Stat_HealthRegen,35,17.5
Item_Sausage,Spicy Sausage,Consumables/Foodstuffs,2,Recipe_FullEnglishBreakfast_1 25,cooking,Item_FullEnglishBreakfast,Full English Breakfast,2,Stat_HealthRegen,35,17.5
Item_Sausage,Spicy Sausage,Consumables/Foodstuffs,2,Recipe_FullEnglishBreakfast_1 26,cooking,Item_FullEnglishBreakfast,Full English Breakfast,2,Stat_HealthRegen,35,17.5
Item_Sausage,Spicy Sausage,Consumables/Foodstuffs,2,Recipe_FullEnglishBreakfast_1 27,cooking,Item_FullEnglishBreakfast,Full English Breakfast,2,Stat_HealthRegen,35,17.5
Item_Sausage,Spicy Sausage,Consumables/Foodstuffs,2,Recipe_FullEnglishBreakfast_1 28,cooking,Item_FullEnglishBreakfast,Full English Breakfast,2,Stat_HealthRegen,35,17.5
Item_Sausage,Spicy Sausage,Consumables/Foodstuffs,2,Recipe_FullEnglishBreakfast_1 29,cooking,Item_FullEnglishBreakfast,Full English Breakfast,2,Stat_HealthRegen,35,17.5
Item_Sausage,Spicy Sausage,Consumables/Foodstuffs,1,Recipe_FullEnglishBreakfast_1 3,cooking,Item_FullEnglishBreakfast,Full English Breakfast,2,Stat_HealthRegen,35,17.5
Item_Sausage,Spicy Sausage,Consumables/Foodstuffs,2,Recipe_FullEnglishBreakfast_1 30,cooking,Item_FullEnglishBreakfast,Full English Breakfast,2,Stat_HealthRegen,35,17.5
Item_Sausage,Spicy Sausage,Consumables/Foodstuffs,2,Recipe_FullEnglishBreakfast_1 31,cooking,Item_FullEnglishBreakfast,Full English Breakfast,2,Stat_HealthRegen,35,17.5
Item_Sausage,Spicy Sausage,Consumables/Foodstuffs,2,Recipe_FullEnglishBreakfast_1 32,cooking,Item_FullEnglishBreakfast,Full English Breakfast,2,Stat_HealthRegen,35,17.5
Item_Sausage,Spicy Sausage,Consumables/Foodstuffs,2,Recipe_FullEnglishBreakfast_1 33,cooking,Item_FullEnglishBreakfast,Full English Breakfast,2,Stat_HealthRegen,35,17.5
Item_Sausage,Spicy Sausage,Consumables/Foodstuffs,2,Recipe_FullEnglishBreakfast_1 34,cooking,Item_FullEnglishBreakfast,Full English Breakfast,2,Stat_HealthRegen,35,17.5
Item_Sausage,Spicy Sausage,Consumables/Foodstuffs,2,Recipe_FullEnglishBreakfast_1 35,cooking,Item_FullEnglishBreakfast,Full English Breakfast,2,Stat_HealthRegen,35,17.5
Item_Sausage,Spicy Sausage,Consumables/Foodstuffs,2,Recipe_FullEnglishBreakfast_1 36,cooking,Item_FullEnglishBreakfast,Full English Breakfast,2,Stat_HealthRegen,35,17.5
Item_Sausage,Spicy Sausage,Consumables/Foodstuffs,2,Recipe_FullEnglishBreakfast_1 37,cooking,Item_FullEnglishBreakfast,Full English Breakfast,2,Stat_HealthRegen,35,17.5
Item_Sausage,Spicy Sausage,Consumables/Foodstuffs,2,Recipe_FullEnglishBreakfast_1 38,cooking,Item_FullEnglishBreakfast,Full English Breakfast,2,Stat_HealthRegen,35,17.5
Item_Sausage,Spicy Sausage,Consumables/Foodstuffs,2,Recipe_FullEnglishBreakfast_1 39,cooking,Item_FullEnglishBreakfast,Full English Breakfast,2,Stat_HealthRegen,35,17.5
Item_Sausage,Spicy Sausage,Consumables/Foodstuffs,1,Recipe_FullEnglishBreakfast_1 4,cooking,Item_FullEnglishBreakfast,Full English Breakfast,2,Stat_HealthRegen,35,17.5
Item_Sausage,Spicy Sausage,Consumables/Foodstuffs,2,Recipe_FullEnglishBreakfast_1 40,cooking,Item_FullEnglishBreakfast,Full English Breakfast,2,Stat_HealthRegen,35,17.5
Item_Sausage,Spicy Sausage,Consumables/Foodstuffs,3,Recipe_FullEnglishBreakfast_1 41,cooking,Item_FullEnglishBreakfast,Full English Breakfast,2,Stat_HealthRegen,35,17.5
Item_Sausage,Spicy Sausage,Consumables/Foodstuffs,3,Recipe_FullEnglishBreakfast_1 42,cooking,Item_FullEnglishBreakfast,Full English Breakfast,2,Stat_HealthRegen,35,17.5
Item_Sausage,Spicy Sausage,Consumables/Foodstuffs,3,Recipe_FullEnglishBreakfast_1 43,cooking,Item_FullEnglishBreakfast,Full English Breakfast,2,Stat_HealthRegen,35,17.5
Item_Sausage,Spicy Sausage,Consumables/Foodstuffs,3,Recipe_FullEnglishBreakfast_1 44,cooking,Item_FullEnglishBreakfast,Full English Breakfast,2,Stat_HealthRegen,35,17.5
Item_Sausage,Spicy Sausage,Consumables/Foodstuffs,2,Recipe_FullEnglishBreakfast_1 45,cooking,Item_FullEnglishBreakfast,Full English Breakfast,2,Stat_HealthRegen,35,17.5
Item_Sausage,Spicy Sausage,Consumables/Foodstuffs,2,Recipe_FullEnglishBreakfast_1 46,cooking,Item_FullEnglishBreakfast,Full English Breakfast,2,Stat_HealthRegen,35,17.5
Item_Sausage,Spicy Sausage,Consumables/Foodstuffs,2,Recipe_FullEnglishBreakfast_1 47,cooking,Item_FullEnglishBreakfast,Full English Breakfast,2,Stat_HealthRegen,35,17.5
Item_Sausage,Spicy Sausage,Consumables/Foodstuffs,2,Recipe_FullEnglishBreakfast_1 48,cooking,Item_FullEnglishBreakfast,Full English Breakfast,2,Stat_HealthRegen,35,17.5
Item_Sausage,Spicy Sausage,Consumables/Foodstuffs,3,Recipe_FullEnglishBreakfast_1 49,cooking,Item_FullEnglishBreakfast,Full English Breakfast,2,Stat_HealthRegen,35,17.5
Item_Sausage,Spicy Sausage,Consumables/Foodstuffs,1,Recipe_FullEnglishBreakfast_1 5,cooking,Item_FullEnglishBreakfast,Full English Breakfast,2,Stat_HealthRegen,35,17.5
Item_Sausage,Spicy Sausage,Consumables/Foodstuffs,3,Recipe_FullEnglishBreakfast_1 50,cooking,Item_FullEnglishBreakfast,Full English Breakfast,2,Stat_HealthRegen,35,17.5
Item_Sausage,Spicy Sausage,Consumables/Foodstuffs,3,Recipe_FullEnglishBreakfast_1 51,cooking,Item_FullEnglishBreakfast,Full English Breakfast,2,Stat_HealthRegen,35,17.5
Item_Sausage,Spicy Sausage,Consumables/Foodstuffs,3,Recipe_FullEnglishBreakfast_1 52,cooking,Item_FullEnglishBreakfast,Full English Breakfast,2,Stat_HealthRegen,35,17.5
Item_Sausage,Spicy Sausage,Consumables/Foodstuffs,1,Recipe_FullEnglishBreakfast_1 6,cooking,Item_FullEnglishBreakfast,Full English Breakfast,2,Stat_HealthRegen,35,17.5
Item_Sausage,Spicy Sausage,Consumables/Foodstuffs,1,Recipe_FullEnglishBreakfast_1 7,cooking,Item_FullEnglishBreakfast,Full English Breakfast,2,Stat_HealthRegen,35,17.5
Item_Sausage,Spicy Sausage,Consumables/Foodstuffs,1,Recipe_FullEnglishBreakfast_1 8,cooking,Item_FullEnglishBreakfast,Full English Breakfast,2,Stat_HealthRegen,35,17.5
Item_Sausage,Spicy Sausage,Consumables/Foodstuffs,1,Recipe_FullEnglishBreakfast_1 9,cooking,Item_FullEnglishBreakfast,Full English Breakfast,2,Stat_HealthRegen,35,17.5
Item_Sausage,Spicy Sausage,Consumables/Foodstuffs,1,Recipe_OmeletteSausage,cooking,Item_SausageOmelette,Sausage Omelette,2,Stat_HealthRegen,42,21.0
Item_Sausage,Spicy Sausage,Consumables/Foodstuffs,2,Recipe_OmeletteSausage 1,cooking,Item_SausageOmelette,Sausage Omelette,2,Stat_HealthRegen,42,21.0
Item_Sausage,Spicy Sausage,Consumables/Foodstuffs,1,Recipe_OmeletteSausage 2,cooking,Item_SausageOmelette,Sausage Omelette,2,Stat_HealthRegen,42,21.0
Item_Sausage,Spicy Sausage,Consumables/Foodstuffs,2,Recipe_OmeletteSausage 3,cooking,Item_SausageOmelette,Sausage Omelette,2,Stat_HealthRegen,42,21.0
Item_Sausage,Spicy Sausage,Consumables/Foodstuffs,2,Recipe_OmeletteSausage 4,cooking,Item_SausageOmelette,Sausage Omelette,2,Stat_HealthRegen,42,21.0
Item_Sausage,Spicy Sausage,Consumables/Foodstuffs,1,Recipe_PizzaLarge,cooking,Item_PizzaLarge,Pizza,4,Stat_HealthRegen,150,37.5
Item_Sausage,Spicy Sausage,Consumables/Foodstuffs,1,Recipe_PizzaLarge 1,cooking,Item_PizzaLarge,Pizza,4,Stat_HealthRegen,150,37.5
Item_Sausage,Spicy Sausage,Consumables/Foodstuffs,1,Recipe_Pyttipanna,cooking,Item_PyttIPanna,Pyttipanna,2,Stat_HealthRegen,25,12.5
Item_Sausage,Spicy Sausage,Consumables/Foodstuffs,2,Recipe_Pyttipanna 10,cooking,Item_PyttIPanna,Pyttipanna,2,Stat_HealthRegen,25,12.5
Item_Sausage,Spicy Sausage,Consumables/Foodstuffs,2,Recipe_Pyttipanna 11,cooking,Item_PyttIPanna,Pyttipanna,2,Stat_HealthRegen,25,12.5
Item_Sausage,Spicy Sausage,Consumables/Foodstuffs,2,Recipe_Pyttipanna 12,cooking,Item_PyttIPanna,Pyttipanna,2,Stat_HealthRegen,25,12.5
Item_Sausage,Spicy Sausage,Consumables/Foodstuffs,1,Recipe_Pyttipanna 2,cooking,Item_PyttIPanna,Pyttipanna,2,Stat_HealthRegen,25,12.5
Item_Sausage,Spicy Sausage,Consumables/Foodstuffs,2,Recipe_Pyttipanna 3,cooking,Item_PyttIPanna,Pyttipanna,2,Stat_HealthRegen,25,12.5
Item_Sausage,Spicy Sausage,Consumables/Foodstuffs,2,Recipe_Pyttipanna 4,cooking,Item_PyttIPanna,Pyttipanna,2,Stat_HealthRegen,25,12.5
Item_Sausage,Spicy Sausage,Consumables/Foodstuffs,1,Recipe_Pyttipanna 5,cooking,Item_PyttIPanna,Pyttipanna,2,Stat_HealthRegen,25,12.5
Item_Sausage,Spicy Sausage,Consumables/Foodstuffs,1,Recipe_Pyttipanna 6,cooking,Item_PyttIPanna,Pyttipanna,2,Stat_HealthRegen,25,12.5
Item_Sausage,Spicy Sausage,Consumables/Foodstuffs,2,Recipe_Pyttipanna 7,cooking,Item_PyttIPanna,Pyttipanna,2,Stat_HealthRegen,25,12.5
Item_Sausage,Spicy Sausage,Consumables/Foodstuffs,1,Recipe_Pyttipanna 8,cooking,Item_PyttIPanna,Pyttipanna,2,Stat_HealthRegen,25,12.5
Item_Sausage,Spicy Sausage,Consumables/Foodstuffs,1,Recipe_Pyttipanna 9,cooking,Item_PyttIPanna,Pyttipanna,2,Stat_HealthRegen,25,12.5
Item_Sausage,Spicy Sausage,Consumables/Foodstuffs,1,Recipe_SausageOnStick 1,cooking,Item_SausageOnStick,Sausage On Stick,2,Stat_HealthRegen,40,20.0
Item_Sausage,Spicy Sausage,Consumables/Foodstuffs,1,Recipe_SausageSoup 1,cooking,Item_SausageSoup,Sausage Soup,2,Stat_HealthRegen,30,15.0
Item_Sawdust,Sawdust,Misc,1,Recipe_ChocolateBall_1 2,cooking,Item_ChocolateBall,Chocolate Ball,1,Stat_HealthRegen,20,20.0
Item_Sawdust,Sawdust,Misc,1,Recipe_ChocolateBall_2 2,cooking,Item_ChocolateBall,Chocolate Ball,1,Stat_HealthRegen,20,20.0
Item_Sawdust,Sawdust,Misc,1,Recipe_ChocolateBall_3 2,cooking,Item_ChocolateBall,Chocolate Ball,1,Stat_HealthRegen,20,20.0
Item_Sawdust,Sawdust,Misc,1,Recipe_ChocolateBall_4 2,cooking,Item_ChocolateBall,Chocolate Ball,1,Stat_HealthRegen,20,20.0
Item_Sawdust,Sawdust,Misc,1,Recipe_ChocolateBall_5 2,cooking,Item_ChocolateBall,Chocolate Ball,1,Stat_HealthRegen,20,20.0
Item_Sawdust,Sawdust,Misc,1,Recipe_HardBread_1,cooking,Item_HardBread,Hard Bread,1,Stat_HealthRegen,8,8.0
Item_Sawdust,Sawdust,Misc,2,Recipe_HardBread_1 1,cooking,Item_HardBread,Hard Bread,1,Stat_HealthRegen,8,8.0
Item_Sawdust,Sawdust,Misc,1,Recipe_HardBread_1 2,cooking,Item_HardBread,Hard Bread,1,Stat_HealthRegen,8,8.0
Item_Sawdust,Sawdust,Misc,3,Recipe_HardBread_1 3,cooking,Item_HardBread,Hard Bread,1,Stat_HealthRegen,8,8.0
Item_Sawdust,Sawdust,Misc,2,Recipe_Paper,generic,Item_Paper,Paper,1,,0,0.0
Item_Sawdust,Sawdust,Misc,3,Recipe_Paper 1,generic,Item_Paper,Paper,1,,0,0.0
Item_Sawdust,Sawdust,Misc,4,Recipe_Paper 2,generic,Item_Paper,Paper,1,,0,0.0
Item_Sawdust,Sawdust,Misc,5,Recipe_Paper 3,generic,Item_Paper,Paper,1,,0,0.0
Item_Sawdust,Sawdust,Misc,1,Recipe_Paper 4,generic,Item_Paper,Paper,1,,0,0.0
Item_Sawdust,Sawdust,Misc,1,Recipe_Paper 5,generic,Item_Paper,Paper,1,,0,0.0
Item_Sawdust,Sawdust,Misc,1,Recipe_PowerBar_2,cooking,Item_PowerBar,Power Bar,1,Stat_SprintBonus,60,60.0
Item_Sawdust,Sawdust,Misc,1,Recipe_PowerBar_3,cooking,Item_PowerBar,Power Bar,1,Stat_SprintBonus,60,60.0
Item_Sawdust,Sawdust,Misc,1,Recipe_PowerBar_4,cooking,Item_PowerBar,Power Bar,1,Stat_SprintBonus,60,60.0
Item_Sawdust,Sawdust,Misc,1,Recipe_PowerBar_5,cooking,Item_PowerBar,Power Bar,1,Stat_SprintBonus,60,60.0
Item_Seaweed,Seaweed,Consumables/Foodstuffs,1,Recipe_Maki_1,cooking,Item_Maki,Maki,2,Stat_HealthRegen,30,15.0
Item_Seaweed,Seaweed,Consumables/Foodstuffs,2,Recipe_Maki_1 1,cooking,Item_Maki,Maki,2,Stat_HealthRegen,30,15.0
Item_Seaweed,Seaweed,Consumables/Foodstuffs,1,Recipe_Maki_1 2,cooking,Item_Maki,Maki,2,Stat_HealthRegen,30,15.0
Item_Seaweed,Seaweed,Consumables/Foodstuffs,2,Recipe_Maki_1 3,cooking,Item_Maki,Maki,2,Stat_HealthRegen,30,15.0
Item_Seaweed,Seaweed,Consumables/Foodstuffs,1,Recipe_Maki_2,cooking,Item_Maki,Maki,2,Stat_HealthRegen,30,15.0
Item_Seaweed,Seaweed,Consumables/Foodstuffs,2,Recipe_Maki_2 1,cooking,Item_Maki,Maki,2,Stat_HealthRegen,30,15.0
Item_Seaweed,Seaweed,Consumables/Foodstuffs,1,Recipe_Maki_2 2,cooking,Item_Maki,Maki,2,Stat_HealthRegen,30,15.0
Item_Seaweed,Seaweed,Consumables/Foodstuffs,1,Recipe_Maki_2 3,cooking,Item_Maki,Maki,2,Stat_HealthRegen,30,15.0
Item_Seaweed,Seaweed,Consumables/Foodstuffs,2,Recipe_Maki_2 4,cooking,Item_Maki,Maki,2,Stat_HealthRegen,30,15.0
Item_Seaweed,Seaweed,Consumables/Foodstuffs,2,Recipe_Maki_2 5,cooking,Item_Maki,Maki,2,Stat_HealthRegen,30,15.0
Item_Seaweed,Seaweed,Consumables/Foodstuffs,1,Recipe_Maki_3,cooking,Item_Maki,Maki,2,Stat_HealthRegen,30,15.0
Item_Seaweed,Seaweed,Consumables/Foodstuffs,2,Recipe_Maki_3 1,cooking,Item_Maki,Maki,2,Stat_HealthRegen,30,15.0
Item_Seaweed,Seaweed,Consumables/Foodstuffs,1,Recipe_Maki_3 2,cooking,Item_Maki,Maki,2,Stat_HealthRegen,30,15.0
Item_Seaweed,Seaweed,Consumables/Foodstuffs,1,Recipe_Maki_3 3,cooking,Item_Maki,Maki,2,Stat_HealthRegen,30,15.0
Item_Seaweed,Seaweed,Consumables/Foodstuffs,2,Recipe_Maki_3 4,cooking,Item_Maki,Maki,2,Stat_HealthRegen,30,15.0
Item_Seaweed,Seaweed,Consumables/Foodstuffs,2,Recipe_Maki_3 5,cooking,Item_Maki,Maki,2,Stat_HealthRegen,30,15.0
Item_Seaweed,Seaweed,Consumables/Foodstuffs,1,Recipe_Maki_4,cooking,Item_Maki,Maki,2,Stat_HealthRegen,30,15.0
Item_Seaweed,Seaweed,Consumables/Foodstuffs,2,Recipe_Maki_4 1,cooking,Item_Maki,Maki,2,Stat_HealthRegen,30,15.0
Item_Seaweed,Seaweed,Consumables/Foodstuffs,1,Recipe_Maki_4 2,cooking,Item_Maki,Maki,2,Stat_HealthRegen,30,15.0
Item_Seaweed,Seaweed,Consumables/Foodstuffs,1,Recipe_Maki_4 3,cooking,Item_Maki,Maki,2,Stat_HealthRegen,30,15.0
Item_Seaweed,Seaweed,Consumables/Foodstuffs,2,Recipe_Maki_4 4,cooking,Item_Maki,Maki,2,Stat_HealthRegen,30,15.0
Item_Seaweed,Seaweed,Consumables/Foodstuffs,2,Recipe_Maki_4 5,cooking,Item_Maki,Maki,2,Stat_HealthRegen,30,15.0
Item_Shoe,Shoe,Equipment/Shoes,1,Recipe_SpringCoilBoots_1,generic,Item_SpringCoilBoots,Springcoil Boot,4,,0,0.0
Item_ShrewFlesh,Hellshrew flesh,Organs/Shrew,1,Recipe_Bolognese_2 6,cooking,Item_PastaBolognese,Spaghetti Bolognese,2,Stat_HealthRegen,50,25.0
Item_ShrewFlesh,Hellshrew flesh,Organs/Shrew,1,Recipe_Cevapi_1 5,cooking,Item_Cevapi,Cevapi,2,Stat_HealthRegen,25,12.5
Item_ShrewFlesh,Hellshrew flesh,Organs/Shrew,2,Recipe_CheeseburgerDouble_1 5,cooking,Item_DoubleCheeseburger,Double Cheeseburger,1,Stat_HealthRegen,200,200.0
Item_ShrewFlesh,Hellshrew flesh,Organs/Shrew,1,Recipe_Cheeseburger_1 11,cooking,Item_Cheeseburger,Cheeseburger,1,Stat_HealthRegen,45,45.0
Item_ShrewFlesh,Hellshrew flesh,Organs/Shrew,1,Recipe_Cheeseburger_1 17,cooking,Item_Cheeseburger,Cheeseburger,1,Stat_HealthRegen,45,45.0
Item_ShrewFlesh,Hellshrew flesh,Organs/Shrew,2,Recipe_Cheeseburger_1 23,cooking,Item_DoubleCheeseburger,Double Cheeseburger,1,Stat_HealthRegen,200,200.0
Item_ShrewFlesh,Hellshrew flesh,Organs/Shrew,2,Recipe_Cheeseburger_1 29,cooking,Item_DoubleCheeseburger,Double Cheeseburger,1,Stat_HealthRegen,200,200.0
Item_ShrewFlesh,Hellshrew flesh,Organs/Shrew,2,Recipe_Cheeseburger_1 35,cooking,Item_DoubleCheeseburger,Double Cheeseburger,1,Stat_HealthRegen,200,200.0
Item_ShrewFlesh,Hellshrew flesh,Organs/Shrew,3,Recipe_Cheeseburger_1 41,cooking,Item_DoubleCheeseburger,Double Cheeseburger,1,Stat_HealthRegen,200,200.0
Item_ShrewFlesh,Hellshrew flesh,Organs/Shrew,1,Recipe_Cheeseburger_1 6,cooking,Item_Cheeseburger,Cheeseburger,1,Stat_HealthRegen,45,45.0
Item_ShrewFlesh,Hellshrew flesh,Organs/Shrew,1,Recipe_CordonBleu 6,cooking,Item_CordonBleu,Cordon Bleu,2,Stat_HealthRegen,25,12.5
Item_ShrewFlesh,Hellshrew flesh,Organs/Shrew,1,Recipe_Dimmies 6,cooking,Item_Dimmie,Dimmie,1,Stat_HealthRegen,20,20.0
Item_ShrewFlesh,Hellshrew flesh,Organs/Shrew,1,Recipe_Hotpot 11,cooking,Item_HotPot,Hot Pot,6,Stat_HealthRegen,50,8.3333
Item_ShrewFlesh,Hellshrew flesh,Organs/Shrew,1,Recipe_Hotpot 17,cooking,Item_HotPot,Hot Pot,6,Stat_HealthRegen,50,8.3333
Item_ShrewFlesh,Hellshrew flesh,Organs/Shrew,1,Recipe_Hotpot 23,cooking,Item_HotPot,Hot Pot,6,Stat_HealthRegen,50,8.3333
Item_ShrewFlesh,Hellshrew flesh,Organs/Shrew,1,Recipe_Hotpot 29,cooking,Item_HotPot,Hot Pot,6,Stat_HealthRegen,50,8.3333
Item_ShrewFlesh,Hellshrew flesh,Organs/Shrew,1,Recipe_Hotpot 35,cooking,Item_HotPot,Hot Pot,6,Stat_HealthRegen,50,8.3333
Item_ShrewFlesh,Hellshrew flesh,Organs/Shrew,1,Recipe_Hotpot 41,cooking,Item_HotPot,Hot Pot,6,Stat_HealthRegen,50,8.3333
Item_ShrewFlesh,Hellshrew flesh,Organs/Shrew,1,Recipe_Hotpot 47,cooking,Item_HotPot,Hot Pot,6,Stat_HealthRegen,50,8.3333
Item_ShrewFlesh,Hellshrew flesh,Organs/Shrew,1,Recipe_Hotpot 5,cooking,Item_HotPot,Hot Pot,6,Stat_HealthRegen,50,8.3333
Item_ShrewFlesh,Hellshrew flesh,Organs/Shrew,1,Recipe_Hotpot 53,cooking,Item_HotPot,Hot Pot,6,Stat_HealthRegen,50,8.3333
Item_ShrewFlesh,Hellshrew flesh,Organs/Shrew,1,Recipe_Hotpot 59,cooking,Item_HotPot,Hot Pot,6,Stat_HealthRegen,50,8.3333
Item_ShrewFlesh,Hellshrew flesh,Organs/Shrew,1,Recipe_Hotpot 65,cooking,Item_HotPot,Hot Pot,6,Stat_HealthRegen,50,8.3333
Item_ShrewFlesh,Hellshrew flesh,Organs/Shrew,1,Recipe_Hotpot 71,cooking,Item_HotPot,Hot Pot,6,Stat_HealthRegen,50,8.3333
Item_ShrewFlesh,Hellshrew flesh,Organs/Shrew,1,Recipe_Hotpot 77,cooking,Item_HotPot,Hot Pot,6,Stat_HealthRegen,50,8.3333
Item_ShrewFlesh,Hellshrew flesh,Organs/Shrew,1,Recipe_Hotpot 83,cooking,Item_HotPot,Hot Pot,6,Stat_HealthRegen,50,8.3333
Item_ShrewFlesh,Hellshrew flesh,Organs/Shrew,1,Recipe_Hotpot 89,cooking,Item_HotPot,Hot Pot,6,Stat_HealthRegen,50,8.3333
Item_ShrewFlesh,Hellshrew flesh,Organs/Shrew,2,Recipe_Hotpot 95,cooking,Item_HotPot,Hot Pot,6,Stat_HealthRegen,50,8.3333
Item_ShrewFlesh,Hellshrew flesh,Organs/Shrew,1,Recipe_MeatSkewersBone 6,cooking,Item_MeatSkewers,Meat Skewers,2,Stat_HealthRegen,20,10.0
Item_ShrewFlesh,Hellshrew flesh,Organs/Shrew,1,Recipe_MeatSkewers_1 6,cooking,Item_MeatSkewers,Meat Skewers,2,Stat_HealthRegen,20,10.0
Item_ShrewFlesh,Hellshrew flesh,Organs/Shrew,4,Recipe_MysteryMeat_1 6,cooking,Item_MysteryMeat,Mystery Meat,1,Stat_HealthRegen,15,15.0
Item_ShrewFlesh,Hellshrew flesh,Organs/Shrew,2,Recipe_MysteryMeat_2 4,cooking,Item_MysteryMeat,Mystery Meat,1,Stat_HealthRegen,15,15.0
Item_ShrewFlesh,Hellshrew flesh,Organs/Shrew,1,Recipe_OnigiriFlesh_6,cooking,Item_Onigiri,Onigiri,2,Stat_HealthRegen,35,17.5
Item_ShrewFlesh,Hellshrew flesh,Organs/Shrew,2,Recipe_OnigiriFlesh_6 1,cooking,Item_Onigiri,Onigiri,2,Stat_HealthRegen,35,17.5
Item_ShrewFlesh,Hellshrew flesh,Organs/Shrew,2,Recipe_OnigiriFlesh_6 2,cooking,Item_Onigiri,Onigiri,2,Stat_HealthRegen,35,17.5
Item_ShrewFlesh,Hellshrew flesh,Organs/Shrew,1,Recipe_OnigiriFlesh_6 3,cooking,Item_Onigiri,Onigiri,2,Stat_HealthRegen,35,17.5
Item_ShrewFlesh,Hellshrew flesh,Organs/Shrew,1,Recipe_Poutine 14,cooking,Item_Poutine,Poutine,2,Stat_HealthRegen,35,17.5
Item_ShrewFlesh,Hellshrew flesh,Organs/Shrew,1,Recipe_Poutine 6,cooking,Item_Poutine,Poutine,2,Stat_HealthRegen,35,17.5
Item_ShrewFlesh,Hellshrew flesh,Organs/Shrew,1,Recipe_Ramen_3 10,cooking,Item_Ramen,Ramen,2,Stat_HealthRegen,40,20.0
Item_ShrewFlesh,Hellshrew flesh,Organs/Shrew,1,Recipe_Ramen_3 11,cooking,Item_RamenTori,Tori Ramen,2,Stat_HealthRegen,40,20.0
Item_ShrewFlesh,Hellshrew flesh,Organs/Shrew,1,Recipe_Sausage 6,cooking,Item_Sausage,Spicy Sausage,2,Stat_HealthRegen,30,15.0
Item_ShrewFlesh,Hellshrew flesh,Organs/Shrew,1,Recipe_Stew_1 7,cooking,Item_Stew,Stew,2,Stat_HealthRegen,20,10.0
Item_ShrewFlesh,Hellshrew flesh,Organs/Shrew,1,Recipe_Stew_2 7,cooking,Item_Stew,Stew,2,Stat_HealthRegen,20,10.0
Item_ShrewFlesh,Hellshrew flesh,Organs/Shrew,1,Recipe_Taco_2,cooking,Item_HardshellTaco,Hardshell Taco,1,Stat_HealthRegen,25,25.0
Item_ShrewSkin,Hellshrew skin,Organs/Shrew,2,Recipe_BeefJerky_5,cooking,Item_BeefJerky,Beef Jerky,1,Stat_HealthRegen,10,10.0
Item_ShrewSkin,Hellshrew skin,Organs/Shrew,1,Recipe_BeefJerky_5 6,cooking,Item_BeefJerky,Beef Jerky,1,Stat_HealthRegen,10,10.0
Item_ShrewSkin,Hellshrew skin,Organs/Shrew,1,Recipe_BeefJerky_5 7,cooking,Item_BeefJerky,Beef Jerky,1,Stat_HealthRegen,10,10.0
Item_ShrewSkin,Hellshrew skin,Organs/Shrew,1,Recipe_Dynamite1,generic,Weapon_Dynamite,Dynamite,2,,0,0.0
Item_ShrewSkin,Hellshrew skin,Organs/Shrew,1,Recipe_Dynamite13,generic,Weapon_Dynamite,Dynamite,2,,0,0.0
Item_ShrewSkin,Hellshrew skin,Organs/Shrew,1,Recipe_Haggis_7A,cooking,Item_Haggis,Haggis,2,Stat_HealthRegen,20,10.0
Item_ShrewSkin,Hellshrew skin,Organs/Shrew,1,Recipe_Haggis_7B,cooking,Item_Haggis,Haggis,2,Stat_HealthRegen,20,10.0
Item_ShrewSkin,Hellshrew skin,Organs/Shrew,1,Recipe_Haggis_7C,cooking,Item_Haggis,Haggis,2,Stat_HealthRegen,20,10.0
Item_ShrewSkin,Hellshrew skin,Organs/Shrew,1,Recipe_HotSnacks_6,cooking,Item_HotSnax,Hot Snacks,1,Stat_HealthRegen,15,15.0
Item_Snail,Snail,Consumables/Foodstuffs,1,Recipe_Escargot_1,cooking,Item_Escargot,Escargot,2,Stat_HealthRegen,30,15.0
Item_Snail,Snail,Consumables/Foodstuffs,1,Recipe_Escargot_2,cooking,Item_Escargot,Escargot,2,Stat_HealthRegen,30,15.0
Item_Snail,Snail,Consumables/Foodstuffs,1,Recipe_Escargot_3,cooking,Item_Escargot,Escargot,2,Stat_HealthRegen,30,15.0
Item_Snail,Snail,Consumables/Foodstuffs,2,Recipe_Escargot_4,cooking,Item_Escargot,Escargot,2,Stat_HealthRegen,30,15.0
Item_Snail,Snail,Consumables/Foodstuffs,1,Recipe_GreenGlob,cooking,Item_GreenGlob,Green Glob,1,,0,0.0
Item_Snail,Snail,Consumables/Foodstuffs,1,Recipe_GreenGlob_1,cooking,Item_GreenGlob,Green Glob,1,,0,0.0
Item_Snail,Snail,Consumables/Foodstuffs,1,Recipe_Nigiri_3,cooking,Item_Nigiri,Nigiri,2,Stat_HealthRegen,20,10.0
Item_Snail,Snail,Consumables/Foodstuffs,1,Recipe_Nigiri_3 1,cooking,Item_Nigiri,Nigiri,2,Stat_HealthRegen,20,10.0
Item_Snail,Snail,Consumables/Foodstuffs,2,Recipe_Nigiri_3 2,cooking,Item_Nigiri,Nigiri,2,Stat_HealthRegen,20,10.0
Item_Snail,Snail,Consumables/Foodstuffs,2,Recipe_Nigiri_3 3,cooking,Item_Nigiri,Nigiri,2,Stat_HealthRegen,20,10.0
Item_Snail,Snail,Consumables/Foodstuffs,1,Recipe_PoisonGrenade_1,generic,Weapon_PoisonGrenade,Jar of Poison,2,,0,0.0
Item_Soda,Slurf,Consumables/Drinks,1,Recipe_BarkBread 13,cooking,Item_BarkBread,Bark bread,2,Stat_HealthRegen,10,5.0
Item_Soda,Slurf,Consumables/Drinks,1,Recipe_BarkBread 23,cooking,Item_BarkBread,Bark bread,2,Stat_HealthRegen,10,5.0
Item_Soda,Slurf,Consumables/Drinks,1,Recipe_BarkBread 3,cooking,Item_BarkBread,Bark bread,2,Stat_HealthRegen,10,5.0
Item_Soda,Slurf,Consumables/Drinks,2,Recipe_BarkBread 33,cooking,Item_BarkBread,Bark bread,2,Stat_HealthRegen,10,5.0
Item_Soda,Slurf,Consumables/Drinks,2,Recipe_BarkBread 43,cooking,Item_BarkBread,Bark bread,2,Stat_HealthRegen,10,5.0
Item_Soda,Slurf,Consumables/Drinks,2,Recipe_BarkBread 53,cooking,Item_BarkBread,Bark bread,2,Stat_HealthRegen,10,5.0
Item_Soda,Slurf,Consumables/Drinks,2,Recipe_BarkBread 63,cooking,Item_BarkBread,Bark bread,2,Stat_HealthRegen,10,5.0
Item_Soda,Slurf,Consumables/Drinks,2,Recipe_BarkBread 73,cooking,Item_BarkBread,Bark bread,2,Stat_HealthRegen,10,5.0
Item_Soda,Slurf,Consumables/Drinks,2,Recipe_BarkBread 83,cooking,Item_BarkBread,Bark bread,2,Stat_HealthRegen,10,5.0
Item_Soda,Slurf,Consumables/Drinks,1,Recipe_Cocktail 8,cooking,Item_Cocktail,Cocktail,4,Stat_Charisma,3600,900.0
Item_Soda,Slurf,Consumables/Drinks,1,Recipe_Gonster,cooking,Item_Gonster,Gonster,2,Stat_Charisma,1200,600.0
Item_Soda,Slurf,Consumables/Drinks,1,Recipe_Gum_2 1,cooking,Item_GumHubba,Sweet Gum,1,Stat_HealthRegen,10,10.0
Item_Soda,Slurf,Consumables/Drinks,1,Recipe_HealthPotion_6,cooking,Item_HealthPotion,Health Potion,1,Stat_HealthRegen,80,80.0
Item_Soda,Slurf,Consumables/Drinks,1,Recipe_Mochi_1,cooking,Item_Mochi,Mochi,1,Stat_HealthRegen,25,25.0
Item_Soda,Slurf,Consumables/Drinks,2,Recipe_Mochi_1 1,cooking,Item_Mochi,Mochi,1,Stat_HealthRegen,25,25.0
Item_Soda,Slurf,Consumables/Drinks,1,Recipe_Mochi_1 2,cooking,Item_Mochi,Mochi,1,Stat_HealthRegen,25,25.0
Item_Soda,Slurf,Consumables/Drinks,2,Recipe_Mochi_1 3,cooking,Item_Mochi,Mochi,1,Stat_HealthRegen,25,25.0
Item_Soda,Slurf,Consumables/Drinks,1,Recipe_PowerBar_1,cooking,Item_PowerBar,Power Bar,1,Stat_SprintBonus,60,60.0
Item_Soda,Slurf,Consumables/Drinks,1,Recipe_PowerBar_4,cooking,Item_PowerBar,Power Bar,1,Stat_SprintBonus,60,60.0
Item_Soda,Slurf,Consumables/Drinks,2,Recipe_SodaJulmust 24,cooking,Item_Julmust,Julmust,2,Stat_HealthRegen,18,9.0
Item_Soda,Slurf,Consumables/Drinks,1,Recipe_SodaJulmust 25,cooking,Item_Julmust,Julmust,2,Stat_HealthRegen,18,9.0
Item_Soda,Slurf,Consumables/Drinks,2,Recipe_SodaJulmust 26,cooking,Item_Julmust,Julmust,2,Stat_HealthRegen,18,9.0
Item_Soda,Slurf,Consumables/Drinks,1,Recipe_SodaJulmust 27,cooking,Item_Julmust,Julmust,2,Stat_HealthRegen,18,9.0
Item_Solution,Solution,Consumables/Other,1,Recipe_BananaSulfs 10,cooking,Item_BananaSulfs,Banana Sulfs,1,Stat_HealthRegen,20,20.0
Item_Solution,Solution,Consumables/Other,2,Recipe_BananaSulfs 11,cooking,Item_BananaSulfs,Banana Sulfs,1,Stat_HealthRegen,20,20.0
Item_Solution,Solution,Consumables/Other,1,Recipe_BananaSulfs 12,cooking,Item_BananaSulfs,Banana Sulfs,1,Stat_HealthRegen,20,20.0
Item_Solution,Solution,Consumables/Other,1,Recipe_BananaSulfs 13,cooking,Item_BananaSulfs,Banana Sulfs,1,Stat_HealthRegen,20,20.0
Item_Solution,Solution,Consumables/Other,2,Recipe_BananaSulfs 14,cooking,Item_BananaSulfs,Banana Sulfs,1,Stat_HealthRegen,20,20.0
Item_Solution,Solution,Consumables/Other,2,Recipe_BananaSulfs 15,cooking,Item_BananaSulfs,Banana Sulfs,1,Stat_HealthRegen,20,20.0
Item_Solution,Solution,Consumables/Other,1,Recipe_BananaSulfs 4,cooking,Item_BananaSulfs,Banana Sulfs,1,Stat_HealthRegen,20,20.0
Item_Solution,Solution,Consumables/Other,1,Recipe_BananaSulfs 5,cooking,Item_BananaSulfs,Banana Sulfs,1,Stat_HealthRegen,20,20.0
Item_Solution,Solution,Consumables/Other,2,Recipe_BananaSulfs 6,cooking,Item_BananaSulfs,Banana Sulfs,1,Stat_HealthRegen,20,20.0
Item_Solution,Solution,Consumables/Other,2,Recipe_BananaSulfs 7,cooking,Item_BananaSulfs,Banana Sulfs,1,Stat_HealthRegen,20,20.0
Item_Solution,Solution,Consumables/Other,1,Recipe_BananaSulfs 8,cooking,Item_BananaSulfs,Banana Sulfs,1,Stat_HealthRegen,20,20.0
Item_Solution,Solution,Consumables/Other,2,Recipe_BananaSulfs 9,cooking,Item_BananaSulfs,Banana Sulfs,1,Stat_HealthRegen,20,20.0
Item_Solution,Solution,Consumables/Other,1,Recipe_Candycane,cooking,Item_CandyCane,Candy Cane,1,Stat_HealthRegen,20,20.0
Item_Solution,Solution,Consumables/Other,1,Recipe_ChocolateSyrup_2,cooking,Item_ChocolateSyrup,Chocolate Syrup,2,Stat_HealthRegen,10,5.0
Item_Solution,Solution,Consumables/Other,1,Recipe_ChocolateSyrup_4,cooking,Item_ChocolateSyrup,Chocolate Syrup,2,Stat_HealthRegen,10,5.0
Item_Solution,Solution,Consumables/Other,1,Recipe_CurryWurst 2,cooking,Item_Currywurst,Currywurst,2,Stat_HealthRegen,45,22.5
Item_Solution,Solution,Consumables/Other,1,Recipe_CurryWurst 4,cooking,Item_Currywurst,Currywurst,2,Stat_HealthRegen,45,22.5
Item_Solution,Solution,Consumables/Other,1,Recipe_Dynamite1,generic,Weapon_Dynamite,Dynamite,2,,0,0.0
Item_Solution,Solution,Consumables/Other,1,Recipe_Dynamite10,generic,Weapon_Dynamite,Dynamite,2,,0,0.0
Item_Solution,Solution,Consumables/Other,1,Recipe_Dynamite11,generic,Weapon_Dynamite,Dynamite,2,,0,0.0
Item_Solution,Solution,Consumables/Other,1,Recipe_Dynamite12,generic,Weapon_Dynamite,Dynamite,2,,0,0.0
Item_Solution,Solution,Consumables/Other,1,Recipe_Dynamite2,generic,Weapon_Dynamite,Dynamite,2,,0,0.0
Item_Solution,Solution,Consumables/Other,1,Recipe_Dynamite3,generic,Weapon_Dynamite,Dynamite,2,,0,0.0
Item_Solution,Solution,Consumables/Other,1,Recipe_Dynamite4,generic,Weapon_Dynamite,Dynamite,2,,0,0.0
Item_Solution,Solution,Consumables/Other,1,Recipe_Dynamite5,generic,Weapon_Dynamite,Dynamite,2,,0,0.0
Item_Solution,Solution,Consumables/Other,1,Recipe_Dynamite6,generic,Weapon_Dynamite,Dynamite,2,,0,0.0
Item_Solution,Solution,Consumables/Other,1,Recipe_Dynamite7,generic,Weapon_Dynamite,Dynamite,2,,0,0.0
Item_Solution,Solution,Consumables/Other,1,Recipe_Dynamite8,generic,Weapon_Dynamite,Dynamite,2,,0,0.0
Item_Solution,Solution,Consumables/Other,1,Recipe_Dynamite9,generic,Weapon_Dynamite,Dynamite,2,,0,0.0
Item_Solution,Solution,Consumables/Other,1,Recipe_FragGrenade_2,generic,Weapon_PineappleGrenade,Pineapple Grenade,2,,0,0.0
Item_Solution,Solution,Consumables/Other,1,Recipe_FragGrenade_2 1,generic,Weapon_PineappleGrenade,Pineapple Grenade,2,,0,0.0
Item_Solution,Solution,Consumables/Other,1,Recipe_FragGrenade_4,generic,Weapon_PineappleGrenade,Pineapple Grenade,2,,0,0.0
Item_Solution,Solution,Consumables/Other,1,Recipe_FragGrenade_6,generic,Weapon_PineappleGrenade,Pineapple Grenade,2,,0,0.0
Item_Solution,Solution,Consumables/Other,1,Recipe_FragGrenade_7,generic,Weapon_PineappleGrenade,Pineapple Grenade,2,,0,0.0
Item_Solution,Solution,Consumables/Other,1,Recipe_HotSauce_1,cooking,Item_HotSauce,Hot Sauce,1,Resistance_Frost,12000,12000.0
Item_Solution,Solution,Consumables/Other,1,Recipe_JarOfPoison_1,generic,Weapon_PoisonGrenade,Jar of Poison,2,,0,0.0
Item_Solution,Solution,Consumables/Other,1,Recipe_JarOfPoison_1 1,generic,Weapon_PoisonGrenade,Jar of Poison,2,,0,0.0
Item_Solution,Solution,Consumables/Other,2,Recipe_JarOfPoison_1 2,generic,Weapon_PoisonGrenade,Jar of Poison,2,,0,0.0
Item_Solution,Solution,Consumables/Other,2,Recipe_JarOfPoison_1 3,generic,Weapon_PoisonGrenade,Jar of Poison,2,,0,0.0
Item_Solution,Solution,Consumables/Other,1,Recipe_Marshmellow 13,cooking,Item_Marshmallow,Marshmallows,2,Stat_HealthRegen,40,20.0
Item_Solution,Solution,Consumables/Other,1,Recipe_Marshmellow 14,cooking,Item_Marshmallow,Marshmallows,2,Stat_HealthRegen,40,20.0
Item_Solution,Solution,Consumables/Other,1,Recipe_Marshmellow 15,cooking,Item_Marshmallow,Marshmallows,2,Stat_HealthRegen,40,20.0
Item_Solution,Solution,Consumables/Other,2,Recipe_Marshmellow 16,cooking,Item_Marshmallow,Marshmallows,2,Stat_HealthRegen,40,20.0
Item_Solution,Solution,Consumables/Other,1,Recipe_Marshmellow 17,cooking,Item_Marshmallow,Marshmallows,2,Stat_HealthRegen,40,20.0
Item_Solution,Solution,Consumables/Other,2,Recipe_Marshmellow 18,cooking,Item_Marshmallow,Marshmallows,2,Stat_HealthRegen,40,20.0
Item_Solution,Solution,Consumables/Other,2,Recipe_Marshmellow 19,cooking,Item_Marshmallow,Marshmallows,2,Stat_HealthRegen,40,20.0
Item_Solution,Solution,Consumables/Other,3,Recipe_Marshmellow 20,cooking,Item_Marshmallow,Marshmallows,2,Stat_HealthRegen,40,20.0
Item_Solution,Solution,Consumables/Other,2,Recipe_Marshmellow 21,cooking,Item_Marshmallow,Marshmallows,2,Stat_HealthRegen,40,20.0
Item_Solution,Solution,Consumables/Other,1,Recipe_Marshmellow 22,cooking,Item_Marshmallow,Marshmallows,2,Stat_HealthRegen,40,20.0
Item_Solution,Solution,Consumables/Other,1,Recipe_Marshmellow 23,cooking,Item_Marshmallow,Marshmallows,2,Stat_HealthRegen,40,20.0
Item_Solution,Solution,Consumables/Other,1,Recipe_Marshmellow 24,cooking,Item_Marshmallow,Marshmallows,2,Stat_HealthRegen,40,20.0
Item_Solution,Solution,Consumables/Other,2,Recipe_Marshmellow 25,cooking,Item_Marshmallow,Marshmallows,2,Stat_HealthRegen,40,20.0
Item_Solution,Solution,Consumables/Other,1,Recipe_Marshmellow 26,cooking,Item_Marshmallow,Marshmallows,2,Stat_HealthRegen,40,20.0
Item_Solution,Solution,Consumables/Other,2,Recipe_Marshmellow 27,cooking,Item_Marshmallow,Marshmallows,2,Stat_HealthRegen,40,20.0
Item_Solution,Solution,Consumables/Other,2,Recipe_Marshmellow 28,cooking,Item_Marshmallow,Marshmallows,2,Stat_HealthRegen,40,20.0
Item_Solution,Solution,Consumables/Other,3,Recipe_Marshmellow 29,cooking,Item_Marshmallow,Marshmallows,2,Stat_HealthRegen,40,20.0
Item_Solution,Solution,Consumables/Other,2,Recipe_Marshmellow 30,cooking,Item_Marshmallow,Marshmallows,2,Stat_HealthRegen,40,20.0
Item_Solution,Solution,Consumables/Other,1,Recipe_Marshmellow 31,cooking,Item_Marshmallow,Marshmallows,2,Stat_HealthRegen,40,20.0
Item_Solution,Solution,Consumables/Other,1,Recipe_Marshmellow 32,cooking,Item_Marshmallow,Marshmallows,2,Stat_HealthRegen,40,20.0
Item_Solution,Solution,Consumables/Other,1,Recipe_Marshmellow 33,cooking,Item_Marshmallow,Marshmallows,2,Stat_HealthRegen,40,20.0
Item_Solution,Solution,Consumables/Other,2,Recipe_Marshmellow 34,cooking,Item_Marshmallow,Marshmallows,2,Stat_HealthRegen,40,20.0
Item_Solution,Solution,Consumables/Other,1,Recipe_Marshmellow 35,cooking,Item_Marshmallow,Marshmallows,2,Stat_HealthRegen,40,20.0
Item_Solution,Solution,Consumables/Other,2,Recipe_Marshmellow 36,cooking,Item_Marshmallow,Marshmallows,2,Stat_HealthRegen,40,20.0
Item_Solution,Solution,Consumables/Other,2,Recipe_Marshmellow 37,cooking,Item_Marshmallow,Marshmallows,2,Stat_HealthRegen,40,20.0
Item_Solution,Solution,Consumables/Other,3,Recipe_Marshmellow 38,cooking,Item_Marshmallow,Marshmallows,2,Stat_HealthRegen,40,20.0
Item_Solution,Solution,Consumables/Other,2,Recipe_Marshmellow 39,cooking,Item_Marshmallow,Marshmallows,2,Stat_HealthRegen,40,20.0
Item_Solution,Solution,Consumables/Other,1,Recipe_MashedPotatoes_4 4,cooking,Item_MashedPotatoes,Mashed Potatoes,2,Stat_HealthRegen,30,15.0
Item_Solution,Solution,Consumables/Other,1,Recipe_MatchaCup_2,cooking,Item_MatchaTeaCup,Green Tea,1,ExtraDamage_Melee,90,90.0
Item_Solution,Solution,Consumables/Other,1,Recipe_MatchaCup_2 1,cooking,Item_MatchaTeaCup,Green Tea,1,ExtraDamage_Melee,90,90.0
Item_Solution,Solution,Consumables/Other,2,Recipe_MatchaCup_2 2,cooking,Item_MatchaTeaCup,Green Tea,1,ExtraDamage_Melee,90,90.0
Item_Solution,Solution,Consumables/Other,2,Recipe_MatchaCup_2 3,cooking,Item_MatchaTeaCup,Green Tea,1,ExtraDamage_Melee,90,90.0
Item_Solution,Solution,Consumables/Other,1,Recipe_Paper 4,generic,Item_Paper,Paper,1,,0,0.0
Item_Solution,Solution,Consumables/Other,1,Recipe_Paper 5,generic,Item_Paper,Paper,1,,0,0.0
Item_Solution,Solution,Consumables/Other,1,Recipe_PineappleGrenade_2,generic,Weapon_PineappleGrenade,Pineapple Grenade,2,,0,0.0
Item_Solution,Solution,Consumables/Other,1,Recipe_Porridge_5,cooking,Item_Porridge,Porridge,2,Stat_HealthRegen,15,7.5
Item_Solution,Solution,Consumables/Other,1,Recipe_SodaJulmust 11,cooking,Item_Julmust,Julmust,2,Stat_HealthRegen,18,9.0
Item_Solution,Solution,Consumables/Other,2,Recipe_SodaJulmust 14,cooking,Item_Julmust,Julmust,2,Stat_HealthRegen,18,9.0
Item_Solution,Solution,Consumables/Other,1,Recipe_SodaJulmust 17,cooking,Item_Julmust,Julmust,2,Stat_HealthRegen,18,9.0
Item_Solution,Solution,Consumables/Other,1,Recipe_SodaJulmust 2,cooking,Item_Julmust,Julmust,2,Stat_HealthRegen,18,9.0
Item_Solution,Solution,Consumables/Other,2,Recipe_SodaJulmust 20,cooking,Item_Julmust,Julmust,2,Stat_HealthRegen,18,9.0
Item_Solution,Solution,Consumables/Other,2,Recipe_SodaJulmust 23,cooking,Item_Julmust,Julmust,2,Stat_HealthRegen,18,9.0
Item_Solution,Solution,Consumables/Other,2,Recipe_SodaJulmust 5,cooking,Item_Julmust,Julmust,2,Stat_HealthRegen,18,9.0
Item_Solution,Solution,Consumables/Other,1,Recipe_SodaJulmust 8,cooking,Item_Julmust,Julmust,2,Stat_HealthRegen,18,9.0
Item_Solution,Solution,Consumables/Other,1,Recipe_Soda_1 1,cooking,Item_Soda,Slurf,1,Stat_AimMovingBonus,20,20.0
Item_Solution,Solution,Consumables/Other,1,Recipe_Soda_1 3,cooking,Item_Soda,Slurf,1,Stat_AimMovingBonus,20,20.0
Item_Solution,Solution,Consumables/Other,2,Recipe_Soda_1 4,cooking,Item_Soda,Slurf,1,Stat_AimMovingBonus,20,20.0
Item_Solution,Solution,Consumables/Other,2,Recipe_Soda_1 6,cooking,Item_Soda,Slurf,1,Stat_AimMovingBonus,20,20.0
Item_Solution,Solution,Consumables/Other,1,Recipe_StickGrenade_1,generic,Weapon_StickGrenade,Stick Grenade,2,,0,0.0
Item_Solution,Solution,Consumables/Other,1,Recipe_StickGrenade_3,generic,Weapon_StickGrenade,Stick Grenade,2,,0,0.0
Item_Spagetti,Spaghetti,Consumables/Foodstuffs,1,Recipe_Bolognese_1,cooking,Item_PastaBolognese,Spaghetti Bolognese,2,Stat_HealthRegen,50,25.0
Item_Spagetti,Spaghetti,Consumables/Foodstuffs,1,Recipe_Bolognese_2,cooking,Item_PastaBolognese,Spaghetti Bolognese,2,Stat_HealthRegen,50,25.0
Item_Spagetti,Spaghetti,Consumables/Foodstuffs,1,Recipe_Bolognese_2 1,cooking,Item_PastaBolognese,Spaghetti Bolognese,2,Stat_HealthRegen,50,25.0
Item_Spagetti,Spaghetti,Consumables/Foodstuffs,1,Recipe_Bolognese_2 2,cooking,Item_PastaBolognese,Spaghetti Bolognese,2,Stat_HealthRegen,50,25.0
Item_Spagetti,Spaghetti,Consumables/Foodstuffs,1,Recipe_Bolognese_2 3,cooking,Item_PastaBolognese,Spaghetti Bolognese,2,Stat_HealthRegen,50,25.0
Item_Spagetti,Spaghetti,Consumables/Foodstuffs,1,Recipe_Bolognese_2 4,cooking,Item_PastaBolognese,Spaghetti Bolognese,2,Stat_HealthRegen,50,25.0
Item_Spagetti,Spaghetti,Consumables/Foodstuffs,1,Recipe_Bolognese_2 6,cooking,Item_PastaBolognese,Spaghetti Bolognese,2,Stat_HealthRegen,50,25.0
Item_Spagetti,Spaghetti,Consumables/Foodstuffs,1,Recipe_Bolognese_2 7,cooking,Item_PastaBolognese,Spaghetti Bolognese,2,Stat_HealthRegen,50,25.0
Item_Spagetti,Spaghetti,Consumables/Foodstuffs,1,Recipe_MacNCheese 1,cooking,Item_MacNCheese,Mac'n'Cheese,2,Stat_HealthRegen,30,15.0
Item_Spagetti,Spaghetti,Consumables/Foodstuffs,1,Recipe_MacNCheese 2,cooking,Item_MacNCheese,Mac'n'Cheese,2,Stat_HealthRegen,30,15.0
Item_Spagetti,Spaghetti,Consumables/Foodstuffs,1,Recipe_Ramen_1,cooking,Item_Ramen,Ramen,2,Stat_HealthRegen,40,20.0
Item_Spagetti,Spaghetti,Consumables/Foodstuffs,1,Recipe_Ramen_2,cooking,Item_Ramen,Ramen,2,Stat_HealthRegen,40,20.0
Item_Spagetti,Spaghetti,Consumables/Foodstuffs,1,Recipe_Ramen_3,cooking,Item_Ramen,Ramen,2,Stat_HealthRegen,40,20.0
Item_Spagetti,Spaghetti,Consumables/Foodstuffs,1,Recipe_Ramen_3 1,cooking,Item_Ramen,Ramen,2,Stat_HealthRegen,40,20.0
Item_Spagetti,Spaghetti,Consumables/Foodstuffs,1,Recipe_Ramen_3 10,cooking,Item_Ramen,Ramen,2,Stat_HealthRegen,40,20.0
Item_Spagetti,Spaghetti,Consumables/Foodstuffs,1,Recipe_Ramen_3 11,cooking,Item_RamenTori,Tori Ramen,2,Stat_HealthRegen,40,20.0
Item_Spagetti,Spaghetti,Consumables/Foodstuffs,1,Recipe_Ramen_3 2,cooking,Item_RamenTori,Tori Ramen,2,Stat_HealthRegen,40,20.0
Item_Spagetti,Spaghetti,Consumables/Foodstuffs,1,Recipe_Ramen_3 3,cooking,Item_RamenTori,Tori Ramen,2,Stat_HealthRegen,40,20.0
Item_Spagetti,Spaghetti,Consumables/Foodstuffs,1,Recipe_Ramen_3 4,cooking,Item_RamenTori,Tori Ramen,2,Stat_HealthRegen,40,20.0
Item_Spagetti,Spaghetti,Consumables/Foodstuffs,1,Recipe_Ramen_3 5,cooking,Item_Ramen,Ramen,2,Stat_HealthRegen,40,20.0
Item_Spagetti,Spaghetti,Consumables/Foodstuffs,1,Recipe_Ramen_3 6,cooking,Item_RamenTori,Tori Ramen,2,Stat_HealthRegen,40,20.0
Item_Spagetti,Spaghetti,Consumables/Foodstuffs,1,Recipe_Ramen_3 7,cooking,Item_Ramen,Ramen,2,Stat_HealthRegen,40,20.0
Item_Spagetti,Spaghetti,Consumables/Foodstuffs,1,Recipe_Ramen_3 8,cooking,Item_Ramen,Ramen,2,Stat_HealthRegen,40,20.0
Item_Spagetti,Spaghetti,Consumables/Foodstuffs,1,Recipe_Ramen_3 9,cooking,Item_RamenTori,Tori Ramen,2,Stat_HealthRegen,40,20.0
Item_Spagetti,Spaghetti,Consumables/Foodstuffs,1,Recipe_ToriRamen_1,cooking,Item_Ramen,Ramen,2,Stat_HealthRegen,40,20.0
Item_Spagetti,Spaghetti,Consumables/Foodstuffs,2,Recipe_ToriRamen_1 1,cooking,Item_RamenTori,Tori Ramen,2,Stat_HealthRegen,40,20.0
Item_Spagetti,Spaghetti,Consumables/Foodstuffs,1,Recipe_ToriRamen_1 2,cooking,Item_Ramen,Ramen,2,Stat_HealthRegen,40,20.0
Item_Spagetti,Spaghetti,Consumables/Foodstuffs,1,Recipe_ToriRamen_1 3,cooking,Item_Ramen,Ramen,2,Stat_HealthRegen,40,20.0
Item_Spagetti,Spaghetti,Consumables/Foodstuffs,2,Recipe_ToriRamen_1 4,cooking,Item_RamenTori,Tori Ramen,2,Stat_HealthRegen,40,20.0
Item_Spagetti,Spaghetti,Consumables/Foodstuffs,2,Recipe_ToriRamen_1 5,cooking,Item_RamenTori,Tori Ramen,2,Stat_HealthRegen,40,20.0
Item_Spagetti,Spaghetti,Consumables/Foodstuffs,2,Recipe_ToriRamen_1 6,cooking,Item_RamenTori,Tori Ramen,2,Stat_HealthRegen,40,20.0
Item_Spagetti,Spaghetti,Consumables/Foodstuffs,1,Recipe_ToriRamen_3 1,cooking,Item_RamenTori,Tori Ramen,2,Stat_HealthRegen,40,20.0
Item_Spagetti,Spaghetti,Consumables/Foodstuffs,1,Recipe_ToriRamen_3 3,cooking,Item_RamenTori,Tori Ramen,2,Stat_HealthRegen,40,20.0
Item_SpiceMix,Spice Mix,Consumables/Foodstuffs,1,Recipe_Cevapi_1,cooking,Item_Cevapi,Cevapi,2,Stat_HealthRegen,25,12.5
Item_SpiceMix,Spice Mix,Consumables/Foodstuffs,1,Recipe_Cevapi_1 1,cooking,Item_Cevapi,Cevapi,2,Stat_HealthRegen,25,12.5
Item_SpiceMix,Spice Mix,Consumables/Foodstuffs,1,Recipe_Cevapi_1 2,cooking,Item_Cevapi,Cevapi,2,Stat_HealthRegen,25,12.5
Item_SpiceMix,Spice Mix,Consumables/Foodstuffs,1,Recipe_Cevapi_1 3,cooking,Item_Cevapi,Cevapi,2,Stat_HealthRegen,25,12.5
Item_SpiceMix,Spice Mix,Consumables/Foodstuffs,1,Recipe_Cevapi_1 4,cooking,Item_Cevapi,Cevapi,2,Stat_HealthRegen,25,12.5
Item_SpiceMix,Spice Mix,Consumables/Foodstuffs,1,Recipe_Cevapi_1 5,cooking,Item_Cevapi,Cevapi,2,Stat_HealthRegen,25,12.5
Item_SpiceMix,Spice Mix,Consumables/Foodstuffs,1,Recipe_EnergyGum_1,cooking,Item_EnergyGum,Energy Gum,1,Resistance_Fire,4500,4500.0
Item_SpiceMix,Spice Mix,Consumables/Foodstuffs,1,Recipe_EnergyGum_2,cooking,Item_EnergyGum,Energy Gum,1,Resistance_Fire,4500,4500.0
Item_SpiceMix,Spice Mix,Consumables/Foodstuffs,1,Recipe_HotSauce_1,cooking,Item_HotSauce,Hot Sauce,1,Resistance_Frost,12000,12000.0
Item_SpiceMix,Spice Mix,Consumables/Foodstuffs,1,Recipe_HotSnacks_1,cooking,Item_HotSnax,Hot Snacks,1,Stat_HealthRegen,15,15.0
Item_SpiceMix,Spice Mix,Consumables/Foodstuffs,1,Recipe_HotSnacks_2,cooking,Item_HotSnax,Hot Snacks,1,Stat_HealthRegen,15,15.0
Item_SpiceMix,Spice Mix,Consumables/Foodstuffs,1,Recipe_HotSnacks_3,cooking,Item_HotSnax,Hot Snacks,1,Stat_HealthRegen,15,15.0
Item_SpiceMix,Spice Mix,Consumables/Foodstuffs,1,Recipe_HotSnacks_4,cooking,Item_HotSnax,Hot Snacks,1,Stat_HealthRegen,15,15.0
Item_SpiceMix,Spice Mix,Consumables/Foodstuffs,1,Recipe_HotSnacks_5,cooking,Item_HotSnax,Hot Snacks,1,Stat_HealthRegen,15,15.0
Item_SpiceMix,Spice Mix,Consumables/Foodstuffs,1,Recipe_HotSnacks_6,cooking,Item_HotSnax,Hot Snacks,1,Stat_HealthRegen,15,15.0
Item_SpiceMix,Spice Mix,Consumables/Foodstuffs,1,Recipe_Lussekatt_1,cooking,Item_Lussekatt,Lussekatt,2,Stat_HealthRegen,30,15.0
Item_SpiceMix,Spice Mix,Consumables/Foodstuffs,1,Recipe_Lussekatt_2,cooking,Item_Lussekatt,Lussekatt,2,Stat_HealthRegen,30,15.0
Item_SpiceMix,Spice Mix,Consumables/Foodstuffs,2,Recipe_NashvilleHotChicken 1,cooking,Item_ChickenNashvilleHot,Nashville Hot Chicken,1,Resistance_Frost,6000,6000.0
Item_SpiceMix,Spice Mix,Consumables/Foodstuffs,1,Recipe_NashvilleHotChicken 2,cooking,Item_ChickenNashvilleHot,Nashville Hot Chicken,1,Resistance_Frost,6000,6000.0
Item_SpiceMix,Spice Mix,Consumables/Foodstuffs,1,Recipe_NashvilleHotChicken 3,cooking,Item_ChickenNashvilleHot,Nashville Hot Chicken,1,Resistance_Frost,6000,6000.0
Item_SpiceMix,Spice Mix,Consumables/Foodstuffs,2,Recipe_NashvilleHotChicken 4,cooking,Item_ChickenNashvilleHot,Nashville Hot Chicken,1,Resistance_Frost,6000,6000.0
Item_SpiceMix,Spice Mix,Consumables/Foodstuffs,2,Recipe_Omelette_1 11,cooking,Item_Omelette,Omelette,2,Stat_HealthRegen,22,11.0
Item_SpiceMix,Spice Mix,Consumables/Foodstuffs,2,Recipe_Omelette_1 15,cooking,Item_Omelette,Omelette,2,Stat_HealthRegen,22,11.0
Item_SpiceMix,Spice Mix,Consumables/Foodstuffs,1,Recipe_Omelette_1 3,cooking,Item_Omelette,Omelette,2,Stat_HealthRegen,22,11.0
Item_SpiceMix,Spice Mix,Consumables/Foodstuffs,1,Recipe_Omelette_1 7,cooking,Item_Omelette,Omelette,2,Stat_HealthRegen,22,11.0
Item_SpiceMix,Spice Mix,Consumables/Foodstuffs,1,Recipe_Taco_1,cooking,Item_HardshellTaco,Hardshell Taco,1,Stat_HealthRegen,25,25.0
Item_SpiceMix,Spice Mix,Consumables/Foodstuffs,1,Recipe_Taco_2,cooking,Item_HardshellTaco,Hardshell Taco,1,Stat_HealthRegen,25,25.0
Item_SpiceMix,Spice Mix,Consumables/Foodstuffs,1,Recipe_Taco_4,cooking,Item_HardshellTaco,Hardshell Taco,1,Stat_HealthRegen,25,25.0
Item_SpiceMix,Spice Mix,Consumables/Foodstuffs,1,Recipe_Taco_5,cooking,Item_HardshellTaco,Hardshell Taco,1,Stat_HealthRegen,25,25.0
Item_SpiceMix,Spice Mix,Consumables/Foodstuffs,1,Recipe_Taco_6,cooking,Item_HardshellTaco,Hardshell Taco,1,Stat_HealthRegen,25,25.0
Item_SpiceMix,Spice Mix,Consumables/Foodstuffs,1,Recipe_Taco_7,cooking,Item_HardshellTaco,Hardshell Taco,1,Stat_HealthRegen,25,25.0
Item_SpiceMix,Spice Mix,Consumables/Foodstuffs,1,Recipe_Taco_7 1,cooking,Item_HardshellTaco,Hardshell Taco,1,Stat_HealthRegen,25,25.0
Item_Spleen,Spleen,Organs/General,1,Recipe_FrenchHotdog_8,cooking,Item_FrenchHotdog,French Hotdog,2,Stat_HealthRegen,30,15.0
Item_Spleen,Spleen,Organs/General,1,Recipe_Omelette_organ 8,cooking,Item_Omelette,Omelette,2,Stat_HealthRegen,22,11.0
Item_Spleen,Spleen,Organs/General,1,Recipe_Polsa_3,cooking,Item_Polsa,Pölsa,2,Stat_HealthRegen,20,10.0
Item_Spleen,Spleen,Organs/General,1,Recipe_Polsa_3 1,cooking,Item_Polsa,Pölsa,2,Stat_HealthRegen,20,10.0
Item_Spleen,Spleen,Organs/General,1,Recipe_Polsa_3 2,cooking,Item_Polsa,Pölsa,2,Stat_HealthRegen,20,10.0
Item_Spleen,Spleen,Organs/General,1,Recipe_Polsa_3 3,cooking,Item_Polsa,Pölsa,2,Stat_HealthRegen,20,10.0
Item_Spleen,Spleen,Organs/General,2,Recipe_Polsa_3 4,cooking,Item_Polsa,Pölsa,2,Stat_HealthRegen,20,10.0
Item_Spleen,Spleen,Organs/General,2,Recipe_Polsa_3 5,cooking,Item_Polsa,Pölsa,2,Stat_HealthRegen,20,10.0
Item_Spleen,Spleen,Organs/General,1,Recipe_Polse_7,cooking,Item_Polse,Pølse,2,Stat_HealthRegen,15,7.5
Item_SportsDrink,Sports Drink,Consumables/Drinks,1,Recipe_BarkBread 19,cooking,Item_BarkBread,Bark bread,2,Stat_HealthRegen,10,5.0
Item_SportsDrink,Sports Drink,Consumables/Drinks,1,Recipe_BarkBread 29,cooking,Item_BarkBread,Bark bread,2,Stat_HealthRegen,10,5.0
Item_SportsDrink,Sports Drink,Consumables/Drinks,2,Recipe_BarkBread 39,cooking,Item_BarkBread,Bark bread,2,Stat_HealthRegen,10,5.0
Item_SportsDrink,Sports Drink,Consumables/Drinks,2,Recipe_BarkBread 49,cooking,Item_BarkBread,Bark bread,2,Stat_HealthRegen,10,5.0
Item_SportsDrink,Sports Drink,Consumables/Drinks,2,Recipe_BarkBread 59,cooking,Item_BarkBread,Bark bread,2,Stat_HealthRegen,10,5.0
Item_SportsDrink,Sports Drink,Consumables/Drinks,2,Recipe_BarkBread 69,cooking,Item_BarkBread,Bark bread,2,Stat_HealthRegen,10,5.0
Item_SportsDrink,Sports Drink,Consumables/Drinks,2,Recipe_BarkBread 79,cooking,Item_BarkBread,Bark bread,2,Stat_HealthRegen,10,5.0
Item_SportsDrink,Sports Drink,Consumables/Drinks,1,Recipe_BarkBread 9,cooking,Item_BarkBread,Bark bread,2,Stat_HealthRegen,10,5.0
Item_SportsDrink,Sports Drink,Consumables/Drinks,2,Recipe_BarkBread 90,cooking,Item_BarkBread,Bark bread,2,Stat_HealthRegen,10,5.0
Item_SportsDrink,Sports Drink,Consumables/Drinks,1,Recipe_Gonster 1,cooking,Item_Gonster,Gonster,2,Stat_Charisma,1200,600.0
Item_Stick,Stick,Misc,1,Recipe_CottonCandy 2,cooking,Item_CottonCandy,Cotton Candy,2,Stat_HealthRegen,20,10.0
Item_Stick,Stick,Misc,1,Recipe_CottonCandy 3,cooking,Item_CottonCandy,Cotton Candy,2,Stat_HealthRegen,20,10.0
Item_Stick,Stick,Misc,1,Recipe_Fondue_2,cooking,Item_Fondue,Fondue,2,Stat_HealthRegen,50,25.0
Item_Stick,Stick,Misc,1,Recipe_Fondue_2 1,cooking,Item_Fondue,Fondue,2,Stat_HealthRegen,50,25.0
Item_Stick,Stick,Misc,2,Recipe_Marshmellow 10,cooking,Item_Marshmallow,Marshmallows,2,Stat_HealthRegen,40,20.0
Item_Stick,Stick,Misc,2,Recipe_Marshmellow 11,cooking,Item_Marshmallow,Marshmallows,2,Stat_HealthRegen,40,20.0
Item_Stick,Stick,Misc,2,Recipe_Marshmellow 12,cooking,Item_Marshmallow,Marshmallows,2,Stat_HealthRegen,40,20.0
Item_Stick,Stick,Misc,1,Recipe_Marshmellow 13,cooking,Item_Marshmallow,Marshmallows,2,Stat_HealthRegen,40,20.0
Item_Stick,Stick,Misc,1,Recipe_Marshmellow 14,cooking,Item_Marshmallow,Marshmallows,2,Stat_HealthRegen,40,20.0
Item_Stick,Stick,Misc,2,Recipe_Marshmellow 15,cooking,Item_Marshmallow,Marshmallows,2,Stat_HealthRegen,40,20.0
Item_Stick,Stick,Misc,1,Recipe_Marshmellow 16,cooking,Item_Marshmallow,Marshmallows,2,Stat_HealthRegen,40,20.0
Item_Stick,Stick,Misc,2,Recipe_Marshmellow 17,cooking,Item_Marshmallow,Marshmallows,2,Stat_HealthRegen,40,20.0
Item_Stick,Stick,Misc,2,Recipe_Marshmellow 18,cooking,Item_Marshmallow,Marshmallows,2,Stat_HealthRegen,40,20.0
Item_Stick,Stick,Misc,2,Recipe_Marshmellow 19,cooking,Item_Marshmallow,Marshmallows,2,Stat_HealthRegen,40,20.0
Item_Stick,Stick,Misc,2,Recipe_Marshmellow 20,cooking,Item_Marshmallow,Marshmallows,2,Stat_HealthRegen,40,20.0
Item_Stick,Stick,Misc,2,Recipe_Marshmellow 21,cooking,Item_Marshmallow,Marshmallows,2,Stat_HealthRegen,40,20.0
Item_Stick,Stick,Misc,1,Recipe_Marshmellow 22,cooking,Item_Marshmallow,Marshmallows,2,Stat_HealthRegen,40,20.0
Item_Stick,Stick,Misc,1,Recipe_Marshmellow 23,cooking,Item_Marshmallow,Marshmallows,2,Stat_HealthRegen,40,20.0
Item_Stick,Stick,Misc,2,Recipe_Marshmellow 24,cooking,Item_Marshmallow,Marshmallows,2,Stat_HealthRegen,40,20.0
Item_Stick,Stick,Misc,1,Recipe_Marshmellow 25,cooking,Item_Marshmallow,Marshmallows,2,Stat_HealthRegen,40,20.0
Item_Stick,Stick,Misc,2,Recipe_Marshmellow 26,cooking,Item_Marshmallow,Marshmallows,2,Stat_HealthRegen,40,20.0
Item_Stick,Stick,Misc,2,Recipe_Marshmellow 27,cooking,Item_Marshmallow,Marshmallows,2,Stat_HealthRegen,40,20.0
Item_Stick,Stick,Misc,2,Recipe_Marshmellow 28,cooking,Item_Marshmallow,Marshmallows,2,Stat_HealthRegen,40,20.0
Item_Stick,Stick,Misc,2,Recipe_Marshmellow 29,cooking,Item_Marshmallow,Marshmallows,2,Stat_HealthRegen,40,20.0
Item_Stick,Stick,Misc,2,Recipe_Marshmellow 30,cooking,Item_Marshmallow,Marshmallows,2,Stat_HealthRegen,40,20.0
Item_Stick,Stick,Misc,1,Recipe_Marshmellow 31,cooking,Item_Marshmallow,Marshmallows,2,Stat_HealthRegen,40,20.0
Item_Stick,Stick,Misc,1,Recipe_Marshmellow 32,cooking,Item_Marshmallow,Marshmallows,2,Stat_HealthRegen,40,20.0
Item_Stick,Stick,Misc,2,Recipe_Marshmellow 33,cooking,Item_Marshmallow,Marshmallows,2,Stat_HealthRegen,40,20.0
Item_Stick,Stick,Misc,1,Recipe_Marshmellow 34,cooking,Item_Marshmallow,Marshmallows,2,Stat_HealthRegen,40,20.0
Item_Stick,Stick,Misc,2,Recipe_Marshmellow 35,cooking,Item_Marshmallow,Marshmallows,2,Stat_HealthRegen,40,20.0
Item_Stick,Stick,Misc,2,Recipe_Marshmellow 36,cooking,Item_Marshmallow,Marshmallows,2,Stat_HealthRegen,40,20.0
Item_Stick,Stick,Misc,2,Recipe_Marshmellow 37,cooking,Item_Marshmallow,Marshmallows,2,Stat_HealthRegen,40,20.0
Item_Stick,Stick,Misc,2,Recipe_Marshmellow 38,cooking,Item_Marshmallow,Marshmallows,2,Stat_HealthRegen,40,20.0
Item_Stick,Stick,Misc,2,Recipe_Marshmellow 39,cooking,Item_Marshmallow,Marshmallows,2,Stat_HealthRegen,40,20.0
Item_Stick,Stick,Misc,1,Recipe_Marshmellow 4,cooking,Item_Marshmallow,Marshmallows,2,Stat_HealthRegen,40,20.0
Item_Stick,Stick,Misc,1,Recipe_Marshmellow 5,cooking,Item_Marshmallow,Marshmallows,2,Stat_HealthRegen,40,20.0
Item_Stick,Stick,Misc,2,Recipe_Marshmellow 6,cooking,Item_Marshmallow,Marshmallows,2,Stat_HealthRegen,40,20.0
Item_Stick,Stick,Misc,1,Recipe_Marshmellow 7,cooking,Item_Marshmallow,Marshmallows,2,Stat_HealthRegen,40,20.0
Item_Stick,Stick,Misc,2,Recipe_Marshmellow 8,cooking,Item_Marshmallow,Marshmallows,2,Stat_HealthRegen,40,20.0
Item_Stick,Stick,Misc,2,Recipe_Marshmellow 9,cooking,Item_Marshmallow,Marshmallows,2,Stat_HealthRegen,40,20.0
Item_Stick,Stick,Misc,1,Recipe_MeatSkewers_1,cooking,Item_MeatSkewers,Meat Skewers,2,Stat_HealthRegen,20,10.0
Item_Stick,Stick,Misc,1,Recipe_MeatSkewers_1 1,cooking,Item_MeatSkewers,Meat Skewers,2,Stat_HealthRegen,20,10.0
Item_Stick,Stick,Misc,1,Recipe_MeatSkewers_1 2,cooking,Item_MeatSkewers,Meat Skewers,2,Stat_HealthRegen,20,10.0
Item_Stick,Stick,Misc,1,Recipe_MeatSkewers_1 3,cooking,Item_MeatSkewers,Meat Skewers,2,Stat_HealthRegen,20,10.0
Item_Stick,Stick,Misc,1,Recipe_MeatSkewers_1 4,cooking,Item_MeatSkewers,Meat Skewers,2,Stat_HealthRegen,20,10.0
Item_Stick,Stick,Misc,1,Recipe_MeatSkewers_1 5,cooking,Item_MeatSkewers,Meat Skewers,2,Stat_HealthRegen,20,10.0
Item_Stick,Stick,Misc,1,Recipe_MeatSkewers_1 6,cooking,Item_MeatSkewers,Meat Skewers,2,Stat_HealthRegen,20,10.0
Item_Stick,Stick,Misc,1,Recipe_MeatSkewers_2,cooking,Item_MeatSkewers,Meat Skewers,2,Stat_HealthRegen,20,10.0
Item_Stick,Stick,Misc,1,Recipe_MushroomsSkewer_1,cooking,Item_MushroomSkewer,Mushroom Skewer,2,Stat_HealthRegen,15,7.5
Item_Stick,Stick,Misc,1,Recipe_MushroomsSkewer_2,cooking,Item_MushroomSkewer,Mushroom Skewer,2,Stat_HealthRegen,15,7.5
Item_Stick,Stick,Misc,1,Recipe_MushroomsSkewer_2 1,cooking,Item_MushroomSkewer,Mushroom Skewer,2,Stat_HealthRegen,15,7.5
Item_Stick,Stick,Misc,1,Recipe_MushroomsSkewer_2 2,cooking,Item_MushroomSkewer,Mushroom Skewer,2,Stat_HealthRegen,15,7.5
Item_Stick,Stick,Misc,1,Recipe_MushroomsSkewer_3,cooking,Item_MushroomSkewer,Mushroom Skewer,2,Stat_HealthRegen,15,7.5
Item_Stick,Stick,Misc,1,Recipe_MushroomsSkewer_3 1,cooking,Item_MushroomSkewer,Mushroom Skewer,2,Stat_HealthRegen,15,7.5
Item_Stick,Stick,Misc,1,Recipe_MushroomsSkewer_3 2,cooking,Item_MushroomSkewer,Mushroom Skewer,2,Stat_HealthRegen,15,7.5
Item_Stick,Stick,Misc,1,Recipe_MushroomsSkewer_3 3,cooking,Item_MushroomSkewer,Mushroom Skewer,2,Stat_HealthRegen,15,7.5
Item_Stick,Stick,Misc,1,Recipe_MushroomsSkewer_4,cooking,Item_MushroomSkewer,Mushroom Skewer,2,Stat_HealthRegen,15,7.5
Item_Stick,Stick,Misc,1,Recipe_MushroomsSkewer_4 1,cooking,Item_MushroomSkewer,Mushroom Skewer,2,Stat_HealthRegen,15,7.5
Item_Stick,Stick,Misc,1,Recipe_MushroomsSkewer_4 2,cooking,Item_MushroomSkewer,Mushroom Skewer,2,Stat_HealthRegen,15,7.5
Item_Stick,Stick,Misc,1,Recipe_MushroomsSkewer_5,cooking,Item_MushroomSkewer,Mushroom Skewer,2,Stat_HealthRegen,15,7.5
Item_Stick,Stick,Misc,1,Recipe_MushroomsSkewer_5 1,cooking,Item_MushroomSkewer,Mushroom Skewer,2,Stat_HealthRegen,15,7.5
Item_Stick,Stick,Misc,1,Recipe_MushroomsSkewer_5 2,cooking,Item_MushroomSkewer,Mushroom Skewer,2,Stat_HealthRegen,15,7.5
Item_Stick,Stick,Misc,1,Recipe_SausageOnStick 1,cooking,Item_SausageOnStick,Sausage On Stick,2,Stat_HealthRegen,40,20.0
Item_Stick,Stick,Misc,2,Recipe_Sawdust_2,generic,Item_Sawdust,Sawdust,1,,0,0.0
Item_Stick,Stick,Misc,3,Recipe_Sawdust_2 1,generic,Item_Sawdust,Sawdust,1,,0,0.0
Item_Stick,Stick,Misc,4,Recipe_Sawdust_2 2,generic,Item_Sawdust,Sawdust,1,,0,0.0
Item_Stick,Stick,Misc,5,Recipe_Sawdust_2 3,generic,Item_Sawdust,Sawdust,1,,0,0.0
Item_Stick,Stick,Misc,6,Recipe_Sawdust_2 4,generic,Item_Sawdust,Sawdust,1,,0,0.0
Item_Stick,Stick,Misc,1,Recipe_StickGrenade_1,generic,Weapon_StickGrenade,Stick Grenade,2,,0,0.0
Item_Stick,Stick,Misc,1,Recipe_StickGrenade_2,generic,Weapon_StickGrenade,Stick Grenade,2,,0,0.0
Item_Stick,Stick,Misc,1,Recipe_StickGrenade_3,generic,Weapon_StickGrenade,Stick Grenade,2,,0,0.0
Item_Stick,Stick,Misc,1,Recipe_StickGrenade_4,generic,Weapon_StickGrenade,Stick Grenade,2,,0,0.0
Item_Stick,Stick,Misc,1,Recipe_TongueOnStick 1,cooking,Item_TongueOnStick,Tongue On Stick,2,Stat_HealthRegen,20,10.0
Item_Stout,Stout,Consumables/Drinks,1,Recipe_Gonster,cooking,Item_Gonster,Gonster,2,Stat_Charisma,1200,600.0
Item_Stout,Stout,Consumables/Drinks,1,Recipe_Gonster 1,cooking,Item_Gonster,Gonster,2,Stat_Charisma,1200,600.0
Item_Stout,Stout,Consumables/Drinks,1,Recipe_Gonster 2,cooking,Item_Gonster,Gonster,2,Stat_Charisma,1200,600.0
Item_Sugar,Sugar,Consumables/Foodstuffs,1,Recipe_BananaSulfs,cooking,Item_BananaSulfs,Banana Sulfs,1,Stat_HealthRegen,20,20.0
Item_Sugar,Sugar,Consumables/Foodstuffs,1,Recipe_BananaSulfs 1,cooking,Item_BananaSulfs,Banana Sulfs,1,Stat_HealthRegen,20,20.0
Item_Sugar,Sugar,Consumables/Foodstuffs,2,Recipe_BananaSulfs 10,cooking,Item_BananaSulfs,Banana Sulfs,1,Stat_HealthRegen,20,20.0
Item_Sugar,Sugar,Consumables/Foodstuffs,1,Recipe_BananaSulfs 11,cooking,Item_BananaSulfs,Banana Sulfs,1,Stat_HealthRegen,20,20.0
Item_Sugar,Sugar,Consumables/Foodstuffs,2,Recipe_BananaSulfs 2,cooking,Item_BananaSulfs,Banana Sulfs,1,Stat_HealthRegen,20,20.0
Item_Sugar,Sugar,Consumables/Foodstuffs,2,Recipe_BananaSulfs 3,cooking,Item_BananaSulfs,Banana Sulfs,1,Stat_HealthRegen,20,20.0
Item_Sugar,Sugar,Consumables/Foodstuffs,1,Recipe_BananaSulfs 4,cooking,Item_BananaSulfs,Banana Sulfs,1,Stat_HealthRegen,20,20.0
Item_Sugar,Sugar,Consumables/Foodstuffs,1,Recipe_BananaSulfs 5,cooking,Item_BananaSulfs,Banana Sulfs,1,Stat_HealthRegen,20,20.0
Item_Sugar,Sugar,Consumables/Foodstuffs,2,Recipe_BananaSulfs 6,cooking,Item_BananaSulfs,Banana Sulfs,1,Stat_HealthRegen,20,20.0
Item_Sugar,Sugar,Consumables/Foodstuffs,2,Recipe_BananaSulfs 7,cooking,Item_BananaSulfs,Banana Sulfs,1,Stat_HealthRegen,20,20.0
Item_Sugar,Sugar,Consumables/Foodstuffs,2,Recipe_BananaSulfs 8,cooking,Item_BananaSulfs,Banana Sulfs,1,Stat_HealthRegen,20,20.0
Item_Sugar,Sugar,Consumables/Foodstuffs,1,Recipe_BananaSulfs 9,cooking,Item_BananaSulfs,Banana Sulfs,1,Stat_HealthRegen,20,20.0
Item_Sugar,Sugar,Consumables/Foodstuffs,1,Recipe_BloodPudding_2,cooking,Item_BloodPudding,Blood Pudding,2,Stat_HealthRegen,30,15.0
Item_Sugar,Sugar,Consumables/Foodstuffs,1,Recipe_BloodPudding_3,cooking,Item_BloodPudding,Blood Pudding,2,Stat_HealthRegen,30,15.0
Item_Sugar,Sugar,Consumables/Foodstuffs,1,Recipe_CactusDrink_1,cooking,Item_CactusDrink,Cactus Softdrink,2,Stat_HealthRegen,15,7.5
Item_Sugar,Sugar,Consumables/Foodstuffs,1,Recipe_CactusSweet_1,cooking,Item_CactusSweets,Lackerol Cactus,1,Stat_HealthRegen,10,10.0
Item_Sugar,Sugar,Consumables/Foodstuffs,1,Recipe_Candycane,cooking,Item_CandyCane,Candy Cane,1,Stat_HealthRegen,20,20.0
Item_Sugar,Sugar,Consumables/Foodstuffs,1,Recipe_ChocolateBall_1,cooking,Item_ChocolateBall,Chocolate Ball,1,Stat_HealthRegen,20,20.0
Item_Sugar,Sugar,Consumables/Foodstuffs,1,Recipe_ChocolateBall_1 1,cooking,Item_ChocolateBall,Chocolate Ball,1,Stat_HealthRegen,20,20.0
Item_Sugar,Sugar,Consumables/Foodstuffs,1,Recipe_ChocolateBall_1 2,cooking,Item_ChocolateBall,Chocolate Ball,1,Stat_HealthRegen,20,20.0
Item_Sugar,Sugar,Consumables/Foodstuffs,1,Recipe_ChocolateBall_2,cooking,Item_ChocolateBall,Chocolate Ball,1,Stat_HealthRegen,20,20.0
Item_Sugar,Sugar,Consumables/Foodstuffs,1,Recipe_ChocolateBall_2 1,cooking,Item_ChocolateBall,Chocolate Ball,1,Stat_HealthRegen,20,20.0
Item_Sugar,Sugar,Consumables/Foodstuffs,1,Recipe_ChocolateBall_2 2,cooking,Item_ChocolateBall,Chocolate Ball,1,Stat_HealthRegen,20,20.0
Item_Sugar,Sugar,Consumables/Foodstuffs,1,Recipe_ChocolateBall_3,cooking,Item_ChocolateBall,Chocolate Ball,1,Stat_HealthRegen,20,20.0
Item_Sugar,Sugar,Consumables/Foodstuffs,1,Recipe_ChocolateBall_3 1,cooking,Item_ChocolateBall,Chocolate Ball,1,Stat_HealthRegen,20,20.0
Item_Sugar,Sugar,Consumables/Foodstuffs,1,Recipe_ChocolateBall_3 2,cooking,Item_ChocolateBall,Chocolate Ball,1,Stat_HealthRegen,20,20.0
Item_Sugar,Sugar,Consumables/Foodstuffs,1,Recipe_ChocolateBall_4,cooking,Item_ChocolateBall,Chocolate Ball,1,Stat_HealthRegen,20,20.0
Item_Sugar,Sugar,Consumables/Foodstuffs,1,Recipe_ChocolateBall_4 1,cooking,Item_ChocolateBall,Chocolate Ball,1,Stat_HealthRegen,20,20.0
Item_Sugar,Sugar,Consumables/Foodstuffs,1,Recipe_ChocolateBall_4 2,cooking,Item_ChocolateBall,Chocolate Ball,1,Stat_HealthRegen,20,20.0
Item_Sugar,Sugar,Consumables/Foodstuffs,1,Recipe_ChocolateBall_5,cooking,Item_ChocolateBall,Chocolate Ball,1,Stat_HealthRegen,20,20.0
Item_Sugar,Sugar,Consumables/Foodstuffs,1,Recipe_ChocolateBall_5 1,cooking,Item_ChocolateBall,Chocolate Ball,1,Stat_HealthRegen,20,20.0
Item_Sugar,Sugar,Consumables/Foodstuffs,1,Recipe_ChocolateBall_5 2,cooking,Item_ChocolateBall,Chocolate Ball,1,Stat_HealthRegen,20,20.0
Item_Sugar,Sugar,Consumables/Foodstuffs,1,Recipe_ChocolateSyrup_1,cooking,Item_ChocolateSyrup,Chocolate Syrup,2,Stat_HealthRegen,10,5.0
Item_Sugar,Sugar,Consumables/Foodstuffs,1,Recipe_ChocolateSyrup_2,cooking,Item_ChocolateSyrup,Chocolate Syrup,2,Stat_HealthRegen,10,5.0
Item_Sugar,Sugar,Consumables/Foodstuffs,2,Recipe_CottonCandy,cooking,Item_CottonCandy,Cotton Candy,2,Stat_HealthRegen,20,10.0
Item_Sugar,Sugar,Consumables/Foodstuffs,3,Recipe_CottonCandy 1,cooking,Item_CottonCandy,Cotton Candy,2,Stat_HealthRegen,20,10.0
Item_Sugar,Sugar,Consumables/Foodstuffs,1,Recipe_CottonCandy 2,cooking,Item_CottonCandy,Cotton Candy,2,Stat_HealthRegen,20,10.0
Item_Sugar,Sugar,Consumables/Foodstuffs,2,Recipe_CottonCandy 3,cooking,Item_CottonCandy,Cotton Candy,2,Stat_HealthRegen,20,10.0
Item_Sugar,Sugar,Consumables/Foodstuffs,1,Recipe_Dammsugare,cooking,Item_VacuumCleaner,Vacuum Cleaner,1,Stat_HealthRegen,15,15.0
Item_Sugar,Sugar,Consumables/Foodstuffs,1,Recipe_Dammsugare 1,cooking,Item_VacuumCleaner,Vacuum Cleaner,1,Stat_HealthRegen,15,15.0
Item_Sugar,Sugar,Consumables/Foodstuffs,2,Recipe_Dammsugare 2,cooking,Item_VacuumCleaner,Vacuum Cleaner,1,Stat_HealthRegen,15,15.0
Item_Sugar,Sugar,Consumables/Foodstuffs,2,Recipe_Dammsugare 3,cooking,Item_VacuumCleaner,Vacuum Cleaner,1,Stat_HealthRegen,15,15.0
Item_Sugar,Sugar,Consumables/Foodstuffs,3,Recipe_Dammsugare 4,cooking,Item_VacuumCleaner,Vacuum Cleaner,1,Stat_HealthRegen,15,15.0
Item_Sugar,Sugar,Consumables/Foodstuffs,3,Recipe_Dammsugare 5,cooking,Item_VacuumCleaner,Vacuum Cleaner,1,Stat_HealthRegen,15,15.0
Item_Sugar,Sugar,Consumables/Foodstuffs,1,Recipe_EggToddy_1,cooking,Item_EggToddy,Egg Toddy,1,Stat_Charisma,7200,7200.0
Item_Sugar,Sugar,Consumables/Foodstuffs,2,Recipe_EggToddy_1 1,cooking,Item_EggToddy,Egg Toddy,1,Stat_Charisma,7200,7200.0
Item_Sugar,Sugar,Consumables/Foodstuffs,1,Recipe_EggToddy_1 2,cooking,Item_EggToddy,Egg Toddy,1,Stat_Charisma,7200,7200.0
Item_Sugar,Sugar,Consumables/Foodstuffs,1,Recipe_EggToddy_1 3,cooking,Item_EggToddy,Egg Toddy,1,Stat_Charisma,7200,7200.0
Item_Sugar,Sugar,Consumables/Foodstuffs,1,Recipe_EggToddy_1 4,cooking,Item_EggToddy,Egg Toddy,1,Stat_Charisma,7200,7200.0
Item_Sugar,Sugar,Consumables/Foodstuffs,2,Recipe_EggToddy_1 5,cooking,Item_EggToddy,Egg Toddy,1,Stat_Charisma,7200,7200.0
Item_Sugar,Sugar,Consumables/Foodstuffs,2,Recipe_EggToddy_1 6,cooking,Item_EggToddy,Egg Toddy,1,Stat_Charisma,7200,7200.0
Item_Sugar,Sugar,Consumables/Foodstuffs,2,Recipe_EggToddy_1 7,cooking,Item_EggToddy,Egg Toddy,1,Stat_Charisma,7200,7200.0
Item_Sugar,Sugar,Consumables/Foodstuffs,1,Recipe_FrenchToast_1,cooking,Item_FrenchToast,French Toast,1,Stat_HealthRegen,15,15.0
Item_Sugar,Sugar,Consumables/Foodstuffs,2,Recipe_FrenchToast_1 1,cooking,Item_FrenchToast,French Toast,1,Stat_HealthRegen,15,15.0
Item_Sugar,Sugar,Consumables/Foodstuffs,1,Recipe_FrenchToast_1 2,cooking,Item_FrenchToast,French Toast,1,Stat_HealthRegen,15,15.0
Item_Sugar,Sugar,Consumables/Foodstuffs,1,Recipe_FrenchToast_1 3,cooking,Item_FrenchToast,French Toast,1,Stat_HealthRegen,15,15.0
Item_Sugar,Sugar,Consumables/Foodstuffs,2,Recipe_FrenchToast_1 4,cooking,Item_FrenchToast,French Toast,1,Stat_HealthRegen,15,15.0
Item_Sugar,Sugar,Consumables/Foodstuffs,2,Recipe_FrenchToast_1 5,cooking,Item_FrenchToast,French Toast,1,Stat_HealthRegen,15,15.0
Item_Sugar,Sugar,Consumables/Foodstuffs,1,Recipe_FrenchToast_1 6,cooking,Item_FrenchToast,French Toast,1,Stat_HealthRegen,15,15.0
Item_Sugar,Sugar,Consumables/Foodstuffs,2,Recipe_FrenchToast_1 7,cooking,Item_FrenchToast,French Toast,1,Stat_HealthRegen,15,15.0
Item_Sugar,Sugar,Consumables/Foodstuffs,1,Recipe_FrenchToast_2,cooking,Item_FrenchToast,French Toast,1,Stat_HealthRegen,15,15.0
Item_Sugar,Sugar,Consumables/Foodstuffs,2,Recipe_FrenchToast_2 1,cooking,Item_FrenchToast,French Toast,1,Stat_HealthRegen,15,15.0
Item_Sugar,Sugar,Consumables/Foodstuffs,1,Recipe_FrenchToast_2 2,cooking,Item_FrenchToast,French Toast,1,Stat_HealthRegen,15,15.0
Item_Sugar,Sugar,Consumables/Foodstuffs,2,Recipe_FrenchToast_2 3,cooking,Item_FrenchToast,French Toast,1,Stat_HealthRegen,15,15.0
Item_Sugar,Sugar,Consumables/Foodstuffs,1,Recipe_Glogg 1,cooking,Item_MulledWine,Mulled Wine,1,Stat_Charisma,1200,1200.0
Item_Sugar,Sugar,Consumables/Foodstuffs,1,Recipe_Glogg 6,cooking,Item_MulledWine,Mulled Wine,1,Stat_Charisma,1200,1200.0
Item_Sugar,Sugar,Consumables/Foodstuffs,1,Recipe_Glogg 7,cooking,Item_MulledWine,Mulled Wine,1,Stat_Charisma,1200,1200.0
Item_Sugar,Sugar,Consumables/Foodstuffs,2,Recipe_Glogg 8,cooking,Item_MulledWine,Mulled Wine,1,Stat_Charisma,1200,1200.0
Item_Sugar,Sugar,Consumables/Foodstuffs,2,Recipe_Glogg 9,cooking,Item_MulledWine,Mulled Wine,1,Stat_Charisma,1200,1200.0
Item_Sugar,Sugar,Consumables/Foodstuffs,1,Recipe_Gravadlax,cooking,Item_GravadLax,Gravad Lax,2,Stat_HealthRegen,20,10.0
Item_Sugar,Sugar,Consumables/Foodstuffs,1,Recipe_Gravadlax 1,cooking,Item_GravadLax,Gravad Lax,2,Stat_HealthRegen,20,10.0
Item_Sugar,Sugar,Consumables/Foodstuffs,1,Recipe_Gum_2,cooking,Item_GumHubba,Sweet Gum,1,Stat_HealthRegen,10,10.0
Item_Sugar,Sugar,Consumables/Foodstuffs,1,Recipe_Gum_3,cooking,Item_GumHubba,Sweet Gum,1,Stat_HealthRegen,10,10.0
Item_Sugar,Sugar,Consumables/Foodstuffs,1,Recipe_Jam_1,cooking,Item_Jam,Berry Jam,1,Stat_HealthRegen,15,15.0
Item_Sugar,Sugar,Consumables/Foodstuffs,2,Recipe_Jam_4,cooking,Item_Jam,Berry Jam,1,Stat_HealthRegen,15,15.0
Item_Sugar,Sugar,Consumables/Foodstuffs,1,Recipe_Jam_5 1,cooking,Item_Jam,Berry Jam,1,Stat_HealthRegen,15,15.0
Item_Sugar,Sugar,Consumables/Foodstuffs,1,Recipe_Jam_5 10,cooking,Item_Jam,Berry Jam,1,Stat_HealthRegen,15,15.0
Item_Sugar,Sugar,Consumables/Foodstuffs,1,Recipe_Jam_5 11,cooking,Item_Jam,Berry Jam,1,Stat_HealthRegen,15,15.0
Item_Sugar,Sugar,Consumables/Foodstuffs,1,Recipe_Jam_5 12,cooking,Item_Jam,Berry Jam,1,Stat_HealthRegen,15,15.0
Item_Sugar,Sugar,Consumables/Foodstuffs,2,Recipe_Jam_5 13,cooking,Item_Jam,Berry Jam,1,Stat_HealthRegen,15,15.0
Item_Sugar,Sugar,Consumables/Foodstuffs,2,Recipe_Jam_5 14,cooking,Item_Jam,Berry Jam,1,Stat_HealthRegen,15,15.0
Item_Sugar,Sugar,Consumables/Foodstuffs,2,Recipe_Jam_5 15,cooking,Item_Jam,Berry Jam,1,Stat_HealthRegen,15,15.0
Item_Sugar,Sugar,Consumables/Foodstuffs,2,Recipe_Jam_5 16,cooking,Item_Jam,Berry Jam,1,Stat_HealthRegen,15,15.0
Item_Sugar,Sugar,Consumables/Foodstuffs,2,Recipe_Jam_5 17,cooking,Item_Jam,Berry Jam,1,Stat_HealthRegen,15,15.0
Item_Sugar,Sugar,Consumables/Foodstuffs,2,Recipe_Jam_5 18,cooking,Item_Jam,Berry Jam,1,Stat_HealthRegen,15,15.0
Item_Sugar,Sugar,Consumables/Foodstuffs,2,Recipe_Jam_5 19,cooking,Item_Jam,Berry Jam,1,Stat_HealthRegen,15,15.0
Item_Sugar,Sugar,Consumables/Foodstuffs,1,Recipe_Jam_5 2,cooking,Item_Jam,Berry Jam,1,Stat_HealthRegen,15,15.0
Item_Sugar,Sugar,Consumables/Foodstuffs,1,Recipe_Jam_5 3,cooking,Item_Jam,Berry Jam,1,Stat_HealthRegen,15,15.0
Item_Sugar,Sugar,Consumables/Foodstuffs,1,Recipe_Jam_5 4,cooking,Item_Jam,Berry Jam,1,Stat_HealthRegen,15,15.0
Item_Sugar,Sugar,Consumables/Foodstuffs,1,Recipe_Jam_5 5,cooking,Item_Jam,Berry Jam,1,Stat_HealthRegen,15,15.0
Item_Sugar,Sugar,Consumables/Foodstuffs,1,Recipe_Jam_5 6,cooking,Item_Jam,Berry Jam,1,Stat_HealthRegen,15,15.0
Item_Sugar,Sugar,Consumables/Foodstuffs,2,Recipe_Jam_5 7,cooking,Item_Jam,Berry Jam,1,Stat_HealthRegen,15,15.0
Item_Sugar,Sugar,Consumables/Foodstuffs,2,Recipe_Jam_5 8,cooking,Item_Jam,Berry Jam,1,Stat_HealthRegen,15,15.0
Item_Sugar,Sugar,Consumables/Foodstuffs,2,Recipe_Jam_5 9,cooking,Item_Jam,Berry Jam,1,Stat_HealthRegen,15,15.0
Item_Sugar,Sugar,Consumables/Foodstuffs,2,Recipe_Jam_6,cooking,Item_Jam,Berry Jam,1,Stat_HealthRegen,15,15.0
Item_Sugar,Sugar,Consumables/Foodstuffs,1,Recipe_Jam_7,cooking,Item_Jam,Berry Jam,1,Stat_HealthRegen,15,15.0
Item_Sugar,Sugar,Consumables/Foodstuffs,1,Recipe_Jam_7 1,cooking,Item_Jam,Berry Jam,1,Stat_HealthRegen,15,15.0
Item_Sugar,Sugar,Consumables/Foodstuffs,2,Recipe_Jam_7 2,cooking,Item_Jam,Berry Jam,1,Stat_HealthRegen,15,15.0
Item_Sugar,Sugar,Consumables/Foodstuffs,2,Recipe_Jam_7 3,cooking,Item_Jam,Berry Jam,1,Stat_HealthRegen,15,15.0
Item_Sugar,Sugar,Consumables/Foodstuffs,1,Recipe_Jello 1,cooking,Item_Jello,Jello,2,Stat_HealthRegen,15,7.5
Item_Sugar,Sugar,Consumables/Foodstuffs,2,Recipe_Jello 2,cooking,Item_Jello,Jello,2,Stat_HealthRegen,15,7.5
Item_Sugar,Sugar,Consumables/Foodstuffs,1,Recipe_Jello 3,cooking,Item_Jello,Jello,2,Stat_HealthRegen,15,7.5
Item_Sugar,Sugar,Consumables/Foodstuffs,2,Recipe_Jello 4,cooking,Item_Jello,Jello,2,Stat_HealthRegen,15,7.5
Item_Sugar,Sugar,Consumables/Foodstuffs,2,Recipe_Jello 5,cooking,Item_Jello,Jello,2,Stat_HealthRegen,15,7.5
Item_Sugar,Sugar,Consumables/Foodstuffs,3,Recipe_Jello 6,cooking,Item_Jello,Jello,2,Stat_HealthRegen,15,7.5
Item_Sugar,Sugar,Consumables/Foodstuffs,3,Recipe_Jello 7,cooking,Item_Jello,Jello,2,Stat_HealthRegen,15,7.5
Item_Sugar,Sugar,Consumables/Foodstuffs,2,Recipe_Marshmellow 10,cooking,Item_Marshmallow,Marshmallows,2,Stat_HealthRegen,40,20.0
Item_Sugar,Sugar,Consumables/Foodstuffs,2,Recipe_Marshmellow 11,cooking,Item_Marshmallow,Marshmallows,2,Stat_HealthRegen,40,20.0
Item_Sugar,Sugar,Consumables/Foodstuffs,3,Recipe_Marshmellow 12,cooking,Item_Marshmallow,Marshmallows,2,Stat_HealthRegen,40,20.0
Item_Sugar,Sugar,Consumables/Foodstuffs,1,Recipe_Marshmellow 13,cooking,Item_Marshmallow,Marshmallows,2,Stat_HealthRegen,40,20.0
Item_Sugar,Sugar,Consumables/Foodstuffs,2,Recipe_Marshmellow 14,cooking,Item_Marshmallow,Marshmallows,2,Stat_HealthRegen,40,20.0
Item_Sugar,Sugar,Consumables/Foodstuffs,1,Recipe_Marshmellow 15,cooking,Item_Marshmallow,Marshmallows,2,Stat_HealthRegen,40,20.0
Item_Sugar,Sugar,Consumables/Foodstuffs,1,Recipe_Marshmellow 16,cooking,Item_Marshmallow,Marshmallows,2,Stat_HealthRegen,40,20.0
Item_Sugar,Sugar,Consumables/Foodstuffs,2,Recipe_Marshmellow 17,cooking,Item_Marshmallow,Marshmallows,2,Stat_HealthRegen,40,20.0
Item_Sugar,Sugar,Consumables/Foodstuffs,1,Recipe_Marshmellow 18,cooking,Item_Marshmallow,Marshmallows,2,Stat_HealthRegen,40,20.0
Item_Sugar,Sugar,Consumables/Foodstuffs,2,Recipe_Marshmellow 19,cooking,Item_Marshmallow,Marshmallows,2,Stat_HealthRegen,40,20.0
Item_Sugar,Sugar,Consumables/Foodstuffs,2,Recipe_Marshmellow 20,cooking,Item_Marshmallow,Marshmallows,2,Stat_HealthRegen,40,20.0
Item_Sugar,Sugar,Consumables/Foodstuffs,3,Recipe_Marshmellow 21,cooking,Item_Marshmallow,Marshmallows,2,Stat_HealthRegen,40,20.0
Item_Sugar,Sugar,Consumables/Foodstuffs,1,Recipe_Marshmellow 22,cooking,Item_Marshmallow,Marshmallows,2,Stat_HealthRegen,40,20.0
Item_Sugar,Sugar,Consumables/Foodstuffs,2,Recipe_Marshmellow 23,cooking,Item_Marshmallow,Marshmallows,2,Stat_HealthRegen,40,20.0
Item_Sugar,Sugar,Consumables/Foodstuffs,1,Recipe_Marshmellow 24,cooking,Item_Marshmallow,Marshmallows,2,Stat_HealthRegen,40,20.0
Item_Sugar,Sugar,Consumables/Foodstuffs,1,Recipe_Marshmellow 25,cooking,Item_Marshmallow,Marshmallows,2,Stat_HealthRegen,40,20.0
Item_Sugar,Sugar,Consumables/Foodstuffs,2,Recipe_Marshmellow 26,cooking,Item_Marshmallow,Marshmallows,2,Stat_HealthRegen,40,20.0
Item_Sugar,Sugar,Consumables/Foodstuffs,1,Recipe_Marshmellow 27,cooking,Item_Marshmallow,Marshmallows,2,Stat_HealthRegen,40,20.0
Item_Sugar,Sugar,Consumables/Foodstuffs,2,Recipe_Marshmellow 28,cooking,Item_Marshmallow,Marshmallows,2,Stat_HealthRegen,40,20.0
Item_Sugar,Sugar,Consumables/Foodstuffs,2,Recipe_Marshmellow 29,cooking,Item_Marshmallow,Marshmallows,2,Stat_HealthRegen,40,20.0
Item_Sugar,Sugar,Consumables/Foodstuffs,3,Recipe_Marshmellow 30,cooking,Item_Marshmallow,Marshmallows,2,Stat_HealthRegen,40,20.0
Item_Sugar,Sugar,Consumables/Foodstuffs,1,Recipe_Marshmellow 31,cooking,Item_Marshmallow,Marshmallows,2,Stat_HealthRegen,40,20.0
Item_Sugar,Sugar,Consumables/Foodstuffs,2,Recipe_Marshmellow 32,cooking,Item_Marshmallow,Marshmallows,2,Stat_HealthRegen,40,20.0
Item_Sugar,Sugar,Consumables/Foodstuffs,1,Recipe_Marshmellow 33,cooking,Item_Marshmallow,Marshmallows,2,Stat_HealthRegen,40,20.0
Item_Sugar,Sugar,Consumables/Foodstuffs,1,Recipe_Marshmellow 34,cooking,Item_Marshmallow,Marshmallows,2,Stat_HealthRegen,40,20.0
Item_Sugar,Sugar,Consumables/Foodstuffs,2,Recipe_Marshmellow 35,cooking,Item_Marshmallow,Marshmallows,2,Stat_HealthRegen,40,20.0
Item_Sugar,Sugar,Consumables/Foodstuffs,1,Recipe_Marshmellow 36,cooking,Item_Marshmallow,Marshmallows,2,Stat_HealthRegen,40,20.0
Item_Sugar,Sugar,Consumables/Foodstuffs,2,Recipe_Marshmellow 37,cooking,Item_Marshmallow,Marshmallows,2,Stat_HealthRegen,40,20.0
Item_Sugar,Sugar,Consumables/Foodstuffs,2,Recipe_Marshmellow 38,cooking,Item_Marshmallow,Marshmallows,2,Stat_HealthRegen,40,20.0
Item_Sugar,Sugar,Consumables/Foodstuffs,3,Recipe_Marshmellow 39,cooking,Item_Marshmallow,Marshmallows,2,Stat_HealthRegen,40,20.0
Item_Sugar,Sugar,Consumables/Foodstuffs,1,Recipe_Marshmellow 4,cooking,Item_Marshmallow,Marshmallows,2,Stat_HealthRegen,40,20.0
Item_Sugar,Sugar,Consumables/Foodstuffs,2,Recipe_Marshmellow 5,cooking,Item_Marshmallow,Marshmallows,2,Stat_HealthRegen,40,20.0
Item_Sugar,Sugar,Consumables/Foodstuffs,1,Recipe_Marshmellow 6,cooking,Item_Marshmallow,Marshmallows,2,Stat_HealthRegen,40,20.0
Item_Sugar,Sugar,Consumables/Foodstuffs,1,Recipe_Marshmellow 7,cooking,Item_Marshmallow,Marshmallows,2,Stat_HealthRegen,40,20.0
Item_Sugar,Sugar,Consumables/Foodstuffs,2,Recipe_Marshmellow 8,cooking,Item_Marshmallow,Marshmallows,2,Stat_HealthRegen,40,20.0
Item_Sugar,Sugar,Consumables/Foodstuffs,1,Recipe_Marshmellow 9,cooking,Item_Marshmallow,Marshmallows,2,Stat_HealthRegen,40,20.0
Item_Sugar,Sugar,Consumables/Foodstuffs,1,Recipe_Meringue_1,cooking,Item_Meringue,Meringue,1,Stat_HealthRegen,15,15.0
Item_Sugar,Sugar,Consumables/Foodstuffs,2,Recipe_Meringue_2,cooking,Item_Meringue,Meringue,1,Stat_HealthRegen,15,15.0
Item_Sugar,Sugar,Consumables/Foodstuffs,2,Recipe_Meringue_2 1,cooking,Item_Meringue,Meringue,1,Stat_HealthRegen,15,15.0
Item_Sugar,Sugar,Consumables/Foodstuffs,3,Recipe_Meringue_3,cooking,Item_Meringue,Meringue,1,Stat_HealthRegen,15,15.0
Item_Sugar,Sugar,Consumables/Foodstuffs,3,Recipe_Meringue_3 1,cooking,Item_Meringue,Meringue,1,Stat_HealthRegen,15,15.0
Item_Sugar,Sugar,Consumables/Foodstuffs,2,Recipe_Milkshake_4 10,cooking,Item_MilkshakeBerries,Berry Milkshake,2,Stat_HealthRegen,35,17.5
Item_Sugar,Sugar,Consumables/Foodstuffs,2,Recipe_Milkshake_4 11,cooking,Item_MilkshakeBerries,Berry Milkshake,2,Stat_HealthRegen,35,17.5
Item_Sugar,Sugar,Consumables/Foodstuffs,1,Recipe_Milkshake_4 8,cooking,Item_MilkshakeBerries,Berry Milkshake,2,Stat_HealthRegen,35,17.5
Item_Sugar,Sugar,Consumables/Foodstuffs,1,Recipe_Milkshake_4 9,cooking,Item_MilkshakeBerries,Berry Milkshake,2,Stat_HealthRegen,35,17.5
Item_Sugar,Sugar,Consumables/Foodstuffs,2,Recipe_Milkshake_5 10,cooking,Item_MilkshakeBerries,Berry Milkshake,2,Stat_HealthRegen,35,17.5
Item_Sugar,Sugar,Consumables/Foodstuffs,2,Recipe_Milkshake_5 11,cooking,Item_MilkshakeBerries,Berry Milkshake,2,Stat_HealthRegen,35,17.5
Item_Sugar,Sugar,Consumables/Foodstuffs,1,Recipe_Milkshake_5 8,cooking,Item_MilkshakeBerries,Berry Milkshake,2,Stat_HealthRegen,35,17.5
Item_Sugar,Sugar,Consumables/Foodstuffs,1,Recipe_Milkshake_5 9,cooking,Item_MilkshakeBerries,Berry Milkshake,2,Stat_HealthRegen,35,17.5
Item_Sugar,Sugar,Consumables/Foodstuffs,2,Recipe_Milkshake_6 10,cooking,Item_MilkshakeBerries,Berry Milkshake,2,Stat_HealthRegen,35,17.5
Item_Sugar,Sugar,Consumables/Foodstuffs,2,Recipe_Milkshake_6 11,cooking,Item_MilkshakeBerries,Berry Milkshake,2,Stat_HealthRegen,35,17.5
Item_Sugar,Sugar,Consumables/Foodstuffs,1,Recipe_Milkshake_6 8,cooking,Item_MilkshakeBerries,Berry Milkshake,2,Stat_HealthRegen,35,17.5
Item_Sugar,Sugar,Consumables/Foodstuffs,1,Recipe_Milkshake_6 9,cooking,Item_MilkshakeBerries,Berry Milkshake,2,Stat_HealthRegen,35,17.5
Item_Sugar,Sugar,Consumables/Foodstuffs,1,Recipe_Milkshake_7,cooking,Item_MilkshakeChocolate,Chocolate Milkshake,2,Stat_HealthRegen,35,17.5
Item_Sugar,Sugar,Consumables/Foodstuffs,1,Recipe_Milkshake_7 1,cooking,Item_MilkshakeChocolate,Chocolate Milkshake,2,Stat_HealthRegen,35,17.5
Item_Sugar,Sugar,Consumables/Foodstuffs,1,Recipe_Milkshake_7 2,cooking,Item_MilkshakeChocolate,Chocolate Milkshake,2,Stat_HealthRegen,35,17.5
Item_Sugar,Sugar,Consumables/Foodstuffs,1,Recipe_Milkshake_7 3,cooking,Item_MilkshakeChocolate,Chocolate Milkshake,2,Stat_HealthRegen,35,17.5
Item_Sugar,Sugar,Consumables/Foodstuffs,1,Recipe_Milkshake_8,cooking,Item_MilkshakeChocolate,Chocolate Milkshake,2,Stat_HealthRegen,35,17.5
Item_Sugar,Sugar,Consumables/Foodstuffs,1,Recipe_Milkshake_8 1,cooking,Item_MilkshakeChocolate,Chocolate Milkshake,2,Stat_HealthRegen,35,17.5
Item_Sugar,Sugar,Consumables/Foodstuffs,1,Recipe_Milkshake_8 2,cooking,Item_MilkshakeChocolate,Chocolate Milkshake,2,Stat_HealthRegen,35,17.5
Item_Sugar,Sugar,Consumables/Foodstuffs,1,Recipe_Milkshake_8 3,cooking,Item_MilkshakeChocolate,Chocolate Milkshake,2,Stat_HealthRegen,35,17.5
Item_Sugar,Sugar,Consumables/Foodstuffs,1,Recipe_Milkshake_9,cooking,Item_MilkshakeChocolate,Chocolate Milkshake,2,Stat_HealthRegen,35,17.5
Item_Sugar,Sugar,Consumables/Foodstuffs,1,Recipe_Milkshake_9 1,cooking,Item_MilkshakeChocolate,Chocolate Milkshake,2,Stat_HealthRegen,35,17.5
Item_Sugar,Sugar,Consumables/Foodstuffs,1,Recipe_Milkshake_9 2,cooking,Item_MilkshakeChocolate,Chocolate Milkshake,2,Stat_HealthRegen,35,17.5
Item_Sugar,Sugar,Consumables/Foodstuffs,1,Recipe_Milkshake_9 3,cooking,Item_MilkshakeChocolate,Chocolate Milkshake,2,Stat_HealthRegen,35,17.5
Item_Sugar,Sugar,Consumables/Foodstuffs,1,Recipe_Mudcake_1,cooking,Item_Mudcake,Chocolate Mudcake,1,Stat_HealthRegen,50,50.0
Item_Sugar,Sugar,Consumables/Foodstuffs,1,Recipe_Mudcake_1 1,cooking,Item_Mudcake,Chocolate Mudcake,1,Stat_HealthRegen,50,50.0
Item_Sugar,Sugar,Consumables/Foodstuffs,1,Recipe_Mudcake_1 2,cooking,Item_Mudcake,Chocolate Mudcake,1,Stat_HealthRegen,50,50.0
Item_Sugar,Sugar,Consumables/Foodstuffs,1,Recipe_Mudcake_1 3,cooking,Item_Mudcake,Chocolate Mudcake,1,Stat_HealthRegen,50,50.0
Item_Sugar,Sugar,Consumables/Foodstuffs,1,Recipe_Mudcake_2,cooking,Item_Mudcake,Chocolate Mudcake,1,Stat_HealthRegen,50,50.0
Item_Sugar,Sugar,Consumables/Foodstuffs,1,Recipe_Mudcake_4,cooking,Item_Mudcake,Chocolate Mudcake,1,Stat_HealthRegen,50,50.0
Item_Sugar,Sugar,Consumables/Foodstuffs,1,Recipe_PowerBar_3,cooking,Item_PowerBar,Power Bar,1,Stat_SprintBonus,60,60.0
Item_Sugar,Sugar,Consumables/Foodstuffs,1,Recipe_RhubarbPie_1,cooking,Item_RhubarbPie,Rhubarb Pie,2,Stat_HealthRegen,30,15.0
Item_Sugar,Sugar,Consumables/Foodstuffs,1,Recipe_RhubarbPie_2,cooking,Item_RhubarbPie,Rhubarb Pie,2,Stat_HealthRegen,30,15.0
Item_Sugar,Sugar,Consumables/Foodstuffs,1,Recipe_RhubarbPie_3,cooking,Item_RhubarbPie,Rhubarb Pie,2,Stat_HealthRegen,30,15.0
Item_Sugar,Sugar,Consumables/Foodstuffs,1,Recipe_RhubarbPie_4,cooking,Item_RhubarbPie,Rhubarb Pie,2,Stat_HealthRegen,30,15.0
Item_Sugar,Sugar,Consumables/Foodstuffs,1,Recipe_RhubarbPie_5,cooking,Item_RhubarbPie,Rhubarb Pie,2,Stat_HealthRegen,30,15.0
Item_Sugar,Sugar,Consumables/Foodstuffs,1,Recipe_RhubarbPie_6,cooking,Item_RhubarbPie,Rhubarb Pie,2,Stat_HealthRegen,30,15.0
Item_Sugar,Sugar,Consumables/Foodstuffs,1,Recipe_RhubarbPorridge_1 1,cooking,Item_RhubarbPorridge,Rhubarb Porridge,2,Stat_HealthRegen,25,12.5
Item_Sugar,Sugar,Consumables/Foodstuffs,1,Recipe_RhubarbSauce_1,cooking,Item_RhubarbSauce,Rhubarb Sauce,2,Stat_HealthRegen,20,10.0
Item_Sugar,Sugar,Consumables/Foodstuffs,1,Recipe_RhubarbSauce_3,cooking,Item_RhubarbSauce,Rhubarb Sauce,2,Stat_HealthRegen,20,10.0
Item_Sugar,Sugar,Consumables/Foodstuffs,1,Recipe_Risgrynsgrot,cooking,Item_Risgrynsgrot,Risgrynsgröt,2,Stat_HealthRegen,18,9.0
Item_Sugar,Sugar,Consumables/Foodstuffs,1,Recipe_Risgrynsgrot 1,cooking,Item_Risgrynsgrot,Risgrynsgröt,2,Stat_HealthRegen,18,9.0
Item_Sugar,Sugar,Consumables/Foodstuffs,1,Recipe_Risgrynsgrot 2,cooking,Item_Risgrynsgrot,Risgrynsgröt,2,Stat_HealthRegen,18,9.0
Item_Sugar,Sugar,Consumables/Foodstuffs,1,Recipe_Risgrynsgrot 3,cooking,Item_Risgrynsgrot,Risgrynsgröt,2,Stat_HealthRegen,18,9.0
Item_Sugar,Sugar,Consumables/Foodstuffs,1,Recipe_Risgrynsgrot 4,cooking,Item_Risgrynsgrot,Risgrynsgröt,2,Stat_HealthRegen,18,9.0
Item_Sugar,Sugar,Consumables/Foodstuffs,1,Recipe_Risgrynsgrot 5,cooking,Item_Risgrynsgrot,Risgrynsgröt,2,Stat_HealthRegen,18,9.0
Item_Sugar,Sugar,Consumables/Foodstuffs,1,Recipe_Risgrynsgrot 6,cooking,Item_Risgrynsgrot,Risgrynsgröt,2,Stat_HealthRegen,18,9.0
Item_Sugar,Sugar,Consumables/Foodstuffs,1,Recipe_SodaJulmust,cooking,Item_Julmust,Julmust,2,Stat_HealthRegen,18,9.0
Item_Sugar,Sugar,Consumables/Foodstuffs,1,Recipe_SodaJulmust 1,cooking,Item_Julmust,Julmust,2,Stat_HealthRegen,18,9.0
Item_Sugar,Sugar,Consumables/Foodstuffs,1,Recipe_SodaJulmust 10,cooking,Item_Julmust,Julmust,2,Stat_HealthRegen,18,9.0
Item_Sugar,Sugar,Consumables/Foodstuffs,1,Recipe_SodaJulmust 11,cooking,Item_Julmust,Julmust,2,Stat_HealthRegen,18,9.0
Item_Sugar,Sugar,Consumables/Foodstuffs,1,Recipe_SodaJulmust 12,cooking,Item_Julmust,Julmust,2,Stat_HealthRegen,18,9.0
Item_Sugar,Sugar,Consumables/Foodstuffs,1,Recipe_SodaJulmust 13,cooking,Item_Julmust,Julmust,2,Stat_HealthRegen,18,9.0
Item_Sugar,Sugar,Consumables/Foodstuffs,1,Recipe_SodaJulmust 14,cooking,Item_Julmust,Julmust,2,Stat_HealthRegen,18,9.0
Item_Sugar,Sugar,Consumables/Foodstuffs,2,Recipe_SodaJulmust 15,cooking,Item_Julmust,Julmust,2,Stat_HealthRegen,18,9.0
Item_Sugar,Sugar,Consumables/Foodstuffs,2,Recipe_SodaJulmust 16,cooking,Item_Julmust,Julmust,2,Stat_HealthRegen,18,9.0
Item_Sugar,Sugar,Consumables/Foodstuffs,2,Recipe_SodaJulmust 17,cooking,Item_Julmust,Julmust,2,Stat_HealthRegen,18,9.0
Item_Sugar,Sugar,Consumables/Foodstuffs,2,Recipe_SodaJulmust 18,cooking,Item_Julmust,Julmust,2,Stat_HealthRegen,18,9.0
Item_Sugar,Sugar,Consumables/Foodstuffs,2,Recipe_SodaJulmust 19,cooking,Item_Julmust,Julmust,2,Stat_HealthRegen,18,9.0
Item_Sugar,Sugar,Consumables/Foodstuffs,1,Recipe_SodaJulmust 2,cooking,Item_Julmust,Julmust,2,Stat_HealthRegen,18,9.0
Item_Sugar,Sugar,Consumables/Foodstuffs,2,Recipe_SodaJulmust 20,cooking,Item_Julmust,Julmust,2,Stat_HealthRegen,18,9.0
Item_Sugar,Sugar,Consumables/Foodstuffs,2,Recipe_SodaJulmust 21,cooking,Item_Julmust,Julmust,2,Stat_HealthRegen,18,9.0
Item_Sugar,Sugar,Consumables/Foodstuffs,2,Recipe_SodaJulmust 22,cooking,Item_Julmust,Julmust,2,Stat_HealthRegen,18,9.0
Item_Sugar,Sugar,Consumables/Foodstuffs,2,Recipe_SodaJulmust 23,cooking,Item_Julmust,Julmust,2,Stat_HealthRegen,18,9.0
Item_Sugar,Sugar,Consumables/Foodstuffs,1,Recipe_SodaJulmust 3,cooking,Item_Julmust,Julmust,2,Stat_HealthRegen,18,9.0
Item_Sugar,Sugar,Consumables/Foodstuffs,1,Recipe_SodaJulmust 4,cooking,Item_Julmust,Julmust,2,Stat_HealthRegen,18,9.0
Item_Sugar,Sugar,Consumables/Foodstuffs,1,Recipe_SodaJulmust 5,cooking,Item_Julmust,Julmust,2,Stat_HealthRegen,18,9.0
Item_Sugar,Sugar,Consumables/Foodstuffs,2,Recipe_SodaJulmust 6,cooking,Item_Julmust,Julmust,2,Stat_HealthRegen,18,9.0
Item_Sugar,Sugar,Consumables/Foodstuffs,2,Recipe_SodaJulmust 7,cooking,Item_Julmust,Julmust,2,Stat_HealthRegen,18,9.0
Item_Sugar,Sugar,Consumables/Foodstuffs,2,Recipe_SodaJulmust 8,cooking,Item_Julmust,Julmust,2,Stat_HealthRegen,18,9.0
Item_Sugar,Sugar,Consumables/Foodstuffs,1,Recipe_SodaJulmust 9,cooking,Item_Julmust,Julmust,2,Stat_HealthRegen,18,9.0
Item_Sugar,Sugar,Consumables/Foodstuffs,1,Recipe_Soda_1,cooking,Item_Soda,Slurf,1,Stat_AimMovingBonus,20,20.0
Item_Sugar,Sugar,Consumables/Foodstuffs,1,Recipe_Soda_1 2,cooking,Item_Soda,Slurf,1,Stat_AimMovingBonus,20,20.0
Item_Sugar,Sugar,Consumables/Foodstuffs,2,Recipe_Soda_1 5,cooking,Item_Soda,Slurf,1,Stat_AimMovingBonus,20,20.0
Item_Sugar,Sugar,Consumables/Foodstuffs,2,Recipe_Soda_1 7,cooking,Item_Soda,Slurf,1,Stat_AimMovingBonus,20,20.0
Item_Sugar,Sugar,Consumables/Foodstuffs,1,Recipe_SulfCola_1,cooking,Item_SulfCola,SulfCola,2,Stat_HealthRegen,30,15.0
Item_Sugar,Sugar,Consumables/Foodstuffs,1,Recipe_SulfCola_2,cooking,Item_SulfCola,SulfCola,2,Stat_HealthRegen,30,15.0
Item_Sugar,Sugar,Consumables/Foodstuffs,1,Recipe_SulfCola_3,cooking,Item_SulfCola,SulfCola,2,Stat_HealthRegen,30,15.0
Item_SulfCola,SulfCola,Consumables/Drinks,1,Recipe_Pilk,cooking,Item_Pilk,Pilk,2,Stat_ExtraJumps,180,90.0
Item_SulfCola,SulfCola,Consumables/Drinks,1,Recipe_Pilk2,cooking,Item_Pilk,Pilk,2,Stat_ExtraJumps,180,90.0
Item_SulfCola,SulfCola,Consumables/Drinks,1,Recipe_Pilk3,cooking,Item_Pilk,Pilk,2,Stat_ExtraJumps,180,90.0
Item_SwingDing,Swing-Ding,Consumables/Foodstuffs,1,Recipe_FullEnglishBreakfast_1 11,cooking,Item_FullEnglishBreakfast,Full English Breakfast,2,Stat_HealthRegen,35,17.5
Item_SwingDing,Swing-Ding,Consumables/Foodstuffs,2,Recipe_FullEnglishBreakfast_1 15,cooking,Item_FullEnglishBreakfast,Full English Breakfast,2,Stat_HealthRegen,35,17.5
Item_SwingDing,Swing-Ding,Consumables/Foodstuffs,2,Recipe_FullEnglishBreakfast_1 19,cooking,Item_FullEnglishBreakfast,Full English Breakfast,2,Stat_HealthRegen,35,17.5
Item_SwingDing,Swing-Ding,Consumables/Foodstuffs,2,Recipe_FullEnglishBreakfast_1 23,cooking,Item_FullEnglishBreakfast,Full English Breakfast,2,Stat_HealthRegen,35,17.5
Item_SwingDing,Swing-Ding,Consumables/Foodstuffs,2,Recipe_FullEnglishBreakfast_1 27,cooking,Item_FullEnglishBreakfast,Full English Breakfast,2,Stat_HealthRegen,35,17.5
Item_SwingDing,Swing-Ding,Consumables/Foodstuffs,1,Recipe_FullEnglishBreakfast_1 3,cooking,Item_FullEnglishBreakfast,Full English Breakfast,2,Stat_HealthRegen,35,17.5
Item_SwingDing,Swing-Ding,Consumables/Foodstuffs,3,Recipe_FullEnglishBreakfast_1 31,cooking,Item_FullEnglishBreakfast,Full English Breakfast,2,Stat_HealthRegen,35,17.5
Item_SwingDing,Swing-Ding,Consumables/Foodstuffs,3,Recipe_FullEnglishBreakfast_1 35,cooking,Item_FullEnglishBreakfast,Full English Breakfast,2,Stat_HealthRegen,35,17.5
Item_SwingDing,Swing-Ding,Consumables/Foodstuffs,3,Recipe_FullEnglishBreakfast_1 39,cooking,Item_FullEnglishBreakfast,Full English Breakfast,2,Stat_HealthRegen,35,17.5
Item_SwingDing,Swing-Ding,Consumables/Foodstuffs,3,Recipe_FullEnglishBreakfast_1 43,cooking,Item_FullEnglishBreakfast,Full English Breakfast,2,Stat_HealthRegen,35,17.5
Item_SwingDing,Swing-Ding,Consumables/Foodstuffs,2,Recipe_FullEnglishBreakfast_1 47,cooking,Item_FullEnglishBreakfast,Full English Breakfast,2,Stat_HealthRegen,35,17.5
Item_SwingDing,Swing-Ding,Consumables/Foodstuffs,2,Recipe_FullEnglishBreakfast_1 51,cooking,Item_FullEnglishBreakfast,Full English Breakfast,2,Stat_HealthRegen,35,17.5
Item_SwingDing,Swing-Ding,Consumables/Foodstuffs,2,Recipe_FullEnglishBreakfast_1 7,cooking,Item_FullEnglishBreakfast,Full English Breakfast,2,Stat_HealthRegen,35,17.5
Item_SwingDing,Swing-Ding,Consumables/Foodstuffs,1,Recipe_Hotpot,cooking,Item_HotPot,Hot Pot,6,Stat_HealthRegen,50,8.3333
Item_SwingDing,Swing-Ding,Consumables/Foodstuffs,1,Recipe_Hotpot 1,cooking,Item_HotPot,Hot Pot,6,Stat_HealthRegen,50,8.3333
Item_SwingDing,Swing-Ding,Consumables/Foodstuffs,1,Recipe_Hotpot 10,cooking,Item_HotPot,Hot Pot,6,Stat_HealthRegen,50,8.3333
Item_SwingDing,Swing-Ding,Consumables/Foodstuffs,1,Recipe_Hotpot 11,cooking,Item_HotPot,Hot Pot,6,Stat_HealthRegen,50,8.3333
Item_SwingDing,Swing-Ding,Consumables/Foodstuffs,2,Recipe_Hotpot 12,cooking,Item_HotPot,Hot Pot,6,Stat_HealthRegen,50,8.3333
Item_SwingDing,Swing-Ding,Consumables/Foodstuffs,2,Recipe_Hotpot 13,cooking,Item_HotPot,Hot Pot,6,Stat_HealthRegen,50,8.3333
Item_SwingDing,Swing-Ding,Consumables/Foodstuffs,2,Recipe_Hotpot 14,cooking,Item_HotPot,Hot Pot,6,Stat_HealthRegen,50,8.3333
Item_SwingDing,Swing-Ding,Consumables/Foodstuffs,2,Recipe_Hotpot 15,cooking,Item_HotPot,Hot Pot,6,Stat_HealthRegen,50,8.3333
Item_SwingDing,Swing-Ding,Consumables/Foodstuffs,2,Recipe_Hotpot 16,cooking,Item_HotPot,Hot Pot,6,Stat_HealthRegen,50,8.3333
Item_SwingDing,Swing-Ding,Consumables/Foodstuffs,2,Recipe_Hotpot 17,cooking,Item_HotPot,Hot Pot,6,Stat_HealthRegen,50,8.3333
Item_SwingDing,Swing-Ding,Consumables/Foodstuffs,1,Recipe_Hotpot 18,cooking,Item_HotPot,Hot Pot,6,Stat_HealthRegen,50,8.3333
Item_SwingDing,Swing-Ding,Consumables/Foodstuffs,1,Recipe_Hotpot 19,cooking,Item_HotPot,Hot Pot,6,Stat_HealthRegen,50,8.3333
Item_SwingDing,Swing-Ding,Consumables/Foodstuffs,1,Recipe_Hotpot 2,cooking,Item_HotPot,Hot Pot,6,Stat_HealthRegen,50,8.3333
Item_SwingDing,Swing-Ding,Consumables/Foodstuffs,1,Recipe_Hotpot 20,cooking,Item_HotPot,Hot Pot,6,Stat_HealthRegen,50,8.3333
Item_SwingDing,Swing-Ding,Consumables/Foodstuffs,1,Recipe_Hotpot 21,cooking,Item_HotPot,Hot Pot,6,Stat_HealthRegen,50,8.3333
Item_SwingDing,Swing-Ding,Consumables/Foodstuffs,1,Recipe_Hotpot 22,cooking,Item_HotPot,Hot Pot,6,Stat_HealthRegen,50,8.3333
Item_SwingDing,Swing-Ding,Consumables/Foodstuffs,1,Recipe_Hotpot 23,cooking,Item_HotPot,Hot Pot,6,Stat_HealthRegen,50,8.3333
Item_SwingDing,Swing-Ding,Consumables/Foodstuffs,1,Recipe_Hotpot 24,cooking,Item_HotPot,Hot Pot,6,Stat_HealthRegen,50,8.3333
Item_SwingDing,Swing-Ding,Consumables/Foodstuffs,1,Recipe_Hotpot 25,cooking,Item_HotPot,Hot Pot,6,Stat_HealthRegen,50,8.3333
Item_SwingDing,Swing-Ding,Consumables/Foodstuffs,1,Recipe_Hotpot 26,cooking,Item_HotPot,Hot Pot,6,Stat_HealthRegen,50,8.3333
Item_SwingDing,Swing-Ding,Consumables/Foodstuffs,1,Recipe_Hotpot 27,cooking,Item_HotPot,Hot Pot,6,Stat_HealthRegen,50,8.3333
Item_SwingDing,Swing-Ding,Consumables/Foodstuffs,1,Recipe_Hotpot 28,cooking,Item_HotPot,Hot Pot,6,Stat_HealthRegen,50,8.3333
Item_SwingDing,Swing-Ding,Consumables/Foodstuffs,1,Recipe_Hotpot 29,cooking,Item_HotPot,Hot Pot,6,Stat_HealthRegen,50,8.3333
Item_SwingDing,Swing-Ding,Consumables/Foodstuffs,1,Recipe_Hotpot 3,cooking,Item_HotPot,Hot Pot,6,Stat_HealthRegen,50,8.3333
Item_SwingDing,Swing-Ding,Consumables/Foodstuffs,1,Recipe_Hotpot 30,cooking,Item_HotPot,Hot Pot,6,Stat_HealthRegen,50,8.3333
Item_SwingDing,Swing-Ding,Consumables/Foodstuffs,1,Recipe_Hotpot 31,cooking,Item_HotPot,Hot Pot,6,Stat_HealthRegen,50,8.3333
Item_SwingDing,Swing-Ding,Consumables/Foodstuffs,1,Recipe_Hotpot 32,cooking,Item_HotPot,Hot Pot,6,Stat_HealthRegen,50,8.3333
Item_SwingDing,Swing-Ding,Consumables/Foodstuffs,1,Recipe_Hotpot 33,cooking,Item_HotPot,Hot Pot,6,Stat_HealthRegen,50,8.3333
Item_SwingDing,Swing-Ding,Consumables/Foodstuffs,1,Recipe_Hotpot 34,cooking,Item_HotPot,Hot Pot,6,Stat_HealthRegen,50,8.3333
Item_SwingDing,Swing-Ding,Consumables/Foodstuffs,1,Recipe_Hotpot 35,cooking,Item_HotPot,Hot Pot,6,Stat_HealthRegen,50,8.3333
Item_SwingDing,Swing-Ding,Consumables/Foodstuffs,1,Recipe_Hotpot 36,cooking,Item_HotPot,Hot Pot,6,Stat_HealthRegen,50,8.3333
Item_SwingDing,Swing-Ding,Consumables/Foodstuffs,1,Recipe_Hotpot 37,cooking,Item_HotPot,Hot Pot,6,Stat_HealthRegen,50,8.3333
Item_SwingDing,Swing-Ding,Consumables/Foodstuffs,1,Recipe_Hotpot 38,cooking,Item_HotPot,Hot Pot,6,Stat_HealthRegen,50,8.3333
Item_SwingDing,Swing-Ding,Consumables/Foodstuffs,1,Recipe_Hotpot 39,cooking,Item_HotPot,Hot Pot,6,Stat_HealthRegen,50,8.3333
Item_SwingDing,Swing-Ding,Consumables/Foodstuffs,1,Recipe_Hotpot 4,cooking,Item_HotPot,Hot Pot,6,Stat_HealthRegen,50,8.3333
Item_SwingDing,Swing-Ding,Consumables/Foodstuffs,1,Recipe_Hotpot 40,cooking,Item_HotPot,Hot Pot,6,Stat_HealthRegen,50,8.3333
Item_SwingDing,Swing-Ding,Consumables/Foodstuffs,1,Recipe_Hotpot 41,cooking,Item_HotPot,Hot Pot,6,Stat_HealthRegen,50,8.3333
Item_SwingDing,Swing-Ding,Consumables/Foodstuffs,1,Recipe_Hotpot 42,cooking,Item_HotPot,Hot Pot,6,Stat_HealthRegen,50,8.3333
Item_SwingDing,Swing-Ding,Consumables/Foodstuffs,1,Recipe_Hotpot 43,cooking,Item_HotPot,Hot Pot,6,Stat_HealthRegen,50,8.3333
Item_SwingDing,Swing-Ding,Consumables/Foodstuffs,1,Recipe_Hotpot 44,cooking,Item_HotPot,Hot Pot,6,Stat_HealthRegen,50,8.3333
Item_SwingDing,Swing-Ding,Consumables/Foodstuffs,1,Recipe_Hotpot 45,cooking,Item_HotPot,Hot Pot,6,Stat_HealthRegen,50,8.3333
Item_SwingDing,Swing-Ding,Consumables/Foodstuffs,1,Recipe_Hotpot 46,cooking,Item_HotPot,Hot Pot,6,Stat_HealthRegen,50,8.3333
Item_SwingDing,Swing-Ding,Consumables/Foodstuffs,1,Recipe_Hotpot 47,cooking,Item_HotPot,Hot Pot,6,Stat_HealthRegen,50,8.3333
Item_SwingDing,Swing-Ding,Consumables/Foodstuffs,2,Recipe_Hotpot 48,cooking,Item_HotPot,Hot Pot,6,Stat_HealthRegen,50,8.3333
Item_SwingDing,Swing-Ding,Consumables/Foodstuffs,2,Recipe_Hotpot 49,cooking,Item_HotPot,Hot Pot,6,Stat_HealthRegen,50,8.3333
Item_SwingDing,Swing-Ding,Consumables/Foodstuffs,1,Recipe_Hotpot 5,cooking,Item_HotPot,Hot Pot,6,Stat_HealthRegen,50,8.3333
Item_SwingDing,Swing-Ding,Consumables/Foodstuffs,2,Recipe_Hotpot 50,cooking,Item_HotPot,Hot Pot,6,Stat_HealthRegen,50,8.3333
Item_SwingDing,Swing-Ding,Consumables/Foodstuffs,2,Recipe_Hotpot 51,cooking,Item_HotPot,Hot Pot,6,Stat_HealthRegen,50,8.3333
Item_SwingDing,Swing-Ding,Consumables/Foodstuffs,2,Recipe_Hotpot 52,cooking,Item_HotPot,Hot Pot,6,Stat_HealthRegen,50,8.3333
Item_SwingDing,Swing-Ding,Consumables/Foodstuffs,2,Recipe_Hotpot 53,cooking,Item_HotPot,Hot Pot,6,Stat_HealthRegen,50,8.3333
Item_SwingDing,Swing-Ding,Consumables/Foodstuffs,1,Recipe_Hotpot 54,cooking,Item_HotPot,Hot Pot,6,Stat_HealthRegen,50,8.3333
Item_SwingDing,Swing-Ding,Consumables/Foodstuffs,1,Recipe_Hotpot 55,cooking,Item_HotPot,Hot Pot,6,Stat_HealthRegen,50,8.3333
Item_SwingDing,Swing-Ding,Consumables/Foodstuffs,1,Recipe_Hotpot 56,cooking,Item_HotPot,Hot Pot,6,Stat_HealthRegen,50,8.3333
Item_SwingDing,Swing-Ding,Consumables/Foodstuffs,1,Recipe_Hotpot 57,cooking,Item_HotPot,Hot Pot,6,Stat_HealthRegen,50,8.3333
Item_SwingDing,Swing-Ding,Consumables/Foodstuffs,1,Recipe_Hotpot 58,cooking,Item_HotPot,Hot Pot,6,Stat_HealthRegen,50,8.3333
Item_SwingDing,Swing-Ding,Consumables/Foodstuffs,1,Recipe_Hotpot 59,cooking,Item_HotPot,Hot Pot,6,Stat_HealthRegen,50,8.3333
Item_SwingDing,Swing-Ding,Consumables/Foodstuffs,1,Recipe_Hotpot 6,cooking,Item_HotPot,Hot Pot,6,Stat_HealthRegen,50,8.3333
Item_SwingDing,Swing-Ding,Consumables/Foodstuffs,2,Recipe_Hotpot 60,cooking,Item_HotPot,Hot Pot,6,Stat_HealthRegen,50,8.3333
Item_SwingDing,Swing-Ding,Consumables/Foodstuffs,2,Recipe_Hotpot 61,cooking,Item_HotPot,Hot Pot,6,Stat_HealthRegen,50,8.3333
Item_SwingDing,Swing-Ding,Consumables/Foodstuffs,2,Recipe_Hotpot 62,cooking,Item_HotPot,Hot Pot,6,Stat_HealthRegen,50,8.3333
Item_SwingDing,Swing-Ding,Consumables/Foodstuffs,2,Recipe_Hotpot 63,cooking,Item_HotPot,Hot Pot,6,Stat_HealthRegen,50,8.3333
Item_SwingDing,Swing-Ding,Consumables/Foodstuffs,2,Recipe_Hotpot 64,cooking,Item_HotPot,Hot Pot,6,Stat_HealthRegen,50,8.3333
Item_SwingDing,Swing-Ding,Consumables/Foodstuffs,2,Recipe_Hotpot 65,cooking,Item_HotPot,Hot Pot,6,Stat_HealthRegen,50,8.3333
Item_SwingDing,Swing-Ding,Consumables/Foodstuffs,1,Recipe_Hotpot 66,cooking,Item_HotPot,Hot Pot,6,Stat_HealthRegen,50,8.3333
Item_SwingDing,Swing-Ding,Consumables/Foodstuffs,1,Recipe_Hotpot 67,cooking,Item_HotPot,Hot Pot,6,Stat_HealthRegen,50,8.3333
Item_SwingDing,Swing-Ding,Consumables/Foodstuffs,1,Recipe_Hotpot 68,cooking,Item_HotPot,Hot Pot,6,Stat_HealthRegen,50,8.3333
Item_SwingDing,Swing-Ding,Consumables/Foodstuffs,1,Recipe_Hotpot 69,cooking,Item_HotPot,Hot Pot,6,Stat_HealthRegen,50,8.3333
Item_SwingDing,Swing-Ding,Consumables/Foodstuffs,1,Recipe_Hotpot 7,cooking,Item_HotPot,Hot Pot,6,Stat_HealthRegen,50,8.3333
Item_SwingDing,Swing-Ding,Consumables/Foodstuffs,1,Recipe_Hotpot 70,cooking,Item_HotPot,Hot Pot,6,Stat_HealthRegen,50,8.3333
Item_SwingDing,Swing-Ding,Consumables/Foodstuffs,1,Recipe_Hotpot 71,cooking,Item_HotPot,Hot Pot,6,Stat_HealthRegen,50,8.3333
Item_SwingDing,Swing-Ding,Consumables/Foodstuffs,1,Recipe_Hotpot 72,cooking,Item_HotPot,Hot Pot,6,Stat_HealthRegen,50,8.3333
Item_SwingDing,Swing-Ding,Consumables/Foodstuffs,1,Recipe_Hotpot 73,cooking,Item_HotPot,Hot Pot,6,Stat_HealthRegen,50,8.3333
Item_SwingDing,Swing-Ding,Consumables/Foodstuffs,1,Recipe_Hotpot 74,cooking,Item_HotPot,Hot Pot,6,Stat_HealthRegen,50,8.3333
Item_SwingDing,Swing-Ding,Consumables/Foodstuffs,1,Recipe_Hotpot 75,cooking,Item_HotPot,Hot Pot,6,Stat_HealthRegen,50,8.3333
Item_SwingDing,Swing-Ding,Consumables/Foodstuffs,1,Recipe_Hotpot 76,cooking,Item_HotPot,Hot Pot,6,Stat_HealthRegen,50,8.3333
Item_SwingDing,Swing-Ding,Consumables/Foodstuffs,1,Recipe_Hotpot 77,cooking,Item_HotPot,Hot Pot,6,Stat_HealthRegen,50,8.3333
Item_SwingDing,Swing-Ding,Consumables/Foodstuffs,2,Recipe_Hotpot 78,cooking,Item_HotPot,Hot Pot,6,Stat_HealthRegen,50,8.3333
Item_SwingDing,Swing-Ding,Consumables/Foodstuffs,2,Recipe_Hotpot 79,cooking,Item_HotPot,Hot Pot,6,Stat_HealthRegen,50,8.3333
Item_SwingDing,Swing-Ding,Consumables/Foodstuffs,1,Recipe_Hotpot 8,cooking,Item_HotPot,Hot Pot,6,Stat_HealthRegen,50,8.3333
Item_SwingDing,Swing-Ding,Consumables/Foodstuffs,2,Recipe_Hotpot 80,cooking,Item_HotPot,Hot Pot,6,Stat_HealthRegen,50,8.3333
Item_SwingDing,Swing-Ding,Consumables/Foodstuffs,2,Recipe_Hotpot 81,cooking,Item_HotPot,Hot Pot,6,Stat_HealthRegen,50,8.3333
Item_SwingDing,Swing-Ding,Consumables/Foodstuffs,2,Recipe_Hotpot 82,cooking,Item_HotPot,Hot Pot,6,Stat_HealthRegen,50,8.3333
Item_SwingDing,Swing-Ding,Consumables/Foodstuffs,2,Recipe_Hotpot 83,cooking,Item_HotPot,Hot Pot,6,Stat_HealthRegen,50,8.3333
Item_SwingDing,Swing-Ding,Consumables/Foodstuffs,2,Recipe_Hotpot 84,cooking,Item_HotPot,Hot Pot,6,Stat_HealthRegen,50,8.3333
Item_SwingDing,Swing-Ding,Consumables/Foodstuffs,2,Recipe_Hotpot 85,cooking,Item_HotPot,Hot Pot,6,Stat_HealthRegen,50,8.3333
Item_SwingDing,Swing-Ding,Consumables/Foodstuffs,2,Recipe_Hotpot 86,cooking,Item_HotPot,Hot Pot,6,Stat_HealthRegen,50,8.3333
Item_SwingDing,Swing-Ding,Consumables/Foodstuffs,2,Recipe_Hotpot 87,cooking,Item_HotPot,Hot Pot,6,Stat_HealthRegen,50,8.3333
Item_SwingDing,Swing-Ding,Consumables/Foodstuffs,2,Recipe_Hotpot 88,cooking,Item_HotPot,Hot Pot,6,Stat_HealthRegen,50,8.3333
Item_SwingDing,Swing-Ding,Consumables/Foodstuffs,2,Recipe_Hotpot 89,cooking,Item_HotPot,Hot Pot,6,Stat_HealthRegen,50,8.3333
Item_SwingDing,Swing-Ding,Consumables/Foodstuffs,1,Recipe_Hotpot 9,cooking,Item_HotPot,Hot Pot,6,Stat_HealthRegen,50,8.3333
Item_SwingDing,Swing-Ding,Consumables/Foodstuffs,2,Recipe_Hotpot 90,cooking,Item_HotPot,Hot Pot,6,Stat_HealthRegen,50,8.3333
Item_SwingDing,Swing-Ding,Consumables/Foodstuffs,2,Recipe_Hotpot 91,cooking,Item_HotPot,Hot Pot,6,Stat_HealthRegen,50,8.3333
Item_SwingDing,Swing-Ding,Consumables/Foodstuffs,2,Recipe_Hotpot 92,cooking,Item_HotPot,Hot Pot,6,Stat_HealthRegen,50,8.3333
Item_SwingDing,Swing-Ding,Consumables/Foodstuffs,2,Recipe_Hotpot 93,cooking,Item_HotPot,Hot Pot,6,Stat_HealthRegen,50,8.3333
Item_SwingDing,Swing-Ding,Consumables/Foodstuffs,2,Recipe_Hotpot 94,cooking,Item_HotPot,Hot Pot,6,Stat_HealthRegen,50,8.3333
Item_SwingDing,Swing-Ding,Consumables/Foodstuffs,2,Recipe_Hotpot 95,cooking,Item_HotPot,Hot Pot,6,Stat_HealthRegen,50,8.3333
Item_SwingDing,Swing-Ding,Consumables/Foodstuffs,3,Recipe_MushroomOmelette_3 1,cooking,Item_MushroomOmelette,Mushroom Omelette,2,Stat_HealthRegen,20,10.0
Item_SwingDing,Swing-Ding,Consumables/Foodstuffs,3,Recipe_MushroomSoupBroth_8,cooking,Item_MushroomSoup,Mushroom Soup,2,Stat_HealthRegen,20,10.0
Item_SwingDing,Swing-Ding,Consumables/Foodstuffs,4,Recipe_MushroomSoupBroth_8 1,cooking,Item_MushroomSoup,Mushroom Soup,2,Stat_HealthRegen,20,10.0
Item_SwingDing,Swing-Ding,Consumables/Foodstuffs,5,Recipe_MushroomSoupBroth_8 2,cooking,Item_MushroomSoup,Mushroom Soup,2,Stat_HealthRegen,20,10.0
Item_SwingDing,Swing-Ding,Consumables/Foodstuffs,6,Recipe_MushroomSoupBroth_9,cooking,Item_MushroomSoup,Mushroom Soup,2,Stat_HealthRegen,20,10.0
Item_SwingDing,Swing-Ding,Consumables/Foodstuffs,7,Recipe_MushroomSoupBroth_9 1,cooking,Item_MushroomSoup,Mushroom Soup,2,Stat_HealthRegen,20,10.0
Item_SwingDing,Swing-Ding,Consumables/Foodstuffs,8,Recipe_MushroomSoupBroth_9 2,cooking,Item_MushroomSoup,Mushroom Soup,2,Stat_HealthRegen,20,10.0
Item_SwingDing,Swing-Ding,Consumables/Foodstuffs,6,Recipe_MushroomSoupBroth_9 3,cooking,Item_MushroomSoup,Mushroom Soup,2,Stat_HealthRegen,20,10.0
Item_SwingDing,Swing-Ding,Consumables/Foodstuffs,7,Recipe_MushroomSoupBroth_9 4,cooking,Item_MushroomSoup,Mushroom Soup,2,Stat_HealthRegen,20,10.0
Item_SwingDing,Swing-Ding,Consumables/Foodstuffs,8,Recipe_MushroomSoupBroth_9 5,cooking,Item_MushroomSoup,Mushroom Soup,2,Stat_HealthRegen,20,10.0
Item_SwingDing,Swing-Ding,Consumables/Foodstuffs,1,Recipe_MushroomSoup_1 1,cooking,Item_MushroomSoup,Mushroom Soup,2,Stat_HealthRegen,20,10.0
Item_SwingDing,Swing-Ding,Consumables/Foodstuffs,1,Recipe_MushroomSoup_1 11,cooking,Item_MushroomSoup,Mushroom Soup,2,Stat_HealthRegen,20,10.0
Item_SwingDing,Swing-Ding,Consumables/Foodstuffs,1,Recipe_MushroomSoup_1 2,cooking,Item_MushroomSoup,Mushroom Soup,2,Stat_HealthRegen,20,10.0
Item_SwingDing,Swing-Ding,Consumables/Foodstuffs,1,Recipe_MushroomSoup_1 4,cooking,Item_MushroomSoup,Mushroom Soup,2,Stat_HealthRegen,20,10.0
Item_SwingDing,Swing-Ding,Consumables/Foodstuffs,1,Recipe_MushroomSoup_1 5,cooking,Item_MushroomSoup,Mushroom Soup,2,Stat_HealthRegen,20,10.0
Item_SwingDing,Swing-Ding,Consumables/Foodstuffs,1,Recipe_MushroomSoup_1 7,cooking,Item_MushroomSoup,Mushroom Soup,2,Stat_HealthRegen,20,10.0
Item_SwingDing,Swing-Ding,Consumables/Foodstuffs,1,Recipe_MushroomSoup_1 8,cooking,Item_MushroomSoup,Mushroom Soup,2,Stat_HealthRegen,20,10.0
Item_SwingDing,Swing-Ding,Consumables/Foodstuffs,1,Recipe_MushroomSoup_1 9,cooking,Item_MushroomSoup,Mushroom Soup,2,Stat_HealthRegen,20,10.0
Item_SwingDing,Swing-Ding,Consumables/Foodstuffs,3,Recipe_MushroomSoup_3,cooking,Item_MushroomSoup,Mushroom Soup,2,Stat_HealthRegen,20,10.0
Item_SwingDing,Swing-Ding,Consumables/Foodstuffs,2,Recipe_MushroomSoup_3 1,cooking,Item_MushroomSoup,Mushroom Soup,2,Stat_HealthRegen,20,10.0
Item_SwingDing,Swing-Ding,Consumables/Foodstuffs,1,Recipe_MushroomSoup_3 2,cooking,Item_MushroomSoup,Mushroom Soup,2,Stat_HealthRegen,20,10.0
Item_SwingDing,Swing-Ding,Consumables/Foodstuffs,2,Recipe_MushroomSoup_3 24,cooking,Item_MushroomSoup,Mushroom Soup,2,Stat_HealthRegen,20,10.0
Item_SwingDing,Swing-Ding,Consumables/Foodstuffs,3,Recipe_MushroomSoup_3 3,cooking,Item_MushroomSoup,Mushroom Soup,2,Stat_HealthRegen,20,10.0
Item_SwingDing,Swing-Ding,Consumables/Foodstuffs,1,Recipe_MushroomSoup_3 32,cooking,Item_MushroomSoup,Mushroom Soup,2,Stat_HealthRegen,20,10.0
Item_SwingDing,Swing-Ding,Consumables/Foodstuffs,3,Recipe_MushroomSoup_3 32_VB+SD,cooking,Item_MushroomSoup,Mushroom Soup,2,Stat_HealthRegen,20,10.0
Item_SwingDing,Swing-Ding,Consumables/Foodstuffs,3,Recipe_MushroomSoup_3 32_VB+SD 1,cooking,Item_MushroomSoup,Mushroom Soup,2,Stat_HealthRegen,20,10.0
Item_SwingDing,Swing-Ding,Consumables/Foodstuffs,3,Recipe_MushroomSoup_3 32z,cooking,Item_MushroomSoup,Mushroom Soup,2,Stat_HealthRegen,20,10.0
Item_SwingDing,Swing-Ding,Consumables/Foodstuffs,3,Recipe_MushroomSoup_3 32z 1,cooking,Item_MushroomSoup,Mushroom Soup,2,Stat_HealthRegen,20,10.0
Item_SwingDing,Swing-Ding,Consumables/Foodstuffs,2,Recipe_MushroomSoup_3 33,cooking,Item_MushroomSoup,Mushroom Soup,2,Stat_HealthRegen,20,10.0
Item_SwingDing,Swing-Ding,Consumables/Foodstuffs,1,Recipe_MushroomSoup_3 34,cooking,Item_MushroomSoup,Mushroom Soup,2,Stat_HealthRegen,20,10.0
Item_SwingDing,Swing-Ding,Consumables/Foodstuffs,3,Recipe_MushroomSoup_3 35,cooking,Item_MushroomSoup,Mushroom Soup,2,Stat_HealthRegen,20,10.0
Item_SwingDing,Swing-Ding,Consumables/Foodstuffs,2,Recipe_MushroomSoup_3 36,cooking,Item_MushroomSoup,Mushroom Soup,2,Stat_HealthRegen,20,10.0
Item_SwingDing,Swing-Ding,Consumables/Foodstuffs,2,Recipe_MushroomSoup_3 37,cooking,Item_MushroomSoup,Mushroom Soup,2,Stat_HealthRegen,20,10.0
Item_SwingDing,Swing-Ding,Consumables/Foodstuffs,1,Recipe_MushroomSoup_3 38,cooking,Item_MushroomSoup,Mushroom Soup,2,Stat_HealthRegen,20,10.0
Item_SwingDing,Swing-Ding,Consumables/Foodstuffs,2,Recipe_MushroomSoup_3 39,cooking,Item_MushroomSoup,Mushroom Soup,2,Stat_HealthRegen,20,10.0
Item_SwingDing,Swing-Ding,Consumables/Foodstuffs,3,Recipe_MushroomSoup_3 39_KO+SD,cooking,Item_MushroomSoup,Mushroom Soup,2,Stat_HealthRegen,20,10.0
Item_SwingDing,Swing-Ding,Consumables/Foodstuffs,3,Recipe_MushroomSoup_3 39_KO+SD 1,cooking,Item_MushroomSoup,Mushroom Soup,2,Stat_HealthRegen,20,10.0
Item_SwingDing,Swing-Ding,Consumables/Foodstuffs,3,Recipe_MushroomSoup_3 4,cooking,Item_MushroomSoup,Mushroom Soup,2,Stat_HealthRegen,20,10.0
Item_SwingDing,Swing-Ding,Consumables/Foodstuffs,3,Recipe_MushroomSoup_3 40,cooking,Item_MushroomSoup,Mushroom Soup,2,Stat_HealthRegen,20,10.0
Item_SwingDing,Swing-Ding,Consumables/Foodstuffs,2,Recipe_MushroomSoup_3 41,cooking,Item_MushroomSoup,Mushroom Soup,2,Stat_HealthRegen,20,10.0
Item_SwingDing,Swing-Ding,Consumables/Foodstuffs,1,Recipe_MushroomSoup_3 42,cooking,Item_MushroomSoup,Mushroom Soup,2,Stat_HealthRegen,20,10.0
Item_SwingDing,Swing-Ding,Consumables/Foodstuffs,3,Recipe_MushroomSoup_3 43,cooking,Item_MushroomSoup,Mushroom Soup,2,Stat_HealthRegen,20,10.0
Item_SwingDing,Swing-Ding,Consumables/Foodstuffs,2,Recipe_MushroomSoup_3 44,cooking,Item_MushroomSoup,Mushroom Soup,2,Stat_HealthRegen,20,10.0
Item_SwingDing,Swing-Ding,Consumables/Foodstuffs,2,Recipe_MushroomSoup_3 45,cooking,Item_MushroomSoup,Mushroom Soup,2,Stat_HealthRegen,20,10.0
Item_SwingDing,Swing-Ding,Consumables/Foodstuffs,1,Recipe_MushroomSoup_3 46,cooking,Item_MushroomSoup,Mushroom Soup,2,Stat_HealthRegen,20,10.0
Item_SwingDing,Swing-Ding,Consumables/Foodstuffs,2,Recipe_MushroomSoup_3 47,cooking,Item_MushroomSoup,Mushroom Soup,2,Stat_HealthRegen,20,10.0
Item_SwingDing,Swing-Ding,Consumables/Foodstuffs,3,Recipe_MushroomSoup_3 48,cooking,Item_MushroomSoup,Mushroom Soup,2,Stat_HealthRegen,20,10.0
Item_SwingDing,Swing-Ding,Consumables/Foodstuffs,3,Recipe_MushroomSoup_3 49,cooking,Item_MushroomSoup,Mushroom Soup,2,Stat_HealthRegen,20,10.0
Item_SwingDing,Swing-Ding,Consumables/Foodstuffs,2,Recipe_MushroomSoup_3 5,cooking,Item_MushroomSoup,Mushroom Soup,2,Stat_HealthRegen,20,10.0
Item_SwingDing,Swing-Ding,Consumables/Foodstuffs,2,Recipe_MushroomSoup_3 50,cooking,Item_MushroomSoup,Mushroom Soup,2,Stat_HealthRegen,20,10.0
Item_SwingDing,Swing-Ding,Consumables/Foodstuffs,2,Recipe_MushroomSoup_3 51,cooking,Item_MushroomSoup,Mushroom Soup,2,Stat_HealthRegen,20,10.0
Item_SwingDing,Swing-Ding,Consumables/Foodstuffs,1,Recipe_MushroomSoup_3 52,cooking,Item_MushroomSoup,Mushroom Soup,2,Stat_HealthRegen,20,10.0
Item_SwingDing,Swing-Ding,Consumables/Foodstuffs,2,Recipe_MushroomSoup_3 6,cooking,Item_MushroomSoup,Mushroom Soup,2,Stat_HealthRegen,20,10.0
Item_SwingDing,Swing-Ding,Consumables/Foodstuffs,1,Recipe_MushroomSoup_3 7,cooking,Item_MushroomSoup,Mushroom Soup,2,Stat_HealthRegen,20,10.0
Item_SwingDing,Swing-Ding,Consumables/Foodstuffs,2,Recipe_MushroomSoup_3 76,cooking,Item_MushroomSoup,Mushroom Soup,2,Stat_HealthRegen,20,10.0
Item_SwingDing,Swing-Ding,Consumables/Foodstuffs,1,Recipe_MushroomSoup_3 77,cooking,Item_MushroomSoup,Mushroom Soup,2,Stat_HealthRegen,20,10.0
Item_SwingDing,Swing-Ding,Consumables/Foodstuffs,3,Recipe_MushroomSoup_3 78,cooking,Item_MushroomSoup,Mushroom Soup,2,Stat_HealthRegen,20,10.0
Item_SwingDing,Swing-Ding,Consumables/Foodstuffs,2,Recipe_MushroomSoup_3 79,cooking,Item_MushroomSoup,Mushroom Soup,2,Stat_HealthRegen,20,10.0
Item_SwingDing,Swing-Ding,Consumables/Foodstuffs,2,Recipe_MushroomSoup_3 80,cooking,Item_MushroomSoup,Mushroom Soup,2,Stat_HealthRegen,20,10.0
Item_SwingDing,Swing-Ding,Consumables/Foodstuffs,1,Recipe_MushroomSoup_3 81,cooking,Item_MushroomSoup,Mushroom Soup,2,Stat_HealthRegen,20,10.0
Item_SwingDing,Swing-Ding,Consumables/Foodstuffs,2,Recipe_MushroomSoup_3 82,cooking,Item_MushroomSoup,Mushroom Soup,2,Stat_HealthRegen,20,10.0
Item_SwingDing,Swing-Ding,Consumables/Foodstuffs,3,Recipe_MushroomSoup_3 83,cooking,Item_MushroomSoup,Mushroom Soup,2,Stat_HealthRegen,20,10.0
Item_SwingDing,Swing-Ding,Consumables/Foodstuffs,2,Recipe_MushroomSoup_3 84,cooking,Item_MushroomSoup,Mushroom Soup,2,Stat_HealthRegen,20,10.0
Item_SwingDing,Swing-Ding,Consumables/Foodstuffs,1,Recipe_MushroomSoup_3 85,cooking,Item_MushroomSoup,Mushroom Soup,2,Stat_HealthRegen,20,10.0
Item_SwingDing,Swing-Ding,Consumables/Foodstuffs,3,Recipe_MushroomSoup_3 86,cooking,Item_MushroomSoup,Mushroom Soup,2,Stat_HealthRegen,20,10.0
Item_SwingDing,Swing-Ding,Consumables/Foodstuffs,2,Recipe_MushroomSoup_3 87,cooking,Item_MushroomSoup,Mushroom Soup,2,Stat_HealthRegen,20,10.0
Item_SwingDing,Swing-Ding,Consumables/Foodstuffs,2,Recipe_MushroomSoup_3 88,cooking,Item_MushroomSoup,Mushroom Soup,2,Stat_HealthRegen,20,10.0
Item_SwingDing,Swing-Ding,Consumables/Foodstuffs,1,Recipe_MushroomSoup_3 89,cooking,Item_MushroomSoup,Mushroom Soup,2,Stat_HealthRegen,20,10.0
Item_SwingDing,Swing-Ding,Consumables/Foodstuffs,2,Recipe_MushroomSoup_3 90,cooking,Item_MushroomSoup,Mushroom Soup,2,Stat_HealthRegen,20,10.0
Item_SwingDing,Swing-Ding,Consumables/Foodstuffs,3,Recipe_MushroomSoup_6,cooking,Item_MushroomSoup,Mushroom Soup,2,Stat_HealthRegen,20,10.0
Item_SwingDing,Swing-Ding,Consumables/Foodstuffs,3,Recipe_MushroomSoup_6 1,cooking,Item_MushroomSoup,Mushroom Soup,2,Stat_HealthRegen,20,10.0
Item_SwingDing,Swing-Ding,Consumables/Foodstuffs,3,Recipe_MushroomsFriedSimple 12,cooking,Item_MushroomFried,'Fried Mushroom ',2,Stat_HealthRegen,15,7.5
Item_SwingDing,Swing-Ding,Consumables/Foodstuffs,4,Recipe_MushroomsFriedSimple 16,cooking,Item_MushroomFried,'Fried Mushroom ',2,Stat_HealthRegen,15,7.5
Item_SwingDing,Swing-Ding,Consumables/Foodstuffs,5,Recipe_MushroomsFriedSimple 20,cooking,Item_MushroomFried,'Fried Mushroom ',2,Stat_HealthRegen,15,7.5
Item_SwingDing,Swing-Ding,Consumables/Foodstuffs,6,Recipe_MushroomsFriedSimple 24,cooking,Item_MushroomFried,'Fried Mushroom ',2,Stat_HealthRegen,15,7.5
Item_SwingDing,Swing-Ding,Consumables/Foodstuffs,7,Recipe_MushroomsFriedSimple 28,cooking,Item_MushroomFried,'Fried Mushroom ',2,Stat_HealthRegen,15,7.5
Item_SwingDing,Swing-Ding,Consumables/Foodstuffs,1,Recipe_MushroomsFriedSimple 4,cooking,Item_MushroomFried,'Fried Mushroom ',2,Stat_HealthRegen,15,7.5
Item_SwingDing,Swing-Ding,Consumables/Foodstuffs,2,Recipe_MushroomsFriedSimple 8,cooking,Item_MushroomFried,'Fried Mushroom ',2,Stat_HealthRegen,15,7.5
Item_SwingDing,Swing-Ding,Consumables/Foodstuffs,3,Recipe_MushroomsFried_2 1,cooking,Item_MushroomFried,'Fried Mushroom ',2,Stat_HealthRegen,15,7.5
Item_SwingDing,Swing-Ding,Consumables/Foodstuffs,4,Recipe_MushroomsFried_2 4,cooking,Item_MushroomFried,'Fried Mushroom ',2,Stat_HealthRegen,15,7.5
Item_SwingDing,Swing-Ding,Consumables/Foodstuffs,5,Recipe_MushroomsFried_2 7,cooking,Item_MushroomFried,'Fried Mushroom ',2,Stat_HealthRegen,15,7.5
Item_SwingDing,Swing-Ding,Consumables/Foodstuffs,2,Recipe_MushroomsFried_3 1,cooking,Item_MushroomFried,'Fried Mushroom ',2,Stat_HealthRegen,15,7.5
Item_SwingDing,Swing-Ding,Consumables/Foodstuffs,2,Recipe_MushroomsFried_3 4,cooking,Item_MushroomFried,'Fried Mushroom ',2,Stat_HealthRegen,15,7.5
Item_SwingDing,Swing-Ding,Consumables/Foodstuffs,1,Recipe_MushroomsFried_4 1,cooking,Item_MushroomFried,'Fried Mushroom ',2,Stat_HealthRegen,15,7.5
Item_SwingDing,Swing-Ding,Consumables/Foodstuffs,3,Recipe_MushroomsFried_5 1,cooking,Item_MushroomFried,'Fried Mushroom ',2,Stat_HealthRegen,15,7.5
Item_SwingDing,Swing-Ding,Consumables/Foodstuffs,2,Recipe_MushroomsFried_5 11,cooking,Item_MushroomFried,'Fried Mushroom ',2,Stat_HealthRegen,15,7.5
Item_SwingDing,Swing-Ding,Consumables/Foodstuffs,3,Recipe_MushroomsFried_5 2,cooking,Item_MushroomFried,'Fried Mushroom ',2,Stat_HealthRegen,15,7.5
Item_SwingDing,Swing-Ding,Consumables/Foodstuffs,3,Recipe_MushroomsFried_5 5,cooking,Item_MushroomFried,'Fried Mushroom ',2,Stat_HealthRegen,15,7.5
Item_SwingDing,Swing-Ding,Consumables/Foodstuffs,2,Recipe_MushroomsFried_5 7,cooking,Item_MushroomFried,'Fried Mushroom ',2,Stat_HealthRegen,15,7.5
Item_SwingDing,Swing-Ding,Consumables/Foodstuffs,2,Recipe_MushroomsFried_5 8,cooking,Item_MushroomFried,'Fried Mushroom ',2,Stat_HealthRegen,15,7.5
Item_SwingDing,Swing-Ding,Consumables/Foodstuffs,3,Recipe_MushroomsSkewer_2 1,cooking,Item_MushroomSkewer,Mushroom Skewer,2,Stat_HealthRegen,15,7.5
Item_SwingDing,Swing-Ding,Consumables/Foodstuffs,2,Recipe_MushroomsSkewer_3 1,cooking,Item_MushroomSkewer,Mushroom Skewer,2,Stat_HealthRegen,15,7.5
Item_SwingDing,Swing-Ding,Consumables/Foodstuffs,2,Recipe_MushroomsSkewer_3 2,cooking,Item_MushroomSkewer,Mushroom Skewer,2,Stat_HealthRegen,15,7.5
Item_SwingDing,Swing-Ding,Consumables/Foodstuffs,2,Recipe_MushroomsSkewer_3 3,cooking,Item_MushroomSkewer,Mushroom Skewer,2,Stat_HealthRegen,15,7.5
Item_SwingDing,Swing-Ding,Consumables/Foodstuffs,1,Recipe_MushroomsSkewer_4 1,cooking,Item_MushroomSkewer,Mushroom Skewer,2,Stat_HealthRegen,15,7.5
Item_SwingDing,Swing-Ding,Consumables/Foodstuffs,1,Recipe_MushroomsSkewer_4 2,cooking,Item_MushroomSkewer,Mushroom Skewer,2,Stat_HealthRegen,15,7.5
Item_SwingDing,Swing-Ding,Consumables/Foodstuffs,1,Recipe_MushroomsSkewer_5 1,cooking,Item_MushroomSkewer,Mushroom Skewer,2,Stat_HealthRegen,15,7.5
Item_Thyroid,Thyroid,Organs/General,1,Recipe_Omelette_organ 9,cooking,Item_Omelette,Omelette,2,Stat_HealthRegen,22,11.0
Item_Thyroid,Thyroid,Organs/General,1,Recipe_Polsa_2,cooking,Item_Polsa,Pölsa,2,Stat_HealthRegen,20,10.0
Item_Thyroid,Thyroid,Organs/General,1,Recipe_Polsa_2 1,cooking,Item_Polsa,Pölsa,2,Stat_HealthRegen,20,10.0
Item_Thyroid,Thyroid,Organs/General,1,Recipe_Polsa_2 2,cooking,Item_Polsa,Pölsa,2,Stat_HealthRegen,20,10.0
Item_Thyroid,Thyroid,Organs/General,1,Recipe_Polsa_2 3,cooking,Item_Polsa,Pölsa,2,Stat_HealthRegen,20,10.0
Item_Thyroid,Thyroid,Organs/General,2,Recipe_Polsa_2 4,cooking,Item_Polsa,Pölsa,2,Stat_HealthRegen,20,10.0
Item_Thyroid,Thyroid,Organs/General,2,Recipe_Polsa_2 5,cooking,Item_Polsa,Pölsa,2,Stat_HealthRegen,20,10.0
Item_Thyroid,Thyroid,Organs/General,1,Recipe_Polsa_8,cooking,Item_Polsa,Pölsa,2,Stat_HealthRegen,20,10.0
Item_Thyroid,Thyroid,Organs/General,2,Recipe_Polsa_8 1,cooking,Item_Polsa,Pölsa,2,Stat_HealthRegen,20,10.0
Item_Tongue,Tongue,Organs/General,1,Recipe_Omelette_organ 10,cooking,Item_Omelette,Omelette,2,Stat_HealthRegen,22,11.0
Item_Tongue,Tongue,Organs/General,1,Recipe_TongueOnStick 1,cooking,Item_TongueOnStick,Tongue On Stick,2,Stat_HealthRegen,20,10.0
Item_Tunic,Green Tunic,Equipment/Torso,1,Recipe_MolotovCocktail_4,generic,Weapon_MolotovCocktail,Molotov Cocktail,2,,0,0.0
Item_UsedRubber,Used Rubber,Misc,1,Recipe_EnergyGum_2,cooking,Item_EnergyGum,Energy Gum,1,Resistance_Fire,4500,4500.0
Item_UsedRubber,Used Rubber,Misc,1,Recipe_ExtraLung_2,cooking,Item_ExtraLung,Extra Lung,2,,0,0.0
Item_UsedRubber,Used Rubber,Misc,1,Recipe_Gum_3,cooking,Item_GumHubba,Sweet Gum,1,Stat_HealthRegen,10,10.0
Item_UsedRubber,Used Rubber,Misc,1,Recipe_Gum_4,cooking,Item_GumHubba,Sweet Gum,1,Stat_HealthRegen,10,10.0
Item_UsedRubber,Used Rubber,Misc,1,Recipe_MatchaGum_2,cooking,Item_MatchaGum,Green Tea Gum,1,ExtraDamage_Melee,144,144.0
Item_UsedRubber,Used Rubber,Misc,1,Recipe_MatchaGum_2 1,cooking,Item_MatchaGum,Green Tea Gum,1,ExtraDamage_Melee,144,144.0
Item_UsedRubber,Used Rubber,Misc,2,Recipe_MatchaGum_2 2,cooking,Item_MatchaGum,Green Tea Gum,1,ExtraDamage_Melee,144,144.0
Item_UsedRubber,Used Rubber,Misc,2,Recipe_MatchaGum_2 3,cooking,Item_MatchaGum,Green Tea Gum,1,ExtraDamage_Melee,144,144.0
Item_UsedRubber,Used Rubber,Misc,1,Recipe_PoisonGum_2,cooking,Item_PoisonGum,Anti-Poison Gum,1,Resistance_Poison,9600,9600.0
Item_UsedRubber,Used Rubber,Misc,2,Recipe_Rubber_1,generic,Item_Rubber,Rubber,1,,0,0.0
Item_VelvetBell,Velvet Bell,Consumables/Foodstuffs,1,Recipe_FullEnglishBreakfast_1,cooking,Item_FullEnglishBreakfast,Full English Breakfast,2,Stat_HealthRegen,35,17.5
Item_VelvetBell,Velvet Bell,Consumables/Foodstuffs,1,Recipe_FullEnglishBreakfast_1 12,cooking,Item_FullEnglishBreakfast,Full English Breakfast,2,Stat_HealthRegen,35,17.5
Item_VelvetBell,Velvet Bell,Consumables/Foodstuffs,2,Recipe_FullEnglishBreakfast_1 16,cooking,Item_FullEnglishBreakfast,Full English Breakfast,2,Stat_HealthRegen,35,17.5
Item_VelvetBell,Velvet Bell,Consumables/Foodstuffs,2,Recipe_FullEnglishBreakfast_1 20,cooking,Item_FullEnglishBreakfast,Full English Breakfast,2,Stat_HealthRegen,35,17.5
Item_VelvetBell,Velvet Bell,Consumables/Foodstuffs,2,Recipe_FullEnglishBreakfast_1 24,cooking,Item_FullEnglishBreakfast,Full English Breakfast,2,Stat_HealthRegen,35,17.5
Item_VelvetBell,Velvet Bell,Consumables/Foodstuffs,2,Recipe_FullEnglishBreakfast_1 28,cooking,Item_FullEnglishBreakfast,Full English Breakfast,2,Stat_HealthRegen,35,17.5
Item_VelvetBell,Velvet Bell,Consumables/Foodstuffs,3,Recipe_FullEnglishBreakfast_1 32,cooking,Item_FullEnglishBreakfast,Full English Breakfast,2,Stat_HealthRegen,35,17.5
Item_VelvetBell,Velvet Bell,Consumables/Foodstuffs,3,Recipe_FullEnglishBreakfast_1 36,cooking,Item_FullEnglishBreakfast,Full English Breakfast,2,Stat_HealthRegen,35,17.5
Item_VelvetBell,Velvet Bell,Consumables/Foodstuffs,1,Recipe_FullEnglishBreakfast_1 4,cooking,Item_FullEnglishBreakfast,Full English Breakfast,2,Stat_HealthRegen,35,17.5
Item_VelvetBell,Velvet Bell,Consumables/Foodstuffs,3,Recipe_FullEnglishBreakfast_1 40,cooking,Item_FullEnglishBreakfast,Full English Breakfast,2,Stat_HealthRegen,35,17.5
Item_VelvetBell,Velvet Bell,Consumables/Foodstuffs,3,Recipe_FullEnglishBreakfast_1 44,cooking,Item_FullEnglishBreakfast,Full English Breakfast,2,Stat_HealthRegen,35,17.5
Item_VelvetBell,Velvet Bell,Consumables/Foodstuffs,2,Recipe_FullEnglishBreakfast_1 48,cooking,Item_FullEnglishBreakfast,Full English Breakfast,2,Stat_HealthRegen,35,17.5
Item_VelvetBell,Velvet Bell,Consumables/Foodstuffs,2,Recipe_FullEnglishBreakfast_1 52,cooking,Item_FullEnglishBreakfast,Full English Breakfast,2,Stat_HealthRegen,35,17.5
Item_VelvetBell,Velvet Bell,Consumables/Foodstuffs,2,Recipe_FullEnglishBreakfast_1 8,cooking,Item_FullEnglishBreakfast,Full English Breakfast,2,Stat_HealthRegen,35,17.5
Item_VelvetBell,Velvet Bell,Consumables/Foodstuffs,1,Recipe_Hotpot,cooking,Item_HotPot,Hot Pot,6,Stat_HealthRegen,50,8.3333
Item_VelvetBell,Velvet Bell,Consumables/Foodstuffs,1,Recipe_Hotpot 1,cooking,Item_HotPot,Hot Pot,6,Stat_HealthRegen,50,8.3333
Item_VelvetBell,Velvet Bell,Consumables/Foodstuffs,1,Recipe_Hotpot 10,cooking,Item_HotPot,Hot Pot,6,Stat_HealthRegen,50,8.3333
Item_VelvetBell,Velvet Bell,Consumables/Foodstuffs,1,Recipe_Hotpot 11,cooking,Item_HotPot,Hot Pot,6,Stat_HealthRegen,50,8.3333
Item_VelvetBell,Velvet Bell,Consumables/Foodstuffs,1,Recipe_Hotpot 12,cooking,Item_HotPot,Hot Pot,6,Stat_HealthRegen,50,8.3333
Item_VelvetBell,Velvet Bell,Consumables/Foodstuffs,1,Recipe_Hotpot 13,cooking,Item_HotPot,Hot Pot,6,Stat_HealthRegen,50,8.3333
Item_VelvetBell,Velvet Bell,Consumables/Foodstuffs,1,Recipe_Hotpot 14,cooking,Item_HotPot,Hot Pot,6,Stat_HealthRegen,50,8.3333
Item_VelvetBell,Velvet Bell,Consumables/Foodstuffs,1,Recipe_Hotpot 15,cooking,Item_HotPot,Hot Pot,6,Stat_HealthRegen,50,8.3333
Item_VelvetBell,Velvet Bell,Consumables/Foodstuffs,1,Recipe_Hotpot 16,cooking,Item_HotPot,Hot Pot,6,Stat_HealthRegen,50,8.3333
Item_VelvetBell,Velvet Bell,Consumables/Foodstuffs,1,Recipe_Hotpot 17,cooking,Item_HotPot,Hot Pot,6,Stat_HealthRegen,50,8.3333
Item_VelvetBell,Velvet Bell,Consumables/Foodstuffs,2,Recipe_Hotpot 18,cooking,Item_HotPot,Hot Pot,6,Stat_HealthRegen,50,8.3333
Item_VelvetBell,Velvet Bell,Consumables/Foodstuffs,2,Recipe_Hotpot 19,cooking,Item_HotPot,Hot Pot,6,Stat_HealthRegen,50,8.3333
Item_VelvetBell,Velvet Bell,Consumables/Foodstuffs,1,Recipe_Hotpot 2,cooking,Item_HotPot,Hot Pot,6,Stat_HealthRegen,50,8.3333
Item_VelvetBell,Velvet Bell,Consumables/Foodstuffs,2,Recipe_Hotpot 20,cooking,Item_HotPot,Hot Pot,6,Stat_HealthRegen,50,8.3333
Item_VelvetBell,Velvet Bell,Consumables/Foodstuffs,2,Recipe_Hotpot 21,cooking,Item_HotPot,Hot Pot,6,Stat_HealthRegen,50,8.3333
Item_VelvetBell,Velvet Bell,Consumables/Foodstuffs,2,Recipe_Hotpot 22,cooking,Item_HotPot,Hot Pot,6,Stat_HealthRegen,50,8.3333
Item_VelvetBell,Velvet Bell,Consumables/Foodstuffs,2,Recipe_Hotpot 23,cooking,Item_HotPot,Hot Pot,6,Stat_HealthRegen,50,8.3333
Item_VelvetBell,Velvet Bell,Consumables/Foodstuffs,1,Recipe_Hotpot 24,cooking,Item_HotPot,Hot Pot,6,Stat_HealthRegen,50,8.3333
Item_VelvetBell,Velvet Bell,Consumables/Foodstuffs,1,Recipe_Hotpot 25,cooking,Item_HotPot,Hot Pot,6,Stat_HealthRegen,50,8.3333
Item_VelvetBell,Velvet Bell,Consumables/Foodstuffs,1,Recipe_Hotpot 26,cooking,Item_HotPot,Hot Pot,6,Stat_HealthRegen,50,8.3333
Item_VelvetBell,Velvet Bell,Consumables/Foodstuffs,1,Recipe_Hotpot 27,cooking,Item_HotPot,Hot Pot,6,Stat_HealthRegen,50,8.3333
Item_VelvetBell,Velvet Bell,Consumables/Foodstuffs,1,Recipe_Hotpot 28,cooking,Item_HotPot,Hot Pot,6,Stat_HealthRegen,50,8.3333
Item_VelvetBell,Velvet Bell,Consumables/Foodstuffs,1,Recipe_Hotpot 29,cooking,Item_HotPot,Hot Pot,6,Stat_HealthRegen,50,8.3333
Item_VelvetBell,Velvet Bell,Consumables/Foodstuffs,1,Recipe_Hotpot 3,cooking,Item_HotPot,Hot Pot,6,Stat_HealthRegen,50,8.3333
Item_VelvetBell,Velvet Bell,Consumables/Foodstuffs,1,Recipe_Hotpot 30,cooking,Item_HotPot,Hot Pot,6,Stat_HealthRegen,50,8.3333
Item_VelvetBell,Velvet Bell,Consumables/Foodstuffs,1,Recipe_Hotpot 31,cooking,Item_HotPot,Hot Pot,6,Stat_HealthRegen,50,8.3333
Item_VelvetBell,Velvet Bell,Consumables/Foodstuffs,1,Recipe_Hotpot 32,cooking,Item_HotPot,Hot Pot,6,Stat_HealthRegen,50,8.3333
Item_VelvetBell,Velvet Bell,Consumables/Foodstuffs,1,Recipe_Hotpot 33,cooking,Item_HotPot,Hot Pot,6,Stat_HealthRegen,50,8.3333
Item_VelvetBell,Velvet Bell,Consumables/Foodstuffs,1,Recipe_Hotpot 34,cooking,Item_HotPot,Hot Pot,6,Stat_HealthRegen,50,8.3333
Item_VelvetBell,Velvet Bell,Consumables/Foodstuffs,1,Recipe_Hotpot 35,cooking,Item_HotPot,Hot Pot,6,Stat_HealthRegen,50,8.3333
Item_VelvetBell,Velvet Bell,Consumables/Foodstuffs,1,Recipe_Hotpot 36,cooking,Item_HotPot,Hot Pot,6,Stat_HealthRegen,50,8.3333
Item_VelvetBell,Velvet Bell,Consumables/Foodstuffs,1,Recipe_Hotpot 37,cooking,Item_HotPot,Hot Pot,6,Stat_HealthRegen,50,8.3333
Item_VelvetBell,Velvet Bell,Consumables/Foodstuffs,1,Recipe_Hotpot 38,cooking,Item_HotPot,Hot Pot,6,Stat_HealthRegen,50,8.3333
Item_VelvetBell,Velvet Bell,Consumables/Foodstuffs,1,Recipe_Hotpot 39,cooking,Item_HotPot,Hot Pot,6,Stat_HealthRegen,50,8.3333
Item_VelvetBell,Velvet Bell,Consumables/Foodstuffs,1,Recipe_Hotpot 4,cooking,Item_HotPot,Hot Pot,6,Stat_HealthRegen,50,8.3333
Item_VelvetBell,Velvet Bell,Consumables/Foodstuffs,1,Recipe_Hotpot 40,cooking,Item_HotPot,Hot Pot,6,Stat_HealthRegen,50,8.3333
Item_VelvetBell,Velvet Bell,Consumables/Foodstuffs,1,Recipe_Hotpot 41,cooking,Item_HotPot,Hot Pot,6,Stat_HealthRegen,50,8.3333
Item_VelvetBell,Velvet Bell,Consumables/Foodstuffs,2,Recipe_Hotpot 42,cooking,Item_HotPot,Hot Pot,6,Stat_HealthRegen,50,8.3333
Item_VelvetBell,Velvet Bell,Consumables/Foodstuffs,2,Recipe_Hotpot 43,cooking,Item_HotPot,Hot Pot,6,Stat_HealthRegen,50,8.3333
Item_VelvetBell,Velvet Bell,Consumables/Foodstuffs,2,Recipe_Hotpot 44,cooking,Item_HotPot,Hot Pot,6,Stat_HealthRegen,50,8.3333
Item_VelvetBell,Velvet Bell,Consumables/Foodstuffs,2,Recipe_Hotpot 45,cooking,Item_HotPot,Hot Pot,6,Stat_HealthRegen,50,8.3333
Item_VelvetBell,Velvet Bell,Consumables/Foodstuffs,2,Recipe_Hotpot 46,cooking,Item_HotPot,Hot Pot,6,Stat_HealthRegen,50,8.3333
Item_VelvetBell,Velvet Bell,Consumables/Foodstuffs,2,Recipe_Hotpot 47,cooking,Item_HotPot,Hot Pot,6,Stat_HealthRegen,50,8.3333
Item_VelvetBell,Velvet Bell,Consumables/Foodstuffs,1,Recipe_Hotpot 48,cooking,Item_HotPot,Hot Pot,6,Stat_HealthRegen,50,8.3333
Item_VelvetBell,Velvet Bell,Consumables/Foodstuffs,1,Recipe_Hotpot 49,cooking,Item_HotPot,Hot Pot,6,Stat_HealthRegen,50,8.3333
Item_VelvetBell,Velvet Bell,Consumables/Foodstuffs,1,Recipe_Hotpot 5,cooking,Item_HotPot,Hot Pot,6,Stat_HealthRegen,50,8.3333
Item_VelvetBell,Velvet Bell,Consumables/Foodstuffs,1,Recipe_Hotpot 50,cooking,Item_HotPot,Hot Pot,6,Stat_HealthRegen,50,8.3333
Item_VelvetBell,Velvet Bell,Consumables/Foodstuffs,1,Recipe_Hotpot 51,cooking,Item_HotPot,Hot Pot,6,Stat_HealthRegen,50,8.3333
Item_VelvetBell,Velvet Bell,Consumables/Foodstuffs,1,Recipe_Hotpot 52,cooking,Item_HotPot,Hot Pot,6,Stat_HealthRegen,50,8.3333
Item_VelvetBell,Velvet Bell,Consumables/Foodstuffs,1,Recipe_Hotpot 53,cooking,Item_HotPot,Hot Pot,6,Stat_HealthRegen,50,8.3333
Item_VelvetBell,Velvet Bell,Consumables/Foodstuffs,1,Recipe_Hotpot 54,cooking,Item_HotPot,Hot Pot,6,Stat_HealthRegen,50,8.3333
Item_VelvetBell,Velvet Bell,Consumables/Foodstuffs,1,Recipe_Hotpot 55,cooking,Item_HotPot,Hot Pot,6,Stat_HealthRegen,50,8.3333
Item_VelvetBell,Velvet Bell,Consumables/Foodstuffs,1,Recipe_Hotpot 56,cooking,Item_HotPot,Hot Pot,6,Stat_HealthRegen,50,8.3333
Item_VelvetBell,Velvet Bell,Consumables/Foodstuffs,1,Recipe_Hotpot 57,cooking,Item_HotPot,Hot Pot,6,Stat_HealthRegen,50,8.3333
Item_VelvetBell,Velvet Bell,Consumables/Foodstuffs,1,Recipe_Hotpot 58,cooking,Item_HotPot,Hot Pot,6,Stat_HealthRegen,50,8.3333
Item_VelvetBell,Velvet Bell,Consumables/Foodstuffs,1,Recipe_Hotpot 59,cooking,Item_HotPot,Hot Pot,6,Stat_HealthRegen,50,8.3333
Item_VelvetBell,Velvet Bell,Consumables/Foodstuffs,1,Recipe_Hotpot 6,cooking,Item_HotPot,Hot Pot,6,Stat_HealthRegen,50,8.3333
Item_VelvetBell,Velvet Bell,Consumables/Foodstuffs,1,Recipe_Hotpot 60,cooking,Item_HotPot,Hot Pot,6,Stat_HealthRegen,50,8.3333
Item_VelvetBell,Velvet Bell,Consumables/Foodstuffs,1,Recipe_Hotpot 61,cooking,Item_HotPot,Hot Pot,6,Stat_HealthRegen,50,8.3333
Item_VelvetBell,Velvet Bell,Consumables/Foodstuffs,1,Recipe_Hotpot 62,cooking,Item_HotPot,Hot Pot,6,Stat_HealthRegen,50,8.3333
Item_VelvetBell,Velvet Bell,Consumables/Foodstuffs,1,Recipe_Hotpot 63,cooking,Item_HotPot,Hot Pot,6,Stat_HealthRegen,50,8.3333
Item_VelvetBell,Velvet Bell,Consumables/Foodstuffs,1,Recipe_Hotpot 64,cooking,Item_HotPot,Hot Pot,6,Stat_HealthRegen,50,8.3333
Item_VelvetBell,Velvet Bell,Consumables/Foodstuffs,1,Recipe_Hotpot 65,cooking,Item_HotPot,Hot Pot,6,Stat_HealthRegen,50,8.3333
Item_VelvetBell,Velvet Bell,Consumables/Foodstuffs,2,Recipe_Hotpot 66,cooking,Item_HotPot,Hot Pot,6,Stat_HealthRegen,50,8.3333
Item_VelvetBell,Velvet Bell,Consumables/Foodstuffs,2,Recipe_Hotpot 67,cooking,Item_HotPot,Hot Pot,6,Stat_HealthRegen,50,8.3333
Item_VelvetBell,Velvet Bell,Consumables/Foodstuffs,2,Recipe_Hotpot 68,cooking,Item_HotPot,Hot Pot,6,Stat_HealthRegen,50,8.3333
Item_VelvetBell,Velvet Bell,Consumables/Foodstuffs,2,Recipe_Hotpot 69,cooking,Item_HotPot,Hot Pot,6,Stat_HealthRegen,50,8.3333
Item_VelvetBell,Velvet Bell,Consumables/Foodstuffs,1,Recipe_Hotpot 7,cooking,Item_HotPot,Hot Pot,6,Stat_HealthRegen,50,8.3333
Item_VelvetBell,Velvet Bell,Consumables/Foodstuffs,2,Recipe_Hotpot 70,cooking,Item_HotPot,Hot Pot,6,Stat_HealthRegen,50,8.3333
Item_VelvetBell,Velvet Bell,Consumables/Foodstuffs,2,Recipe_Hotpot 71,cooking,Item_HotPot,Hot Pot,6,Stat_HealthRegen,50,8.3333
Item_VelvetBell,Velvet Bell,Consumables/Foodstuffs,1,Recipe_Hotpot 72,cooking,Item_HotPot,Hot Pot,6,Stat_HealthRegen,50,8.3333
Item_VelvetBell,Velvet Bell,Consumables/Foodstuffs,1,Recipe_Hotpot 73,cooking,Item_HotPot,Hot Pot,6,Stat_HealthRegen,50,8.3333
Item_VelvetBell,Velvet Bell,Consumables/Foodstuffs,1,Recipe_Hotpot 74,cooking,Item_HotPot,Hot Pot,6,Stat_HealthRegen,50,8.3333
Item_VelvetBell,Velvet Bell,Consumables/Foodstuffs,1,Recipe_Hotpot 75,cooking,Item_HotPot,Hot Pot,6,Stat_HealthRegen,50,8.3333
Item_VelvetBell,Velvet Bell,Consumables/Foodstuffs,1,Recipe_Hotpot 76,cooking,Item_HotPot,Hot Pot,6,Stat_HealthRegen,50,8.3333
Item_VelvetBell,Velvet Bell,Consumables/Foodstuffs,1,Recipe_Hotpot 77,cooking,Item_HotPot,Hot Pot,6,Stat_HealthRegen,50,8.3333
Item_VelvetBell,Velvet Bell,Consumables/Foodstuffs,1,Recipe_Hotpot 78,cooking,Item_HotPot,Hot Pot,6,Stat_HealthRegen,50,8.3333
Item_VelvetBell,Velvet Bell,Consumables/Foodstuffs,1,Recipe_Hotpot 79,cooking,Item_HotPot,Hot Pot,6,Stat_HealthRegen,50,8.3333
Item_VelvetBell,Velvet Bell,Consumables/Foodstuffs,1,Recipe_Hotpot 8,cooking,Item_HotPot,Hot Pot,6,Stat_HealthRegen,50,8.3333
Item_VelvetBell,Velvet Bell,Consumables/Foodstuffs,1,Recipe_Hotpot 80,cooking,Item_HotPot,Hot Pot,6,Stat_HealthRegen,50,8.3333
Item_VelvetBell,Velvet Bell,Consumables/Foodstuffs,1,Recipe_Hotpot 81,cooking,Item_HotPot,Hot Pot,6,Stat_HealthRegen,50,8.3333
Item_VelvetBell,Velvet Bell,Consumables/Foodstuffs,1,Recipe_Hotpot 82,cooking,Item_HotPot,Hot Pot,6,Stat_HealthRegen,50,8.3333
Item_VelvetBell,Velvet Bell,Consumables/Foodstuffs,1,Recipe_Hotpot 83,cooking,Item_HotPot,Hot Pot,6,Stat_HealthRegen,50,8.3333
Item_VelvetBell,Velvet Bell,Consumables/Foodstuffs,2,Recipe_Hotpot 84,cooking,Item_HotPot,Hot Pot,6,Stat_HealthRegen,50,8.3333
Item_VelvetBell,Velvet Bell,Consumables/Foodstuffs,2,Recipe_Hotpot 85,cooking,Item_HotPot,Hot Pot,6,Stat_HealthRegen,50,8.3333
Item_VelvetBell,Velvet Bell,Consumables/Foodstuffs,2,Recipe_Hotpot 86,cooking,Item_HotPot,Hot Pot,6,Stat_HealthRegen,50,8.3333
Item_VelvetBell,Velvet Bell,Consumables/Foodstuffs,2,Recipe_Hotpot 87,cooking,Item_HotPot,Hot Pot,6,Stat_HealthRegen,50,8.3333
Item_VelvetBell,Velvet Bell,Consumables/Foodstuffs,2,Recipe_Hotpot 88,cooking,Item_HotPot,Hot Pot,6,Stat_HealthRegen,50,8.3333
Item_VelvetBell,Velvet Bell,Consumables/Foodstuffs,2,Recipe_Hotpot 89,cooking,Item_HotPot,Hot Pot,6,Stat_HealthRegen,50,8.3333
Item_VelvetBell,Velvet Bell,Consumables/Foodstuffs,1,Recipe_Hotpot 9,cooking,Item_HotPot,Hot Pot,6,Stat_HealthRegen,50,8.3333
Item_VelvetBell,Velvet Bell,Consumables/Foodstuffs,2,Recipe_Hotpot 90,cooking,Item_HotPot,Hot Pot,6,Stat_HealthRegen,50,8.3333
Item_VelvetBell,Velvet Bell,Consumables/Foodstuffs,2,Recipe_Hotpot 91,cooking,Item_HotPot,Hot Pot,6,Stat_HealthRegen,50,8.3333
Item_VelvetBell,Velvet Bell,Consumables/Foodstuffs,2,Recipe_Hotpot 92,cooking,Item_HotPot,Hot Pot,6,Stat_HealthRegen,50,8.3333
Item_VelvetBell,Velvet Bell,Consumables/Foodstuffs,2,Recipe_Hotpot 93,cooking,Item_HotPot,Hot Pot,6,Stat_HealthRegen,50,8.3333
Item_VelvetBell,Velvet Bell,Consumables/Foodstuffs,2,Recipe_Hotpot 94,cooking,Item_HotPot,Hot Pot,6,Stat_HealthRegen,50,8.3333
Item_VelvetBell,Velvet Bell,Consumables/Foodstuffs,2,Recipe_Hotpot 95,cooking,Item_HotPot,Hot Pot,6,Stat_HealthRegen,50,8.3333
Item_VelvetBell,Velvet Bell,Consumables/Foodstuffs,3,Recipe_MushroomOmelette_2,cooking,Item_MushroomOmelette,Mushroom Omelette,2,Stat_HealthRegen,20,10.0
Item_VelvetBell,Velvet Bell,Consumables/Foodstuffs,3,Recipe_MushroomSoupBroth_6,cooking,Item_MushroomSoup,Mushroom Soup,2,Stat_HealthRegen,20,10.0
Item_VelvetBell,Velvet Bell,Consumables/Foodstuffs,4,Recipe_MushroomSoupBroth_6 1,cooking,Item_MushroomSoup,Mushroom Soup,2,Stat_HealthRegen,20,10.0
Item_VelvetBell,Velvet Bell,Consumables/Foodstuffs,5,Recipe_MushroomSoupBroth_6 2,cooking,Item_MushroomSoup,Mushroom Soup,2,Stat_HealthRegen,20,10.0
Item_VelvetBell,Velvet Bell,Consumables/Foodstuffs,3,Recipe_MushroomSoupBroth_6 3,cooking,Item_MushroomSoup,Mushroom Soup,2,Stat_HealthRegen,20,10.0
Item_VelvetBell,Velvet Bell,Consumables/Foodstuffs,4,Recipe_MushroomSoupBroth_6 4,cooking,Item_MushroomSoup,Mushroom Soup,2,Stat_HealthRegen,20,10.0
Item_VelvetBell,Velvet Bell,Consumables/Foodstuffs,5,Recipe_MushroomSoupBroth_6 5,cooking,Item_MushroomSoup,Mushroom Soup,2,Stat_HealthRegen,20,10.0
Item_VelvetBell,Velvet Bell,Consumables/Foodstuffs,6,Recipe_MushroomSoupBroth_7,cooking,Item_MushroomSoup,Mushroom Soup,2,Stat_HealthRegen,20,10.0
Item_VelvetBell,Velvet Bell,Consumables/Foodstuffs,7,Recipe_MushroomSoupBroth_7 1,cooking,Item_MushroomSoup,Mushroom Soup,2,Stat_HealthRegen,20,10.0
Item_VelvetBell,Velvet Bell,Consumables/Foodstuffs,8,Recipe_MushroomSoupBroth_7 2,cooking,Item_MushroomSoup,Mushroom Soup,2,Stat_HealthRegen,20,10.0
Item_VelvetBell,Velvet Bell,Consumables/Foodstuffs,6,Recipe_MushroomSoupBroth_7 3,cooking,Item_MushroomSoup,Mushroom Soup,2,Stat_HealthRegen,20,10.0
Item_VelvetBell,Velvet Bell,Consumables/Foodstuffs,7,Recipe_MushroomSoupBroth_7 4,cooking,Item_MushroomSoup,Mushroom Soup,2,Stat_HealthRegen,20,10.0
Item_VelvetBell,Velvet Bell,Consumables/Foodstuffs,8,Recipe_MushroomSoupBroth_7 5,cooking,Item_MushroomSoup,Mushroom Soup,2,Stat_HealthRegen,20,10.0
Item_VelvetBell,Velvet Bell,Consumables/Foodstuffs,1,Recipe_MushroomSoup_1,cooking,Item_MushroomSoup,Mushroom Soup,2,Stat_HealthRegen,20,10.0
Item_VelvetBell,Velvet Bell,Consumables/Foodstuffs,1,Recipe_MushroomSoup_1 1,cooking,Item_MushroomSoup,Mushroom Soup,2,Stat_HealthRegen,20,10.0
Item_VelvetBell,Velvet Bell,Consumables/Foodstuffs,1,Recipe_MushroomSoup_1 10,cooking,Item_MushroomSoup,Mushroom Soup,2,Stat_HealthRegen,20,10.0
Item_VelvetBell,Velvet Bell,Consumables/Foodstuffs,1,Recipe_MushroomSoup_1 11,cooking,Item_MushroomSoup,Mushroom Soup,2,Stat_HealthRegen,20,10.0
Item_VelvetBell,Velvet Bell,Consumables/Foodstuffs,1,Recipe_MushroomSoup_1 2,cooking,Item_MushroomSoup,Mushroom Soup,2,Stat_HealthRegen,20,10.0
Item_VelvetBell,Velvet Bell,Consumables/Foodstuffs,1,Recipe_MushroomSoup_1 3,cooking,Item_MushroomSoup,Mushroom Soup,2,Stat_HealthRegen,20,10.0
Item_VelvetBell,Velvet Bell,Consumables/Foodstuffs,1,Recipe_MushroomSoup_1 5,cooking,Item_MushroomSoup,Mushroom Soup,2,Stat_HealthRegen,20,10.0
Item_VelvetBell,Velvet Bell,Consumables/Foodstuffs,1,Recipe_MushroomSoup_1 6,cooking,Item_MushroomSoup,Mushroom Soup,2,Stat_HealthRegen,20,10.0
Item_VelvetBell,Velvet Bell,Consumables/Foodstuffs,1,Recipe_MushroomSoup_1 7,cooking,Item_MushroomSoup,Mushroom Soup,2,Stat_HealthRegen,20,10.0
Item_VelvetBell,Velvet Bell,Consumables/Foodstuffs,1,Recipe_MushroomSoup_1 9,cooking,Item_MushroomSoup,Mushroom Soup,2,Stat_HealthRegen,20,10.0
Item_VelvetBell,Velvet Bell,Consumables/Foodstuffs,3,Recipe_MushroomSoup_3 16,cooking,Item_MushroomSoup,Mushroom Soup,2,Stat_HealthRegen,20,10.0
Item_VelvetBell,Velvet Bell,Consumables/Foodstuffs,2,Recipe_MushroomSoup_3 17,cooking,Item_MushroomSoup,Mushroom Soup,2,Stat_HealthRegen,20,10.0
Item_VelvetBell,Velvet Bell,Consumables/Foodstuffs,1,Recipe_MushroomSoup_3 18,cooking,Item_MushroomSoup,Mushroom Soup,2,Stat_HealthRegen,20,10.0
Item_VelvetBell,Velvet Bell,Consumables/Foodstuffs,3,Recipe_MushroomSoup_3 19,cooking,Item_MushroomSoup,Mushroom Soup,2,Stat_HealthRegen,20,10.0
Item_VelvetBell,Velvet Bell,Consumables/Foodstuffs,3,Recipe_MushroomSoup_3 20,cooking,Item_MushroomSoup,Mushroom Soup,2,Stat_HealthRegen,20,10.0
Item_VelvetBell,Velvet Bell,Consumables/Foodstuffs,2,Recipe_MushroomSoup_3 21,cooking,Item_MushroomSoup,Mushroom Soup,2,Stat_HealthRegen,20,10.0
Item_VelvetBell,Velvet Bell,Consumables/Foodstuffs,2,Recipe_MushroomSoup_3 22,cooking,Item_MushroomSoup,Mushroom Soup,2,Stat_HealthRegen,20,10.0
Item_VelvetBell,Velvet Bell,Consumables/Foodstuffs,1,Recipe_MushroomSoup_3 23,cooking,Item_MushroomSoup,Mushroom Soup,2,Stat_HealthRegen,20,10.0
Item_VelvetBell,Velvet Bell,Consumables/Foodstuffs,3,Recipe_MushroomSoup_3 24_VB+KO,cooking,Item_MushroomSoup,Mushroom Soup,2,Stat_HealthRegen,20,10.0
Item_VelvetBell,Velvet Bell,Consumables/Foodstuffs,3,Recipe_MushroomSoup_3 24_VB+KO 1,cooking,Item_MushroomSoup,Mushroom Soup,2,Stat_HealthRegen,20,10.0
Item_VelvetBell,Velvet Bell,Consumables/Foodstuffs,2,Recipe_MushroomSoup_3 25,cooking,Item_MushroomSoup,Mushroom Soup,2,Stat_HealthRegen,20,10.0
Item_VelvetBell,Velvet Bell,Consumables/Foodstuffs,3,Recipe_MushroomSoup_3 26,cooking,Item_MushroomSoup,Mushroom Soup,2,Stat_HealthRegen,20,10.0
Item_VelvetBell,Velvet Bell,Consumables/Foodstuffs,3,Recipe_MushroomSoup_3 27,cooking,Item_MushroomSoup,Mushroom Soup,2,Stat_HealthRegen,20,10.0
Item_VelvetBell,Velvet Bell,Consumables/Foodstuffs,1,Recipe_MushroomSoup_3 28,cooking,Item_MushroomSoup,Mushroom Soup,2,Stat_HealthRegen,20,10.0
Item_VelvetBell,Velvet Bell,Consumables/Foodstuffs,2,Recipe_MushroomSoup_3 29,cooking,Item_MushroomSoup,Mushroom Soup,2,Stat_HealthRegen,20,10.0
Item_VelvetBell,Velvet Bell,Consumables/Foodstuffs,1,Recipe_MushroomSoup_3 30,cooking,Item_MushroomSoup,Mushroom Soup,2,Stat_HealthRegen,20,10.0
Item_VelvetBell,Velvet Bell,Consumables/Foodstuffs,2,Recipe_MushroomSoup_3 31,cooking,Item_MushroomSoup,Mushroom Soup,2,Stat_HealthRegen,20,10.0
Item_VelvetBell,Velvet Bell,Consumables/Foodstuffs,3,Recipe_MushroomSoup_3 32_VB+SD,cooking,Item_MushroomSoup,Mushroom Soup,2,Stat_HealthRegen,20,10.0
Item_VelvetBell,Velvet Bell,Consumables/Foodstuffs,3,Recipe_MushroomSoup_3 32_VB+SD 1,cooking,Item_MushroomSoup,Mushroom Soup,2,Stat_HealthRegen,20,10.0
Item_VelvetBell,Velvet Bell,Consumables/Foodstuffs,2,Recipe_MushroomSoup_3 32z,cooking,Item_MushroomSoup,Mushroom Soup,2,Stat_HealthRegen,20,10.0
Item_VelvetBell,Velvet Bell,Consumables/Foodstuffs,2,Recipe_MushroomSoup_3 32z 1,cooking,Item_MushroomSoup,Mushroom Soup,2,Stat_HealthRegen,20,10.0
Item_VelvetBell,Velvet Bell,Consumables/Foodstuffs,3,Recipe_MushroomSoup_3 33,cooking,Item_MushroomSoup,Mushroom Soup,2,Stat_HealthRegen,20,10.0
Item_VelvetBell,Velvet Bell,Consumables/Foodstuffs,3,Recipe_MushroomSoup_3 34,cooking,Item_MushroomSoup,Mushroom Soup,2,Stat_HealthRegen,20,10.0
Item_VelvetBell,Velvet Bell,Consumables/Foodstuffs,1,Recipe_MushroomSoup_3 35,cooking,Item_MushroomSoup,Mushroom Soup,2,Stat_HealthRegen,20,10.0
Item_VelvetBell,Velvet Bell,Consumables/Foodstuffs,2,Recipe_MushroomSoup_3 36,cooking,Item_MushroomSoup,Mushroom Soup,2,Stat_HealthRegen,20,10.0
Item_VelvetBell,Velvet Bell,Consumables/Foodstuffs,1,Recipe_MushroomSoup_3 37,cooking,Item_MushroomSoup,Mushroom Soup,2,Stat_HealthRegen,20,10.0
Item_VelvetBell,Velvet Bell,Consumables/Foodstuffs,2,Recipe_MushroomSoup_3 38,cooking,Item_MushroomSoup,Mushroom Soup,2,Stat_HealthRegen,20,10.0
Item_VelvetBell,Velvet Bell,Consumables/Foodstuffs,3,Recipe_MushroomSoup_3 39,cooking,Item_MushroomSoup,Mushroom Soup,2,Stat_HealthRegen,20,10.0
Item_VelvetBell,Velvet Bell,Consumables/Foodstuffs,3,Recipe_MushroomSoup_3 61,cooking,Item_MushroomSoup,Mushroom Soup,2,Stat_HealthRegen,20,10.0
Item_VelvetBell,Velvet Bell,Consumables/Foodstuffs,2,Recipe_MushroomSoup_3 62,cooking,Item_MushroomSoup,Mushroom Soup,2,Stat_HealthRegen,20,10.0
Item_VelvetBell,Velvet Bell,Consumables/Foodstuffs,1,Recipe_MushroomSoup_3 63,cooking,Item_MushroomSoup,Mushroom Soup,2,Stat_HealthRegen,20,10.0
Item_VelvetBell,Velvet Bell,Consumables/Foodstuffs,3,Recipe_MushroomSoup_3 64,cooking,Item_MushroomSoup,Mushroom Soup,2,Stat_HealthRegen,20,10.0
Item_VelvetBell,Velvet Bell,Consumables/Foodstuffs,3,Recipe_MushroomSoup_3 65,cooking,Item_MushroomSoup,Mushroom Soup,2,Stat_HealthRegen,20,10.0
Item_VelvetBell,Velvet Bell,Consumables/Foodstuffs,2,Recipe_MushroomSoup_3 66,cooking,Item_MushroomSoup,Mushroom Soup,2,Stat_HealthRegen,20,10.0
Item_VelvetBell,Velvet Bell,Consumables/Foodstuffs,2,Recipe_MushroomSoup_3 67,cooking,Item_MushroomSoup,Mushroom Soup,2,Stat_HealthRegen,20,10.0
Item_VelvetBell,Velvet Bell,Consumables/Foodstuffs,1,Recipe_MushroomSoup_3 68,cooking,Item_MushroomSoup,Mushroom Soup,2,Stat_HealthRegen,20,10.0
Item_VelvetBell,Velvet Bell,Consumables/Foodstuffs,2,Recipe_MushroomSoup_3 69,cooking,Item_MushroomSoup,Mushroom Soup,2,Stat_HealthRegen,20,10.0
Item_VelvetBell,Velvet Bell,Consumables/Foodstuffs,3,Recipe_MushroomSoup_3 70,cooking,Item_MushroomSoup,Mushroom Soup,2,Stat_HealthRegen,20,10.0
Item_VelvetBell,Velvet Bell,Consumables/Foodstuffs,3,Recipe_MushroomSoup_3 71,cooking,Item_MushroomSoup,Mushroom Soup,2,Stat_HealthRegen,20,10.0
Item_VelvetBell,Velvet Bell,Consumables/Foodstuffs,1,Recipe_MushroomSoup_3 72,cooking,Item_MushroomSoup,Mushroom Soup,2,Stat_HealthRegen,20,10.0
Item_VelvetBell,Velvet Bell,Consumables/Foodstuffs,2,Recipe_MushroomSoup_3 73,cooking,Item_MushroomSoup,Mushroom Soup,2,Stat_HealthRegen,20,10.0
Item_VelvetBell,Velvet Bell,Consumables/Foodstuffs,1,Recipe_MushroomSoup_3 74,cooking,Item_MushroomSoup,Mushroom Soup,2,Stat_HealthRegen,20,10.0
Item_VelvetBell,Velvet Bell,Consumables/Foodstuffs,2,Recipe_MushroomSoup_3 75,cooking,Item_MushroomSoup,Mushroom Soup,2,Stat_HealthRegen,20,10.0
Item_VelvetBell,Velvet Bell,Consumables/Foodstuffs,3,Recipe_MushroomSoup_3 76,cooking,Item_MushroomSoup,Mushroom Soup,2,Stat_HealthRegen,20,10.0
Item_VelvetBell,Velvet Bell,Consumables/Foodstuffs,3,Recipe_MushroomSoup_3 77,cooking,Item_MushroomSoup,Mushroom Soup,2,Stat_HealthRegen,20,10.0
Item_VelvetBell,Velvet Bell,Consumables/Foodstuffs,1,Recipe_MushroomSoup_3 78,cooking,Item_MushroomSoup,Mushroom Soup,2,Stat_HealthRegen,20,10.0
Item_VelvetBell,Velvet Bell,Consumables/Foodstuffs,2,Recipe_MushroomSoup_3 79,cooking,Item_MushroomSoup,Mushroom Soup,2,Stat_HealthRegen,20,10.0
Item_VelvetBell,Velvet Bell,Consumables/Foodstuffs,1,Recipe_MushroomSoup_3 80,cooking,Item_MushroomSoup,Mushroom Soup,2,Stat_HealthRegen,20,10.0
Item_VelvetBell,Velvet Bell,Consumables/Foodstuffs,2,Recipe_MushroomSoup_3 81,cooking,Item_MushroomSoup,Mushroom Soup,2,Stat_HealthRegen,20,10.0
Item_VelvetBell,Velvet Bell,Consumables/Foodstuffs,3,Recipe_MushroomSoup_3 82,cooking,Item_MushroomSoup,Mushroom Soup,2,Stat_HealthRegen,20,10.0
Item_VelvetBell,Velvet Bell,Consumables/Foodstuffs,3,Recipe_MushroomSoup_4,cooking,Item_MushroomSoup,Mushroom Soup,2,Stat_HealthRegen,20,10.0
Item_VelvetBell,Velvet Bell,Consumables/Foodstuffs,3,Recipe_MushroomSoup_4 1,cooking,Item_MushroomSoup,Mushroom Soup,2,Stat_HealthRegen,20,10.0
Item_VelvetBell,Velvet Bell,Consumables/Foodstuffs,8,Recipe_MushroomsFriedSimple 1,cooking,Item_MushroomFried,'Fried Mushroom ',2,Stat_HealthRegen,15,7.5
Item_VelvetBell,Velvet Bell,Consumables/Foodstuffs,5,Recipe_MushroomsFriedSimple 10,cooking,Item_MushroomFried,'Fried Mushroom ',2,Stat_HealthRegen,15,7.5
Item_VelvetBell,Velvet Bell,Consumables/Foodstuffs,5,Recipe_MushroomsFriedSimple 11,cooking,Item_MushroomFried,'Fried Mushroom ',2,Stat_HealthRegen,15,7.5
Item_VelvetBell,Velvet Bell,Consumables/Foodstuffs,5,Recipe_MushroomsFriedSimple 12,cooking,Item_MushroomFried,'Fried Mushroom ',2,Stat_HealthRegen,15,7.5
Item_VelvetBell,Velvet Bell,Consumables/Foodstuffs,5,Recipe_MushroomsFriedSimple 13,cooking,Item_MushroomFried,'Fried Mushroom ',2,Stat_HealthRegen,15,7.5
Item_VelvetBell,Velvet Bell,Consumables/Foodstuffs,4,Recipe_MushroomsFriedSimple 14,cooking,Item_MushroomFried,'Fried Mushroom ',2,Stat_HealthRegen,15,7.5
Item_VelvetBell,Velvet Bell,Consumables/Foodstuffs,4,Recipe_MushroomsFriedSimple 15,cooking,Item_MushroomFried,'Fried Mushroom ',2,Stat_HealthRegen,15,7.5
Item_VelvetBell,Velvet Bell,Consumables/Foodstuffs,4,Recipe_MushroomsFriedSimple 16,cooking,Item_MushroomFried,'Fried Mushroom ',2,Stat_HealthRegen,15,7.5
Item_VelvetBell,Velvet Bell,Consumables/Foodstuffs,4,Recipe_MushroomsFriedSimple 17,cooking,Item_MushroomFried,'Fried Mushroom ',2,Stat_HealthRegen,15,7.5
Item_VelvetBell,Velvet Bell,Consumables/Foodstuffs,3,Recipe_MushroomsFriedSimple 18,cooking,Item_MushroomFried,'Fried Mushroom ',2,Stat_HealthRegen,15,7.5
Item_VelvetBell,Velvet Bell,Consumables/Foodstuffs,3,Recipe_MushroomsFriedSimple 19,cooking,Item_MushroomFried,'Fried Mushroom ',2,Stat_HealthRegen,15,7.5
Item_VelvetBell,Velvet Bell,Consumables/Foodstuffs,7,Recipe_MushroomsFriedSimple 2,cooking,Item_MushroomFried,'Fried Mushroom ',2,Stat_HealthRegen,15,7.5
Item_VelvetBell,Velvet Bell,Consumables/Foodstuffs,3,Recipe_MushroomsFriedSimple 20,cooking,Item_MushroomFried,'Fried Mushroom ',2,Stat_HealthRegen,15,7.5
Item_VelvetBell,Velvet Bell,Consumables/Foodstuffs,3,Recipe_MushroomsFriedSimple 21,cooking,Item_MushroomFried,'Fried Mushroom ',2,Stat_HealthRegen,15,7.5
Item_VelvetBell,Velvet Bell,Consumables/Foodstuffs,2,Recipe_MushroomsFriedSimple 22,cooking,Item_MushroomFried,'Fried Mushroom ',2,Stat_HealthRegen,15,7.5
Item_VelvetBell,Velvet Bell,Consumables/Foodstuffs,2,Recipe_MushroomsFriedSimple 23,cooking,Item_MushroomFried,'Fried Mushroom ',2,Stat_HealthRegen,15,7.5
Item_VelvetBell,Velvet Bell,Consumables/Foodstuffs,2,Recipe_MushroomsFriedSimple 24,cooking,Item_MushroomFried,'Fried Mushroom ',2,Stat_HealthRegen,15,7.5
Item_VelvetBell,Velvet Bell,Consumables/Foodstuffs,2,Recipe_MushroomsFriedSimple 25,cooking,Item_MushroomFried,'Fried Mushroom ',2,Stat_HealthRegen,15,7.5
Item_VelvetBell,Velvet Bell,Consumables/Foodstuffs,1,Recipe_MushroomsFriedSimple 26,cooking,Item_MushroomFried,'Fried Mushroom ',2,Stat_HealthRegen,15,7.5
Item_VelvetBell,Velvet Bell,Consumables/Foodstuffs,1,Recipe_MushroomsFriedSimple 27,cooking,Item_MushroomFried,'Fried Mushroom ',2,Stat_HealthRegen,15,7.5
Item_VelvetBell,Velvet Bell,Consumables/Foodstuffs,1,Recipe_MushroomsFriedSimple 28,cooking,Item_MushroomFried,'Fried Mushroom ',2,Stat_HealthRegen,15,7.5
Item_VelvetBell,Velvet Bell,Consumables/Foodstuffs,1,Recipe_MushroomsFriedSimple 29,cooking,Item_MushroomFried,'Fried Mushroom ',2,Stat_HealthRegen,15,7.5
Item_VelvetBell,Velvet Bell,Consumables/Foodstuffs,7,Recipe_MushroomsFriedSimple 3,cooking,Item_MushroomFried,'Fried Mushroom ',2,Stat_HealthRegen,15,7.5
Item_VelvetBell,Velvet Bell,Consumables/Foodstuffs,7,Recipe_MushroomsFriedSimple 4,cooking,Item_MushroomFried,'Fried Mushroom ',2,Stat_HealthRegen,15,7.5
Item_VelvetBell,Velvet Bell,Consumables/Foodstuffs,7,Recipe_MushroomsFriedSimple 5,cooking,Item_MushroomFried,'Fried Mushroom ',2,Stat_HealthRegen,15,7.5
Item_VelvetBell,Velvet Bell,Consumables/Foodstuffs,6,Recipe_MushroomsFriedSimple 6,cooking,Item_MushroomFried,'Fried Mushroom ',2,Stat_HealthRegen,15,7.5
Item_VelvetBell,Velvet Bell,Consumables/Foodstuffs,6,Recipe_MushroomsFriedSimple 7,cooking,Item_MushroomFried,'Fried Mushroom ',2,Stat_HealthRegen,15,7.5
Item_VelvetBell,Velvet Bell,Consumables/Foodstuffs,6,Recipe_MushroomsFriedSimple 8,cooking,Item_MushroomFried,'Fried Mushroom ',2,Stat_HealthRegen,15,7.5
Item_VelvetBell,Velvet Bell,Consumables/Foodstuffs,6,Recipe_MushroomsFriedSimple 9,cooking,Item_MushroomFried,'Fried Mushroom ',2,Stat_HealthRegen,15,7.5
Item_VelvetBell,Velvet Bell,Consumables/Foodstuffs,3,Recipe_MushroomsFried_1,cooking,Item_MushroomFried,'Fried Mushroom ',2,Stat_HealthRegen,15,7.5
Item_VelvetBell,Velvet Bell,Consumables/Foodstuffs,4,Recipe_MushroomsFried_1 1,cooking,Item_MushroomFried,'Fried Mushroom ',2,Stat_HealthRegen,15,7.5
Item_VelvetBell,Velvet Bell,Consumables/Foodstuffs,5,Recipe_MushroomsFried_1 2,cooking,Item_MushroomFried,'Fried Mushroom ',2,Stat_HealthRegen,15,7.5
Item_VelvetBell,Velvet Bell,Consumables/Foodstuffs,1,Recipe_MushroomsFried_3,cooking,Item_MushroomFried,'Fried Mushroom ',2,Stat_HealthRegen,15,7.5
Item_VelvetBell,Velvet Bell,Consumables/Foodstuffs,1,Recipe_MushroomsFried_3 1,cooking,Item_MushroomFried,'Fried Mushroom ',2,Stat_HealthRegen,15,7.5
Item_VelvetBell,Velvet Bell,Consumables/Foodstuffs,1,Recipe_MushroomsFried_3 2,cooking,Item_MushroomFried,'Fried Mushroom ',2,Stat_HealthRegen,15,7.5
Item_VelvetBell,Velvet Bell,Consumables/Foodstuffs,2,Recipe_MushroomsFried_4,cooking,Item_MushroomFried,'Fried Mushroom ',2,Stat_HealthRegen,15,7.5
Item_VelvetBell,Velvet Bell,Consumables/Foodstuffs,2,Recipe_MushroomsFried_4 1,cooking,Item_MushroomFried,'Fried Mushroom ',2,Stat_HealthRegen,15,7.5
Item_VelvetBell,Velvet Bell,Consumables/Foodstuffs,2,Recipe_MushroomsFried_4 2,cooking,Item_MushroomFried,'Fried Mushroom ',2,Stat_HealthRegen,15,7.5
Item_VelvetBell,Velvet Bell,Consumables/Foodstuffs,3,Recipe_MushroomsFried_5,cooking,Item_MushroomFried,'Fried Mushroom ',2,Stat_HealthRegen,15,7.5
Item_VelvetBell,Velvet Bell,Consumables/Foodstuffs,3,Recipe_MushroomsFried_5 1,cooking,Item_MushroomFried,'Fried Mushroom ',2,Stat_HealthRegen,15,7.5
Item_VelvetBell,Velvet Bell,Consumables/Foodstuffs,3,Recipe_MushroomsFried_5 3,cooking,Item_MushroomFried,'Fried Mushroom ',2,Stat_HealthRegen,15,7.5
Item_VelvetBell,Velvet Bell,Consumables/Foodstuffs,2,Recipe_MushroomsFried_5 6,cooking,Item_MushroomFried,'Fried Mushroom ',2,Stat_HealthRegen,15,7.5
Item_VelvetBell,Velvet Bell,Consumables/Foodstuffs,2,Recipe_MushroomsFried_5 7,cooking,Item_MushroomFried,'Fried Mushroom ',2,Stat_HealthRegen,15,7.5
Item_VelvetBell,Velvet Bell,Consumables/Foodstuffs,2,Recipe_MushroomsFried_5 9,cooking,Item_MushroomFried,'Fried Mushroom ',2,Stat_HealthRegen,15,7.5
Item_VelvetBell,Velvet Bell,Consumables/Foodstuffs,3,Recipe_MushroomsSkewer_2,cooking,Item_MushroomSkewer,Mushroom Skewer,2,Stat_HealthRegen,15,7.5
Item_VelvetBell,Velvet Bell,Consumables/Foodstuffs,1,Recipe_MushroomsSkewer_3,cooking,Item_MushroomSkewer,Mushroom Skewer,2,Stat_HealthRegen,15,7.5
Item_VelvetBell,Velvet Bell,Consumables/Foodstuffs,1,Recipe_MushroomsSkewer_3 1,cooking,Item_MushroomSkewer,Mushroom Skewer,2,Stat_HealthRegen,15,7.5
Item_VelvetBell,Velvet Bell,Consumables/Foodstuffs,2,Recipe_MushroomsSkewer_4,cooking,Item_MushroomSkewer,Mushroom Skewer,2,Stat_HealthRegen,15,7.5
Item_VelvetBell,Velvet Bell,Consumables/Foodstuffs,2,Recipe_MushroomsSkewer_4 1,cooking,Item_MushroomSkewer,Mushroom Skewer,2,Stat_HealthRegen,15,7.5
Item_VelvetBell,Velvet Bell,Consumables/Foodstuffs,1,Recipe_MushroomsSkewer_5 2,cooking,Item_MushroomSkewer,Mushroom Skewer,2,Stat_HealthRegen,15,7.5
Item_Walnut,Walnut,Consumables/Foodstuffs,1,Recipe_NutMix_1 11,cooking,Item_NutMix,Nut Mix,1,Stat_HealthRegen,25,25.0
Item_Walnut,Walnut,Consumables/Foodstuffs,2,Recipe_NutMix_1 12,cooking,Item_NutMix,Nut Mix,1,Stat_HealthRegen,25,25.0
Item_Walnut,Walnut,Consumables/Foodstuffs,2,Recipe_NutMix_1 13,cooking,Item_NutMix,Nut Mix,1,Stat_HealthRegen,25,25.0
Item_Walnut,Walnut,Consumables/Foodstuffs,2,Recipe_NutMix_1 14,cooking,Item_NutMix,Nut Mix,1,Stat_HealthRegen,25,25.0
Item_Walnut,Walnut,Consumables/Foodstuffs,1,Recipe_NutMix_1 16,cooking,Item_NutMix,Nut Mix,1,Stat_HealthRegen,25,25.0
Item_Walnut,Walnut,Consumables/Foodstuffs,1,Recipe_NutMix_1 18,cooking,Item_NutMix,Nut Mix,1,Stat_HealthRegen,25,25.0
Item_Walnut,Walnut,Consumables/Foodstuffs,1,Recipe_NutMix_1 19,cooking,Item_NutMix,Nut Mix,1,Stat_HealthRegen,25,25.0
Item_Walnut,Walnut,Consumables/Foodstuffs,1,Recipe_NutMix_1 20,cooking,Item_NutMix,Nut Mix,1,Stat_HealthRegen,25,25.0
Item_Walnut,Walnut,Consumables/Foodstuffs,1,Recipe_NutMix_1 21,cooking,Item_NutMix,Nut Mix,1,Stat_HealthRegen,25,25.0
Item_Walnut,Walnut,Consumables/Foodstuffs,1,Recipe_NutMix_1 22,cooking,Item_NutMix,Nut Mix,1,Stat_HealthRegen,25,25.0
Item_Walnut,Walnut,Consumables/Foodstuffs,1,Recipe_NutMix_1 3,cooking,Item_NutMix,Nut Mix,1,Stat_HealthRegen,25,25.0
Item_Walnut,Walnut,Consumables/Foodstuffs,1,Recipe_NutMix_1 7,cooking,Item_NutMix,Nut Mix,1,Stat_HealthRegen,25,25.0
Item_Walnut,Walnut,Consumables/Foodstuffs,1,Recipe_NutMix_four_ThreeKinds_1 24,cooking,Item_NutMix,Nut Mix,1,Stat_HealthRegen,25,25.0
Item_Walnut,Walnut,Consumables/Foodstuffs,2,Recipe_NutMix_four_ThreeKinds_1 26,cooking,Item_NutMix,Nut Mix,1,Stat_HealthRegen,25,25.0
Item_Walnut,Walnut,Consumables/Foodstuffs,2,Recipe_NutMix_four_ThreeKinds_1 27,cooking,Item_NutMix,Nut Mix,1,Stat_HealthRegen,25,25.0
Item_Walnut,Walnut,Consumables/Foodstuffs,1,Recipe_NutMix_four_ThreeKinds_1 28,cooking,Item_NutMix,Nut Mix,1,Stat_HealthRegen,25,25.0
Item_Walnut,Walnut,Consumables/Foodstuffs,1,Recipe_NutMix_four_ThreeKinds_1 29,cooking,Item_NutMix,Nut Mix,1,Stat_HealthRegen,25,25.0
Item_Walnut,Walnut,Consumables/Foodstuffs,1,Recipe_NutMix_four_ThreeKinds_1 30,cooking,Item_NutMix,Nut Mix,1,Stat_HealthRegen,25,25.0
Item_Walnut,Walnut,Consumables/Foodstuffs,2,Recipe_NutMix_four_ThreeKinds_1 32,cooking,Item_NutMix,Nut Mix,1,Stat_HealthRegen,25,25.0
Item_Walnut,Walnut,Consumables/Foodstuffs,1,Recipe_NutMix_four_ThreeKinds_1 34,cooking,Item_NutMix,Nut Mix,1,Stat_HealthRegen,25,25.0
Item_Walnut,Walnut,Consumables/Foodstuffs,1,Recipe_NutMix_four_ThreeKinds_1 35,cooking,Item_NutMix,Nut Mix,1,Stat_HealthRegen,25,25.0
Item_Walnut,Walnut,Consumables/Foodstuffs,1,Recipe_NutMix_four_ThreeKinds_1 36,cooking,Item_NutMix,Nut Mix,1,Stat_HealthRegen,25,25.0
Item_Walnut,Walnut,Consumables/Foodstuffs,1,Recipe_NutMix_four_ThreeKinds_1 37,cooking,Item_NutMix,Nut Mix,1,Stat_HealthRegen,25,25.0
Item_Walnut,Walnut,Consumables/Foodstuffs,1,Recipe_NutMix_four_ThreeKinds_1 38,cooking,Item_NutMix,Nut Mix,1,Stat_HealthRegen,25,25.0
Item_Walnut,Walnut,Consumables/Foodstuffs,1,Recipe_NutMix_four_ThreeKinds_1 40,cooking,Item_NutMix,Nut Mix,1,Stat_HealthRegen,25,25.0
Item_Walnut,Walnut,Consumables/Foodstuffs,1,Recipe_NutMix_four_ThreeKinds_1 42,cooking,Item_NutMix,Nut Mix,1,Stat_HealthRegen,25,25.0
Item_Walnut,Walnut,Consumables/Foodstuffs,1,Recipe_NutMix_four_ThreeKinds_1 43,cooking,Item_NutMix,Nut Mix,1,Stat_HealthRegen,25,25.0
Item_Walnut,Walnut,Consumables/Foodstuffs,2,Recipe_NutMix_four_ThreeKinds_1 44,cooking,Item_NutMix,Nut Mix,1,Stat_HealthRegen,25,25.0
Item_Walnut,Walnut,Consumables/Foodstuffs,2,Recipe_NutMix_four_ThreeKinds_1 45,cooking,Item_NutMix,Nut Mix,1,Stat_HealthRegen,25,25.0
Item_Walnut,Walnut,Consumables/Foodstuffs,2,Recipe_NutMix_four_ThreeKinds_1 46,cooking,Item_NutMix,Nut Mix,1,Stat_HealthRegen,25,25.0
Item_Walnut,Walnut,Consumables/Foodstuffs,1,Recipe_NutMix_four_TwqKinds_1 15,cooking,Item_NutMix,Nut Mix,1,Stat_HealthRegen,25,25.0
Item_Walnut,Walnut,Consumables/Foodstuffs,1,Recipe_NutMix_four_TwqKinds_1 18,cooking,Item_NutMix,Nut Mix,1,Stat_HealthRegen,25,25.0
Item_Walnut,Walnut,Consumables/Foodstuffs,1,Recipe_NutMix_four_TwqKinds_1 21,cooking,Item_NutMix,Nut Mix,1,Stat_HealthRegen,25,25.0
Item_Walnut,Walnut,Consumables/Foodstuffs,3,Recipe_NutMix_four_TwqKinds_1 22,cooking,Item_NutMix,Nut Mix,1,Stat_HealthRegen,25,25.0
Item_Walnut,Walnut,Consumables/Foodstuffs,3,Recipe_NutMix_four_TwqKinds_1 23,cooking,Item_NutMix,Nut Mix,1,Stat_HealthRegen,25,25.0
Item_Walnut,Walnut,Consumables/Foodstuffs,3,Recipe_NutMix_four_TwqKinds_1 24,cooking,Item_NutMix,Nut Mix,1,Stat_HealthRegen,25,25.0
Item_Walnut,Walnut,Consumables/Foodstuffs,2,Recipe_NutMix_four_TwqKinds_1 25,cooking,Item_NutMix,Nut Mix,1,Stat_HealthRegen,25,25.0
Item_Walnut,Walnut,Consumables/Foodstuffs,2,Recipe_NutMix_four_TwqKinds_1 28,cooking,Item_NutMix,Nut Mix,1,Stat_HealthRegen,25,25.0
Item_Walnut,Walnut,Consumables/Foodstuffs,2,Recipe_NutMix_four_TwqKinds_1 31,cooking,Item_NutMix,Nut Mix,1,Stat_HealthRegen,25,25.0
Item_Walnut,Walnut,Consumables/Foodstuffs,2,Recipe_NutMix_four_TwqKinds_1 32,cooking,Item_NutMix,Nut Mix,1,Stat_HealthRegen,25,25.0
Item_Walnut,Walnut,Consumables/Foodstuffs,2,Recipe_NutMix_four_TwqKinds_1 33,cooking,Item_NutMix,Nut Mix,1,Stat_HealthRegen,25,25.0
Item_Walnut,Walnut,Consumables/Foodstuffs,2,Recipe_NutMix_four_TwqKinds_1 34,cooking,Item_NutMix,Nut Mix,1,Stat_HealthRegen,25,25.0
Item_Walnut,Walnut,Consumables/Foodstuffs,6,Recipe_NutSpreadWalnut_1 10,cooking,Item_NutSpread,Nut Spread,4,Stat_HealthRegen,40,10.0
Item_Walnut,Walnut,Consumables/Foodstuffs,7,Recipe_NutSpreadWalnut_1 11,cooking,Item_NutSpread,Nut Spread,4,Stat_HealthRegen,40,10.0
Item_Walnut,Walnut,Consumables/Foodstuffs,8,Recipe_NutSpreadWalnut_1 12,cooking,Item_NutSpread,Nut Spread,4,Stat_HealthRegen,40,10.0
Item_Walnut,Walnut,Consumables/Foodstuffs,9,Recipe_NutSpreadWalnut_1 13,cooking,Item_NutSpread,Nut Spread,4,Stat_HealthRegen,40,10.0
Item_Walnut,Walnut,Consumables/Foodstuffs,3,Recipe_NutSpreadWalnut_1 7,cooking,Item_NutSpread,Nut Spread,4,Stat_HealthRegen,40,10.0
Item_Walnut,Walnut,Consumables/Foodstuffs,4,Recipe_NutSpreadWalnut_1 8,cooking,Item_NutSpread,Nut Spread,4,Stat_HealthRegen,40,10.0
Item_Walnut,Walnut,Consumables/Foodstuffs,5,Recipe_NutSpreadWalnut_1 9,cooking,Item_NutSpread,Nut Spread,4,Stat_HealthRegen,40,10.0
Item_Walnut,Walnut,Consumables/Foodstuffs,1,Recipe_NutSpread_MIXED_Three_19,cooking,Item_NutSpread,Nut Spread,4,Stat_HealthRegen,40,10.0
Item_Walnut,Walnut,Consumables/Foodstuffs,1,Recipe_NutSpread_MIXED_Three_23,cooking,Item_NutSpread,Nut Spread,4,Stat_HealthRegen,40,10.0
Item_Walnut,Walnut,Consumables/Foodstuffs,1,Recipe_NutSpread_MIXED_Three_27,cooking,Item_NutSpread,Nut Spread,4,Stat_HealthRegen,40,10.0
Item_Walnut,Walnut,Consumables/Foodstuffs,2,Recipe_NutSpread_MIXED_Three_28,cooking,Item_NutSpread,Nut Spread,4,Stat_HealthRegen,40,10.0
Item_Walnut,Walnut,Consumables/Foodstuffs,2,Recipe_NutSpread_MIXED_Three_29,cooking,Item_NutSpread,Nut Spread,4,Stat_HealthRegen,40,10.0
Item_Walnut,Walnut,Consumables/Foodstuffs,2,Recipe_NutSpread_MIXED_Three_30,cooking,Item_NutSpread,Nut Spread,4,Stat_HealthRegen,40,10.0
Item_Wine,Red Wine,Consumables/Drinks,1,Recipe_Dynamite,generic,Weapon_Dynamite,Dynamite,2,,0,0.0
Item_Wine,Red Wine,Consumables/Drinks,1,Recipe_Fondue_5,cooking,Item_Fondue,Fondue,2,Stat_HealthRegen,50,25.0
Item_Wine,Red Wine,Consumables/Drinks,1,Recipe_Glogg 1,cooking,Item_MulledWine,Mulled Wine,1,Stat_Charisma,1200,1200.0
Item_Wine,Red Wine,Consumables/Drinks,1,Recipe_Glogg 2,cooking,Item_MulledWine,Mulled Wine,1,Stat_Charisma,1200,1200.0
Item_Wine,Red Wine,Consumables/Drinks,1,Recipe_Glogg 3,cooking,Item_MulledWine,Mulled Wine,1,Stat_Charisma,1200,1200.0
Item_Wine,Red Wine,Consumables/Drinks,2,Recipe_Glogg 4,cooking,Item_MulledWine,Mulled Wine,1,Stat_Charisma,1200,1200.0
Item_Wine,Red Wine,Consumables/Drinks,1,Recipe_Glogg 5,cooking,Item_MulledWine,Mulled Wine,1,Stat_Charisma,1200,1200.0
Item_Wine,Red Wine,Consumables/Drinks,1,Recipe_Glogg 6,cooking,Item_MulledWine,Mulled Wine,1,Stat_Charisma,1200,1200.0
Item_Wine,Red Wine,Consumables/Drinks,2,Recipe_Glogg 7,cooking,Item_MulledWine,Mulled Wine,1,Stat_Charisma,1200,1200.0
Item_Wine,Red Wine,Consumables/Drinks,1,Recipe_Glogg 8,cooking,Item_MulledWine,Mulled Wine,1,Stat_Charisma,1200,1200.0
Item_Wine,Red Wine,Consumables/Drinks,2,Recipe_Glogg 9,cooking,Item_MulledWine,Mulled Wine,1,Stat_Charisma,1200,1200.0
Item_Wine,Red Wine,Consumables/Drinks,1,Recipe_HolyToast_2,cooking,Item_HolyToast,Holy Toast,1,Stat_CoyoteTime,90,90.0
Weapon_StickGrenade,Stick Grenade,Weapons,1,Recipe_MashedPotatoes,cooking,Item_MashedPotatoes,Mashed Potatoes,2,Stat_HealthRegen,30,15.0
