name,category,id,displayName,description,flavor,itemQuality,itemQuality_name,slotType,slotType_name,itemTags,itemTags_name,useType,useType_name,weightClass,weightClass_name,basePrice,sellable,stackSize,inventorySize,maxDurability,appliesEnchantment,modifiesCaliber,modifiersOnEquip,modifiersOnInventory,baseAttributes
Item_AddBanish,Abstract,980,Additional Banish for Endless,,Allows you to one additional Banish in the Endless. (Current amount BANISH_X),4,Legendary,0,None,0,None,0,Consumable,0,Knife,2,0,0,4x4,500,0,0,,,
Item_AddChoiceDraw,Abstract,981,Additional Choice Draw for Endless,,Allows you one additional choice in the Endless. (Current amount CHOICEDRAW_X)\n,4,Legendary,0,None,0,None,0,Consumable,0,Knife,20,0,0,4x4,500,0,0,,,
Item_AddReroll,Abstract,982,Additional Re-roll for Endless,,Allows you one additional Re-roll in the Endless. (Current amount REROLLS_X),4,Legendary,0,None,0,None,0,Consumable,0,Knife,5,0,0,4x4,500,0,0,,,
Ammo_12Ga,Ammo,1,Ammo Box (12ga),12 shells.,,0,Common,0,None,0,None,0,Consumable,0,Knife,70,1,0,2x1,1000,0,0,,,
Ammo_50BMG,Ammo,2,Ammo Box (50 BMG),6 rounds.,,0,Common,0,None,0,None,0,Consumable,0,Knife,100,1,0,2x1,1000,0,0,,,
Ammo_556,Ammo,3,Ammo Box (5.56mm),30 rounds.,,0,Common,0,None,0,None,0,Consumable,0,Knife,100,1,0,2x1,1000,0,0,,,
Ammo_762,Ammo,4,Ammo Box (7.62mm),30 rounds.,,0,Common,0,None,0,None,0,Consumable,0,Knife,120,1,0,1x2,1000,0,0,,,
Ammo_9mm,Ammo,5,Ammo Box (9mm),30 rounds.,,0,Common,0,None,0,None,0,Consumable,0,Knife,50,1,0,1x1,1000,0,0,,,
Ammo_EnergyCell,Ammo,6,Ammo Box (Energy Cells),30 cells.,,0,Common,0,None,0,None,0,Consumable,0,Knife,100,1,0,1x1,1000,0,0,,,
Attachment_A12CMuzzleBrake,Attachments,8,A12C Muzzle Brake,,A muzzle device designed to lower the recoil and spread of guns. Compatible with most barrels.,2,Rare,0,None,0,None,2,Attachment,0,Knife,480,1,0,1x1,1000,0,0,,,
Attachment_AssaultScope,Attachments,9,Assault Scope,Magnification: 4x,"A firearm optic with an 4x zoom factor, designed to be effective both in close and long range engagements.",2,Rare,0,None,0,None,2,Attachment,0,Knife,500,1,0,2x1,1000,0,0,,,
Attachment_BarrelExtension2i,Attachments,10,"Barrel Extension 2""",,"A two inch multi-caliber, multi-thread barrel extension to",2,Rare,0,None,0,None,2,Attachment,0,Knife,480,1,0,1x1,1000,0,0,,,
Attachment_BarrelExtension4i,Attachments,11,"Barrel Extension 4""",,A muzzle device designed to lower the recoil and spread of guns. Compatible with most barrels.,2,Rare,0,None,0,None,2,Attachment,0,Knife,480,1,0,2x1,1000,0,0,,,
Attachment_BarrelExtension6i,Attachments,12,"Barrel Extension 6""",,A muzzle device designed to lower the recoil and spread of guns. Compatible with most barrels.,2,Rare,0,None,0,None,2,Attachment,0,Knife,480,1,0,3x1,1000,0,0,,,
Attachment_BreznikBMD,Attachments,13,Breznik BMD,,A muzzle device designed to lower the recoil and spread of guns. Compatible with most barrels.,2,Rare,0,None,0,None,2,Attachment,0,Knife,480,1,0,1x1,1000,0,0,,,
Attachment_BreznikBMDTactical,Attachments,14,Breznik BMD (Tactical),,A muzzle device designed to lower the recoil and spread of guns. Compatible with most barrels.,2,Rare,0,None,0,None,2,Attachment,0,Knife,480,1,0,1x1,1000,0,0,,,
Attachment_CompactSight,Attachments,15,Compact Sight,Magnification: None,A compact collimator designed to be effective both in close to medium range engagements.,2,Rare,0,None,0,None,2,Attachment,0,Knife,500,1,0,1x1,1000,0,0,,,
Attachment_GunCrank,Attachments,16,Gun Crank,Turns semi automatic guns fully automatic.,A mechanical device that can turn any semi automatic gun fully automatic.,1,Uncommon,0,None,0,None,2,Attachment,0,Knife,680,1,0,1x1,1000,0,0,,,
Attachment_HauklandFlashHider,Attachments,17,Haukland Flash Hider,,A muzzle device designed to lower the recoil and spread of guns. Compatible with most barrels.,2,Rare,0,None,0,None,2,Attachment,0,Knife,480,1,0,1x1,1000,0,0,,,
Attachment_HolographicSight,Attachments,18,Holographic Sight,Magnification: None,A compact collimator sight with an illuminated reticle for quicker target acquisition. Fits standard rails.,1,Uncommon,0,None,0,None,2,Attachment,0,Knife,230,1,0,1x1,1000,0,0,,,
Attachment_HuntingScope,Attachments,19,Hunting Scope,Magnification: 8x,"A firearm optic with an 8x zoom factor, designed for use by hunters.",2,Rare,0,None,0,None,2,Attachment,0,Knife,550,1,0,2x1,1000,0,0,,,
Attachment_ImprovisedBarrelExtension,Attachments,20,Improvised Barrel Extension,,A makeshift muzzle device that can reduce spread and recoil somewhat. Fits most barrels.,0,Common,0,None,0,None,2,Attachment,0,Knife,300,1,0,2x1,1000,0,0,,,
Attachment_Insurance,Attachments,21,Insurance,,Attach to an item to get it back when you die. Single use,4,Legendary,0,None,0,None,2,Attachment,0,Knife,10000,1,0,1x1,1000,0,0,,,
Attachment_LaserSightBone,Attachments,995,Laser Sight,,A tactical device with a built in laser module allowing for more accurate hip fire. Compatible with most guns. This one emits yellow light.,1,Uncommon,0,None,0,None,2,Attachment,0,Knife,500,1,0,1x1,1000,0,0,,,
Attachment_LaserSightDenimBlue,Attachments,996,Laser Sight,,A tactical device with a built in laser module allowing for more accurate hip fire. Compatible with most guns. This one emits yellow light.,1,Uncommon,0,None,0,None,2,Attachment,0,Knife,500,1,0,1x1,1000,0,0,,,
Attachment_LaserSightGold,Attachments,1006,Laser Sight,,A tactical device with a built in laser module allowing for more accurate hip fire. Compatible with most guns. This one emits yellow light.,1,Uncommon,0,None,0,None,2,Attachment,0,Knife,10000,1,0,1x1,1000,0,0,,,
Attachment_LaserSightGreen,Attachments,22,Laser Sight,,A tactical device with a built in laser module allowing for more accurate hip fire. Compatible with most guns. This one emits green light.,1,Uncommon,0,None,0,None,2,Attachment,0,Knife,280,1,0,1x1,1000,0,0,,,
Attachment_LaserSightLightBlue,Attachments,997,Laser Sight,,A tactical device with a built in laser module allowing for more accurate hip fire. Compatible with most guns. This one emits yellow light.,1,Uncommon,0,None,0,None,2,Attachment,0,Knife,500,1,0,1x1,1000,0,0,,,
Attachment_LaserSightLime,Attachments,998,Laser Sight,,A tactical device with a built in laser module allowing for more accurate hip fire. Compatible with most guns. This one emits yellow light.,1,Uncommon,0,None,0,None,2,Attachment,0,Knife,500,1,0,1x1,1000,0,0,,,
Attachment_LaserSightMagenta,Attachments,999,Laser Sight,,A tactical device with a built in laser module allowing for more accurate hip fire. Compatible with most guns. This one emits yellow light.,1,Uncommon,0,None,0,None,2,Attachment,0,Knife,500,1,0,1x1,1000,0,0,,,
Attachment_LaserSightOrange,Attachments,1000,Laser Sight,,A tactical device with a built in laser module allowing for more accurate hip fire. Compatible with most guns. This one emits yellow light.,1,Uncommon,0,None,0,None,2,Attachment,0,Knife,500,1,0,1x1,1000,0,0,,,
Attachment_LaserSightPoop,Attachments,1005,Laser Sight,,A tactical device with a built in laser module allowing for more accurate hip fire. Compatible with most guns. This one emits yellow light.,1,Uncommon,0,None,0,None,2,Attachment,0,Knife,500,1,0,1x1,1000,0,0,,,
Attachment_LaserSightPurple,Attachments,1001,Laser Sight,,A tactical device with a built in laser module allowing for more accurate hip fire. Compatible with most guns. This one emits yellow light.,1,Uncommon,0,None,0,None,2,Attachment,0,Knife,500,1,0,1x1,1000,0,0,,,
Attachment_LaserSightRed,Attachments,23,Laser Sight,,A tactical device with a built in laser module allowing for more accurate hip fire. Compatible with most guns. This one emits red light.,1,Uncommon,0,None,0,None,2,Attachment,0,Knife,280,1,0,1x1,1000,0,0,,,
Attachment_LaserSightRosePink,Attachments,1002,Laser Sight,,A tactical device with a built in laser module allowing for more accurate hip fire. Compatible with most guns. This one emits yellow light.,1,Uncommon,0,None,0,None,2,Attachment,0,Knife,500,1,0,1x1,1000,0,0,,,
Attachment_LaserSightTangerine,Attachments,1003,Laser Sight,,A tactical device with a built in laser module allowing for more accurate hip fire. Compatible with most guns. This one emits yellow light.,1,Uncommon,0,None,0,None,2,Attachment,0,Knife,500,1,0,1x1,1000,0,0,,,
Attachment_LaserSightTeal,Attachments,1004,Laser Sight,,A tactical device with a built in laser module allowing for more accurate hip fire. Compatible with most guns. This one emits yellow light.,1,Uncommon,0,None,0,None,2,Attachment,0,Knife,500,1,0,1x1,1000,0,0,,,
Attachment_LaserSightYellow,Attachments,24,Laser Sight,,A tactical device with a built in laser module allowing for more accurate hip fire. Compatible with most guns. This one emits yellow light.,1,Uncommon,0,None,0,None,2,Attachment,0,Knife,500,1,0,1x1,1000,0,0,,,
Attachment_PrimingBolt,Attachments,25,Priming Bolt,Increases the damage and reduces the spread of an automatic gun at the cost of turning it semi automatic.,"This mechanical device is constructed to provide extra force to the primer ignition of a firearm, increasing bullet velocity and reducing tumbling at the cost of forcing it to fire in semi automatic.",1,Uncommon,0,None,0,None,2,Attachment,0,Knife,680,1,0,2x1,1000,0,0,,,
Attachment_ReconScope,Attachments,26,Recon Scope,Magnification: 6x,"A long range rifle optic with an 12x zoom factor, designed for use by snipers.",2,Rare,0,None,0,None,2,Attachment,0,Knife,280,1,0,2x1,1000,0,0,,,
Attachment_ReflexSight,Attachments,27,Reflex Sight,Magnification: None,An open red dot sight with that aids in target acquisition. Compatible with most guns.,1,Uncommon,0,None,0,None,2,Attachment,0,Knife,320,1,0,1x1,1000,0,0,,,
Attachment_ShroudedBarrelExtension,Attachments,28,Shrouded Barrel Extension,,A muzzle device designed to lower the recoil and spread of guns. Compatible with most barrels.,2,Rare,0,None,0,None,2,Attachment,0,Knife,480,1,0,2x1,1000,0,0,,,
Attachment_SniperScope,Attachments,29,Sniper Scope,Magnification: 12x,"A long range means of communication with a \n12x zoom factor, designed for use by snipers \nto deliver words of encouragement and love.",2,Rare,0,None,0,None,2,Attachment,0,Knife,700,1,0,2x1,1000,0,0,,,
Attachment_Suppressor556,Attachments,30,Haukland Silencer,,A muzzle device designed to lower the sound signature of a firearm. Made by the Haukland Company.,2,Rare,0,None,0,None,2,Attachment,0,Knife,890,1,0,2x1,1000,0,0,,,
Attachment_Suppressor762,Attachments,31,Aftermarket Haukland Silencer,,A muzzle device designed to lower the sound signature of a firearm. Produced as a response to the Haukland Company discontinuing their production line of silencers.,2,Rare,0,None,0,None,2,Attachment,0,Knife,740,1,0,2x1,1000,0,0,,,
Attachment_Suppressor9mm,Attachments,32,SR-P3 Silencer,,A muzzle device designed to lower the sound signature of a firearm. Made only in small amounts to be used by radio operators during the night raids of the first robot war.,2,Rare,0,None,0,None,2,Attachment,0,Knife,580,1,0,2x1,1000,0,0,,,
Attachment_SuppressorCan,Attachments,33,"M87 ""Albatross"" Silencer",,An improvised sound suppressor fashioned from a tin can.,2,Rare,0,None,0,None,2,Attachment,0,Knife,550,1,0,2x1,1000,0,0,,,
Attachment_WarmageCompensator,Attachments,34,Warmage Compensator,,A muzzle device designed to lower the recoil and spread of guns. Compatible with most barrels.,2,Rare,0,None,0,None,2,Attachment,0,Knife,480,1,0,1x1,1000,0,0,,,
Item_Americano,Consumables/Drinks,328,Americano,,"Watered down normal coffee, for those who can't handle it.",2,Rare,0,None,0,None,0,Consumable,0,Knife,35,1,0,1x1,1000,0,0,,,
Item_BobaTea,Consumables/Drinks,361,Boba Tea,,A stilldrink made with cactus and cane sugar.,0,Common,0,None,0,None,0,Consumable,0,Knife,60,1,0,1x2,1000,0,0,,,
Item_BottledWater,Consumables/Drinks,368,Bottled Water,,A 0.5L PET Bottle of water. It's half empty.,0,Common,0,None,0,None,0,Consumable,0,Knife,40,1,0,1x2,1000,0,0,,,
Item_CactusDrink,Consumables/Drinks,377,Cactus Softdrink,,A stilldrink made with cactus and cane sugar.,0,Common,0,None,0,None,0,Consumable,0,Knife,60,1,0,1x2,1000,0,0,,,
Item_Cappuccino,Consumables/Drinks,384,Cappuccino,,"A fluffy kind of latte with flulffed up milk. Comes with a candy on the side, if you're not full.",2,Rare,0,None,0,None,0,Consumable,0,Knife,35,1,0,1x1,1000,0,0,,,
Item_Cocktail,Consumables/Drinks,1016,Cocktail,,"Try hard liquid courage. For those who want to look like they can pay more, but want to pay less.",0,Common,0,None,0,None,0,Consumable,0,Knife,400,1,0,2x2,1000,0,0,,,
Item_Coffee,Consumables/Drinks,406,Coffee,,Very aromatic.,2,Rare,0,None,0,None,0,Consumable,0,Knife,35,1,0,1x1,1000,0,0,,,
Item_EggToddy,Consumables/Drinks,441,Egg Toddy,,A spirited drink with a savory bitterness. ,0,Common,0,None,0,None,0,Consumable,0,Knife,180,1,0,1x1,1000,0,0,,,
Item_Gonster,Consumables/Drinks,474,Gonster,,"""Are you ok, babe? You''ve hardly touched your gonster.""",0,Common,0,None,0,None,0,Consumable,0,Knife,40,1,0,1x2,1000,0,0,,,
Item_HealthPotion,Consumables/Drinks,487,Health Potion,,A restorative potion of sacred herbs and electrolytes. Colored red with food dye.,0,Common,0,None,0,None,0,Consumable,0,Knife,60,1,0,1x1,1000,0,0,,,
Item_HerbalTea,Consumables/Drinks,491,Herbal Tea,,A hydrating sweet drink with a soothing bitterness. ,0,Common,0,None,0,None,0,Consumable,0,Knife,70,1,0,1x1,1000,0,0,,,
Item_HolyWater,Consumables/Drinks,497,Holy Water,,Water containing holy properties.,4,Legendary,0,None,0,None,0,Consumable,0,Knife,500,1,0,1x1,1000,0,0,,,
Item_Kombucha,Consumables/Drinks,524,Kombucha,,A drink made from symbiotic fermentation of sugared tea in symbiotic culture of bacteria and yeast. ,0,Common,0,None,0,None,0,Consumable,0,Knife,60,1,0,1x1,1000,0,0,,,
Item_Latte,Consumables/Drinks,525,Latte,,"Milk and coffee sitting in a tree, D-R-I-N-K-M-E.",2,Rare,0,None,0,None,0,Consumable,0,Knife,35,1,0,1x1,1000,0,0,,,
Item_Lemonade,Consumables/Drinks,527,Lemonade,,A hydrating sweet drink with a soothing bitterness. ,0,Common,0,None,0,None,0,Consumable,0,Knife,60,1,0,1x1,1000,0,0,,,
Item_Liquor,Consumables/Drinks,532,Liquor,,"40% distilled alcohol. Harms your health, makes you feel different.",0,Common,0,None,0,None,0,Consumable,0,Knife,60,1,0,1x2,1000,0,0,,,
Item_MatchaTeaCup,Consumables/Drinks,549,Green Tea,,Drinking this will make you feel confident wielding a sword.,0,Common,0,None,0,None,0,Consumable,0,Knife,80,1,0,1x1,1000,0,0,,,
Item_MilkBlue,Consumables/Drinks,558,Skimmed Milk,,A daily treat of governmentally funded propaganda. \n\nNow with even less fat! ,0,Common,0,None,0,None,0,Consumable,0,Knife,40,1,0,1x2,1000,0,0,,,
Item_MilkButtermilk,Consumables/Drinks,559,Buttermilk,,"A product from the leftovers of cheese production.\n\nGreat for baking, according to some cultures. ",0,Common,0,None,0,None,0,Consumable,0,Knife,50,1,0,1x2,1000,0,0,,,
Item_MilkGreen,Consumables/Drinks,560,Low Fat Milk,,A daily treat of governmentally funded propaganda. \n\nNow with less fat!,0,Common,0,None,0,None,0,Consumable,0,Knife,40,1,0,1x2,1000,0,0,,,
Item_MilkRed,Consumables/Drinks,561,Whole Milk,Great for baking and cooking.,A daily treat of governmentally funded propaganda.,0,Common,0,None,0,None,0,Consumable,0,Knife,40,1,0,1x2,1000,0,0,,,
Item_MilkshakeBerries,Consumables/Drinks,562,Berry Milkshake,,,0,Common,0,None,0,None,0,Consumable,0,Knife,60,1,0,1x2,1000,0,0,,,
Item_MilkshakeChocolate,Consumables/Drinks,563,Chocolate Milkshake,,A sweet beverage made of smoothly blended milk and ice cream. This one is chocolate flavored.,0,Common,0,None,0,None,0,Consumable,0,Knife,60,1,0,1x2,1000,0,0,,,
Item_MineralWater,Consumables/Drinks,564,Bottled Water,,A 0.5L PET Bottle containing pure spring water with trace amounts of essential minerals. It's half empty.,0,Common,0,None,0,None,0,Consumable,0,Knife,120,1,0,1x2,1000,0,0,,,
Item_MulledWine,Consumables/Drinks,569,Mulled Wine,,Prefered drink of santas everywhere.,0,Common,0,None,0,None,0,Consumable,0,Knife,200,1,0,1x1,1000,0,0,,,
Item_Pilk,Consumables/Drinks,990,Pilk,Great drink,A daily treat of governmentally funded propaganda.,0,Common,0,None,0,None,0,Consumable,0,Knife,400,1,0,1x2,1000,0,0,,,
Item_Soda,Consumables/Drinks,694,Slurf,,"A sweet, carbonated beverage in an aluminium can. Lime flavor.",0,Common,0,None,0,None,0,Consumable,0,Knife,30,1,0,1x1,1000,0,0,,,
Item_SportsDrink,Consumables/Drinks,700,Sports Drink,,"A 0.5L PET Bottle of finest sports drink filled to the brim with electrolytes, caffeine and essential minerals. ",0,Common,0,None,0,None,0,Consumable,0,Knife,120,1,0,1x2,1000,0,0,,,
Item_Stout,Consumables/Drinks,706,Stout,,"A very rich dark beer, that leaves a mustasch.",0,Common,0,None,0,None,0,Consumable,0,Knife,40,1,0,1x2,1000,0,0,,,
Item_SulfCola,Consumables/Drinks,989,SulfCola,,Beverage,0,Common,0,None,0,None,0,Consumable,0,Knife,300,1,0,1x2,1000,0,0,,,
Item_Wine,Consumables/Drinks,743,Red Wine,,,0,Common,0,None,0,None,0,Consumable,0,Knife,200,1,0,1x2,1000,0,0,,,
Item_Aspic,Consumables/Foodstuffs,330,Aspic,,"A nine for presentation, a four for taste, and a one for nutrition.",0,Common,0,None,0,None,0,Consumable,0,Knife,90,1,0,2x1,1000,0,0,,,
Item_Banana,Consumables/Foodstuffs,336,Banana,,"An elongated, edible fruit. Botanically a berry. Produced by several kinds of large herbaceous flowering plants in the genus Musa.",0,Common,0,None,0,None,0,Consumable,0,Knife,30,1,0,2x1,1000,0,0,,,
Item_BananaBread,Consumables/Foodstuffs,337,Banana Bread,,"A loaf of freshly baked bread made of yeast, flour and water.",0,Common,0,None,0,None,0,Consumable,0,Knife,90,1,0,2x1,1000,0,0,,,
Item_BananaSulfs,Consumables/Foodstuffs,339,Banana Sulfs,,The bacon of the banana candy world.,0,Common,0,None,0,None,0,Consumable,0,Knife,20,1,0,1x1,1000,0,0,,,
Item_BarkBread,Consumables/Foodstuffs,343,Bark bread,,A loaf of bread made from bark instead of flour. Filling but not very nourishing. ,0,Common,0,None,0,None,0,Consumable,0,Knife,35,1,0,2x1,1000,0,0,,,
Item_Beans,Consumables/Foodstuffs,346,Beans,,"The mummies of food, made to be conserved in prepper basements everywhere for eons, or until the world ends.",0,Common,0,None,0,None,0,Consumable,0,Knife,120,1,0,1x1,1000,0,0,,,
Item_BeefJerky,Consumables/Foodstuffs,347,Beef Jerky,,"Dried and seasoned protein, most commonly from mammal origin. Responsible for creating truck drivers all over the world.",0,Common,0,None,0,None,0,Consumable,0,Knife,60,1,0,1x1,1000,0,0,,,
Item_Berries,Consumables/Foodstuffs,350,Berries,,Sweet and sour colorful tiny fruits.,0,Common,0,None,0,None,0,Consumable,0,Knife,40,1,0,1x1,1000,0,0,,,
Item_BiscuitsAndGravy,Consumables/Foodstuffs,351,Biscuiits and Gravy,,White gravy with sausge squeezed tight between two loafs of bread. Exquisite.,2,Rare,0,None,0,None,0,Consumable,0,Knife,130,1,0,2x1,1000,0,0,,,
Item_BlackPepper,Consumables/Foodstuffs,352,Black Pepper,,"The black gold of millenia. Great to mix with liquid for broths, making food tastier.",0,Common,0,None,0,None,0,Consumable,0,Knife,30,1,0,1x1,1000,0,0,,,
Item_BloodPudding,Consumables/Foodstuffs,359,Blood Pudding,,"Fried, crispy, but juicy on the inside. Ejoyed by cattle farming humans in cold biomes. Simply referred to as ""Blodpudding""",0,Common,0,None,0,None,0,Consumable,0,Knife,90,1,0,2x1,1000,0,0,,,
Item_Bread,Consumables/Foodstuffs,370,Bread,,"A loaf of freshly baked bread made of yeast, flour and water.",0,Common,0,None,0,None,0,Consumable,0,Knife,90,1,0,2x1,1000,0,0,,,
Item_Broth,Consumables/Foodstuffs,372,Broth,,"A healthy, warm and soothing broth. Salty.",0,Common,0,None,0,None,0,Consumable,0,Knife,40,1,0,2x1,1000,0,0,,,
Item_Butter,Consumables/Foodstuffs,373,Butter,,Cow's milk that has been churned into thick butter.,0,Common,0,None,0,None,0,Consumable,0,Knife,60,1,0,2x1,1000,0,0,,,
Item_ButtermilkPancakes,Consumables/Foodstuffs,374,Buttermilk Pancakes,,"\""Buttermilk pancakes, don't make me wait for it\r\nButtermilk pancake, I'm coming for you\r\""",0,Common,0,None,0,None,0,Consumable,0,Knife,220,1,0,2x1,1000,0,0,,,
Item_Cacao,Consumables/Foodstuffs,375,Cacao,,"This bitter powder is not very tasty on its own, but great for baking and sweet treats.",0,Common,0,None,0,None,0,Consumable,0,Knife,40,1,0,1x1,1000,0,0,,,
Item_Cactus,Consumables/Foodstuffs,376,Cactus,,The word cactus derives from an ancient word for spiny a plant whose identity is now not certain.,0,Common,0,None,0,None,0,Consumable,0,Knife,40,1,0,2x1,1000,0,0,,,
Item_CactusGrilled,Consumables/Foodstuffs,378,Grilled Cactus,,"Smokey, juicy, sweet.\n\nThe word cactus derives from an ancient word for spiny a plant whose identity is not certain",0,Common,0,None,0,None,0,Consumable,0,Knife,80,1,0,2x1,1000,0,0,,,
Item_CactusSweets,Consumables/Foodstuffs,379,Lackerol Cactus,,Sweet pastilles that lack any resemblence to real-life natural flavors.\n\n,0,Common,0,None,0,None,0,Consumable,0,Knife,30,1,0,1x1,1000,0,0,,,
Item_CaviarBottle,Consumables/Foodstuffs,385,Bottled Caviar,,"Food consisting of salt-cured roe, also known as fish eggs.",0,Common,0,None,0,None,0,Consumable,0,Knife,120,1,0,1x1,1000,0,0,,,
Item_CaviarTubed,Consumables/Foodstuffs,386,Tube Caviar,,"Savory, intense, Fishy. Love it or hate it.",0,Common,0,None,0,None,0,Consumable,0,Knife,240,1,0,2x1,1000,0,0,,,
Item_Cereal,Consumables/Foodstuffs,388,Cereal,,The crunch is so satisfying.,0,Common,0,None,0,None,0,Consumable,0,Knife,110,1,0,2x2,1000,0,0,,,
Item_Cevapi,Consumables/Foodstuffs,389,Cevapi,,Small meat turds put inside a bread cut like a Pac-Man. Onions on the side.,2,Rare,0,None,0,None,0,Consumable,0,Knife,220,1,0,2x1,1000,0,0,,,
Item_Cheese,Consumables/Foodstuffs,390,Cheese,,Very tasty on its own. Or with bread. Smelly humans love it.,2,Rare,0,None,0,None,0,Consumable,0,Knife,100,1,0,1x1,1000,0,0,,,
Item_CheeseTops,Consumables/Foodstuffs,392,Cheese Tops,,Hot and cheesy.,2,Rare,0,None,0,None,0,Consumable,0,Knife,60,1,0,1x1,1000,0,0,,,
Item_Cheeseburger,Consumables/Foodstuffs,391,Cheeseburger,,"A sandwich consisting of fillings, usually a patty of ground meat, typically from animals, placed inside a sliced bun or bread roll",2,Rare,0,None,0,None,0,Consumable,0,Knife,250,1,0,1x1,1000,0,0,,,
Item_ChickenLeg,Consumables/Foodstuffs,394,Chicken Leg,,"Must be cooked before eaten, or you might contract salmonella or helicobacter pylori. \n\n\""Taste like frog legs!\""",2,Rare,0,None,0,None,4,None,0,Knife,60,1,0,1x1,1000,0,0,,,
Item_ChickenNashvilleHot,Consumables/Foodstuffs,395,Nashville Hot Chicken,,"Cayenne, fried and hot. Looks really good! Should try it sometime!",2,Rare,0,None,0,None,0,Consumable,0,Knife,220,1,0,1x1,1000,0,0,,,
Item_ChocolateBall,Consumables/Foodstuffs,396,Chocolate Ball,,,2,Rare,0,None,0,None,0,Consumable,0,Knife,85,1,0,1x1,1000,0,0,,,
Item_ChocolateBar,Consumables/Foodstuffs,397,Chocolate Bar,,Mmm... Delicious!,2,Rare,0,None,0,None,0,Consumable,0,Knife,180,1,0,2x1,1000,0,0,,,
Item_ChocolateSyrup,Consumables/Foodstuffs,398,Chocolate Syrup,,"A thick, sugary, chocolate liquid. ",0,Common,0,None,0,None,0,Consumable,0,Knife,100,1,0,1x2,1000,0,0,,,
Item_ChristmasSpice,Consumables/Foodstuffs,400,Christmas Spice,,Powdered christmas spirit used for making things jolly.,0,Common,0,None,0,None,0,Consumable,0,Knife,10,1,0,1x1,1000,0,0,,,
Item_CordonBleu,Consumables/Foodstuffs,408,Cordon Bleu,,"Cayenne, fried and hot. Looks really good! Should try it sometime!",2,Rare,0,None,0,None,0,Consumable,0,Knife,350,1,0,2x1,1000,0,0,,,
Item_CottonCandy,Consumables/Foodstuffs,409,Cotton Candy,,Sugar with sugar that processed to be fluffy. \n\nLike one-dimensional firework for the senses. ,0,Common,0,None,0,None,0,Consumable,0,Knife,130,1,0,1x2,1000,0,0,,,
Item_CuissesDeGrenouille,Consumables/Foodstuffs,419,Cuisses De Grenouille,,"Famous dish, also known as frog legs. ",0,Common,0,None,0,None,0,Consumable,0,Knife,240,1,0,2x1,1000,0,0,,,
Item_Curry,Consumables/Foodstuffs,421,Curry,,A foul smelling slop of Corpseflower Oats and Goblin Milk.,0,Common,0,None,0,None,0,Consumable,0,Knife,30,1,0,2x1,1000,0,0,,,
Item_Currywurst,Consumables/Foodstuffs,422,Currywurst,,"Say auf Wiedersehen to your hunger with this sausage, fries and curry ketchup combo.",0,Common,0,None,0,None,0,Consumable,0,Knife,225,1,0,2x1,1000,0,0,,,
Item_Dimmie,Consumables/Foodstuffs,427,Dimmie,,"A single dimmie, not enough to share with your mate.",0,Common,0,None,0,None,0,Consumable,0,Knife,50,1,0,1x1,1000,0,0,,,
Item_DoppIGrytan,Consumables/Foodstuffs,436,Dopp I Grytan,,Bread soaked in whatever was left when you cooked ham. What a concept.,0,Common,0,None,0,None,0,Consumable,0,Knife,130,1,0,2x2,1000,0,0,,,
Item_DoubleCheeseburger,Consumables/Foodstuffs,437,Double Cheeseburger,,"A sandwich consisting of fillings, usually a patty of ground meat, typically from animals, placed inside a sliced bun or bread roll",2,Rare,0,None,0,None,0,Consumable,0,Knife,600,1,0,1x1,1000,0,0,,,
Item_Egg,Consumables/Foodstuffs,440,Egg,,An uncooked egg. Could be eaten raw or used in cooking.,0,Common,0,None,0,None,0,Consumable,0,Knife,30,1,0,1x1,1000,0,0,,,
Item_EnergyGum,Consumables/Foodstuffs,443,Energy Gum,,,0,Common,0,None,0,None,0,Consumable,0,Knife,80,1,0,1x1,1000,0,0,,,
Item_Escargot,Consumables/Foodstuffs,444,Escargot,,"Boiled snails, usually with herbs and garlic. Technically mollusks and therefore classified as seafood.\n\nFamous dish, also known as simply \""eating snails\"". ",0,Common,0,None,0,None,0,Consumable,0,Knife,300,1,0,2x1,1000,0,0,,,
Item_FalseSulfcap,Consumables/Foodstuffs,447,False Sulfcap,,"This mushroom emits a feint glow and reeks of sulfsap. Easily mistaken for the Sulfcap, it carries a potent poison.",0,Common,0,None,0,None,0,Consumable,0,Knife,30,1,0,1x2,1000,0,0,,,
Item_FatbergChunk,Consumables/Foodstuffs,448,Fatberg Chunk,,A rock-like mass of waste formed in sewers by the combination of non-biodegradable solids and fat.\n\nEating not adviced. ,0,Common,0,None,0,None,0,Consumable,0,Knife,50,1,0,2x2,1000,0,0,,,
Item_Fish,Consumables/Foodstuffs,452,Fish,,An uncooked of fish. May be cooked or eaten raw if prepared correctly.,0,Common,0,None,0,None,0,Consumable,0,Knife,40,1,0,1x1,1000,0,0,,,
Item_FishNChips,Consumables/Foodstuffs,454,Fish and chips,,"Deep growing root, featuring animal from the deep. Both deep fried. That's deep man.",0,Common,0,None,0,None,0,Consumable,0,Knife,250,1,0,2x1,1000,0,0,,,
Item_FishSalted,Consumables/Foodstuffs,455,Salted Fish,,Fish cured with dry salt. Preserved for later eating.,0,Common,0,None,0,None,0,Consumable,0,Knife,90,1,0,1x1,1000,0,0,,,
Item_Flour,Consumables/Foodstuffs,456,Flour,,Someone worked long and hard to separate the wheat from the chaff. Then crushed into a fine powder. \n\nUseful in baking.,0,Common,0,None,0,None,0,Consumable,0,Knife,60,1,0,2x2,1000,0,0,,,
Item_Fondue,Consumables/Foodstuffs,458,Fondue,,Melted cheese dish served in a communal pot. In some human tribes has become a tradition for every occation.,0,Common,0,None,0,None,0,Consumable,0,Knife,300,1,0,2x1,1000,0,0,,,
Item_FrenchHotdog,Consumables/Foodstuffs,460,French Hotdog,,The gas station classic.,2,Rare,0,None,0,None,0,Consumable,0,Knife,110,1,0,1x2,1000,0,0,,,
Item_FrenchToast,Consumables/Foodstuffs,461,French Toast,,Sliced bread soaked in beaten eggs then pan fried.,0,Common,0,None,0,None,0,Consumable,0,Knife,150,1,0,1x1,1000,0,0,,,
Item_FrogLeg,Consumables/Foodstuffs,462,Frog Leg,,Might be usable for potions or exotic Human dishes.,2,Rare,0,None,0,None,0,Consumable,0,Knife,60,1,0,1x1,1000,0,0,,,
Item_FullEnglishBreakfast,Consumables/Foodstuffs,464,Full English Breakfast,,The more handsome and successful older brother of the half english breakfast.,0,Common,0,None,0,None,0,Consumable,0,Knife,550,1,0,2x1,1000,0,0,,,
Item_Gravy,Consumables/Foodstuffs,476,Gravy,,"An elongated, edible fruit. Botanically a berry. Produced by several kinds of large herbaceous flowering plants in the genus Musa.",0,Common,0,None,0,None,0,Consumable,0,Knife,60,1,0,2x1,1000,0,0,,,
Item_GrilledPoultry,Consumables/Foodstuffs,478,Grilled Poultry,,,0,Common,0,None,0,None,0,Consumable,0,Knife,400,1,0,2x1,1000,0,0,,,
Item_GumHubba,Consumables/Foodstuffs,479,Sweet Gum,,"A fruit flavoured gum, sweet and chewy.",0,Common,0,None,0,None,0,Consumable,0,Knife,80,1,0,1x1,1000,0,0,,,
Item_Haggis,Consumables/Foodstuffs,480,Haggis,,Traditional scottish eat-ception. What's not to like?,0,Common,0,None,0,None,0,Consumable,0,Knife,30,1,0,2x1,1000,0,0,,,
Item_HardBread,Consumables/Foodstuffs,481,Hard Bread,,Flat and dry crispbread. Rich in fiber.,0,Common,0,None,0,None,0,Consumable,0,Knife,60,1,0,1x1,1000,0,0,,,
Item_HardshellTaco,Consumables/Foodstuffs,483,Hardshell Taco,,A beef taco in a hard shell.,0,Common,0,None,0,None,0,Consumable,0,Knife,60,1,0,1x1,1000,0,0,,,
Item_Hazelnut,Consumables/Foodstuffs,485,Hazelnut,,Hard to crack. But tasty.,0,Common,0,None,0,None,0,Consumable,0,Knife,60,1,0,1x1,1000,0,0,,,
Item_Herb,Consumables/Foodstuffs,490,Herbs,,Will help many dishes and treats become something extra.,0,Common,0,None,0,None,0,Consumable,0,Knife,20,1,0,1x1,1000,0,0,,,
Item_HolyToast,Consumables/Foodstuffs,496,Holy Toast,,A toasted slice of bread is showing holy signs. Researchers call the phenomenon “face pareidolia”.,4,Legendary,0,None,0,None,0,Consumable,0,Knife,250,1,0,1x1,1000,0,0,,,
Item_HotPot,Consumables/Foodstuffs,500,Hot Pot,,Cook while you eat? What a concept!,0,Common,0,None,0,None,0,Consumable,0,Knife,300,1,0,3x2,1000,0,0,,,
Item_HotSauce,Consumables/Foodstuffs,501,Hot Sauce,,A condiment made from spicy fruits and other ingredients.,0,Common,0,None,0,None,0,Consumable,0,Knife,180,1,0,1x1,1000,0,0,,,
Item_HotSnax,Consumables/Foodstuffs,502,Hot Snacks,,Hot and snacky. ,0,Common,0,None,0,None,0,Consumable,0,Knife,60,1,0,1x1,1000,0,0,,,
Item_Jam,Consumables/Foodstuffs,511,Berry Jam,,Berries crushed and boiled with sugar. Sweet and fruity.,0,Common,0,None,0,None,0,Consumable,0,Knife,90,1,0,1x1,1000,0,0,,,
Item_JamUnsweetened,Consumables/Foodstuffs,512,Berry Jam (Unsweetened),,"Berries crushed and boiled. Fruity, but not as sweet as you would expect.",0,Common,0,None,0,None,0,Consumable,0,Knife,50,1,0,1x1,1000,0,0,,,
Item_Jello,Consumables/Foodstuffs,514,Jello,,"A nine for presentation, a four for taste, and a one for neutrition.",0,Common,0,None,0,None,0,Consumable,0,Knife,90,1,0,2x1,1000,0,0,,,
Item_KarlOskar,Consumables/Foodstuffs,518,Karl-Oskar,,A large bolete mushroom. Can be used in cooking.\n\nOrigin of name unknown.,0,Common,0,None,0,None,0,Consumable,0,Knife,10,1,0,1x1,1000,0,0,,,
Item_KidneyPie,Consumables/Foodstuffs,520,Kidney Pie,,Freshly baked and smells of ammonia and salts. Popular among elderly people with strong accents.,0,Common,0,None,0,None,0,Consumable,0,Knife,90,1,0,2x1,1000,0,0,,,
Item_KidneyStone,Consumables/Foodstuffs,521,Kidney Stone,,Suprisingly hard. Full of salts and minerals.,0,Common,0,None,0,None,0,Consumable,0,Knife,60,1,0,1x1,1000,0,0,,,
Item_Leverpastej,Consumables/Foodstuffs,528,Leverpastej,,A human classic liver pâté to put on sandwiches. Great with butter and pickles.,0,Common,0,None,0,None,0,Consumable,0,Knife,60,1,0,2x1,1000,0,0,,,
Item_LiverDumpling,Consumables/Foodstuffs,534,Dumpling,,A dumpling filled with some kind of paté. It's punctured.,0,Common,0,None,0,None,0,Consumable,0,Knife,50,1,0,1x1,1000,0,0,,,
Item_Lussekatt,Consumables/Foodstuffs,542,Lussekatt,,"A saffron spiced wheat bun topped with two raisins that represent the gouged out eyes of Saint Lucia. It's really yummy, they say.",0,Common,0,None,0,None,0,Consumable,0,Knife,160,1,0,1x2,1000,0,0,,,
Item_MacNCheese,Consumables/Foodstuffs,544,Mac'n'Cheese,,Pasta and a cheese sauce. Traditional dinner from a cardboard-box.,0,Common,0,None,0,None,0,Consumable,0,Knife,90,1,0,2x1,1000,0,0,,,
Item_Maki,Consumables/Foodstuffs,545,Maki,,Made from white rice formed into rolls with seaweed and cut into cylindrical shapes..,0,Common,0,None,0,None,0,Consumable,0,Knife,150,1,0,2x1,1000,0,0,,,
Item_Marshmallow,Consumables/Foodstuffs,546,Marshmallows,,Soft sugar cubes,0,Common,0,None,0,None,0,Consumable,0,Knife,200,1,0,2x1,1000,0,0,,,
Item_MashedPotatoes,Consumables/Foodstuffs,547,Mashed Potatoes,,Tubers mashed up with delicious buttermilk.,1,Uncommon,0,None,0,None,0,Consumable,0,Knife,100,1,0,2x1,1000,0,0,,,
Item_MatchaGum,Consumables/Foodstuffs,548,Green Tea Gum,,"A matcha flavoured gum, sweet and tingly the senses.\n\nChewing this will make you feel confident wielding a sword.",0,Common,0,None,0,None,0,Consumable,0,Knife,80,1,0,1x1,1000,0,0,,,
Item_MatchaTeaPowder,Consumables/Foodstuffs,550,Matcha,,"Smells wonderfully. Can be used to make green tea, och green tea flavored treats.",0,Common,0,None,0,None,0,Consumable,0,Knife,40,1,0,1x1,1000,0,0,,,
Item_MeatSkewers,Consumables/Foodstuffs,551,Meat Skewers,,"Has a musky, sour smell. Seems edible. ",0,Common,0,None,0,None,0,Consumable,0,Knife,80,1,0,2x1,1000,0,0,,,
Item_Meringue,Consumables/Foodstuffs,552,Meringue,,Crunchy. Made from egg whites and sugar.,0,Common,0,None,0,None,0,Consumable,0,Knife,40,1,0,1x1,1000,0,0,,,
Item_Mochi,Consumables/Foodstuffs,565,Mochi,,Sweet and chewy.,0,Common,0,None,0,None,0,Consumable,0,Knife,65,1,0,1x1,1000,0,0,,,
Item_Mudcake,Consumables/Foodstuffs,568,Chocolate Mudcake,,"Has a rich chocolate taste. Usually a mix of cacao, sugar, eggs, flour and butter.",0,Common,0,None,0,None,0,Consumable,0,Knife,280,1,0,1x1,1000,0,0,,,
Item_MushroomFried,Consumables/Foodstuffs,570,Fried Mushroom ,,Tender and melt on your tongue. ,0,Common,0,None,0,None,0,Consumable,0,Knife,130,1,0,2x1,1000,0,0,,,
Item_MushroomOmelette,Consumables/Foodstuffs,571,Mushroom Omelette,,Eggs and mushrooms. Ooh the texture! Great with salt.,0,Common,0,None,0,None,0,Consumable,0,Knife,70,1,0,2x1,1000,0,0,,,
Item_MushroomSkewer,Consumables/Foodstuffs,572,Mushroom Skewer,,Has a rich umami smell. ,0,Common,0,None,0,None,0,Consumable,0,Knife,100,1,0,2x1,1000,0,0,,,
Item_MushroomSoup,Consumables/Foodstuffs,573,Mushroom Soup,,Mmmm... umami!,0,Common,0,None,0,None,0,Consumable,0,Knife,70,1,0,2x1,1000,0,0,,,
Item_MycotaSquamata,Consumables/Foodstuffs,575,Mycota Squamata,,A large morel favoured by lizards. Originates from dark swamplands.,0,Common,0,None,0,None,0,Consumable,0,Knife,120,1,0,1x2,1000,0,0,,,
Item_MysteryMeat,Consumables/Foodstuffs,576,Mystery Meat,,An easy and simple way to eat several meats at once! A human classic!,0,Common,0,None,0,None,0,Consumable,0,Knife,60,1,0,1x1,1000,0,0,,,
Item_Nigiri,Consumables/Foodstuffs,577,Nigiri,,Sliced raw fish served on top of a mount or ball of vinegared rice,0,Common,0,None,0,None,0,Consumable,0,Knife,210,1,0,2x1,1000,0,0,,,
Item_Nuggets,Consumables/Foodstuffs,578,Nuggets,,Hot and cheesy.,2,Rare,0,None,0,None,0,Consumable,0,Knife,80,1,0,2x1,1000,0,0,,,
Item_NutMix,Consumables/Foodstuffs,579,Nut Mix,,A bag with mixed nuts. Healhty combo of fat and protein.,0,Common,0,None,0,None,0,Consumable,0,Knife,200,1,0,1x1,1000,0,0,,,
Item_NutSpread,Consumables/Foodstuffs,580,Nut Spread,,Nuts have been grinded and worked into a thick spread.,0,Common,0,None,0,None,0,Consumable,0,Knife,220,1,0,2x2,1000,0,0,,,
Item_Oats,Consumables/Foodstuffs,581,Oats,,Great for baking or making porridge. ,0,Common,0,None,0,None,0,Consumable,0,Knife,50,1,0,1x2,1000,0,0,,,
Item_Omelette,Consumables/Foodstuffs,585,Omelette,,You can't make an omelette without mixing a few ingrediants,0,Common,0,None,0,None,0,Consumable,0,Knife,50,1,0,2x1,1000,0,0,,,
Item_Onigiri,Consumables/Foodstuffs,586,Onigiri,,Made from white rice formed into triangular or cylindrical shapes and often wrapped in seaweed.,0,Common,0,None,0,None,0,Consumable,0,Knife,210,1,0,2x1,1000,0,0,,,
Item_PastaBolognese,Consumables/Foodstuffs,590,Spaghetti Bolognese,,Pasta and beef ragu sauce topped with fresh basil.,0,Common,0,None,0,None,0,Consumable,0,Knife,250,1,0,2x1,1000,0,0,,,
Item_Peanut,Consumables/Foodstuffs,591,Peanut,,Easy to crack. Tasty and nutritious.,0,Common,0,None,0,None,0,Consumable,0,Knife,20,1,0,1x1,1000,0,0,,,
Item_PeanutButter,Consumables/Foodstuffs,592,Peanut Butter,,Peanuts ground and worked into a thick paste. Added emulsification agents make it more spreadable out of the jar.,0,Common,0,None,0,None,0,Consumable,0,Knife,250,1,0,2x2,1000,0,0,,,
Item_PineNut,Consumables/Foodstuffs,595,Pine nuts,,Hard to crack. But tasty.,0,Common,0,None,0,None,0,Consumable,0,Knife,20,1,0,1x1,1000,0,0,,,
Item_PizzaLarge,Consumables/Foodstuffs,597,Pizza,,A large pepperoni and cheese. Eating the whole thing will surely make you stuffed. Usually sliced before consumtion.,0,Common,0,None,0,None,0,Consumable,0,Knife,400,1,0,2x2,1000,0,0,,,
Item_PizzaSlice,Consumables/Foodstuffs,598,Pizza Slice,,"A perfect slice of crispy, tender, savory pizza.",0,Common,0,None,0,None,0,Consumable,0,Knife,150,1,0,1x1,1000,0,0,,,
Item_PoisonGum,Consumables/Foodstuffs,603,Anti-Poison Gum,,Doesn''t taste great but can be and antidote to toxins. ,0,Common,0,None,0,None,0,Consumable,0,Knife,150,1,0,1x1,1000,0,0,,,
Item_Polsa,Consumables/Foodstuffs,606,Pölsa,,"Traditional northern recipe containing tendons, heart, lung or liver, usually from beef or moose, mixed with grains.\n\nPölsa is not to be confused with pølse.",0,Common,0,None,0,None,0,Consumable,0,Knife,30,1,0,2x1,1000,0,0,,,
Item_Polse,Consumables/Foodstuffs,607,Pølse,,A mass produced hotdog type popular in flat countries.,0,Common,0,None,0,None,0,Consumable,0,Knife,50,1,0,2x1,1000,0,0,,,
Item_Porridge,Consumables/Foodstuffs,609,Porridge,,A foul smelling slop of Corpseflower Oats and Goblin Milk.,0,Common,0,None,0,None,0,Consumable,0,Knife,30,1,0,2x1,1000,0,0,,,
Item_Potato,Consumables/Foodstuffs,610,Potato,,The root of all roots. Edible but better nutriant value when cooked.,0,Common,0,None,0,None,0,Consumable,0,Knife,60,1,0,1x1,1000,0,0,,,
Item_Poutine,Consumables/Foodstuffs,612,Poutine,,"Say auf Wiedersehen to your hunger with this sausage, fries and curry ketchup combo.",0,Common,0,None,0,None,0,Consumable,0,Knife,225,1,0,2x1,1000,0,0,,,
Item_PowerBar,Consumables/Foodstuffs,613,Power Bar,,A pre-packaged energy bar consisting primarily of oats. The packaging is ripped.,0,Common,0,None,0,None,0,Consumable,0,Knife,30,1,0,1x1,1000,0,0,,,
Item_PyttIPanna,Consumables/Foodstuffs,616,Pyttipanna,,"Diced everything, with some extra on top!",0,Common,0,None,0,None,0,Consumable,0,Knife,200,1,0,2x1,1000,0,0,,,
Item_Raclette,Consumables/Foodstuffs,617,Raclette,,Molten cheese slithered over some potatoes. Likely served with some olives or cured meats.,0,Common,0,None,0,None,0,Consumable,0,Knife,300,1,0,2x1,1000,0,0,,,
Item_Ramen,Consumables/Foodstuffs,619,Ramen,,"A warm,  rich broth with chewy noodles.",0,Common,0,None,0,None,0,Consumable,0,Knife,150,1,0,2x1,1000,0,0,,,
Item_RamenTori,Consumables/Foodstuffs,620,Tori Ramen,,"A warm, rich broth with chewy noodles.",0,Common,0,None,0,None,0,Consumable,0,Knife,150,1,0,2x1,1000,0,0,,,
Item_Rhubarb,Consumables/Foodstuffs,627,Rhubarb,,Astrologers proclaim the week of the rhubarb. All dwellings increase population.,0,Common,0,None,0,None,0,Consumable,0,Knife,20,1,0,1x2,1000,0,0,,,
Item_RhubarbPie,Consumables/Foodstuffs,628,Rhubarb Pie,,"Decimated rhubarb, resting in peace under a cover of delicious sugary dough.",0,Common,0,None,0,None,0,Consumable,0,Knife,80,1,0,2x1,1000,0,0,,,
Item_RhubarbPorridge,Consumables/Foodstuffs,629,Rhubarb Porridge,,Porridge topped with a sauce that is both sour and sweet ? Seems this mashup can't seem to make up it's mind.,0,Common,0,None,0,None,0,Consumable,0,Knife,20,1,0,2x1,1000,0,0,,,
Item_RhubarbSauce,Consumables/Foodstuffs,630,Rhubarb Sauce,,"Destoyed rhubarb mxed with sugar, presented in a bowl.",0,Common,0,None,0,None,0,Consumable,0,Knife,40,1,0,2x1,1000,0,0,,,
Item_Rice,Consumables/Foodstuffs,631,Rice,,"Bag of rice. Hard to digest when uncooked.  Will swell up in contact with water, please don't feed it to birds, it might swell in their stomachs and they can get sick!",0,Common,0,None,0,None,0,Consumable,0,Knife,30,1,0,2x2,1000,0,0,,,
Item_RiceCake,Consumables/Foodstuffs,632,Puffed Rice Cakes,,Crispy and Savory. ,0,Common,0,None,0,None,0,Consumable,0,Knife,20,1,0,1x1,1000,0,0,,,
Item_Rodsopp,Consumables/Foodstuffs,646,Rödsopp,,"This mushroom stings to the touch, but emits a pleasant, metallic odor. It makes you feel slightly woozy, but can probably be used in cooking.",0,Common,0,None,0,None,0,Consumable,0,Knife,15,1,0,1x1,1000,0,0,,,
Item_Salt,Consumables/Foodstuffs,656,Salt,,"The white gold of millenia. Great to mix with liquid for broths, making foods tastier. ",0,Common,0,None,0,None,0,Consumable,0,Knife,10,1,0,1x1,1000,0,0,,,
Item_SaltedSandfish,Consumables/Foodstuffs,657,Salted Sandfish,,Salty and fishy. ,0,Common,0,None,0,None,0,Consumable,0,Knife,100,1,0,1x1,1000,0,0,,,
Item_SandFish,Consumables/Foodstuffs,659,Flat Sandfish,,An uncooked of fish. May be cooked or eaten raw if prepared correctly.,0,Common,0,None,0,None,0,Consumable,0,Knife,40,1,0,1x1,1000,0,0,,,
Item_SandwichBread,Consumables/Foodstuffs,660,Bread Sandwich,,Not the best thing that happened from sliced bread.,0,Common,0,None,0,None,0,Consumable,0,Knife,80,1,0,1x1,1000,0,0,,,
Item_SandwichBuddy,Consumables/Foodstuffs,661,Buddy Sandwich,,"""Are you gonna eat that?""",0,Common,0,None,0,None,0,Consumable,0,Knife,1000,1,0,2x1,1000,0,0,,,
Item_SandwichButter,Consumables/Foodstuffs,662,Butter Sandwich,,Best thing that happened from sliced bread. Chewy and savory. ,0,Common,0,None,0,None,0,Consumable,0,Knife,60,1,0,1x1,1000,0,0,,,
Item_SandwichCheese,Consumables/Foodstuffs,663,Cheese Sandwich,,Best thing that happaned from sliced bread. Chewy and savory. ,0,Common,0,None,0,None,0,Consumable,0,Knife,85,1,0,1x1,1000,0,0,,,
Item_SandwichLeverpastej,Consumables/Foodstuffs,664,Liver Patty Sandwich,,If you're in the mood for liver - then you're in for a treat.,0,Common,0,None,0,None,0,Consumable,0,Knife,110,1,0,1x1,1000,0,0,,,
Item_SandwichNutSpread,Consumables/Foodstuffs,665,Nut Spread Sandwich,,Might be a bit gluey to the roof of your mouth. Very nutiritious. ,0,Common,0,None,0,None,0,Consumable,0,Knife,80,1,0,1x1,1000,0,0,,,
Item_SandwichPeanutbutter,Consumables/Foodstuffs,666,Peanutbutter Sandwich,,Might be a bit gluey to the roof of your mouth. Very nutiritious. ,0,Common,0,None,0,None,0,Consumable,0,Knife,110,1,0,1x1,1000,0,0,,,
Item_SandwichPeanutbutterJelly,Consumables/Foodstuffs,667,Peanutbutter Jelly Sandwich,,Best thing that happened.,0,Common,0,None,0,None,0,Consumable,0,Knife,130,1,0,1x1,1000,0,0,,,
Item_Sashimi,Consumables/Foodstuffs,670,Sashimi,,Delicacy consisting of fresh raw fish sliced into thin pieces.,0,Common,0,None,0,None,0,Consumable,0,Knife,220,1,0,2x1,1000,0,0,,,
Item_Sausage,Consumables/Foodstuffs,671,Spicy Sausage,,A spicy smoked sausage.,0,Common,0,None,0,None,0,Consumable,0,Knife,60,1,0,2x1,1000,0,0,,,
Item_SausageOmelette,Consumables/Foodstuffs,672,Sausage Omelette,,You can't make a sausage omelette without breaking a few pigs.,0,Common,0,None,0,None,0,Consumable,0,Knife,110,1,0,2x1,1000,0,0,,,
Item_SausageOnStick,Consumables/Foodstuffs,673,Sausage On Stick,,"Or a meatsickle, if you wish. ",0,Common,0,None,0,None,0,Consumable,0,Knife,200,1,0,2x1,1000,0,0,,,
Item_SausageSoup,Consumables/Foodstuffs,674,Sausage Soup,,"When you absolutely, positively got to eat sausages with a spoon, accept no substitutes.",0,Common,0,None,0,None,0,Consumable,0,Knife,135,1,0,2x1,1000,0,0,,,
Item_Seaweed,Consumables/Foodstuffs,677,Seaweed,,"Dried edible seaweed used in cooking, made from species of the red algae genus. It has a strong and distinctive flavor, and is often used to wrap around rice, like onigiri.",0,Common,0,None,0,None,0,Consumable,0,Knife,30,1,0,1x1,1000,0,0,,,
Item_Snail,Consumables/Foodstuffs,690,Snail,,Cold and slimey. Not very appetizing. Might contain lungworms.,0,Common,0,None,0,None,4,None,0,Knife,20,1,0,1x1,1000,0,0,,,
Item_Spagetti,Consumables/Foodstuffs,696,Spaghetti,,"A packet of noodles, normally made of wheat flour and eggs.\n\nThe wheat that was crushed into a fine powder is now shaped into long, dry, thin, solid, cylindrical strings. \n\nUseful in cooking.",0,Common,0,None,0,None,0,Consumable,0,Knife,30,1,0,1x2,1000,0,0,,,
Item_SpanishOmelette,Consumables/Foodstuffs,697,Spanish Omelette,,"You went to order a bready taco something, but all you got was this lousy omelette. ",0,Common,0,None,0,None,0,Consumable,0,Knife,220,1,0,2x1,1000,0,0,,,
Item_SpiceMix,Consumables/Foodstuffs,698,Spice Mix,,An exotic mix of spices that can be used for many purposes.,0,Common,0,None,0,None,4,None,0,Knife,30,1,0,1x1,1000,0,0,,,
Item_Stew,Consumables/Foodstuffs,704,Stew,,A healthy warm and soothing stew. Has a rich smell.,0,Common,0,None,0,None,0,Consumable,0,Knife,65,1,0,2x1,1000,0,0,,,
Item_Sugar,Consumables/Foodstuffs,708,Sugar,,Make things sweeter.,0,Common,0,None,0,None,0,Consumable,0,Knife,30,1,0,2x2,1000,0,0,,,
Item_Surstromming,Consumables/Foodstuffs,713,Surstromming,,Old fermented fish that tall blond people with funny dialects claim to enjoy.,0,Common,0,None,0,None,0,Consumable,0,Knife,350,1,0,1x1,1000,0,0,,,
Item_SwedishPancakes,Consumables/Foodstuffs,716,Swedish Pancakes,,"Flat as a pancake? That's flattery to a Swedish Pancake. Thin and crispy.\n\nDon't worry it's not just you, the first pancake is always an unattractive blob.",0,Common,0,None,0,None,0,Consumable,0,Knife,220,1,0,2x1,1000,0,0,,,
Item_SwingDing,Consumables/Foodstuffs,717,Swing-Ding,,Small mushrooms rich in nitrogen. Popular use in potions.,0,Common,0,None,0,None,0,Consumable,0,Knife,10,1,0,1x1,1000,0,0,,,
Item_ToastSkagen,Consumables/Foodstuffs,723,Toast Skagen,,Made to be eaten on a boat. But we will not hold it against you if you eat it here.,0,Common,0,None,0,None,0,Consumable,0,Knife,150,1,0,1x1,1000,0,0,,,
Item_TongueOnStick,Consumables/Foodstuffs,725,Tongue On Stick,,The french kiss of your worst nightmare.,0,Common,0,None,0,None,0,Consumable,0,Knife,120,1,0,2x1,1000,0,0,,,
Item_Unagi,Consumables/Foodstuffs,730,Unagi,,"Eel based dish, served on bed of rice. Gives electricity resistance due to tolerance training.",0,Common,0,None,0,None,0,Consumable,0,Knife,400,1,0,2x1,1000,0,0,,,
Item_VacuumCleaner,Consumables/Foodstuffs,732,Vacuum Cleaner,,"A punsch roll wrapped in marzipan, both ends dipped in chocolate, the ""vacuum cleaner"" is a yummy treat to liven up bleak winter days.",0,Common,0,None,0,None,0,Consumable,0,Knife,40,1,0,1x1,1000,0,0,,,
Item_VelvetBell,Consumables/Foodstuffs,734,Velvet Bell,,This meaty mushroom carries an earthy and nutty smell. Can be used in cooking.,0,Common,0,None,0,None,0,Consumable,0,Knife,10,1,0,1x1,1000,0,0,,,
Item_Walnut,Consumables/Foodstuffs,737,Walnut,,Hard to crack. But tasty.,0,Common,0,None,0,None,0,Consumable,0,Knife,40,1,0,1x1,1000,0,0,,,
Item_Worm,Consumables/Foodstuffs,747,Earthworm,,"""If you eat it, you get 5 bucks"".",0,Common,0,None,0,None,0,Consumable,0,Knife,10,1,0,1x1,1000,0,0,,,
Item_CandyCane,Consumables/Foodstuffs/Christmas,382,Candy Cane,,"A nine for presentation, a four for taste, and a one for nutrition.",0,Common,0,None,0,None,0,Consumable,0,Knife,90,1,0,1x1,1000,0,0,,,
Item_GravadLax,Consumables/Foodstuffs/Christmas,475,Gravad Lax,,"A nine for presentation, a four for taste, and a one for nutrition.",0,Common,0,None,0,None,0,Consumable,0,Knife,90,1,0,2x1,1000,0,0,,,
Item_JanssonsTemptation,Consumables/Foodstuffs/Christmas,513,Jansson's Temptation,,"A nine for presentation, a four for taste, and a one for nutrition.",0,Common,0,None,0,None,0,Consumable,0,Knife,200,1,0,3x1,1000,0,0,,,
Item_Julmust,Consumables/Foodstuffs/Christmas,516,Julmust,,"A nine for presentation, a four for taste, and a one for nutrition.",0,Common,0,None,0,None,0,Consumable,0,Knife,90,1,0,1x2,1000,0,0,,,
Item_Lutfisk,Consumables/Foodstuffs/Christmas,543,Lutfisk,,"A nine for presentation, a four for taste, and a one for nutrition.",0,Common,0,None,0,None,0,Consumable,0,Knife,90,1,0,2x1,1000,0,0,,,
Item_PotatoSalad,Consumables/Foodstuffs/Christmas,611,Potato Salad,,"A nine for presentation, a four for taste, and a one for nutrition.",0,Common,0,None,0,None,0,Consumable,0,Knife,90,1,0,2x1,1000,0,0,,,
Item_Risalamalta,Consumables/Foodstuffs/Christmas,633,Ris à la Malta,,"A nine for presentation, a four for taste, and a one for nutrition.",0,Common,0,None,0,None,0,Consumable,0,Knife,90,1,0,1x1,1000,0,0,,,
Item_Risgrynsgrot,Consumables/Foodstuffs/Christmas,634,Risgrynsgröt,,"A nine for presentation, a four for taste, and a one for nutrition.",0,Common,0,None,0,None,0,Consumable,0,Knife,90,1,0,2x1,1000,0,0,,,
Item_Silltalrik,Consumables/Foodstuffs/Christmas,687,Silltallrik,,"A nine for presentation, a four for taste, and a one for nutrition.",0,Common,0,None,0,None,0,Consumable,0,Knife,90,1,0,2x1,1000,0,0,,,
Item_Blood,Consumables/Other,357,Blood,,"A vial of fresh, scarlet blood. Thicker than water.",0,Common,0,None,0,None,0,Consumable,0,Knife,60,1,0,1x1,1000,0,0,,,
Item_FirstAidKit,Consumables/Other,451,First Aid Kit,,"A pouch containing instruments needed to provide basic first aid, including gauze, scissors, painkillers, and disinfectant spray.",0,Common,0,None,0,None,0,Consumable,0,Knife,60,1,0,2x2,1000,0,0,,,
Item_Mutagen,Consumables/Other,574,Mutagen Bottle,,A chemical agent capable of inducing changes in DNA causing mutations.,0,Common,0,None,0,None,4,None,0,Knife,4000,1,0,2x1,1000,0,0,,,
Item_RodsoppPaste,Consumables/Other,647,Rödsopp Paste,Slows down time for 10 seconds.,Touching it gives you the feeling that time is slowing down...,0,Common,0,None,0,None,0,Consumable,0,Knife,50,1,0,2x1,1000,0,0,,,
Item_Snus,Consumables/Other,692,Admiral White Extra Strong,,Admiral White Extra Strong,2,Rare,0,None,0,None,0,Consumable,0,Knife,180,1,0,1x1,1000,0,0,,,
Item_Solution,Consumables/Other,695,Solution,,A liquid with many purposes. Might be the solution you need. ,0,Common,0,None,0,None,0,Consumable,0,Knife,40,1,0,1x1,1000,0,0,,,
Consumable_ChamberChisel12ga,ConsumablesItems,35,Chamber Chisel (12ga),,"A toolkit containing everything needed to rebore a firearm barrel, changing the weapon's caliber to 12 gauge.",2,Rare,0,None,0,None,5,ItemConsumable,0,Knife,15000,1,0,4x2,1000,0,2,,,
Consumable_ChamberChisel50BMG,ConsumablesItems,36,Chamber Chisel (.50 BMG),,"A toolkit containing everything needed to rebore a firearm barrel, changing the weapon's caliber to .50 BMG.",2,Rare,0,None,0,None,5,ItemConsumable,0,Knife,3400,1,0,4x2,10000,0,5,,,
Consumable_ChamberChisel556,ConsumablesItems,37,Chamber Chisel (5.56mm),,"A toolkit containing everything needed to rebore a firearm barrel, changing the weapon's caliber to 5.56mm.",2,Rare,0,None,0,None,5,ItemConsumable,0,Knife,2200,1,0,4x2,5000,0,3,,,
Consumable_ChamberChisel762,ConsumablesItems,38,Chamber Chisel (7.62mm),,"A toolkit containing everything needed to rebore a firearm barrel, changing the weapon's caliber to 7.62mm.",2,Rare,0,None,0,None,5,ItemConsumable,0,Knife,3000,1,0,4x2,8000,0,4,,,
Consumable_ChamberChisel9mm,ConsumablesItems,39,Chamber Chisel (9mm),,"A toolkit containing everything needed to rebore a firearm barrel, changing the weapon's caliber to 9mm.",2,Rare,0,None,0,None,5,ItemConsumable,0,Knife,700,1,0,4x2,2000,0,1,,,
Item_AirDuster,ConsumablesItems,327,Air Duster,,,0,Common,0,None,0,None,6,ItemRepair,0,Knife,180,1,0,1x2,1000,0,0,,,
Item_BeGone,ConsumablesItems,349,BeGone,,Practical when new. Horrible when used.,0,Common,0,None,0,None,6,ItemRepair,0,Knife,250,1,0,1x2,1000,0,0,,,
Item_Bleach,ConsumablesItems,355,Bleach,,Practical when new. Horrible when used.,0,Common,0,None,0,None,6,ItemRepair,0,Knife,120,1,0,1x2,1000,0,0,,,
Item_CottonSwab,ConsumablesItems,410,Cotton Swabs,,Practical when new. Horrible when used.,0,Common,0,None,0,None,6,ItemRepair,0,Knife,25,1,0,1x1,1000,0,0,,,
Item_DishSoap,ConsumablesItems,429,Dish Soap,,,0,Common,0,None,0,None,6,ItemRepair,0,Knife,100,1,0,1x2,1000,0,0,,,
Item_MicrofiberDishCloth,ConsumablesItems,556,Microfiber Dish Cloth,,Practical when new. Horrible when used.,0,Common,0,None,0,None,6,ItemRepair,0,Knife,50,1,0,1x1,1000,0,0,,,
Item_Svinto,ConsumablesItems,715,Soapy Wool,,Practical when new. Horrible when used.,0,Common,0,None,0,None,6,ItemRepair,0,Knife,90,1,0,1x1,1000,0,0,,,
Item_Toiletpaper,ConsumablesItems,968,Toilet Paper,,"Toilet paper so coarse that it will remove any shit that needs wiping, and then some.",0,Common,0,None,0,None,6,ItemRepair,0,Knife,100,1,0,1x1,1000,0,0,,,
Item_WeaponRepairKit,ConsumablesItems,741,Repair Kit,,Various tools and chemicals used to keep items in good condition.,1,Uncommon,0,None,0,None,6,ItemRepair,0,Knife,3000,1,0,2x1,1000,0,0,,,
Item_WetWipes,ConsumablesItems,742,Wet Wipes,,Practical when new. Horrible when used.,0,Common,0,None,0,None,6,ItemRepair,0,Knife,100,1,0,2x1,1000,0,0,,,
AmuletCharge,Currencies,7,Blood of the Earth mother,"A fragile drop of natural essence for refilling amulets. Kept in place by leaves of the mother, ruins with contact with other things.",,0,Common,0,None,0,None,0,Consumable,0,Knife,1000,1,0,1x1,1000,0,0,,,
Currency_SulfBill,Currencies,40,Cash Money Bill,,,0,Common,0,None,0,None,0,Consumable,0,Knife,100,1,0,1x1,1000,0,0,,,
Currency_SulfCoin,Currencies,41,Cash Money Coin,,,0,Common,0,None,0,None,0,Consumable,0,Knife,100,1,0,1x1,1000,0,0,,,
Currency_SulfGrand,Currencies,985,Cash Money Grand,,,0,Common,0,None,0,None,0,Consumable,0,Knife,1000,1,0,1x1,1000,0,0,,,
Currency_SulfTwenny,Currencies,42,Cash Money Twenny,,,0,Common,0,None,0,None,0,Consumable,0,Knife,100,1,0,1x1,1000,0,0,,,
Stamp,Currencies,961,Stamp,,,0,Common,0,None,0,None,0,Consumable,0,Knife,100,1,0,1x1,1000,0,0,,,
Enchantment_Dark,Enchantments,103,Scroll of Dark,- Adds blind to enemies on hit.,,3,Epic,0,None,0,None,3,Enchantment,0,Knife,1000,1,0,1x2,1000,61,0,,,
Enchantment_Earth,Enchantments,120,Scroll of Earth,- Adds chance to stun on hit,,3,Epic,0,None,0,None,3,Enchantment,0,Knife,1000,1,0,1x2,1000,78,0,,,
Enchantment_Electricity,Enchantments,123,Scroll of Surge,- Bullets have a chance to Electrocute enemies.,,3,Epic,0,None,0,None,3,Enchantment,0,Knife,1000,1,0,1x2,1000,245,0,,,
Enchantment_Fire,Enchantments,136,Scroll of Embers,- Adds Fire damage to bullets fired. \n- Bullets have a chance to Ignite enemies.,,3,Epic,0,None,0,None,3,Enchantment,0,Knife,1000,1,0,1x2,1000,82,0,,,
Enchantment_Frost,Enchantments,147,Scroll of Frostbite,- Bullets slow enemies. \n- Bullets have a chance to Freeze enemies.,,3,Epic,0,None,0,None,3,Enchantment,0,Knife,1000,1,0,1x2,1000,105,0,,,
Enchantment_Nature,Enchantments,203,Scroll of Nature,- Adds a chance to root enemies on hit.,,3,Epic,0,None,0,None,3,Enchantment,0,Knife,1000,1,0,1x2,1000,161,0,,,
Enchantment_Poison,Enchantments,223,Scroll of Plague,- Bullets poison enemies.,,3,Epic,0,None,0,None,3,Enchantment,0,Knife,1000,1,0,1x2,1000,179,0,,,
Enchantment_Water,Enchantments,319,Scroll of Water,- Makes enemies wet on hit.\n- Removes all damage.,,3,Epic,0,None,0,None,3,Enchantment,0,Knife,1000,1,0,1x2,1000,277,0,,,
Enchantment_Beamgun,Enchantments/GunsAndMagic_ItemDefinitions,1064,Scroll of Beamgun,- Turns bullets into a continuous beam,,3,Epic,0,None,0,None,3,Enchantment,0,Knife,1000,1,0,1x2,1000,292,0,,,
Enchantment_ChaosStrike,Enchantments/GunsAndMagic_ItemDefinitions,84,Scroll of Chaos Strike,,,4,Legendary,0,None,0,None,3,Enchantment,0,Knife,2000,1,0,1x2,1000,42,0,,,
Enchantment_FastForwardOil,Enchantments/GunsAndMagic_ItemDefinitions,131,Fast Forward Oil,Bullets move faster through time,,2,Rare,0,None,0,None,3,Enchantment,0,Knife,1000,1,0,1x1,1000,90,0,,,
Enchantment_FlameThrower,Enchantments/GunsAndMagic_ItemDefinitions,138,Scroll Of Flame Thrower,- Turns gun into a flamethrower,,4,Legendary,0,None,0,None,3,Enchantment,0,Knife,5000,1,0,1x2,1000,96,0,,,
Enchantment_ForceOil,Enchantments/GunsAndMagic_ItemDefinitions,144,Force Oil,+20% Bullet Force,,2,Rare,0,None,0,None,3,Enchantment,0,Knife,1000,1,0,1x1,1000,102,0,,,
Enchantment_HolyFire,Enchantments/GunsAndMagic_ItemDefinitions,166,Scroll of Holy Fire,- Turns bullets into light rays,,4,Legendary,0,None,0,None,3,Enchantment,0,Knife,7000,1,0,1x2,1000,124,0,,,
Enchantment_HolyPurge,Enchantments/GunsAndMagic_ItemDefinitions,167,Scroll of Holy Purge,,,4,Legendary,0,None,0,None,3,Enchantment,0,Knife,6000,1,0,1x2,1000,125,0,,,
Enchantment_IceBeam,Enchantments/GunsAndMagic_ItemDefinitions,1067,Scroll of Ice Beam,- Turns bullets into a continuous freezing beam,,3,Epic,0,None,0,None,3,Enchantment,0,Knife,1000,1,0,1x2,1000,294,0,,,
Enchantment_Light,Enchantments/GunsAndMagic_ItemDefinitions,188,Scroll of Light,- Turns bullets into light rays,,3,Epic,0,None,0,None,3,Enchantment,0,Knife,1000,1,0,1x2,1000,146,0,,,
Enchantment_Pesticide,Enchantments/GunsAndMagic_ItemDefinitions,218,Scroll of Pesticide,,,4,Legendary,0,None,0,None,3,Enchantment,0,Knife,4500,1,0,1x2,1000,176,0,,,
Enchantment_Prism,Enchantments/GunsAndMagic_ItemDefinitions,227,Scroll of Prism,,,4,Legendary,0,None,0,None,3,Enchantment,0,Knife,3000,1,0,1x2,1000,185,0,,,
Enchantment_Sacrifice,Enchantments/GunsAndMagic_ItemDefinitions,247,Scroll of Sacrifice,,,4,Legendary,0,None,0,None,3,Enchantment,0,Knife,3500,1,0,1x2,1000,204,0,,,
Enchantment_SlowMoOil,Enchantments/GunsAndMagic_ItemDefinitions,269,Slow Mo Oil,Bullets travel slower through time,,2,Rare,0,None,0,None,3,Enchantment,0,Knife,1000,1,0,1x1,1000,226,0,,,
Enchantment_Slush,Enchantments/GunsAndMagic_ItemDefinitions,271,Scroll of Slush,Fires slow bullets with ice,,4,Legendary,0,None,0,None,3,Enchantment,0,Knife,3000,1,0,1x2,1000,228,0,,,
Enchantment_ToxicLobotomy,Enchantments/GunsAndMagic_ItemDefinitions,304,Scroll of Toxic Lobotomy,,,4,Legendary,0,None,0,None,3,Enchantment,0,Knife,4000,1,0,1x2,1000,262,0,,,
Enchantment_Big,Enchantments/Oils,60,Big Oil,+ Bullets do 25% more damage\n+ Bullets are bigger\n- Bullets are slower,,2,Rare,0,None,0,None,3,Enchantment,0,Knife,400,1,0,1x1,1000,18,0,,,
Enchantment_Bounce,Enchantments/Oils,71,Bounce Oil,- Bullets bounce,,2,Rare,0,None,0,None,3,Enchantment,0,Knife,400,1,0,1x1,1000,29,0,,,
Enchantment_Brutality,Enchantments/Oils,74,Grapeseed Oil,- Bullets do extra damage.,,2,Rare,0,None,0,None,3,Enchantment,0,Knife,600,1,0,1x1,1000,32,0,,,
Enchantment_Duality,Enchantments/Oils,117,Oil of Yin,- Bullets split into 2\n- Slightly lower damage per bullet,,2,Rare,0,None,0,None,3,Enchantment,0,Knife,800,1,0,1x1,1000,75,0,,,
Enchantment_Flutter,Enchantments/Oils,142,Rate of Fire Oil,- Increases rate of fire by 25 RPM.,,2,Rare,0,None,0,None,3,Enchantment,0,Knife,700,1,0,1x1,1000,100,0,,,
Enchantment_Satiety,Enchantments/Oils,249,Translucent Oil,- Adds a chance that a bullet is not consumed on fire.,,2,Rare,0,None,0,None,3,Enchantment,0,Knife,600,1,0,1x1,1000,206,0,,,
Enchantment_Slayer,Enchantments/Oils,265,Crit Oil,+10% critical damage chance.,,2,Rare,0,None,0,None,3,Enchantment,0,Knife,800,1,0,1x2,1000,222,0,,,
Enchantment_TestOil,Enchantments/Oils,296,Test oil,,,2,Rare,0,None,0,None,3,Enchantment,0,Knife,400,1,0,1x1,1000,254,0,,,
Enchantment_TestOil2,Enchantments/Oils,297,Test oil 2,,,2,Rare,0,None,0,None,3,Enchantment,0,Knife,400,1,0,1x1,1000,255,0,,,
Enchantment_Trinity,Enchantments/Oils,305,Triple Oil,- Bullets split into 3\n- Lower damage per bullet,,2,Rare,0,None,0,None,3,Enchantment,0,Knife,800,1,0,1x2,1000,263,0,,,
Enchantment_EternalOil,Enchantments/Oils/New,125,Eternal Oil,+20% damage.,,2,Rare,0,None,0,None,3,Enchantment,0,Knife,4000,1,0,1x2,1000,83,0,,,
Enchantment_UnlabeledOil,Enchantments/Oils/New,310,Unlabeled Oil,+20% damage.,,2,Rare,0,None,0,None,3,Enchantment,0,Knife,300,1,0,1x1,1000,268,0,,,
Enchantment_ArkanoidOil,Enchantments/Oils/New/Bounce,49,Arkanoid Oil,+20% damage.,,2,Rare,0,None,0,None,3,Enchantment,0,Knife,1200,1,0,1x1,1000,7,0,,,
Enchantment_BanditOil,Enchantments/Oils/New/Bounce,58,Bandit Oil,+20% damage.,,2,Rare,0,None,0,None,3,Enchantment,0,Knife,600,1,0,1x2,1000,16,0,,,
Enchantment_CartoonOil,Enchantments/Oils/New/Bounce,81,Cartoon Oil,+20% damage.,,2,Rare,0,None,0,None,3,Enchantment,0,Knife,1000,1,0,1x1,1000,39,0,,,
Enchantment_FleaOil,Enchantments/Oils/New/Bounce,139,Flea Oil,+20% damage.,,2,Rare,0,None,0,None,3,Enchantment,0,Knife,800,1,0,1x1,1000,97,0,,,
Enchantment_HoopOil,Enchantments/Oils/New/Bounce,168,Hoop Oil,+20% damage.,,2,Rare,0,None,0,None,3,Enchantment,0,Knife,500,1,0,1x1,1000,126,0,,,
Enchantment_ImperfectOil,Enchantments/Oils/New/Bounce,172,Imperfect Oil,+20% damage.,,2,Rare,0,None,0,None,3,Enchantment,0,Knife,500,1,0,1x1,1000,130,0,,,
Enchantment_LazyOil,Enchantments/Oils/New/Bounce,185,Lazy Oil,+20% damage.,,2,Rare,0,None,0,None,3,Enchantment,0,Knife,800,1,0,1x1,1000,143,0,,,
Enchantment_LongshotOil,Enchantments/Oils/New/Bounce,190,Longshot Oil,+20% damage.,,2,Rare,0,None,0,None,3,Enchantment,0,Knife,1200,1,0,1x2,1000,148,0,,,
Enchantment_PerfectBounceOil,Enchantments/Oils/New/Bounce,216,Perfect Bounce Oil,+20% damage.,,2,Rare,0,None,0,None,3,Enchantment,0,Knife,800,1,0,1x1,1000,174,0,,,
Enchantment_PoolOil,Enchantments/Oils/New/Bounce,224,Pool Oil,+20% damage.,,2,Rare,0,None,0,None,3,Enchantment,0,Knife,1200,1,0,1x2,1000,182,0,,,
Enchantment_ReboundOil,Enchantments/Oils/New/Bounce,234,Rebound Oil,+20% damage.,,2,Rare,0,None,0,None,3,Enchantment,0,Knife,500,1,0,1x1,1000,191,0,,,
Enchantment_RicochetOil,Enchantments/Oils/New/Bounce,239,RicochetOil,+20% damage.,,2,Rare,0,None,0,None,3,Enchantment,0,Knife,650,1,0,1x1,1000,196,0,,,
Enchantment_ScrambleOil,Enchantments/Oils/New/Bounce,252,Scramble Oil,+20% damage.,,2,Rare,0,None,0,None,3,Enchantment,0,Knife,600,1,0,1x1,1000,209,0,,,
Enchantment_SherlockOil,Enchantments/Oils/New/Bounce,260,Sherlock Oil,+20% damage.,,2,Rare,0,None,0,None,3,Enchantment,0,Knife,800,1,0,1x1,1000,217,0,,,
Enchantment_SkipOil,Enchantments/Oils/New/Bounce,264,Skip Oil,+20% damage.,,2,Rare,0,None,0,None,3,Enchantment,0,Knife,650,1,0,1x1,1000,221,0,,,
Enchantment_SynchronicityOil,Enchantments/Oils/New/Bounce,289,Synchronicity Oil,+20% damage.,,2,Rare,0,None,0,None,3,Enchantment,0,Knife,800,1,0,1x1,1000,247,0,,,
Enchantment_WobbleOil,Enchantments/Oils/New/Bounce,322,Wobble Oil,+20% damage.,,2,Rare,0,None,0,None,3,Enchantment,0,Knife,800,1,0,1x1,1000,280,0,,,
Enchantment_ArrowOil,Enchantments/Oils/New/BulletSpeed,50,Arrow Oil,+20% damage.,,2,Rare,0,None,0,None,3,Enchantment,0,Knife,200,1,0,1x1,1000,8,0,,,
Enchantment_AssassinDartOil,Enchantments/Oils/New/BulletSpeed,54,Assassin Dart Oil,+20% damage.,,2,Rare,0,None,0,None,3,Enchantment,0,Knife,250,1,0,1x1,1000,12,0,,,
Enchantment_BoltOil,Enchantments/Oils/New/BulletSpeed,67,Enchantment_BoltOil,+20% damage.,,2,Rare,0,None,0,None,3,Enchantment,0,Knife,370,1,0,1x1,1000,25,0,,,
Enchantment_DartOil,Enchantments/Oils/New/BulletSpeed,104,Dart Oil,+20% damage.,,2,Rare,0,None,0,None,3,Enchantment,0,Knife,230,1,0,1x1,1000,62,0,,,
Enchantment_DelayedHyperTubeOil,Enchantments/Oils/New/BulletSpeed,106,Delayed Hyper Tube Oil,+20% damage.,,2,Rare,0,None,0,None,3,Enchantment,0,Knife,400,1,0,1x1,1000,64,0,,,
Enchantment_DieselOil,Enchantments/Oils/New/BulletSpeed,109,Diesel Oil,+20% damage.,,2,Rare,0,None,0,None,3,Enchantment,0,Knife,225,1,0,1x1,1000,67,0,,,
Enchantment_ExtraPowderOil,Enchantments/Oils/New/BulletSpeed,128,Extra Powder Oil,+20% damage.,,2,Rare,0,None,0,None,3,Enchantment,0,Knife,400,1,0,1x1,1000,87,0,,,
Enchantment_FastBetOil,Enchantments/Oils/New/BulletSpeed,130,Fast Bet Oil,+20% damage.,,2,Rare,0,None,0,None,3,Enchantment,0,Knife,450,1,0,1x1,1000,89,0,,,
Enchantment_InstantOil,Enchantments/Oils/New/BulletSpeed,175,Instant Oil,+20% damage.,,2,Rare,0,None,0,None,3,Enchantment,0,Knife,500,1,0,1x1,1000,133,0,,,
Enchantment_KineticOil,Enchantments/Oils/New/BulletSpeed,180,Kinetic Oil,+20% damage.,,2,Rare,0,None,0,None,3,Enchantment,0,Knife,350,1,0,1x1,1000,138,0,,,
Enchantment_MicroWingOil,Enchantments/Oils/New/BulletSpeed,198,Micro Wing Oil,+20% damage.,,2,Rare,0,None,0,None,3,Enchantment,0,Knife,300,1,0,1x1,1000,156,0,,,
Enchantment_TightBarrelOil,Enchantments/Oils/New/BulletSpeed,301,Tight Barrel Oil,+20% damage.,,2,Rare,0,None,0,None,3,Enchantment,0,Knife,500,1,0,1x1,1000,259,0,,,
Enchantment_TurbulenceOil,Enchantments/Oils/New/BulletSpeed,307,Turbulence Oil,+20% damage.,,2,Rare,0,None,0,None,3,Enchantment,0,Knife,600,1,0,1x1,1000,265,0,,,
Enchantment_VelocityOil,Enchantments/Oils/New/BulletSpeed,315,Velocity Oil,+20% damage.,,2,Rare,0,None,0,None,3,Enchantment,0,Knife,220,1,0,1x1,1000,273,0,,,
Enchantment_WhimOil,Enchantments/Oils/New/BulletSpeed,320,Whim Oil,+20% damage.,,2,Rare,0,None,0,None,3,Enchantment,0,Knife,450,1,0,1x1,1000,278,0,,,
Enchantment_ZoomingOil,Enchantments/Oils/New/BulletSpeed,325,Zooming Oil,+20% damage.,,2,Rare,0,None,0,None,3,Enchantment,0,Knife,450,1,0,1x1,1000,283,0,,,
Enchantment_AimlessOil,Enchantments/Oils/New/CritChance,46,Aimless Oil,+20% damage.,,2,Rare,0,None,0,None,3,Enchantment,0,Knife,800,1,0,1x1,1000,4,0,,,
Enchantment_ArteryOil,Enchantments/Oils/New/CritChance,51,Artery Oil,+20% damage.,,2,Rare,0,None,0,None,3,Enchantment,0,Knife,300,1,0,1x1,1000,9,0,,,
Enchantment_AxeOil,Enchantments/Oils/New/CritChance,56,Axe Oil,+20% damage.,,2,Rare,0,None,0,None,3,Enchantment,0,Knife,300,1,0,1x1,1000,14,0,,,
Enchantment_BlindfoldOil,Enchantments/Oils/New/CritChance,65,Blindfold Oil,+20% damage.,,2,Rare,0,None,0,None,3,Enchantment,0,Knife,700,1,0,1x1,1000,23,0,,,
Enchantment_ConfidenceOil,Enchantments/Oils/New/CritChance,93,Confidence Oil,+20% damage.,,2,Rare,0,None,0,None,3,Enchantment,0,Knife,750,1,0,1x2,1000,51,0,,,
Enchantment_CriticalOil,Enchantments/Oils/New/CritChance,99,Critical Oil,+20% damage.,,2,Rare,0,None,0,None,3,Enchantment,0,Knife,800,1,0,1x1,1000,57,0,,,
Enchantment_GamblerOil,Enchantments/Oils/New/CritChance,149,Gambler Oil,+20% damage.,,2,Rare,0,None,0,None,3,Enchantment,0,Knife,650,1,0,1x1,1000,107,0,,,
Enchantment_HappyAccidentOil,Enchantments/Oils/New/CritChance,157,Happy Accident Oil,+20% damage.,,2,Rare,0,None,0,None,3,Enchantment,0,Knife,800,1,0,1x1,1000,115,0,,,
Enchantment_HunterOil,Enchantments/Oils/New/CritChance,169,Hunter Oil,+20% damage.,,2,Rare,0,None,0,None,3,Enchantment,0,Knife,1100,1,0,1x1,1000,127,0,,,
Enchantment_HustlerOil,Enchantments/Oils/New/CritChance,170,Hustler Oil,+20% damage.,,2,Rare,0,None,0,None,3,Enchantment,0,Knife,500,1,0,1x1,1000,128,0,,,
Enchantment_LowRollerOil,Enchantments/Oils/New/CritChance,192,Low Roller Oil,+20% damage.,,2,Rare,0,None,0,None,3,Enchantment,0,Knife,700,1,0,1x1,1000,150,0,,,
Enchantment_ManifestationOil,Enchantments/Oils/New/CritChance,196,Manifestation Oil,+20% damage.,,2,Rare,0,None,0,None,3,Enchantment,0,Knife,1100,1,0,1x1,1000,154,0,,,
Enchantment_NoNeedOil,Enchantments/Oils/New/CritChance,207,No Need Oil,+20% damage.,,2,Rare,0,None,0,None,3,Enchantment,0,Knife,1000,1,0,1x1,1000,165,0,,,
Enchantment_OutOfTheBoxOil,Enchantments/Oils/New/CritChance,209,Out of the Box Oil,+20% damage.,,2,Rare,0,None,0,None,3,Enchantment,0,Knife,400,1,0,1x1,1000,167,0,,,
Enchantment_PunctureOil,Enchantments/Oils/New/CritChance,229,Puncture Oil,+20% damage.,,2,Rare,0,None,0,None,3,Enchantment,0,Knife,800,1,0,1x1,1000,187,0,,,
Enchantment_SlotmachineOil,Enchantments/Oils/New/CritChance,268,Slotmachine Oil,+20% damage.,,2,Rare,0,None,0,None,3,Enchantment,0,Knife,700,1,0,1x1,1000,225,0,,,
Enchantment_SmartBulletOil,Enchantments/Oils/New/CritChance,272,Smart Bullet Oil,+20% damage.,,2,Rare,0,None,0,None,3,Enchantment,0,Knife,500,1,0,1x1,1000,229,0,,,
Enchantment_AddDamageOil,Enchantments/Oils/New/DamageFlat,44,Add Damage Oil,+20% damage.,,2,Rare,0,None,0,None,3,Enchantment,0,Knife,500,1,0,1x1,1000,2,0,,,
Enchantment_AsceticOil,Enchantments/Oils/New/DamageFlat,53,Ascetic Oil,+20% damage.,,2,Rare,0,None,0,None,3,Enchantment,0,Knife,350,1,0,1x1,1000,11,0,,,
Enchantment_BigOil,Enchantments/Oils/New/DamageFlat,61,Big Oil,+20% damage.,,2,Rare,0,None,0,None,3,Enchantment,0,Knife,500,1,0,1x1,1000,19,0,,,
Enchantment_BruteOil,Enchantments/Oils/New/DamageFlat,75,Brute Oil,+20% damage.,,2,Rare,0,None,0,None,3,Enchantment,0,Knife,700,1,0,1x1,1000,33,0,,,
Enchantment_DischargeOil,Enchantments/Oils/New/DamageFlat,110,Discharge Oil,+20% damage.,,2,Rare,0,None,0,None,3,Enchantment,0,Knife,800,1,0,1x1,1000,68,0,,,
Enchantment_DisposableOil,Enchantments/Oils/New/DamageFlat,111,Disposable Oil,+20% damage.,,2,Rare,0,None,0,None,3,Enchantment,0,Knife,650,1,0,1x1,1000,69,0,,,
Enchantment_ExpanderOil,Enchantments/Oils/New/DamageFlat,127,Expander Oil,+20% damage.,,2,Rare,0,None,0,None,3,Enchantment,0,Knife,500,1,0,1x1,1000,85,0,,,
Enchantment_FidgetOil,Enchantments/Oils/New/DamageFlat,135,Fidget Oil,+20% damage.,,2,Rare,0,None,0,None,3,Enchantment,0,Knife,450,1,0,1x1,1000,94,0,,,
Enchantment_FrugalOil,Enchantments/Oils/New/DamageFlat,148,Frugal Oil,+20% damage.,,2,Rare,0,None,0,None,3,Enchantment,0,Knife,700,1,0,1x1,1000,106,0,,,
Enchantment_JudgementOil,Enchantments/Oils/New/DamageFlat,176,Judgement Oil,+20% damage.,,2,Rare,0,None,0,None,3,Enchantment,0,Knife,800,1,0,1x1,1000,134,0,,,
Enchantment_KickerOil,Enchantments/Oils/New/DamageFlat,179,Kicker Oil,+20% damage.,,2,Rare,0,None,0,None,3,Enchantment,0,Knife,650,1,0,1x1,1000,137,0,,,
Enchantment_LateBoomOil,Enchantments/Oils/New/DamageFlat,182,Late Boom Oil,+20% damage.,,2,Rare,0,None,0,None,3,Enchantment,0,Knife,150,1,0,1x1,1000,140,0,,,
Enchantment_PotShotOil,Enchantments/Oils/New/DamageFlat,226,Potshot Oil,+20% damage.,,2,Rare,0,None,0,None,3,Enchantment,0,Knife,800,1,0,1x1,1000,184,0,,,
Enchantment_SeatedOil,Enchantments/Oils/New/DamageFlat,254,Seated Oil,+20% damage.,,2,Rare,0,None,0,None,3,Enchantment,0,Knife,500,1,0,1x1,1000,211,0,,,
Enchantment_SenderOil,Enchantments/Oils/New/DamageFlat,256,Sender Oil,+20% damage.,,2,Rare,0,None,0,None,3,Enchantment,0,Knife,500,1,0,1x1,1000,213,0,,,
Enchantment_SolidOil,Enchantments/Oils/New/DamageFlat,275,Solid Oil,+20% damage.,,2,Rare,0,None,0,None,3,Enchantment,0,Knife,350,1,0,1x1,1000,232,0,,,
Enchantment_ComplicatedOil,Enchantments/Oils/New/DamagePercentage,91,Complicated Oil,+20% damage.,,2,Rare,0,None,0,None,3,Enchantment,0,Knife,800,1,0,1x1,1000,49,0,,,
Enchantment_DamageOil,Enchantments/Oils/New/DamagePercentage,102,Damage Oil,+20% damage.,,2,Rare,0,None,0,None,3,Enchantment,0,Knife,1300,1,0,1x1,1000,60,0,,,
Enchantment_DumDumOil,Enchantments/Oils/New/DamagePercentage,118,Dum Dum Oil,+20% damage.,,2,Rare,0,None,0,None,3,Enchantment,0,Knife,1000,1,0,1x1,1000,76,0,,,
Enchantment_FirstBloodOil,Enchantments/Oils/New/DamagePercentage,137,First Blood Oil,+20% damage.,,2,Rare,0,None,0,None,3,Enchantment,0,Knife,1200,1,0,1x1,1000,95,0,,,
Enchantment_FranciscanOil,Enchantments/Oils/New/DamagePercentage,146,Franciscan Oil,+20% damage.,,2,Rare,0,None,0,None,3,Enchantment,0,Knife,450,1,0,1x1,1000,104,0,,,
Enchantment_GlassCannonOil,Enchantments/Oils/New/DamagePercentage,153,Glass Cannon Oil,+20% damage.,,2,Rare,0,None,0,None,3,Enchantment,0,Knife,800,1,0,1x1,1000,111,0,,,
Enchantment_GreatOil,Enchantments/Oils/New/DamagePercentage,154,Great Oil,+20% damage.,,2,Rare,0,None,0,None,3,Enchantment,0,Knife,450,1,0,1x1,1000,112,0,,,
Enchantment_GroundedOil,Enchantments/Oils/New/DamagePercentage,155,Grounded Oil,+20% damage.,,2,Rare,0,None,0,None,3,Enchantment,0,Knife,500,1,0,1x1,1000,113,0,,,
Enchantment_HeavyOil,Enchantments/Oils/New/DamagePercentage,159,Heavy Oil,+20% damage.,,2,Rare,0,None,0,None,3,Enchantment,0,Knife,650,1,0,1x1,1000,117,0,,,
Enchantment_HipBlasterOil,Enchantments/Oils/New/DamagePercentage,164,Hip Blaster Oil,+20% damage.,,2,Rare,0,None,0,None,3,Enchantment,0,Knife,700,1,0,1x1,1000,122,0,,,
Enchantment_LauncherOil,Enchantments/Oils/New/DamagePercentage,183,Launcher Oil,+20% damage.,,2,Rare,0,None,0,None,3,Enchantment,0,Knife,800,1,0,1x1,1000,141,0,,,
Enchantment_OverclockOil,Enchantments/Oils/New/DamagePercentage,210,Overclock Oil,+20% damage.,,2,Rare,0,None,0,None,3,Enchantment,0,Knife,1000,1,0,1x1,1000,168,0,,,
Enchantment_PuncherOil,Enchantments/Oils/New/DamagePercentage,228,Puncher Oil,+20% damage.,,2,Rare,0,None,0,None,3,Enchantment,0,Knife,1200,1,0,1x1,1000,186,0,,,
Enchantment_SlowPunchOil,Enchantments/Oils/New/DamagePercentage,270,Slow Punch Oil,+20% damage.,,2,Rare,0,None,0,None,3,Enchantment,0,Knife,500,1,0,1x1,1000,227,0,,,
Enchantment_SpartanOil,Enchantments/Oils/New/DamagePercentage,276,Spartan Oil,+20% damage.,,2,Rare,0,None,0,None,3,Enchantment,0,Knife,1000,1,0,1x1,1000,233,0,,,
Enchantment_TerminatorOil,Enchantments/Oils/New/DamagePercentage,295,Terminator Oil,+20% damage.,,2,Rare,0,None,0,None,3,Enchantment,0,Knife,1000,1,0,1x1,1000,253,0,,,
Enchantment_DenseOil,Enchantments/Oils/New/Durability,107,Dense Oil,+20% damage.,,2,Rare,0,None,0,None,3,Enchantment,0,Knife,700,1,0,1x1,1000,65,0,,,
Enchantment_DetuneOil,Enchantments/Oils/New/Durability,108,Detune Oil,+20% damage.,,2,Rare,0,None,0,None,3,Enchantment,0,Knife,800,1,0,1x1,1000,66,0,,,
Enchantment_FeatureGun,Enchantments/Oils/New/Durability,133,FeatureGun,+20% damage.,,2,Rare,0,None,0,None,3,Enchantment,0,Knife,1200,1,0,1x1,1000,92,0,,,
Enchantment_GentleOil,Enchantments/Oils/New/Durability,152,Gentle Oil,+20% damage.,,2,Rare,0,None,0,None,3,Enchantment,0,Knife,300,1,0,1x1,1000,110,0,,,
Enchantment_HeftyOil,Enchantments/Oils/New/Durability,161,Hefty Oil,+20% damage.,,2,Rare,0,None,0,None,3,Enchantment,0,Knife,1000,1,0,1x1,1000,119,0,,,
Enchantment_HighGradeOil,Enchantments/Oils/New/Durability,163,High Grade Oil,+20% damage.,,2,Rare,0,None,0,None,3,Enchantment,0,Knife,1200,1,0,1x1,1000,121,0,,,
Enchantment_InheritedOil,Enchantments/Oils/New/Durability,174,Inherited Oil,+20% damage.,,2,Rare,0,None,0,None,3,Enchantment,0,Knife,1500,1,0,1x1,1000,132,0,,,
Enchantment_ReleaseOil,Enchantments/Oils/New/Durability,237,Release Oil,+20% damage.,,2,Rare,0,None,0,None,3,Enchantment,0,Knife,1100,1,0,1x1,1000,194,0,,,
Enchantment_RigidSystemOil,Enchantments/Oils/New/Durability,240,Rigid System Oil,+20% damage.,,2,Rare,0,None,0,None,3,Enchantment,0,Knife,800,1,0,1x1,1000,197,0,,,
Enchantment_RobustMechanicsOil,Enchantments/Oils/New/Durability,242,Robust Mechanics Oil,+20% damage.,,2,Rare,0,None,0,None,3,Enchantment,0,Knife,800,1,0,1x1,1000,199,0,,,
Enchantment_RubberOil,Enchantments/Oils/New/Durability,245,Rubber Oil,+20% damage.,,2,Rare,0,None,0,None,3,Enchantment,0,Knife,500,1,0,1x1,1000,202,0,,,
Enchantment_SeatedFitOil,Enchantments/Oils/New/Durability,253,Seated Fit Oil,+20% damage.,,2,Rare,0,None,0,None,3,Enchantment,0,Knife,800,1,0,1x1,1000,210,0,,,
Enchantment_SensibleOil,Enchantments/Oils/New/Durability,257,Sensible Oil,+20% damage.,,2,Rare,0,None,0,None,3,Enchantment,0,Knife,650,1,0,1x1,1000,214,0,,,
Enchantment_SlippyCoatingOil,Enchantments/Oils/New/Durability,267,Slippy Coating Oil,+20% damage.,,2,Rare,0,None,0,None,3,Enchantment,0,Knife,1200,1,0,1x1,1000,224,0,,,
Enchantment_SoftBulletOil,Enchantments/Oils/New/Durability,274,Enchantment_SoftBulletOil,+20% damage.,,2,Rare,0,None,0,None,3,Enchantment,0,Knife,700,1,0,1x1,1000,231,0,,,
Enchantment_StiffyFitOil,Enchantments/Oils/New/Durability,284,Stiffy Fit Oil,+20% damage.,,2,Rare,0,None,0,None,3,Enchantment,0,Knife,900,1,0,1x1,1000,241,0,,,
Enchantment_TrustyOldOil,Enchantments/Oils/New/Durability,306,Trusty Old Oil,+20% damage.,,2,Rare,0,None,0,None,3,Enchantment,0,Knife,750,1,0,1x1,1000,264,0,,,
Enchantment_ClashOil,Enchantments/Oils/New/Knockback,1081,Clash Oil,---,,2,Rare,0,None,0,None,3,Enchantment,0,Knife,300,1,0,1x2,1000,296,0,,,
Enchantment_ExcessiveForceOil,Enchantments/Oils/New/Knockback,1083,Excessive Force Oil,---,,2,Rare,0,None,0,None,3,Enchantment,0,Knife,400,1,0,1x1,1000,297,0,,,
Enchantment_ExcessivePowderOil,Enchantments/Oils/New/Knockback,1084,Excessive Powder Oil,---,,2,Rare,0,None,0,None,3,Enchantment,0,Knife,150,1,0,1x1,1000,298,0,,,
Enchantment_FlatEnergyOil,Enchantments/Oils/New/Knockback,1072,Flat Energy Oil,---,,2,Rare,0,None,0,None,3,Enchantment,0,Knife,400,1,0,1x1,1000,299,0,,,
Enchantment_JudoOil,Enchantments/Oils/New/Knockback,1086,Judo Oil,---,,2,Rare,0,None,0,None,3,Enchantment,0,Knife,800,1,0,1x1,1000,300,0,,,
Enchantment_KnockbackOil,Enchantments/Oils/New/Knockback,1071,Knockback Oil,---,,2,Rare,0,None,0,None,3,Enchantment,0,Knife,300,1,0,1x1,1000,301,0,,,
Enchantment_KravMagaOil,Enchantments/Oils/New/Knockback,1078,Krav Maga Oil,---,,2,Rare,0,None,0,None,3,Enchantment,0,Knife,500,1,0,1x1,1000,302,0,,,
Enchantment_MantisShrimpOil,Enchantments/Oils/New/Knockback,1075,Mantis Shrimp Oil,---,,2,Rare,0,None,0,None,3,Enchantment,0,Knife,600,1,0,1x1,1000,303,0,,,
Enchantment_MedicinBallOil,Enchantments/Oils/New/Knockback,1082,Medicin Ball Oil,---,,2,Rare,0,None,0,None,3,Enchantment,0,Knife,800,1,0,1x1,1000,304,0,,,
Enchantment_MooseOil,Enchantments/Oils/New/Knockback,1085,Moose Oil,---,,2,Rare,0,None,0,None,3,Enchantment,0,Knife,400,1,0,1x1,1000,305,0,,,
Enchantment_MuleOil,Enchantments/Oils/New/Knockback,1077,Mule Oil,---,,2,Rare,0,None,0,None,3,Enchantment,0,Knife,800,1,0,1x2,1000,306,0,,,
Enchantment_RamOil,Enchantments/Oils/New/Knockback,1076,Ram Oil,---,,2,Rare,0,None,0,None,3,Enchantment,0,Knife,350,1,0,1x1,1000,307,0,,,
Enchantment_RiotOil,Enchantments/Oils/New/Knockback,1080,Riot Oil,---,,2,Rare,0,None,0,None,3,Enchantment,0,Knife,520,1,0,1x1,1000,308,0,,,
Enchantment_ShoveOil,Enchantments/Oils/New/Knockback,1073,Shove Oil,---,,2,Rare,0,None,0,None,3,Enchantment,0,Knife,500,1,0,1x1,1000,309,0,,,
Enchantment_SturdyOil,Enchantments/Oils/New/Knockback,1079,Sturdy Oil,---,,2,Rare,0,None,0,None,3,Enchantment,0,Knife,450,1,0,1x1,1000,310,0,,,
Enchantment_UntightenedScrewOil,Enchantments/Oils/New/Knockback,1074,Untightened Screw Oil,---,,2,Rare,0,None,0,None,3,Enchantment,0,Knife,600,1,0,1x1,1000,311,0,,,
Enchantment_BlackFridayOil,Enchantments/Oils/New/Multishot,64,Black Friday Oil,+20% damage.,,2,Rare,0,None,0,None,3,Enchantment,0,Knife,300,1,0,1x1,1000,22,0,,,
Enchantment_BombardOil,Enchantments/Oils/New/Multishot,68,Bombard Oil,+20% damage.,,2,Rare,0,None,0,None,3,Enchantment,0,Knife,600,1,0,1x1,1000,26,0,,,
Enchantment_BoomstickOil,Enchantments/Oils/New/Multishot,69,Boomstick Oil,+20% damage.,,2,Rare,0,None,0,None,3,Enchantment,0,Knife,700,1,0,1x1,1000,27,0,,,
Enchantment_CarelessSplitterOil,Enchantments/Oils/New/Multishot,80,Careless Splitter Oil,+20% damage.,,2,Rare,0,None,0,None,3,Enchantment,0,Knife,650,1,0,1x1,1000,38,0,,,
Enchantment_DivisionOil,Enchantments/Oils/New/Multishot,112,Division Oil,+20% damage.,,2,Rare,0,None,0,None,3,Enchantment,0,Knife,700,1,0,1x1,1000,70,0,,,
Enchantment_DoubleNothingOil,Enchantments/Oils/New/Multishot,116,Double Nothing Oil,+20% damage.,,2,Rare,0,None,0,None,3,Enchantment,0,Knife,700,1,0,1x1,1000,74,0,,,
Enchantment_ElephantOil,Enchantments/Oils/New/Multishot,124,Elephant Oil,+20% damage.,,2,Rare,0,None,0,None,3,Enchantment,0,Knife,650,1,0,1x1,1000,81,0,,,
Enchantment_GeminiOil,Enchantments/Oils/New/Multishot,151,Gemini Oil,+20% damage.,,2,Rare,0,None,0,None,3,Enchantment,0,Knife,800,1,0,1x1,1000,109,0,,,
Enchantment_MatrixOil,Enchantments/Oils/New/Multishot,197,Matrix Oil,+20% damage.,,2,Rare,0,None,0,None,3,Enchantment,0,Knife,300,1,0,1x1,1000,155,0,,,
Enchantment_MultichamberOil,Enchantments/Oils/New/Multishot,201,Multichamber Oil,+20% damage.,,2,Rare,0,None,0,None,3,Enchantment,0,Knife,1200,1,0,1x1,1000,159,0,,,
Enchantment_MultishotOil,Enchantments/Oils/New/Multishot,202,Multishot Oil,+20% damage.,,2,Rare,0,None,0,None,3,Enchantment,0,Knife,600,1,0,1x1,1000,160,0,,,
Enchantment_ParallelMagOil,Enchantments/Oils/New/Multishot,213,Parallel Mag Oil,+20% damage.,,2,Rare,0,None,0,None,3,Enchantment,0,Knife,800,1,0,1x1,1000,171,0,,,
Enchantment_ScatterOil,Enchantments/Oils/New/Multishot,251,Scatter Oil,+20% damage.,,2,Rare,0,None,0,None,3,Enchantment,0,Knife,800,1,0,1x1,1000,208,0,,,
Enchantment_ShredderOil,Enchantments/Oils/New/Multishot,262,Shredder Oil,+20% damage.,,2,Rare,0,None,0,None,3,Enchantment,0,Knife,700,1,0,1x1,1000,219,0,,,
Enchantment_SupressiveOil,Enchantments/Oils/New/Multishot,287,Supressive Oil,+20% damage.,,2,Rare,0,None,0,None,3,Enchantment,0,Knife,300,1,0,1x1,1000,244,0,,,
Enchantment_TandemOil,Enchantments/Oils/New/Multishot,291,Tandem Oil,+20% damage.,,2,Rare,0,None,0,None,3,Enchantment,0,Knife,800,1,0,1x1,1000,249,0,,,
Enchantment_TwiceOil,Enchantments/Oils/New/Multishot,308,Twice Oil,+20% damage.,,2,Rare,0,None,0,None,3,Enchantment,0,Knife,1000,1,0,1x1,1000,266,0,,,
Enchantment_TwoTimeOil,Enchantments/Oils/New/Multishot,309,Two Time Oil,+20% damage.,,2,Rare,0,None,0,None,3,Enchantment,0,Knife,1300,1,0,1x1,1000,267,0,,,
Enchantment_BadPlanetOil,Enchantments/Oils/New/Penetration,57,Bad Planet Oil,+20% damage.,,2,Rare,0,None,0,None,3,Enchantment,0,Knife,500,1,0,1x1,1000,15,0,,,
Enchantment_BystanderOil,Enchantments/Oils/New/Penetration,77,Bystander Oil,+20% damage.,,2,Rare,0,None,0,None,3,Enchantment,0,Knife,500,1,0,1x1,1000,35,0,,,
Enchantment_CollateralOil,Enchantments/Oils/New/Penetration,90,Collateral Oil,+20% damage.,,2,Rare,0,None,0,None,3,Enchantment,0,Knife,350,1,0,1x1,1000,48,0,,,
Enchantment_ConsiderateOil,Enchantments/Oils/New/Penetration,95,Considerate Oil,+20% damage.,,2,Rare,0,None,0,None,3,Enchantment,0,Knife,300,1,0,1x1,1000,53,0,,,
Enchantment_FarsightedOil,Enchantments/Oils/New/Penetration,129,Farsighted Oil,+20% damage.,,2,Rare,0,None,0,None,3,Enchantment,0,Knife,200,1,0,1x1,1000,88,0,,,
Enchantment_HeavyLeadOil,Enchantments/Oils/New/Penetration,158,Heavy Lead Oil,+20% damage.,,2,Rare,0,None,0,None,3,Enchantment,0,Knife,100,1,0,1x1,1000,116,0,,,
Enchantment_InconsiderateOil,Enchantments/Oils/New/Penetration,173,Inconsiderate Oil,+20% damage.,,2,Rare,0,None,0,None,3,Enchantment,0,Knife,250,1,0,1x1,1000,131,0,,,
Enchantment_JungianOil,Enchantments/Oils/New/Penetration,177,Jungian Oil,+20% damage.,,2,Rare,0,None,0,None,3,Enchantment,0,Knife,600,1,0,1x1,1000,135,0,,,
Enchantment_NeedleeyeOil,Enchantments/Oils/New/Penetration,204,Needleeye Oil,+20% damage.,,2,Rare,0,None,0,None,3,Enchantment,0,Knife,200,1,0,1x1,1000,162,0,,,
Enchantment_OverdoseOil,Enchantments/Oils/New/Penetration,211,Overdose Oil,+20% damage.,,2,Rare,0,None,0,None,3,Enchantment,0,Knife,100,1,0,1x1,1000,169,0,,,
Enchantment_PenetrationOil,Enchantments/Oils/New/Penetration,215,Penetration Oil,+20% damage.,,2,Rare,0,None,0,None,3,Enchantment,0,Knife,1000,1,0,1x1,1000,173,0,,,
Enchantment_RigorOil,Enchantments/Oils/New/Penetration,241,Rigor Oil,+20% damage.,,2,Rare,0,None,0,None,3,Enchantment,0,Knife,125,1,0,1x1,1000,198,0,,,
Enchantment_SectOil,Enchantments/Oils/New/Penetration,255,Sect Oil,+20% damage.,,2,Rare,0,None,0,None,3,Enchantment,0,Knife,600,1,0,1x1,1000,212,0,,,
Enchantment_SurgicalLaserOil,Enchantments/Oils/New/Penetration,288,Surgical Laser Oil,+20% damage.,,2,Rare,0,None,0,None,3,Enchantment,0,Knife,400,1,0,1x2,1000,246,0,,,
Enchantment_TooMuchOil,Enchantments/Oils/New/Penetration,303,Too Much Oil,+20% damage.,,2,Rare,0,None,0,None,3,Enchantment,0,Knife,900,1,0,1x1,1000,261,0,,,
Enchantment_UntechnicalOil,Enchantments/Oils/New/Penetration,311,Untechnical Oil,+20% damage.,,2,Rare,0,None,0,None,3,Enchantment,0,Knife,300,1,0,1x1,1000,269,0,,,
Enchantment_VasectomyOil,Enchantments/Oils/New/Penetration,312,Vasectomy Oil,+20% damage.,,2,Rare,0,None,0,None,3,Enchantment,0,Knife,700,1,0,1x1,1000,270,0,,,
Enchantment_AttackSpeedOil,Enchantments/Oils/New/RPM,55,Attack Speed Oil,+20% damage.,,2,Rare,0,None,0,None,3,Enchantment,0,Knife,800,1,0,1x1,1000,13,0,,,
Enchantment_BBOil,Enchantments/Oils/New/RPM,59,BB Oil,+20% damage.,,2,Rare,0,None,0,None,3,Enchantment,0,Knife,650,1,0,1x1,1000,17,0,,,
Enchantment_BlurtOil,Enchantments/Oils/New/RPM,66,Blurt Oil,+20% damage.,,2,Rare,0,None,0,None,3,Enchantment,0,Knife,300,1,0,1x1,1000,24,0,,,
Enchantment_DoubleFireOil,Enchantments/Oils/New/RPM,114,Double Fire Oil,+20% damage.,,2,Rare,0,None,0,None,3,Enchantment,0,Knife,800,1,0,1x1,1000,72,0,,,
Enchantment_FragileSystemOil,Enchantments/Oils/New/RPM,145,Fragile System Oil,+20% damage.,,2,Rare,0,None,0,None,3,Enchantment,0,Knife,500,1,0,1x1,1000,103,0,,,
Enchantment_LightweightOil,Enchantments/Oils/New/RPM,189,Lightweight Oil,+20% damage.,,2,Rare,0,None,0,None,3,Enchantment,0,Knife,700,1,0,1x1,1000,147,0,,,
Enchantment_MachineOil,Enchantments/Oils/New/RPM,193,Machine Oil,+20% damage.,,2,Rare,0,None,0,None,3,Enchantment,0,Knife,1000,1,0,1x1,1000,151,0,,,
Enchantment_NoLookOil,Enchantments/Oils/New/RPM,206,No Look Oil,+20% damage.,,2,Rare,0,None,0,None,3,Enchantment,0,Knife,800,1,0,1x1,1000,164,0,,,
Enchantment_PerforateOil,Enchantments/Oils/New/RPM,217,Perforate Oil,+20% damage.,,2,Rare,0,None,0,None,3,Enchantment,0,Knife,800,1,0,1x1,1000,175,0,,,
Enchantment_RapidInternalsOil,Enchantments/Oils/New/RPM,232,Rapid Internals Oil,+20% damage.,,2,Rare,0,None,0,None,3,Enchantment,0,Knife,400,1,0,1x1,1000,189,0,,,
Enchantment_RookieOil,Enchantments/Oils/New/RPM,244,Rookie Oil,+20% damage.,,2,Rare,0,None,0,None,3,Enchantment,0,Knife,300,1,0,1x1,1000,201,0,,,
Enchantment_ShowerOil,Enchantments/Oils/New/RPM,261,Shower Oil,+20% damage.,,2,Rare,0,None,0,None,3,Enchantment,0,Knife,500,1,0,1x1,1000,218,0,,,
Enchantment_SpitterOil,Enchantments/Oils/New/RPM,278,Spitter Oil,+20% damage.,,2,Rare,0,None,0,None,3,Enchantment,0,Knife,700,1,0,1x1,1000,235,0,,,
Enchantment_StationaryOil,Enchantments/Oils/New/RPM,282,Stationary Oil,+20% damage.,,2,Rare,0,None,0,None,3,Enchantment,0,Knife,1200,1,0,1x2,1000,239,0,,,
Enchantment_WasterOil,Enchantments/Oils/New/RPM,318,Waster Oil,+20% damage.,,2,Rare,0,None,0,None,3,Enchantment,0,Knife,800,1,0,1x1,1000,276,0,,,
Enchantment_ZeroFucksOil,Enchantments/Oils/New/RPM,324,Zero Fucks Oil,+20% damage.,,2,Rare,0,None,0,None,3,Enchantment,0,Knife,800,1,0,1x1,1000,282,0,,,
Enchantment_BracedOil,Enchantments/Oils/New/Recoil,73,Braced Oil,+20% damage.,,2,Rare,0,None,0,None,3,Enchantment,0,Knife,800,1,0,1x1,1000,31,0,,,
Enchantment_CasualOil,Enchantments/Oils/New/Recoil,82,Casual Oil,+20% damage.,,2,Rare,0,None,0,None,3,Enchantment,0,Knife,1000,1,0,1x1,1000,40,0,,,
Enchantment_ContainedForceOil,Enchantments/Oils/New/Recoil,96,Contained Force Oil,+20% damage.,,2,Rare,0,None,0,None,3,Enchantment,0,Knife,500,1,0,1x1,1000,54,0,,,
Enchantment_EasyOil,Enchantments/Oils/New/Recoil,121,Easy Oil,+20% damage.,,2,Rare,0,None,0,None,3,Enchantment,0,Knife,900,1,0,1x1,1000,79,0,,,
Enchantment_EasyPlopOil,Enchantments/Oils/New/Recoil,122,Easy Plop Oil,+20% damage.,,2,Rare,0,None,0,None,3,Enchantment,0,Knife,300,1,0,1x1,1000,80,0,,,
Enchantment_FlowFunnelOil,Enchantments/Oils/New/Recoil,141,Flow Funnel Oil,+20% damage.,,2,Rare,0,None,0,None,3,Enchantment,0,Knife,650,1,0,1x1,1000,99,0,,,
Enchantment_LessRecoilOil,Enchantments/Oils/New/Recoil,187,Less Recoil Oil,+20% damage.,,2,Rare,0,None,0,None,3,Enchantment,0,Knife,1200,1,0,1x1,1000,145,0,,,
Enchantment_ModernTechnologyOil,Enchantments/Oils/New/Recoil,199,Modern Technology Oil,+20% damage.,,2,Rare,0,None,0,None,3,Enchantment,0,Knife,600,1,0,1x1,1000,157,0,,,
Enchantment_PeashooterOil,Enchantments/Oils/New/Recoil,214,Peashooter Oil,+20% damage.,,2,Rare,0,None,0,None,3,Enchantment,0,Knife,1000,1,0,1x1,1000,172,0,,,
Enchantment_PurseGunOil,Enchantments/Oils/New/Recoil,230,Purse Gun Oil,+20% damage.,,2,Rare,0,None,0,None,3,Enchantment,0,Knife,1200,1,0,1x1,1000,188,0,,,
Enchantment_ReadyOil,Enchantments/Oils/New/Recoil,233,Ready Oil,+20% damage.,,2,Rare,0,None,0,None,3,Enchantment,0,Knife,800,1,0,1x1,1000,190,0,,,
Enchantment_RelaxOil,Enchantments/Oils/New/Recoil,236,Relax Oil,+20% damage.,,2,Rare,0,None,0,None,3,Enchantment,0,Knife,800,1,0,1x1,1000,193,0,,,
Enchantment_SafetyOil,Enchantments/Oils/New/Recoil,248,Safety Oil,+20% damage.,,2,Rare,0,None,0,None,3,Enchantment,0,Knife,650,1,0,1x1,1000,205,0,,,
Enchantment_StabilityOil,Enchantments/Oils/New/Recoil,280,Stability Oil,+20% damage.,,2,Rare,0,None,0,None,3,Enchantment,0,Knife,800,1,0,1x1,1000,237,0,,,
Enchantment_StableHipOil,Enchantments/Oils/New/Recoil,281,Stable Hip Oil,+20% damage.,,2,Rare,0,None,0,None,3,Enchantment,0,Knife,1100,1,0,1x1,1000,238,0,,,
Enchantment_TensionOil,Enchantments/Oils/New/Recoil,294,Tension Oil,+20% damage.,,2,Rare,0,None,0,None,3,Enchantment,0,Knife,1100,1,0,1x1,1000,252,0,,,
Enchantment_VegetableOil,Enchantments/Oils/New/Recoil,314,Vegetable Oil,+20% damage.,,2,Rare,0,None,0,None,3,Enchantment,0,Knife,800,1,0,1x1,1000,272,0,,,
Enchantment_BulkOil,Enchantments/Oils/New/Recycle,76,Bulk Oil,+20% damage.,,2,Rare,0,None,0,None,3,Enchantment,0,Knife,650,1,0,1x1,1000,34,0,,,
Enchantment_CarefreeOil,Enchantments/Oils/New/Recycle,78,Carefree Oil,+20% damage.,,2,Rare,0,None,0,None,3,Enchantment,0,Knife,800,1,0,1x1,1000,36,0,,,
Enchantment_CheapOil,Enchantments/Oils/New/Recycle,86,Cheap Oil,+20% damage.,,2,Rare,0,None,0,None,3,Enchantment,0,Knife,700,1,0,1x1,1000,44,0,,,
Enchantment_DoOverOil,Enchantments/Oils/New/Recycle,113,Do-over Oil,+20% damage.,,2,Rare,0,None,0,None,3,Enchantment,0,Knife,800,1,0,1x1,1000,71,0,,,
Enchantment_FoodStampOil,Enchantments/Oils/New/Recycle,143,Food Stamp Oil,+20% damage.,,2,Rare,0,None,0,None,3,Enchantment,0,Knife,300,1,0,1x1,1000,101,0,,,
Enchantment_HeavyPocketsOil,Enchantments/Oils/New/Recycle,160,Heavy Pockets  Oil,+20% damage.,,2,Rare,0,None,0,None,3,Enchantment,0,Knife,800,1,0,1x1,1000,118,0,,,
Enchantment_HeliumOil,Enchantments/Oils/New/Recycle,162,Helium Oil,+20% damage.,,2,Rare,0,None,0,None,3,Enchantment,0,Knife,650,1,0,1x1,1000,120,0,,,
Enchantment_KeepOil,Enchantments/Oils/New/Recycle,178,Keep Oil,+20% damage.,,2,Rare,0,None,0,None,3,Enchantment,0,Knife,700,1,0,1x1,1000,136,0,,,
Enchantment_LastDropOil,Enchantments/Oils/New/Recycle,181,Last Drop Oil,+20% damage.,,2,Rare,0,None,0,None,3,Enchantment,0,Knife,250,1,0,1x1,1000,139,0,,,
Enchantment_MosquitoOil,Enchantments/Oils/New/Recycle,200,Mosquito Oil,+20% damage.,,2,Rare,0,None,0,None,3,Enchantment,0,Knife,650,1,0,1x1,1000,158,0,,,
Enchantment_PlopBackOil,Enchantments/Oils/New/Recycle,222,Plop Back Oil,+20% damage.,,2,Rare,0,None,0,None,3,Enchantment,0,Knife,800,1,0,1x1,1000,181,0,,,
Enchantment_RecycleOil,Enchantments/Oils/New/Recycle,235,Recycle Oil,+20% damage.,,2,Rare,0,None,0,None,3,Enchantment,0,Knife,1000,1,0,1x1,1000,192,0,,,
Enchantment_SaviourOil,Enchantments/Oils/New/Recycle,250,Saviour Oil,+20% damage.,,2,Rare,0,None,0,None,3,Enchantment,0,Knife,900,1,0,1x1,1000,207,0,,,
Enchantment_TetrisOil,Enchantments/Oils/New/Recycle,298,Tetris Oil,+20% damage.,,2,Rare,0,None,0,None,3,Enchantment,0,Knife,1200,1,0,1x1,1000,256,0,,,
Enchantment_WalkEasyOil,Enchantments/Oils/New/Recycle,317,Walk Easy Oil,+20% damage.,,2,Rare,0,None,0,None,3,Enchantment,0,Knife,250,1,0,1x1,1000,275,0,,,
Enchantment_WhosCountingOil,Enchantments/Oils/New/Recycle,321,Whos Counting Oil,+20% damage.,,2,Rare,0,None,0,None,3,Enchantment,0,Knife,500,1,0,1x1,1000,279,0,,,
Enchantment_ActionOil,Enchantments/Oils/New/Reload,43,Action Oil,+20% damage.,,2,Rare,0,None,0,None,3,Enchantment,0,Knife,700,1,0,1x1,1000,1,0,,,
Enchantment_AirSoftOil,Enchantments/Oils/New/Reload,47,Airsoft Oil,+20% damage.,,2,Rare,0,None,0,None,3,Enchantment,0,Knife,650,1,0,1x1,1000,5,0,,,
Enchantment_CompoOil,Enchantments/Oils/New/Reload,92,Compo Oil,+20% damage.,,2,Rare,0,None,0,None,3,Enchantment,0,Knife,1100,1,0,1x1,1000,50,0,,,
Enchantment_CycleOil,Enchantments/Oils/New/Reload,101,Cycle Oil,+20% damage.,,2,Rare,0,None,0,None,3,Enchantment,0,Knife,800,1,0,1x1,1000,59,0,,,
Enchantment_DoubleLockOil,Enchantments/Oils/New/Reload,115,Double Lock Oil,+20% damage.,,2,Rare,0,None,0,None,3,Enchantment,0,Knife,800,1,0,1x1,1000,73,0,,,
Enchantment_DynamicOil,Enchantments/Oils/New/Reload,119,Dynamic Oil,+20% damage.,,2,Rare,0,None,0,None,3,Enchantment,0,Knife,450,1,0,1x1,1000,77,0,,,
Enchantment_FidgetLordOil,Enchantments/Oils/New/Reload,134,Fidget Lord Oil,+20% damage.,,2,Rare,0,None,0,None,3,Enchantment,0,Knife,1000,1,0,1x1,1000,93,0,,,
Enchantment_GunslingerOil,Enchantments/Oils/New/Reload,156,Gunslinger Oil,+20% damage.,,2,Rare,0,None,0,None,3,Enchantment,0,Knife,900,1,0,1x1,1000,114,0,,,
Enchantment_MainDisciplineOil,Enchantments/Oils/New/Reload,194,Main Discipline Oil,+20% damage.,,2,Rare,0,None,0,None,3,Enchantment,0,Knife,650,1,0,1x1,1000,152,0,,,
Enchantment_MainFocusOil,Enchantments/Oils/New/Reload,195,Main Focus Oil,+20% damage.,,2,Rare,0,None,0,None,3,Enchantment,0,Knife,700,1,0,1x1,1000,153,0,,,
Enchantment_NerfOil,Enchantments/Oils/New/Reload,205,Nerf Oil,+20% damage.,,2,Rare,0,None,0,None,3,Enchantment,0,Knife,650,1,0,1x1,1000,163,0,,,
Enchantment_ReloadOil,Enchantments/Oils/New/Reload,238,Reload Oil,+20% damage.,,2,Rare,0,None,0,None,3,Enchantment,0,Knife,1100,1,0,1x1,1000,195,0,,,
Enchantment_RushJobOil,Enchantments/Oils/New/Reload,246,Rush Job Oil,+20% damage.,,2,Rare,0,None,0,None,3,Enchantment,0,Knife,800,1,0,1x1,1000,203,0,,,
Enchantment_ShavedClipOil,Enchantments/Oils/New/Reload,258,Shaved Clip Oil,+20% damage.,,2,Rare,0,None,0,None,3,Enchantment,0,Knife,550,1,0,1x1,1000,215,0,,,
Enchantment_SpeedTradeOil,Enchantments/Oils/New/Reload,277,Speed Trade Oil,+20% damage.,,2,Rare,0,None,0,None,3,Enchantment,0,Knife,400,1,0,1x1,1000,234,0,,,
Enchantment_TacticalOil,Enchantments/Oils/New/Reload,290,Tactical Oil,+20% damage.,,2,Rare,0,None,0,None,3,Enchantment,0,Knife,650,1,0,1x1,1000,248,0,,,
Enchantment_TaskOil,Enchantments/Oils/New/Reload,292,Task Oil,+20% damage.,,2,Rare,0,None,0,None,3,Enchantment,0,Knife,900,1,0,1x1,1000,250,0,,,
Enchantment_TechSupportOil,Enchantments/Oils/New/Reload,293,Tech Support Oil,+20% damage.,,2,Rare,0,None,0,None,3,Enchantment,0,Knife,1100,1,0,1x1,1000,251,0,,,
Enchantment_BigTaxOil,Enchantments/Oils/New/Size,62,Big Tax Oil,+20% damage.,,2,Rare,0,None,0,None,3,Enchantment,0,Knife,220,1,0,1x1,1000,20,0,,,
Enchantment_BirthOil,Enchantments/Oils/New/Size,63,Birth Oil,+20% damage.,,2,Rare,0,None,0,None,3,Enchantment,0,Knife,100,1,0,1x1,1000,21,0,,,
Enchantment_ChonkOil,Enchantments/Oils/New/Size,87,Chonk Oil,+20% damage.,,2,Rare,0,None,0,None,3,Enchantment,0,Knife,200,1,0,1x1,1000,45,0,,,
Enchantment_ChubOil,Enchantments/Oils/New/Size,88,Chub Oil,+20% damage.,,2,Rare,0,None,0,None,3,Enchantment,0,Knife,100,1,0,1x1,1000,46,0,,,
Enchantment_ClumpOil,Enchantments/Oils/New/Size,89,Clump Oil,+20% damage.,,2,Rare,0,None,0,None,3,Enchantment,0,Knife,175,1,0,1x1,1000,47,0,,,
Enchantment_CongestionOil,Enchantments/Oils/New/Size,94,Congestion Oil,+20% damage.,,2,Rare,0,None,0,None,3,Enchantment,0,Knife,300,1,0,1x1,1000,52,0,,,
Enchantment_FlopOil,Enchantments/Oils/New/Size,140,Flop Oil,+20% damage.,,2,Rare,0,None,0,None,3,Enchantment,0,Knife,400,1,0,1x1,1000,98,0,,,
Enchantment_GargantuanOil,Enchantments/Oils/New/Size,150,Gargantuan Oil,+20% damage.,,2,Rare,0,None,0,None,3,Enchantment,0,Knife,400,1,0,1x1,1000,108,0,,,
Enchantment_OverOil,Enchantments/Oils/New/Size,212,Over Oil,+20% damage.,,2,Rare,0,None,0,None,3,Enchantment,0,Knife,400,1,0,1x1,1000,170,0,,,
Enchantment_PotatoOil,Enchantments/Oils/New/Size,225,Potato Oil,+20% damage.,,2,Rare,0,None,0,None,3,Enchantment,0,Knife,400,1,0,1x1,1000,183,0,,,
Enchantment_SizeUpOil,Enchantments/Oils/New/Size,263,Size Up Oil,+20% damage.,,2,Rare,0,None,0,None,3,Enchantment,0,Knife,500,1,0,1x1,1000,220,0,,,
Enchantment_SmashOil,Enchantments/Oils/New/Size,273,Smash Oil,+20% damage.,,2,Rare,0,None,0,None,3,Enchantment,0,Knife,600,1,0,1x1,1000,230,0,,,
Enchantment_TightOil,Enchantments/Oils/New/Size,302,Tight Oil,+20% damage.,,2,Rare,0,None,0,None,3,Enchantment,0,Knife,400,1,0,1x1,1000,260,0,,,
Enchantment_XanaxOil,Enchantments/Oils/New/Size,323,Xanax Oil,+20% damage.,,2,Rare,0,None,0,None,3,Enchantment,0,Knife,500,1,0,1x1,1000,281,0,,,
Enchantment_AltruisticOil,Enchantments/Oils/New/Spread,48,Altruistic Oil,+20% damage.,,2,Rare,0,None,0,None,3,Enchantment,0,Knife,800,1,0,1x1,1000,6,0,,,
Enchantment_ArtilleryOil,Enchantments/Oils/New/Spread,52,Artillery Oil,+20% damage.,,2,Rare,0,None,0,None,3,Enchantment,0,Knife,650,1,0,1x1,1000,10,0,,,
Enchantment_BowlOil,Enchantments/Oils/New/Spread,72,Bowl Oil,+20% damage.,,2,Rare,0,None,0,None,3,Enchantment,0,Knife,800,1,0,1x1,1000,30,0,,,
Enchantment_CarefulOil,Enchantments/Oils/New/Spread,79,Careful Oil,+20% damage.,,2,Rare,0,None,0,None,3,Enchantment,0,Knife,800,1,0,1x1,1000,37,0,,,
Enchantment_DeadCenterOil,Enchantments/Oils/New/Spread,105,Dead Center Oil,+20% damage.,,2,Rare,0,None,0,None,3,Enchantment,0,Knife,800,1,0,1x1,1000,63,0,,,
Enchantment_ExoticBarrelOil,Enchantments/Oils/New/Spread,126,Exotic Barrel Oil,+20% damage.,,2,Rare,0,None,0,None,3,Enchantment,0,Knife,500,1,0,1x1,1000,84,0,,,
Enchantment_HipMarksmanOil,Enchantments/Oils/New/Spread,165,Hip Marksman Oil,+20% damage.,,2,Rare,0,None,0,None,3,Enchantment,0,Knife,800,1,0,1x1,1000,123,0,,,
Enchantment_LostInFocusOil,Enchantments/Oils/New/Spread,191,Lost In Focus Oil,+20% damage.,,2,Rare,0,None,0,None,3,Enchantment,0,Knife,650,1,0,1x1,1000,149,0,,,
Enchantment_PlinkerOil,Enchantments/Oils/New/Spread,221,Plinker Oil,+20% damage.,,2,Rare,0,None,0,None,3,Enchantment,0,Knife,800,1,0,1x1,1000,180,0,,,
Enchantment_ShellManOil,Enchantments/Oils/New/Spread,259,Shellman Oil,+20% damage.,,2,Rare,0,None,0,None,3,Enchantment,0,Knife,800,1,0,1x1,1000,216,0,,,
Enchantment_SlickOil,Enchantments/Oils/New/Spread,266,Slick Oil,+20% damage.,,2,Rare,0,None,0,None,3,Enchantment,0,Knife,1000,1,0,1x1,1000,223,0,,,
Enchantment_SpreadOil,Enchantments/Oils/New/Spread,279,Spread Oil,+20% damage.,,2,Rare,0,None,0,None,3,Enchantment,0,Knife,900,1,0,1x1,1000,236,0,,,
Enchantment_StoicOil,Enchantments/Oils/New/Spread,285,Stoic Oil,+20% damage.,,2,Rare,0,None,0,None,3,Enchantment,0,Knife,1100,1,0,1x1,1000,242,0,,,
Enchantment_ThoroughOil,Enchantments/Oils/New/Spread,299,Thorough Oil,+20% damage.,,2,Rare,0,None,0,None,3,Enchantment,0,Knife,900,1,0,1x1,1000,257,0,,,
Enchantment_VeganOil,Enchantments/Oils/New/Spread,313,Vegan Oil,+20% damage.,,2,Rare,0,None,0,None,3,Enchantment,0,Knife,800,1,0,1x1,1000,271,0,,,
Enchantment_BoulderOil,Enchantments/Oils/New/Weight,70,Boulder Oil,+20% damage.,,2,Rare,0,None,0,None,3,Enchantment,0,Knife,800,1,0,1x1,1000,28,0,,,
Enchantment_HyperLeadOil,Enchantments/Oils/New/Weight,171,Hyper Lead Oil,+20% damage.,,2,Rare,0,None,0,None,3,Enchantment,0,Knife,800,1,0,1x1,1000,129,0,,,
Enchantment_Aftershock,Enchantments/Upgraded,45,Scroll of Aftershock,"- Adds chance to shock the area on hit, stunning nearby units.",,4,Legendary,0,None,0,None,3,Enchantment,0,Knife,5000,1,0,1x2,1000,3,0,,,
Enchantment_Blizzard,Enchantments/Upgraded,1087,Scroll of Blizzard,,,4,Legendary,0,None,0,None,3,Enchantment,0,Knife,3500,1,0,1x2,1000,312,0,,,
Enchantment_ChainLightning,Enchantments/Upgraded,83,Scroll of Chain Lightning,"- Adds a chance of spawning a bolt that electrocutes and spreads to nearby enemies.""",,4,Legendary,0,None,0,None,3,Enchantment,0,Knife,4000,1,0,1x2,1000,41,0,,,
Enchantment_Charm,Enchantments/Upgraded,85,Scroll of Charm,"- Bullets get a chance to charm the enemy, making it fight for you.",,4,Legendary,0,None,0,None,3,Enchantment,0,Knife,2000,1,0,1x2,1000,43,0,,,
Enchantment_CorpseExplosion,Enchantments/Upgraded,97,Scroll of Corpse Explosion,- Builds explosive power with each hit on a bouncing dead enemy,,4,Legendary,0,None,0,None,3,Enchantment,0,Knife,3000,1,0,1x2,1000,55,0,,,
Enchantment_CorrosiveBlood,Enchantments/Upgraded,98,Scroll of Poison Blood,"- Poisons enemies, making them bleed envenomed blood.",,4,Legendary,0,None,0,None,3,Enchantment,0,Knife,3000,1,0,1x2,1000,56,0,,,
Enchantment_Crusader,Enchantments/Upgraded,100,Scroll of Crusader,- Increases damage on target for every bullet hit.,,4,Legendary,0,None,0,None,3,Enchantment,0,Knife,1000,1,0,1x2,1000,58,0,,,
Enchantment_CryoRocketLauncher,Enchantments/Upgraded,1061,Scroll of Cryo Rocket Launcher,- Transforms the bullets into cryo rockets.,,4,Legendary,0,None,0,None,3,Enchantment,0,Knife,2000,1,0,1x2,1000,289,0,,,
Enchantment_CryoSnakes,Enchantments/Upgraded,1062,Scroll of Cryo Snakes,,,4,Legendary,0,None,0,None,3,Enchantment,0,Knife,3500,1,0,1x2,1000,290,0,,,
Enchantment_Fear,Enchantments/Upgraded,132,Scroll of Fear,- Adds a chance to fear target on hit.,,4,Legendary,0,None,0,None,3,Enchantment,0,Knife,2500,1,0,1x2,1000,91,0,,,
Enchantment_FoulFate,Enchantments/Upgraded,1020,Scroll of Foul Fate,,,4,Legendary,0,None,0,None,3,Enchantment,0,Knife,3500,1,0,1x2,1000,286,0,,,
Enchantment_HolyWater,Enchantments/Upgraded,1059,Scroll of Holy Water,,,4,Legendary,0,None,0,None,3,Enchantment,0,Knife,3500,1,0,1x2,1000,287,0,,,
Enchantment_Lava,Enchantments/Upgraded,184,Scroll of Lava,- Spawns lava on hit that burns enemies.,,4,Legendary,0,None,0,None,3,Enchantment,0,Knife,4000,1,0,1x2,1000,142,0,,,
Enchantment_LeastResistance,Enchantments/Upgraded,186,Scroll of Least Resistance,- Adds homing bullets,,4,Legendary,0,None,0,None,3,Enchantment,0,Knife,6000,1,0,1x2,1000,144,0,,,
Enchantment_Metamorph,Enchantments/Upgraded,1060,Scroll of Metamorph,,,4,Legendary,0,None,0,None,3,Enchantment,0,Knife,3500,1,0,1x2,1000,288,0,,,
Enchantment_Noxiosa,Enchantments/Upgraded,208,Scroll of Noxiosa,- Creates a cloud of deadly poison on hit.,,4,Legendary,0,None,0,None,3,Enchantment,0,Knife,3000,1,0,1x2,1000,166,0,,,
Enchantment_Petrification,Enchantments/Upgraded,219,Scroll of Petrification,"- Adds a chance to petrify a unit, turning it to stone. Petrified units cannot take damage, and deflect incoming bullets.",,4,Legendary,0,None,0,None,3,Enchantment,0,Knife,4000,1,0,1x2,1000,177,0,,,
Enchantment_Petroleum,Enchantments/Upgraded,220,Scroll of Petroleum,- Drenches enemies in oil. Oily units take extra fire damage.,,4,Legendary,0,None,0,None,3,Enchantment,0,Knife,400,1,0,1x2,1000,178,0,,,
Enchantment_Pollen,Enchantments/Upgraded,1019,Scroll of Pollen,,,4,Legendary,0,None,0,None,3,Enchantment,0,Knife,3500,1,0,1x2,1000,285,0,,,
Enchantment_Pyroclasm,Enchantments/Upgraded,231,Scroll of Explosions,- Adds Explosions on hit.,,4,Legendary,0,None,0,None,3,Enchantment,0,Knife,2000,1,0,1x2,1000,86,0,,,
Enchantment_RocketLauncher,Enchantments/Upgraded,243,Scroll of Rocket Launcher,- Transforms the bullets into rockets.,,4,Legendary,0,None,0,None,3,Enchantment,0,Knife,2000,1,0,1x2,1000,200,0,,,
Enchantment_SacredGround,Enchantments/Upgraded,1018,Scroll of Sacred Ground,,,4,Legendary,0,None,0,None,3,Enchantment,0,Knife,3500,1,0,1x2,1000,284,0,,,
Enchantment_SnowmanHead,Enchantments/Upgraded,1089,Scroll of Snowman Head,,,4,Legendary,0,None,0,None,3,Enchantment,0,Knife,3500,1,0,1x2,1000,314,0,,,
Enchantment_Steam,Enchantments/Upgraded,283,Scroll of Steam,- Turns gun into a steaming machine,,4,Legendary,0,None,0,None,3,Enchantment,0,Knife,5000,1,0,1x2,1000,240,0,,,
Enchantment_StormSurge,Enchantments/Upgraded,286,Scroll of Storm Surge,- Creates a deadly discharge of electricity on hit that can damage multiple units.,,4,Legendary,0,None,0,None,3,Enchantment,0,Knife,4000,1,0,1x2,1000,243,0,,,
Enchantment_SuperSoaker,Enchantments/Upgraded,1068,Scroll of Mega Soaker,,,4,Legendary,0,None,0,None,3,Enchantment,0,Knife,3500,1,0,1x2,1000,295,0,,,
Enchantment_Thunderbolt,Enchantments/Upgraded,300,Scroll of Thunderbolt,- Enchant weapon to use thunderbolts,,4,Legendary,0,None,0,None,3,Enchantment,0,Knife,6000,1,0,1x2,1000,258,0,,,
Enchantment_Titanic,Enchantments/Upgraded,1066,Scroll of Titanic,,,4,Legendary,0,None,0,None,3,Enchantment,0,Knife,3500,1,0,1x2,1000,293,0,,,
Enchantment_Vinesprout,Enchantments/Upgraded,1063,Scroll of Vinesprout,- Guaranteed to root enemies on hit.\n- Creates vines on environment hit.,,4,Legendary,0,None,0,None,3,Enchantment,0,Knife,3500,1,0,1x2,1000,291,0,,,
Enchantment_Voodoo,Enchantments/Upgraded,316,Scroll of Voodoo,"- Links together units, causing a percentage of damage to be shared between them.",,4,Legendary,0,None,0,None,3,Enchantment,0,Knife,1200,1,0,1x2,1000,274,0,,,
Enchantment_WaterBomb,Enchantments/Upgraded,1088,Scroll of Water Bomb,,,4,Legendary,0,None,0,None,3,Enchantment,0,Knife,3500,1,0,1x2,1000,313,0,,,
Item_ChristmasSock,Equipment/ChristmasEquipment,399,Christmas Sock,,"Ah, so that's went. Now where's the other one?",0,Common,5,Feet,0,None,1,Equippable,0,Knife,200,1,0,2x2,50,0,0,ProjectileMoveAsLight=0.05(PercentAdd);ProjectileKinematicSteerable=20(Flat),,
Item_ChristmasSweater,Equipment/ChristmasEquipment,401,Christmas Sweater,,Highly absorbant morning wear made out of towel.,2,Rare,3,Torso,0,None,1,Equippable,0,Knife,700,1,0,2x3,500,0,0,ProjectileApplyStun=2(Flat),,
Item_RudolfNose,Equipment/ChristmasEquipment,652,Rudolf Nose,,Casual nylon headwear that only works on certain people.,0,Common,2,Head,0,None,1,Equippable,0,Knife,300,1,0,2x2,1500,0,0,ProjectileApplyStun=3(Flat);DisableMuzzleFlash=1(Flat),,
Item_SantaCoat,Equipment/ChristmasEquipment,668,Christmas Sweater,,Highly absorbant morning wear made out of towel.,2,Rare,3,Torso,0,None,1,Equippable,0,Knife,700,1,0,2x3,500,0,0,ProjectileApplyStun=6(Flat);ProjectileMoveAsLight=-0.1(Flat),,
Item_SantaHat,Equipment/ChristmasEquipment,669,Santa Hat,,Casual nylon headwear that only works on certain people.,0,Common,2,Head,0,None,1,Equippable,0,Knife,600,1,0,2x2,350,0,0,ProjectileApplyStun=2(Flat);Spread=1(Flat),,
Item_WinterScarf,Equipment/ChristmasEquipment,744,Winter Scarf,,Casual nylon headwear that only works on certain people.,0,Common,2,Head,0,None,1,Equippable,0,Knife,900,1,0,2x2,350,0,0,ProjectileKinematicSteerable=20(Flat);ProjectileMoveAsLight=0.2(Flat),,
Item_Balaklava,Equipment/Head,333,Balaclava,,Worn by skiers and bank robbers all over the world!,1,Uncommon,2,Head,0,None,1,Equippable,0,Knife,500,1,0,2x2,250,0,0,ProjectileApplyStun=1(Flat);ConsumeAmmoChance=0.1(PercentAdd);ProjectileOnHitNoxiosaCloud=-15(Flat),,
Item_BallisticHelmet,Equipment/Head,334,Ballistic Helmet,,A sloped military helmet made of steel and strengthened with several layers of aramid fabric.,3,Epic,2,Head,0,None,1,Equippable,0,Knife,1100,1,0,2x2,500,0,0,ProjectileApplyStun=5(Flat),,
Item_BandanaBlue,Equipment/Head,340,Blue Bandana,,"A folded sheet of cloth that can be worn either on the top of ones head, or as a face covering. Its color signifies allegience.",0,Common,2,Head,0,None,1,Equippable,0,Knife,460,1,0,2x1,350,0,0,ProjectileApplyStun=1(Flat);DisableLootOrgans=0.1(PercentAdd),,
Item_BandanaRed,Equipment/Head,341,Red Bandana,,"A folded sheet of cloth that can be worn either on the top of ones head, or as a face covering. Its color signifies allegience.A folded sheet of cloth that can be worn either on the top of ones head, or as a face covering. Its color signifies allegience. ",0,Common,2,Head,0,None,1,Equippable,0,Knife,460,1,0,2x1,350,0,0,ProjectileApplyStun=1(Flat);DisableLootOrgans=0.1(PercentAdd),,
Item_Beanie,Equipment/Head,345,Beanie,,Casual nylon headwear that only works on certain people.,0,Common,2,Head,0,None,1,Equippable,0,Knife,300,1,0,2x2,350,0,0,ProjectileApplyStun=2(Flat),,
Item_BeerHelmet,Equipment/Head,348,Beer Helmet,,A plastic helmet that with beer cans strapped to either side. The beer is nozzled straight to the wearers mouth via tubes.,0,Common,2,Head,0,None,1,Equippable,0,Knife,460,1,0,2x2,350,0,0,ProjectileApplyStun=2(Flat);ProjectileKinematicForce=15(Flat),,
Item_Blindfold,Equipment/Head,356,Blindfold,,A crude piece of cloth tied into a blindfold.,0,Common,2,Head,0,None,1,Equippable,0,Knife,150,1,0,2x1,350,0,0,ProjectileApplyStun=1(Flat);ProjectileOnHitLava=1(Flat),,
Item_Cap,Equipment/Head,383,Cap,,"Basic headwear designed to keep the sun, as well as CCTV cameras, out of your face.",0,Common,2,Head,0,None,1,Equippable,0,Knife,200,1,0,2x1,350,0,0,ProjectileApplyStun=1(Flat),,
Item_CowboyHat,Equipment/Head,412,Cowboy Hat,,"But you can't be any geek off the street, gotta be handy with the steel, if you know what I mean, earn your keep.",1,Uncommon,2,Head,0,None,1,Equippable,0,Knife,750,1,0,2x1,350,0,0,ProjectileApplyStun=2(Flat);DurabilityLoss=0.1(PercentAdd),,
Item_Crown,Equipment/Head,417,Crown,,"A dusty old crown, probably worn by some ancient king or queen. Most likely valuable.",3,Epic,2,Head,0,None,1,Equippable,0,Knife,15000,1,0,2x1,350,0,0,ProjectileApplyStun=2(Flat);ProjectileOnHitNoxiosaCloud=25(Flat),,
Item_DivingMask,Equipment/Head,430,Diving Mask,,"A set of plastic goggles, with a covering for the user's nose, that are designed to allow for unhindered vision underwater.",0,Common,2,Head,0,None,1,Equippable,0,Knife,360,1,0,2x1,350,0,0,ProjectileApplyStun=1(Flat);KnockbackPower=1(Flat),,
Item_DunceCap,Equipment/Head,438,Dunce Cap,,Casual nylon headwear that only works on certain people.,0,Common,2,Head,0,None,1,Equippable,0,Knife,700,1,0,2x2,100,0,0,ProjectileOnHitNoxiosaCloud=-2(Flat);ProjectileTurnOffBulletHoles=4(Flat);ProjectileMoveAsLight=-0.5(PercentAdd),,
Item_EarProtectors,Equipment/Head,439,Ear Protectors,,Plastic earmuffs that are worn in loud environments to reduce damage to the user's hearing.,0,Common,2,Head,0,None,1,Equippable,0,Knife,460,1,0,2x2,350,0,0,ProjectileApplyStun=1(Flat);ProjectileBounciness=30(Flat);ProjectileHolyFire=1(Flat),,
Item_EyePatch,Equipment/Head,446,Eye Patch,,"""At least you got a cool piraty look out of it.""",2,Rare,2,Head,0,None,1,Equippable,0,Knife,800,1,0,2x1,350,0,0,ProjectileApplyVoodoo=50(Flat);ProjectileOnHitStormSurge=0.1(Flat),,
Item_FirefighterHelmet,Equipment/Head,449,Firefighter Helmet,,Sturdy head protection made of heavy duty plastic that has been reinforced with plexiglass. Its insulation protects the wearer from heat.,0,Common,2,Head,0,None,1,Equippable,0,Knife,700,1,0,2x2,350,0,0,ProjectileApplyStun=3(Flat);ProjectileKinematicForce=50(Flat),,
Item_FluffyHat,Equipment/Head,457,Fluffy Hat,,An adorable ushanka made of polyester and synthetic sheep's fur.,1,Uncommon,2,Head,0,None,1,Equippable,0,Knife,380,1,0,2x2,250,0,0,ProjectileKinematicSteerable=50(Flat);ProjectileApplyStun=1(Flat),,
Item_GasMask,Equipment/Head,466,Gas Mask,,"A CBRN rated gas mask designed to protect the wearer from chemical, bacterial, radiological and nuclear hazards.",0,Common,2,Head,0,None,1,Equippable,0,Knife,650,1,0,2x2,350,0,0,ProjectileApplyStun=2(Flat);ProjectileOnHitAftershock=50(Flat),,
Item_HardHat,Equipment/Head,482,Hardhat,,Plastic headwear commonly worn at construction sites to reduce risk of injury.,0,Common,2,Head,0,None,1,Equippable,0,Knife,420,1,0,2x2,350,0,0,ProjectileApplyStun=3(Flat),,
Item_HockeyHelmet,Equipment/Head,495,Hockey Helmet,,A plastic helmet made to reduce blunt damage taken in the sport of Hockey.,0,Common,2,Head,0,None,1,Equippable,0,Knife,420,1,0,2x2,350,0,0,ProjectileApplyStun=3(Flat),,
Item_KnightsHelmet,Equipment/Head,523,Knight's Helmet,,Steel armor with a rotary visor that is very effective at stopping piercing damage.,1,Uncommon,2,Head,0,None,1,Equippable,0,Knife,1000,1,0,2x3,350,0,0,ProjectileApplyStun=15(Flat);ProjectileMoveAsLight=-0.05(PercentAdd),,
Item_MilitaryHelmet,Equipment/Head,557,Military Helmet,,A high-end bulletproof helmet of a cordura-titanium composite. Has fittings for commonly used mounts for NVGs and other tactical equipment.,0,Common,2,Head,0,None,1,Equippable,0,Knife,2500,1,0,2x2,350,0,0,ProjectileApplyStun=9(Flat);ConsumeAmmoChance=0.1(PercentAdd),,
Item_MotorcycleHelmet,Equipment/Head,567,Motorcycle Helmet,,"Head protection made of plastic and kevlar. Not bullet proof, but may help to cushion a blow.",0,Common,2,Head,0,None,1,Equippable,0,Knife,800,1,0,2x2,350,0,0,ProjectileApplyStun=3(Flat);ProjectileBounciness=50(Flat),,
Item_PithHelmet,Equipment/Head,596,Pith Helmet,,"""Tally ho!""",0,Common,2,Head,0,None,1,Equippable,0,Knife,700,1,0,2x2,350,0,0,ProjectileApplyStun=2(Flat);Experience=0.1(PercentAdd),,
Item_PoliceHat,Equipment/Head,604,Police Hat,,"Dead or alive, you're coming with me.",1,Uncommon,2,Head,0,None,1,Equippable,0,Knife,600,1,0,2x1,350,0,0,ProjectileApplyStun=1(Flat);DisableLootOrgans=0.1(PercentAdd),,
Item_PopeHat,Equipment/Head,608,Pope Hat,,"Oh, this? That's just ketchup.",0,Common,2,Head,0,None,1,Equippable,0,Knife,2000,1,0,2x2,150,0,0,ProjectileTurnOffBulletHoles=1(Flat),,
Item_RoundGlasses,Equipment/Head,649,Round Glasses,,"Thin framed, circular eyewear that will surely accentuate your artistic soul.",0,Common,2,Head,0,None,1,Equippable,0,Knife,200,1,0,2x1,350,0,0,ProjectileApplyVoodoo=25(Flat),,
Item_SkiGoggles,Equipment/Head,688,Ski Goggles,,Tinted eyewear held to the wearer's face by an elastic strap. Helps to block out sunlight and reduce risk the impact of snow blindness.,0,Common,2,Head,0,None,1,Equippable,0,Knife,200,1,0,2x1,350,0,0,KnockbackPower=1(Flat);ProjectileKinematicSteerable=20(Flat);ProjectileMass=20(Flat),,
Item_SquareGlasses,Equipment/Head,702,Square Glasses,,"Hey, just like the ones Kevin wears!",0,Common,2,Head,0,None,1,Equippable,0,Knife,300,1,0,2x1,350,0,0,ConsumeAmmoChance=0.05(PercentAdd),,
Item_SteelHelmet,Equipment/Head,703,Steel Helmet,,"A mass produced helmet of steel, capable of stopping low caliber bullets from entering at certain angles of attack. Its previous owner left a playing card strapped to its side.",0,Common,2,Head,0,None,1,Equippable,0,Knife,2500,1,0,2x2,350,0,0,ProjectileApplyStun=8(Flat);DisableADS=0.1(PercentAdd);ProjectileMoveAsLight=-0.1(PercentAdd),,
Item_SulfurCap,Equipment/Head,710,SULFUR Cap,,A fourth wall-breaking cap. Really comfy and signifies that you have really exquisite taste in all things.,0,Common,2,Head,0,None,1,Equippable,0,Knife,300,1,0,2x1,350,0,0,ProjectileApplyStun=1(Flat);ProjectileOnHitNoxiosaCloud=10(Flat),,
Item_Sunglasses,Equipment/Head,712,Sunglasses,,Eyewear that blocks sunlight from entering your eyes. Has the added benefit of making literally anyone look cooler with them on.,0,Common,2,Head,0,None,1,Equippable,0,Knife,460,1,0,2x1,350,0,0,ProjectileOnHitNoxiosaCloud=20(Flat);ProjectileBounciness=25(Flat);ProjectileMass=25(Flat);ImpactEffectSoundOnly=1(Flat),,
Item_SylvesterHat,Equipment/Head,718,Sylvester Hat,,,0,Common,2,Head,0,None,1,Equippable,0,Knife,200,1,0,2x2,350,0,0,ProjectileApplyStun=1(Flat);ProjectileBounce=10(Flat),,
Item_TankerHelmet,Equipment/Head,719,Tanker Helmet,,Llightly armored headwear designed to be extremely shock resistant.,0,Common,2,Head,0,None,1,Equippable,0,Knife,1000,1,0,2x2,350,0,0,ProjectileApplyStun=6(Flat);ProjectileBounciness=30(Flat),,
Item_TitaniumHelmet,Equipment/Head,721,Titanium Helmet,,A heavy-duty combat helmet with an armored visor that provides the wearer great protection against bullet impacts and explosions.,0,Common,2,Head,0,None,1,Equippable,0,Knife,3400,1,0,2x2,350,0,0,ProjectileApplyStun=13(Flat);ProjectileBounciness=60(Flat),,
Item_AirBat,Equipment/Shoes,326,Air Bat,,,2,Rare,5,Feet,0,None,1,Equippable,0,Knife,800,1,0,2x1,100,0,0,ProjectileMoveAsLight=0.1(PercentAdd);ProjectileTurnOffBulletHoles=1(Flat);ProjectileApplyStun=1(Flat),,
Item_BlastBoot,Equipment/Shoes,354,Blast Boot,,,2,Rare,5,Feet,0,None,1,Equippable,0,Knife,400,1,0,2x2,100,0,0,ProjectileApplyStun=5(Flat);ProjectileMoveAsLight=-0.1(PercentAdd);ProjectileBounciness=15(Flat),,
Item_BlueSlipper,Equipment/Shoes,360,Blue Slipper,,"Almost a shoe, sort of. Made for relaxing moments by the pool, and other relaxation related areas.",0,Common,5,Feet,0,None,1,Equippable,0,Knife,300,1,0,2x1,50,0,0,ProjectileMoveAsLight=0.05(PercentAdd);ProjectileApplyStun=1(Flat),,
Item_Clog,Equipment/Shoes,404,Clog,,Traditional footwear designed for easy equipping and superior toe protection.,1,Uncommon,5,Feet,0,None,1,Equippable,0,Knife,400,1,0,2x1,800,0,0,ProjectileApplyStun=3(Flat);ProjectileMoveAsLight=-0.1(PercentAdd),,
Item_CombatBoots,Equipment/Shoes,407,Combat Boot,,Sturdy footwear intended for use by soldiers.,1,Uncommon,5,Feet,0,None,1,Equippable,0,Knife,610,1,0,2x2,500,0,0,ProjectileApplyStun=10(Flat);ProjectileMoveAsLight=0.075(PercentAdd);ProjectileOnHitExplosionRPG=0.2(PercentAdd);ShootEffectSoundOnly=-0.15(PercentAdd),,
Item_CowboyBoot,Equipment/Shoes,411,Cowboy Boot,,"Made for boying cows, or signaling a generally country lifestyle.",1,Uncommon,5,Feet,0,None,1,Equippable,0,Knife,330,1,0,2x2,300,0,0,ProjectileApplyStun=5(Flat);DurabilityLoss=0.1(PercentAdd),,
Item_DressShoe,Equipment/Shoes,1015,Dress Shoe,,"Uncomfortable shoe, for important people.",0,Common,5,Feet,0,None,1,Equippable,0,Knife,1200,1,0,2x1,90,0,0,ProjectileMoveAsLight=-0.05(PercentAdd);ProjectileOnHitNoxiosaCloud=15(Flat);ProjectileApplyStun=2(Flat),,
Item_FrogmanFoot,Equipment/Shoes,463,Diving Fin,,Finlike footwear made of rubber and polymer to aid propulsion while diving. Their awkward design significantly impairs movement on land.,1,Uncommon,5,Feet,0,None,1,Equippable,0,Knife,230,1,0,1x2,100,0,0,ProjectilePenetrationDamageMultiplier=0.4(PercentAdd);ProjectileApplyStun=1(Flat),,
Item_GenieShoe,Equipment/Shoes,467,Genie Shoe,Increases Coyote Time.,The magic lifting these shoes can allow the wearer to fly... for a bit.,2,Rare,5,Feet,0,None,1,Equippable,0,Knife,380,1,0,2x1,100,0,0,ProjectileMoveAsLight=0.1(PercentAdd);ProjectileOnHitOil=0.5(Flat);ProjectileApplyStun=1(Flat),,
Item_Geta,Equipment/Shoes,468,Geta,,Traditional footwear designed for easy equipping and superior toe protection.,1,Uncommon,5,Feet,0,None,1,Equippable,0,Knife,440,1,0,2x1,200,0,0,ProjectileMoveAsLight=0.1(PercentAdd);DisableLootMoney=0.25(PercentAdd);ProjectileApplyStun=1(Flat),,
Item_GoldenSlipper,Equipment/Shoes,473,Golden Slipper,,Extremely decadent slipper of relaxation.,0,Common,5,Feet,0,None,1,Equippable,0,Knife,5000,1,0,2x1,300,0,0,ProjectileMoveAsLight=0.05(PercentAdd);ProjectileApplyStun=5(Flat);ProjectileOnHitNoxiosaCloud=15(Flat),,
Item_HighHeel,Equipment/Shoes,492,High heel,,"Fashion item, created for no other purpose than protecting the heel from ants.",0,Common,5,Feet,0,None,1,Equippable,0,Knife,800,1,0,1x1,40,0,0,ProjectileMoveAsLight=-0.1(PercentAdd);ProjectileApplyStun=1(Flat);ProjectileOnHitNoxiosaCloud=25(Flat);ProjectileTurnOffBulletHoles=-1(PercentAdd),,
Item_HighQualityElfShoe,Equipment/Shoes,493,High Quality Elf Shoe,,"Vintage. Made from real leather, with real metal bells, worn by real elf. Non of that jokeshop felt halloween bullshit. ",2,Rare,5,Feet,0,None,1,Equippable,0,Knife,1200,1,0,2x1,100,0,0,ProjectileMoveAsLight=0.1(PercentAdd);ProjectileOnHitOil=0.2(Flat);Spread=1(Flat);ProjectileApplyStun=1(Flat),,
Item_IceSkate,Equipment/Shoes,507,Ice Skate,Increases movement speed on ice.\nDeals massive damage to enemies when landing on them.,A steel skate fastened to the sole of a leather boot allows for fast movement across ice.,2,Rare,5,Feet,0,None,1,Equippable,0,Knife,380,1,0,2x2,100,0,0,ProjectileMoveAsLight=0.1(PercentAdd);ProjectileApplyStun=2(Flat),,
Item_KneePads,Equipment/Shoes,522,Knee Pads,Enables Crouch-Slide when Sprinting and starting a Crouch.,"Protective gear used cushion the impact when falling to the ground, and provide padding while kneeling.",1,Uncommon,10,PassiveEnhancements,0,None,1,Equippable,0,Knife,380,1,0,2x2,100,0,0,ProjectileOnHitWater=1(Flat);ProjectileApplyStun=1(Flat),,
Item_PegLeg,Equipment/Shoes,593,Peg Leg,,"Fashion item, created for no other purpose than protecting the heel from ants.",0,Common,5,Feet,0,None,1,Equippable,0,Knife,610,1,0,1x2,800,0,0,ProjectileMoveAsLight=-0.2(PercentAdd);ProjectileBounciness=50(Flat);ProjectileApplyStun=1(Flat),,
Item_PlatformShoe,Equipment/Shoes,601,Platform Shoe,,When you wish you were a little bit taller.,1,Uncommon,5,Feet,0,None,1,Equippable,0,Knife,350,1,0,2x2,500,0,0,ProjectileMoveAsLight=0.1(PercentAdd);RPM=0.1(PercentAdd);ProjectileApplyStun=1(Flat),,
Item_Rollerblade,Equipment/Shoes,648,Roller Blade,,A singular plastic rollerblade. The wheels under the sole allows for quick movement across smooth ground. Greatly reduces turn rate while moving.,2,Rare,5,Feet,0,None,1,Equippable,0,Knife,380,1,0,2x2,100,0,0,ProjectileMoveAsLight=0.15(PercentAdd);ProjectileApplyStun=3(Flat),,
Item_RubberBoot,Equipment/Shoes,651,Rubber Boot,,,1,Uncommon,5,Feet,0,None,1,Equippable,0,Knife,250,1,0,2x2,100,0,0,ProjectileBounce=25(Flat);ProjectileMoveAsLight=0.05(PercentAdd);ProjectileApplyStun=1(Flat),,
Item_RunningShoes,Equipment/Shoes,653,Running Shoe,,Ergonomic and sleek. Perfect for running long distances.,2,Rare,5,Feet,0,None,1,Equippable,0,Knife,700,1,0,2x1,100,0,0,ProjectileMoveAsLight=0.1(PercentAdd);ProjectilePrism=0.1(PercentAdd);ProjectileApplyStun=1(Flat),,
Item_Shoe,Equipment/Shoes,680,Shoe,,Just an ordinary shoe.,1,Uncommon,5,Feet,0,None,1,Equippable,0,Knife,380,1,0,2x1,300,0,0,ProjectileMoveAsLight=0.1(PercentAdd);ProjectileApplyStun=2(Flat),,
Item_Sneaker,Equipment/Shoes,691,Sneaker,,Street wear.,0,Common,5,Feet,0,None,1,Equippable,0,Knife,380,1,0,2x1,100,0,0,ProjectileMoveAsLight=0.1(PercentAdd);ProjectileApplyStun=1(Flat),,
Item_Sock,Equipment/Shoes,693,Sock,,"Ah, so that's went. Now where's the other one?",0,Common,5,Feet,0,None,1,Equippable,0,Knife,100,1,0,1x1,50,0,0,ProjectileMoveAsLight=0.05(PercentAdd);ProjectileKinematicSteerable=10(Flat),,
Item_SpringCoilBoots,Equipment/Shoes,701,Springcoil Boot,,"Springs attached to the sole allows the wearer to jump higher. First marketed as a mountain climbing gadget, later recalled. This pair has a name tag that reads 'Albiin'.",2,Rare,5,Feet,0,None,1,Equippable,0,Knife,1000,1,0,2x2,250,0,0,RPM=0.25(PercentAdd);ProjectileMoveAsLight=0.1(PercentAdd);ProjectileOnHitChainLightning=1(Flat);ProjectileApplyStun=1(Flat),,
Item_Ygg,Equipment/Shoes,749,Ygg,,Fashionable as fuck.,1,Uncommon,5,Feet,0,None,1,Equippable,0,Knife,430,1,0,2x2,100,0,0,ProjectileMoveAsLight=0.1(PercentAdd);ProjectileKinematicSteerable=20(Flat);ProjectileApplyStun=1(Flat),,
Item_BadassVest,Equipment/Torso,332,Badass Vest,,A vest clad with spikes and symbols. It shows that you have been a lot of places and seen a lot of things.,2,Rare,3,Torso,0,None,1,Equippable,0,Knife,700,1,0,2x3,500,0,0,ProjectileApplyStun=2(Flat);ProjectileApplyVoodoo=80(Flat),,
Item_BallisticVest,Equipment/Torso,335,Ballistic Vest,,A state of the art ballistic vest with interwoven layers of kevlar and cordura fibers.,3,Epic,3,Torso,0,None,1,Equippable,0,Knife,2300,1,0,3x3,500,0,0,ProjectileApplyStun=12(Flat);ProjectileOnHitExplosionRPG=0.15(PercentAdd),,
Item_Bathrobe,Equipment/Torso,344,Bathrobe,,Highly absorbant morning wear made out of towel.,2,Rare,3,Torso,0,None,1,Equippable,0,Knife,700,1,0,2x3,500,0,0,ProjectileApplyStun=2(Flat);ItemStat_JumpPower=0.1(PercentAdd),,
Item_Breastplate,Equipment/Torso,371,Breastplate,,A cumbersome plate of polished steel that protects the wearer's torso.,1,Uncommon,3,Torso,0,None,1,Equippable,0,Knife,2100,1,0,3x3,500,0,0,ProjectileApplyStun=25(Flat);ProjectileMoveAsLight=-0.1(PercentAdd),,
Item_CamoJacket,Equipment/Torso,381,Camo Jacket,,"Uses a pattern to blend into a forest, or to stand out, at a concert.",2,Rare,3,Torso,0,None,1,Equippable,0,Knife,900,1,0,3x3,500,0,0,ProjectileApplyStun=2(Flat);ConsumeAmmoChance=0.1(PercentAdd),,
Item_ClergyCollar,Equipment/Torso,402,Father's Shirt,,A black shirt with a white Roman collar. You have worn this shirt for as long as you can remember.,4,Legendary,3,Torso,0,None,1,Equippable,0,Knife,1,1,0,2x2,100,0,0,ProjectileApplyStun=1(Flat),,
Item_CowboyVest,Equipment/Torso,413,Cowboy Vest,,"Keeps your core insulated, while providing some dangly bits while riding, for flare.",2,Rare,3,Torso,0,None,1,Equippable,0,Knife,700,1,0,2x3,500,0,0,ProjectileApplyStun=2(Flat);DurabilityLoss=0.1(PercentAdd),,
Item_DenimJacket,Equipment/Torso,425,Denim Jacket,,"Timeless clothing piece. Protects you from getting bruises while working at a logging camp, and prevents you from getting a job at a law firm.",2,Rare,3,Torso,0,None,1,Equippable,0,Knife,700,1,0,3x3,500,0,0,ProjectileApplyStun=3(Flat);ProjectileOnHitNoxiosaCloud=10(Flat),,
Item_DinnerJacket,Equipment/Torso,1014,Dinner Jacket,,Dress to impress with this sea island cotton jacket. Comes with a license to kill.,2,Rare,3,Torso,0,None,1,Equippable,0,Knife,2000,1,0,3x3,300,0,0,ProjectileApplyStun=5(Flat);ProjectileOnHitNoxiosaCloud=30(Flat);DisableLootOrgans=0.2(PercentAdd),,
Item_EncryptedHoodie,Equipment/Torso,442,Encrypted Hoodie,,It will lead you there. It leads them there. Let it spread.,2,Rare,3,Torso,0,None,1,Equippable,0,Knife,400,1,0,3x3,500,0,0,ProjectileApplyStun=2(Flat),,
Item_FirefighterJacket,Equipment/Torso,450,Firefighter Jacket,,Heat resistant jacket worn by people who fight fire.,2,Rare,3,Torso,0,None,1,Equippable,0,Knife,700,1,0,3x4,500,0,0,ProjectileApplyStun=8(Flat);ProjectileKinematicForce=50(Flat),,
Item_GhillieSuit,Equipment/Torso,469,Ghillie Suit,,Foilage cosplay.,2,Rare,3,Torso,0,None,1,Equippable,0,Knife,1500,1,0,3x3,500,0,0,ProjectileApplyStun=4(Flat);ItemStat_MoveSpeed=0.1(PercentAdd),,
Item_HazmatSuit,Equipment/Torso,486,Hazmat Suit,,Avoid too much science on your fragile human skin.,2,Rare,3,Torso,0,None,1,Equippable,0,Knife,1100,1,0,3x3,500,0,0,ProjectileApplyStun=2(Flat);ProjectileOnHitAftershock=50(Flat),,
Item_HedgehogSuit,Equipment/Torso,489,Hedgehog Suit,,"True to form hedgehog suit. Cozy for the wearer, damaging for the attacker.",2,Rare,3,Torso,0,None,1,Equippable,0,Knife,700,1,0,3x3,500,0,0,ProjectileApplyStun=3(Flat),,
Item_HockeyArmor,Equipment/Torso,494,Hockey Shoulder Pads,,Plastic armor protecting the users torso. Carries a distinct odour.,0,Common,3,Torso,0,None,1,Equippable,0,Knife,1300,1,0,3x2,100,0,0,ProjectileApplyStun=9(Flat),,
Item_HoodieSklett,Equipment/Torso,499,Yellow Hoodie,,A sweatshirt made mostly of polyester. It's got that new clothes smell to it.,2,Rare,3,Torso,0,None,1,Equippable,0,Knife,330,1,0,3x3,100,0,0,ProjectileApplyStun=2(Flat);ProjectileMass=50(Flat);ProjectileKinematicSteerable=10(Flat),,
Item_HuntingVest,Equipment/Torso,506,Hunting Vest,,Could be mistaken for a fishing vest. But don't tell that to the hunters... or the camera men.,2,Rare,3,Torso,0,None,1,Equippable,0,Knife,700,1,0,2x3,500,0,0,ProjectileApplyStun=2(Flat);Experience=0.1(PercentAdd),,
Item_LeatherJacket,Equipment/Torso,526,Leather Jacket,," Go grease lightning, you''re burning up the quarter mile.",2,Rare,3,Torso,0,None,1,Equippable,0,Knife,650,1,0,3x3,500,0,0,ProjectileApplyStun=3(Flat);ProjectileApplyVoodoo=25(Flat);ProjectileBounce=15(Flat),,
Item_LifeVest,Equipment/Torso,530,Life Vest,,Keeps you boyant.,2,Rare,3,Torso,0,None,1,Equippable,0,Knife,800,1,0,3x3,500,0,0,ProjectileApplyStun=5(Flat);ProjectileMoveAsLight=-0.1(PercentAdd),,
Item_OfficeShirt,Equipment/Torso,582,Office Wear,,,2,Rare,3,Torso,0,None,1,Equippable,0,Knife,500,1,0,2x3,500,0,0,ProjectileApplyStun=1(Flat);ConsumeAmmoChance=0.1(PercentAdd),,
Item_OldTimeySuit,Equipment/Torso,584,Old-Timey Suit,,,2,Rare,3,Torso,0,None,1,Equippable,0,Knife,1500,1,0,3x3,500,0,0,ProjectileApplyStun=4(Flat);ItemStat_JumpPower=0.1(PercentAdd);ProjectileOnHitNoxiosaCloud=10(Flat),,
Item_Parka,Equipment/Torso,589,Parka,,A warm coat type jacket.,2,Rare,3,Torso,0,None,1,Equippable,0,Knife,700,1,0,2x3,800,0,0,ProjectileApplyStun=3(Flat);ProjectileKinematicSteerable=50(Flat),,
Item_PillowArmor,Equipment/Torso,594,Pillow Armor,,,1,Uncommon,3,Torso,0,None,1,Equippable,0,Knife,720,1,700,3x3,500,0,0,ProjectileApplyStun=5(Flat);ProjectileMoveAsLight=-0.05(PercentAdd),,
Item_PlainWhiteTee,Equipment/Torso,599,Plain White Tee,,It's just coffee.,0,Common,3,Torso,0,None,1,Equippable,0,Knife,150,1,0,2x3,100,0,0,ProjectileApplyStun=2(Flat),,
Item_PlateCarrier,Equipment/Torso,600,Plate Carrier,,,2,Rare,3,Torso,0,None,1,Equippable,0,Knife,4000,1,0,3x3,500,0,0,ProjectileApplyStun=30(Flat);ProjectileMoveAsLight=-0.15(PercentAdd),,
Item_PoliceUniform,Equipment/Torso,605,Police Uniform,,,2,Rare,3,Torso,0,None,1,Equippable,0,Knife,700,1,0,3x3,500,0,0,ProjectileApplyStun=2(Flat);DisableLootOrgans=0.1(PercentAdd),,
Item_Pyjama,Equipment/Torso,615,Pyjama,,,2,Rare,3,Torso,0,None,1,Equippable,0,Knife,400,1,0,2x3,500,0,0,ProjectileApplyStun=2(Flat);ProjectileKinematicSteerable=10(Flat),,
Item_Raincoat,Equipment/Torso,618,Raincoat,,,2,Rare,3,Torso,0,None,1,Equippable,0,Knife,800,1,0,3x3,500,0,0,ProjectileApplyStun=4(Flat);ProjectileBounce=25(Flat),,
Item_SafetyVest,Equipment/Torso,655,Safety Vest,,,2,Rare,3,Torso,0,None,1,Equippable,0,Knife,400,1,0,2x3,500,0,0,ProjectileApplyStun=2(Flat),,
Item_SamuraiArmor,Equipment/Torso,658,Samurai Armor,,,2,Rare,3,Torso,0,None,1,Equippable,0,Knife,2000,1,0,3x3,500,0,0,ProjectileApplyStun=10(Flat);DisableLootMoney=1(PercentAdd),,
Item_StraightJacket,Equipment/Torso,707,Strait Jacket,,,2,Rare,3,Torso,0,None,1,Equippable,0,Knife,250,1,0,2x3,500,0,0,ProjectileApplyStun=2(Flat);ProjectileMoveAsLight=-0.25(PercentAdd);ExtraDamage_RightGun=1(Flat),,
Item_SulfurHoodie,Equipment/Torso,711,SULFUR Hoodie,,,2,Rare,3,Torso,0,None,1,Equippable,0,Knife,1000,1,0,3x3,500,0,0,ProjectileApplyStun=5(Flat),,
Item_Tracksuit,Equipment/Torso,726,Tracksuit,,,2,Rare,3,Torso,0,None,1,Equippable,0,Knife,800,1,0,3x3,500,0,0,ProjectileApplyStun=2(Flat);DisableLootOrgans=0.1(PercentAdd),,
Item_Tunic,Equipment/Torso,728,Green Tunic,,A finely made tunic of spun wool. Does not give you Poison Resistance.,0,Common,3,Torso,0,None,1,Equippable,0,Knife,500,1,0,2x3,100,0,0,ProjectileApplyStun=2(Flat);ProjectileOnHitNoxiosaCloud=1(Flat),,
Item_TurtleShell,Equipment/Torso,729,Turtle Shell,Armor increase only counts for hits taken from behind.,Discontinued merchandise from a hit media franchise. The plastic inserts in the shell gives it some protection on its back side.,2,Rare,3,Torso,0,None,1,Equippable,0,Knife,1500,1,0,3x3,2000,0,0,ProjectileApplyStun=25(Flat);ProjectileMoveAsLight=-0.35(PercentAdd),,
Item_WoodenArmor,Equipment/Torso,745,Wooden Armor,,,2,Rare,3,Torso,0,None,1,Equippable,0,Knife,950,1,0,3x3,500,0,0,ProjectileApplyStun=7(Flat),,
Item_BottledScream,Gadgets/Unfinished,367,Bottled Scream,Does massive damage in a wide arc.,"A glass bottle containing the scream of a dead princess. If opened, the princess' wrath will return on whatever is close.",3,Epic,1,Gadget,0,None,1,Equippable,0,Knife,100,1,0,2x2,1000,0,0,,,
Item_DisgustingCookbook,Gadgets/Unfinished,428,Disgusting Cookbook,,Cooked food is rare within the Sulfur. This foul recipe book will let you know how to get by when all you have to eat are fresh corpses.,3,Epic,1,Gadget,0,None,1,Equippable,0,Knife,100,1,0,2x2,1000,0,0,,,
Item_FishingRod,Gadgets/Unfinished,453,Fishing Rod,,A wooden fishing pole with reel and bait. Used to catch fish in bodies of water.,3,Epic,1,Gadget,0,None,1,Equippable,0,Knife,100,1,0,2x2,1000,0,0,,,
Item_LightningInABottle,Gadgets/Unfinished,531,Lightning in a Bottle,,"Essence of Lightning, miraculously captured within a bottle.",3,Epic,1,Gadget,0,None,1,Equippable,0,Knife,100,1,0,2x2,1000,0,0,,,
Item_MetalDetector,Gadgets/Unfinished,554,Metal Detector,,"Originally created by the military to sweep for land mines, this instrument can be used to detect the nearby presence of metal buried in the ground.",3,Epic,1,Gadget,0,None,1,Equippable,0,Knife,100,1,0,2x2,1000,0,0,,,
Item_MonkeyPaw,Gadgets/Unfinished,566,Monkey Paw,Grants a random effect when used.,"A partially decomposed, severed arm of a monkey. It's twisted fingers are said to grant wishes when snapped.",3,Epic,1,Gadget,0,None,1,Equippable,0,Knife,100,1,0,2x2,1000,0,0,,,
Item_OilLamp,Gadgets/Unfinished,583,Oil Lamp,,A magical oil lamp containing a Genie that will grant you three wishes.,3,Epic,1,Gadget,0,None,1,Equippable,0,Knife,100,1,0,2x2,1000,0,0,,,
Item_PocketSand,Gadgets/Unfinished,602,Pocket Sand,,A fistful of sand kept in your pocket can be used to blind a foe for a short duration.,3,Epic,1,Gadget,0,None,1,Equippable,0,Knife,100,1,0,2x2,1000,0,0,,,
Item_RatCage,Gadgets/Unfinished,623,Rat Cage,,A cage containing a very hungry pet rat. Let it out every once in a while to eat corpses to make it grow big and strong.,3,Epic,1,Gadget,0,None,1,Equippable,0,Knife,100,1,0,2x2,1000,0,0,,,
Item_Shovel,Gadgets/Unfinished,681,Shovel,,A wooden shovel with a metal headpiece made for excavating dirt by hand.,3,Epic,1,Gadget,0,None,1,Equippable,0,Knife,100,1,0,2x2,1000,0,0,,,
Item_Shurikens,Gadgets/Unfinished,686,Shurikens,,"A supplementary weapon in any samurai's arsenal, these ""throwing stars"" can be utilized for a quick, silent kill.",3,Epic,1,Gadget,0,None,1,Equippable,0,Knife,100,1,0,2x2,1000,0,0,,,
Item_SmokeGrenade,Gadgets/Unfinished,689,Smoke Grenade,,"A canister containing white phosphorus and random pigments. Upon exploding, a cloud of smoke is produced that can be used for hiding or screening movement. Commonly used as a signaling tool in warfare.",3,Epic,1,Gadget,0,None,1,Equippable,0,Knife,100,1,0,2x2,1000,0,0,,,
Item_SuspensorShield,Gadgets/Unfinished,714,Suspensor Shield,,"A state of the art robot invention, the suspensor shield is strapped around the user's waist and emits a bubble shield whenever a projectile comes close.",3,Epic,1,Gadget,0,None,1,Equippable,0,Knife,100,1,0,2x2,1000,0,0,,,
Item_Toaster,Gadgets/Unfinished,722,Toaster,,A standard toaster that browns bread. Inflicts electric damage on enemies when hit.,3,Epic,1,Gadget,0,None,1,Equippable,0,Knife,100,1,0,2x2,1000,0,0,,,
Item_VampireHeart,Gadgets/Unfinished,733,Vampire Heart,,A still beating heart of a long dead vampire lord. It's mere presence seems corrupting to you.,3,Epic,1,Gadget,0,None,1,Equippable,0,Knife,100,1,0,2x2,1000,0,0,,,
Item_VoodooDoll,Gadgets/Unfinished,736,Voodoo Doll,,"A small effigy made to look like a specific creature. Infused with dark magic, stabbing it will hurt nearby enemies.",3,Epic,1,Gadget,0,None,1,Equippable,0,Knife,100,1,0,2x2,1000,0,0,,,
Item_WoodenCross,Gadgets/Unfinished,746,Wooden Cross,"It's not very well made, but gets the point across.",,1,Uncommon,1,Gadget,0,None,1,Equippable,0,Knife,100,1,0,1x2,1000,0,0,,,
Weapon_BurnerPhone,Gadgets/Unfinished,878,Burner Phone,,"This elusive artifact, shrouded in mystery, emanates an aura of secrecy and clandestine operations.",1,Uncommon,1,Gadget,0,None,1,Equippable,0,Knife,200,1,0,1x1,1000,0,0,,,
Weapon_MoneyStack,Gadgets/Unfinished,1012,Money Stack,,"This elusive artifact, shrouded in mystery, emanates an aura of secrecy and clandestine operations.",1,Uncommon,1,Gadget,0,None,1,Equippable,0,Knife,200,1,0,1x1,1000,0,0,,,
Item_CryptKey,Keys,418,Crypt key,,The design seems too intricate for any type of casual use.,0,Common,0,None,0,None,7,Key,0,Knife,5000,1,0,2x1,1000,0,0,,,
Item_PrisonKey,Keys,614,Lower Prison Key,,A sulfurite key that unlocks the gate leading to the Lower Prison.,0,Common,0,None,0,None,7,Key,0,Knife,1000000,0,0,3x2,1000,0,0,,,
Item_RampartsKey,Keys,621,Key,,Such a nice key.,0,Common,0,None,0,None,7,Key,0,Knife,0,1,0,3x2,1000,0,0,,,
Item_ShopKey,Keys,0,ShopKey,,The design seems too intricate for any type of casual use.,0,Common,0,None,0,None,7,Key,0,Knife,5000,1,0,2x1,1000,0,0,,,
Manual_BlackGuildCooking,Manuals/Collections,750,Black Guild Cooking,,,2,Rare,0,None,0,None,0,Consumable,0,Knife,15000,1,0,2x2,1000,0,0,,,
Manual_ChequeredCookbook,Manuals/Collections,751,Chequered Cookbook,,,4,Legendary,0,None,0,None,0,Consumable,0,Knife,30000,1,0,2x2,1000,0,0,,,
Manual_CookingCastle,Manuals/Collections,752,Castle cooking,,,2,Rare,0,None,0,None,0,Consumable,0,Knife,20000,1,0,2x2,1000,0,0,,,
Manual_CookingDungeon,Manuals/Collections,753,Dungeon cooking,,,2,Rare,0,None,0,None,0,Consumable,0,Knife,15000,1,0,2x2,1000,0,0,,,
Manual_CookingFortress,Manuals/Collections,754,Fortress Cookbook,,,2,Rare,0,None,0,None,0,Consumable,0,Knife,15000,1,0,2x2,1000,0,0,,,
Manual_CookingSewers,Manuals/Collections,755,Sewers cooking,,,2,Rare,0,None,0,None,0,Consumable,0,Knife,15000,1,0,2x2,1000,0,0,,,
Manual_DesertCooking,Manuals/Collections,756,Desert Cookbook,,,3,Epic,0,None,0,None,0,Consumable,0,Knife,15000,1,0,2x2,1000,0,0,,,
Manual_ForestCooking,Manuals/Collections,757,Forest Cookbook,,,2,Rare,0,None,0,None,0,Consumable,0,Knife,15000,1,0,2x2,1000,0,0,,,
Manual_GoblinCooking,Manuals/Collections,758,Goblin Cooking,,,2,Rare,0,None,0,None,0,Consumable,0,Knife,10000,1,0,2x2,1000,0,0,,,
Manual_RobotCooking,Manuals/Collections,845,Robot Cooking,,,3,Epic,0,None,0,None,0,Consumable,0,Knife,30000,1,0,2x2,1000,0,0,,,
Manual_Recipe_Aspic 1,Manuals/Singles_Cooking,759,Recipe: Aspic,,,0,Common,0,None,0,None,0,Consumable,0,Knife,20,1,0,1x1,1000,0,0,,,
Manual_Recipe_BananaSulfs,Manuals/Singles_Cooking,760,Recipe: Banana Sulfs,,,0,Common,0,None,0,None,0,Consumable,0,Knife,20,1,0,1x1,1000,0,0,,,
Manual_Recipe_BarkBread,Manuals/Singles_Cooking,761,Recipe: Bark bread,,,0,Common,0,None,0,None,0,Consumable,0,Knife,20,1,0,1x1,1000,0,0,,,
Manual_Recipe_BeefJerky_5 3,Manuals/Singles_Cooking,762,Recipe: Beef Jerky,,,0,Common,0,None,0,None,0,Consumable,0,Knife,20,1,0,1x1,1000,0,0,,,
Manual_Recipe_BiscuitsAndGravy,Manuals/Singles_Cooking,1021,Recipe: Biscuiits and Gravy,,,0,Common,0,None,0,None,0,Consumable,0,Knife,20,1,0,1x1,1000,0,0,,,
Manual_Recipe_BloodPudding_1,Manuals/Singles_Cooking,1022,Recipe: Blood Pudding,,,0,Common,0,None,0,None,0,Consumable,0,Knife,20,1,0,1x1,1000,0,0,,,
Manual_Recipe_Bolognese_1,Manuals/Singles_Cooking,1023,Recipe: Spaghetti Bolognese,,,0,Common,0,None,0,None,0,Consumable,0,Knife,20,1,0,1x1,1000,0,0,,,
Manual_Recipe_Bread_1,Manuals/Singles_Cooking,1034,Recipe: Bread,,,0,Common,0,None,0,None,0,Consumable,0,Knife,20,1,0,1x1,1000,0,0,,,
Manual_Recipe_Broth_1,Manuals/Singles_Cooking,763,Recipe: Broth,,,0,Common,0,None,0,None,0,Consumable,0,Knife,20,1,0,1x1,1000,0,0,,,
Manual_Recipe_Broth_3,Manuals/Singles_Cooking,764,Recipe: Broth,,,0,Common,0,None,0,None,0,Consumable,0,Knife,20,1,0,1x1,1000,0,0,,,
Manual_Recipe_Butter_1,Manuals/Singles_Cooking,765,Recipe: Butter,,,0,Common,0,None,0,None,0,Consumable,0,Knife,20,1,0,1x1,1000,0,0,,,
Manual_Recipe_Butter_2,Manuals/Singles_Cooking,766,Recipe: Butter,,,0,Common,0,None,0,None,0,Consumable,0,Knife,20,1,0,1x1,1000,0,0,,,
Manual_Recipe_CactusDrink_1,Manuals/Singles_Cooking,1025,Recipe: Cactus Softdrink,,,0,Common,0,None,0,None,0,Consumable,0,Knife,20,1,0,1x1,1000,0,0,,,
Manual_Recipe_CactusGrilled_1,Manuals/Singles_Cooking,1026,Recipe: Grilled Cactus,,,0,Common,0,None,0,None,0,Consumable,0,Knife,20,1,0,1x1,1000,0,0,,,
Manual_Recipe_CactusSweet_1,Manuals/Singles_Cooking,1027,Recipe: Lackerol Cactus,,,0,Common,0,None,0,None,0,Consumable,0,Knife,20,1,0,1x1,1000,0,0,,,
Manual_Recipe_CactusWater_1,Manuals/Singles_Cooking,1028,Recipe: Bottled Water,,,0,Common,0,None,0,None,0,Consumable,0,Knife,20,1,0,1x1,1000,0,0,,,
Manual_Recipe_Candycane,Manuals/Singles_Cooking,1049,Recipe: Candy Cane,,,0,Common,0,None,0,None,0,Consumable,0,Knife,20,1,0,1x1,1000,0,0,,,
Manual_Recipe_Cereal 1,Manuals/Singles_Cooking,1035,Recipe: Cereal,,,0,Common,0,None,0,None,0,Consumable,0,Knife,20,1,0,1x1,1000,0,0,,,
Manual_Recipe_Cheese 9,Manuals/Singles_Cooking,767,Recipe: Cheese,,,0,Common,0,None,0,None,0,Consumable,0,Knife,20,1,0,1x1,1000,0,0,,,
Manual_Recipe_CheeseTops_1,Manuals/Singles_Cooking,770,Recipe: Cheese Tops,,,0,Common,0,None,0,None,0,Consumable,0,Knife,20,1,0,1x1,1000,0,0,,,
Manual_Recipe_CheeseburgerDouble_1 2,Manuals/Singles_Cooking,769,Recipe: Double Cheeseburger,,,0,Common,0,None,0,None,0,Consumable,0,Knife,20,0,0,1x1,1000,0,0,,,
Manual_Recipe_Cheeseburger_1 2,Manuals/Singles_Cooking,768,Recipe: Cheeseburger,,,0,Common,0,None,0,None,0,Consumable,0,Knife,20,1,0,1x1,1000,0,0,,,
Manual_Recipe_ChickenNuggets,Manuals/Singles_Cooking,771,Recipe: Nuggets,,,0,Common,0,None,0,None,0,Consumable,0,Knife,20,1,0,1x1,1000,0,0,,,
Manual_Recipe_ChocolateBall_1,Manuals/Singles_Cooking,772,Recipe: Chocolate Ball,,,0,Common,0,None,0,None,0,Consumable,0,Knife,20,1,0,1x1,1000,0,0,,,
Manual_Recipe_ChocolateSyrup_1,Manuals/Singles_Cooking,773,Recipe: Chocolate Syrup,,,0,Common,0,None,0,None,0,Consumable,0,Knife,20,1,0,1x1,1000,0,0,,,
Manual_Recipe_CordonBleu,Manuals/Singles_Cooking,774,Recipe: Cordon Bleu,,,0,Common,0,None,0,None,0,Consumable,0,Knife,20,1,0,1x1,1000,0,0,,,
Manual_Recipe_CuissesDeGrenouille_1,Manuals/Singles_Cooking,775,Recipe: Cuisses De Grenouille,,,0,Common,0,None,0,None,0,Consumable,0,Knife,20,1,0,1x1,1000,0,0,,,
Manual_Recipe_CurryWurst 4,Manuals/Singles_Cooking,776,Recipe: Currywurst,,,0,Common,0,None,0,None,0,Consumable,0,Knife,20,1,0,1x1,1000,0,0,,,
Manual_Recipe_Dammsugare,Manuals/Singles_Cooking,777,Recipe: Vacuum Cleaner,,,0,Common,0,None,0,None,0,Consumable,0,Knife,20,1,0,1x1,1000,0,0,,,
Manual_Recipe_Dimmies,Manuals/Singles_Cooking,778,Recipe: Dimmie,,,0,Common,0,None,0,None,0,Consumable,0,Knife,20,1,0,1x1,1000,0,0,,,
Manual_Recipe_EggToddy_1,Manuals/Singles_Cooking,779,Recipe: Egg Toddy,,,0,Common,0,None,0,None,0,Consumable,0,Knife,20,1,0,1x1,1000,0,0,,,
Manual_Recipe_Escargot_1,Manuals/Singles_Cooking,780,Recipe: Escargot,,,0,Common,0,None,0,None,0,Consumable,0,Knife,20,1,0,1x1,1000,0,0,,,
Manual_Recipe_ExtraLung_1,Manuals/Singles_Cooking,781,Recipe: Extra Lung,,,0,Common,0,None,0,None,0,Consumable,0,Knife,20,1,0,1x1,1000,0,0,,,
Manual_Recipe_ExtraLung_2,Manuals/Singles_Cooking,782,Recipe: Extra Lung,,,0,Common,0,None,0,None,0,Consumable,0,Knife,20,1,0,1x1,1000,0,0,,,
Manual_Recipe_FishNShipsSandFish 2,Manuals/Singles_Cooking,1030,Recipe: Fish and chips,,,0,Common,0,None,0,None,0,Consumable,0,Knife,20,1,0,1x1,1000,0,0,,,
Manual_Recipe_FishnChips 1,Manuals/Singles_Cooking,783,Recipe: Fish and chips,,,0,Common,0,None,0,None,0,Consumable,0,Knife,20,1,0,1x1,1000,0,0,,,
Manual_Recipe_Fondue_1,Manuals/Singles_Cooking,784,Recipe: Fondue,,,0,Common,0,None,0,None,0,Consumable,0,Knife,20,1,0,1x1,1000,0,0,,,
Manual_Recipe_FrenchHotdog_2,Manuals/Singles_Cooking,785,Recipe: French Hotdog,,,0,Common,0,None,0,None,0,Consumable,0,Knife,20,1,0,1x1,1000,0,0,,,
Manual_Recipe_FrenchToast_1,Manuals/Singles_Cooking,786,Recipe: French Toast,,,0,Common,0,None,0,None,0,Consumable,0,Knife,20,1,0,1x1,1000,0,0,,,
Manual_Recipe_FullEnglishBreakfast_1 1,Manuals/Singles_Cooking,787,Recipe: Full English Breakfast,,,0,Common,0,None,0,None,0,Consumable,0,Knife,20,1,0,1x1,1000,0,0,,,
Manual_Recipe_FullEnglishBreakfast_1 2,Manuals/Singles_Cooking,788,Recipe: Full English Breakfast,,,0,Common,0,None,0,None,0,Consumable,0,Knife,20,1,0,1x1,1000,0,0,,,
Manual_Recipe_Gonster,Manuals/Singles_Cooking,789,Recipe: Gonster,,,0,Common,0,None,0,None,0,Consumable,0,Knife,20,1,0,1x1,1000,0,0,,,
Manual_Recipe_Gravy_1 3,Manuals/Singles_Cooking,1053,Recipe: Gravy,,,0,Common,0,None,0,None,0,Consumable,0,Knife,20,1,0,1x1,1000,0,0,,,
Manual_Recipe_GreenGlob,Manuals/Singles_Cooking,790,Recipe: Green Glob,,,0,Common,0,None,0,None,0,Consumable,0,Knife,20,1,0,1x1,1000,0,0,,,
Manual_Recipe_GreenGlob_1,Manuals/Singles_Cooking,791,Recipe: Green Glob,,,0,Common,0,None,0,None,0,Consumable,0,Knife,20,1,0,1x1,1000,0,0,,,
Manual_Recipe_Gum_2,Manuals/Singles_Cooking,792,Recipe: Sweet Gum,,,0,Common,0,None,0,None,0,Consumable,0,Knife,20,1,0,1x1,1000,0,0,,,
Manual_Recipe_Gum_3,Manuals/Singles_Cooking,793,Recipe: Sweet Gum,,,0,Common,0,None,0,None,0,Consumable,0,Knife,20,1,0,1x1,1000,0,0,,,
Manual_Recipe_HardBread_1,Manuals/Singles_Cooking,794,Recipe: Hard Bread,,,0,Common,0,None,0,None,0,Consumable,0,Knife,20,1,0,1x1,1000,0,0,,,
Manual_Recipe_HealthPotion_3,Manuals/Singles_Cooking,1037,Recipe: Health Potion,,,0,Common,0,None,0,None,0,Consumable,0,Knife,20,1,0,1x1,1000,0,0,,,
Manual_Recipe_HolyToast_1,Manuals/Singles_Cooking,795,Recipe: Holy Toast,,,0,Common,0,None,0,None,0,Consumable,0,Knife,20,1,0,1x1,1000,0,0,,,
Manual_Recipe_HotSnacks_2,Manuals/Singles_Cooking,1047,Recipe: Hot Snacks,,,0,Common,0,None,0,None,0,Consumable,0,Knife,20,1,0,1x1,1000,0,0,,,
Manual_Recipe_Hotpot,Manuals/Singles_Cooking,796,Recipe: Hot Pot,,,0,Common,0,None,0,None,0,Consumable,0,Knife,20,1,0,1x1,1000,0,0,,,
Manual_Recipe_Hotpot 2,Manuals/Singles_Cooking,797,Recipe: Hot Pot,,,0,Common,0,None,0,None,0,Consumable,0,Knife,20,1,0,1x1,1000,0,0,,,
Manual_Recipe_Hotpot 3,Manuals/Singles_Cooking,798,Recipe: Hot Pot,,,0,Common,0,None,0,None,0,Consumable,0,Knife,20,1,0,1x1,1000,0,0,,,
Manual_Recipe_Hotpot 4,Manuals/Singles_Cooking,799,Recipe: Hot Pot,,,0,Common,0,None,0,None,0,Consumable,0,Knife,20,1,0,1x1,1000,0,0,,,
Manual_Recipe_Jam_1,Manuals/Singles_Cooking,800,Recipe: Berry Jam,,,0,Common,0,None,0,None,0,Consumable,0,Knife,20,1,0,1x1,1000,0,0,,,
Manual_Recipe_Jello 1,Manuals/Singles_Cooking,801,Recipe: Jello,,,0,Common,0,None,0,None,0,Consumable,0,Knife,20,1,0,1x1,1000,0,0,,,
Manual_Recipe_KidneyPie_1,Manuals/Singles_Cooking,802,Recipe: Kidney Pie,,,0,Common,0,None,0,None,0,Consumable,0,Knife,20,1,0,1x1,1000,0,0,,,
Manual_Recipe_KidneyStone_1,Manuals/Singles_Cooking,803,Recipe: Kidney Stone,,,0,Common,0,None,0,None,0,Consumable,0,Knife,20,1,0,1x1,1000,0,0,,,
Manual_Recipe_KidneyStone_2,Manuals/Singles_Cooking,804,Recipe: Kidney Stone,,,0,Common,0,None,0,None,0,Consumable,0,Knife,20,1,0,1x1,1000,0,0,,,
Manual_Recipe_Leverpastej_1,Manuals/Singles_Cooking,805,Recipe: Leverpastej,,,0,Common,0,None,0,None,0,Consumable,0,Knife,20,1,0,1x1,1000,0,0,,,
Manual_Recipe_Leverpastejsmacka 1,Manuals/Singles_Cooking,806,Recipe: Liver Patty Sandwich,,,0,Common,0,None,0,None,0,Consumable,0,Knife,20,1,0,1x1,1000,0,0,,,
Manual_Recipe_LiverDumpling_1,Manuals/Singles_Cooking,1054,Recipe: Dumpling,,,0,Common,0,None,0,None,0,Consumable,0,Knife,20,1,0,1x1,1000,0,0,,,
Manual_Recipe_MacNCheese 2,Manuals/Singles_Cooking,807,Recipe: Mac''n''Cheese,,,0,Common,0,None,0,None,0,Consumable,0,Knife,20,1,0,1x1,1000,0,0,,,
Manual_Recipe_Maki_1,Manuals/Singles_Cooking,1042,Recipe: Maki,,,0,Common,0,None,0,None,0,Consumable,0,Knife,20,1,0,1x1,1000,0,0,,,
Manual_Recipe_Marshmellow 4,Manuals/Singles_Cooking,809,Recipe: Marshmallows,,,0,Common,0,None,0,None,0,Consumable,0,Knife,20,1,0,1x1,1000,0,0,,,
Manual_Recipe_MashedPotatoes_1,Manuals/Singles_Cooking,810,Recipe: Mashed Potatoes,,,0,Common,0,None,0,None,0,Consumable,0,Knife,20,1,0,1x1,1000,0,0,,,
Manual_Recipe_MatchaCup_1,Manuals/Singles_Cooking,1043,Recipe: Green Tea,,,0,Common,0,None,0,None,0,Consumable,0,Knife,20,1,0,1x1,1000,0,0,,,
Manual_Recipe_MatchaGum_1,Manuals/Singles_Cooking,1044,Recipe: Green Tea Gum,,,0,Common,0,None,0,None,0,Consumable,0,Knife,20,1,0,1x1,1000,0,0,,,
Manual_Recipe_MeatSkewers_1 1,Manuals/Singles_Cooking,1024,Recipe: Meat Skewers,,,0,Common,0,None,0,None,0,Consumable,0,Knife,20,1,0,1x1,1000,0,0,,,
Manual_Recipe_Mochi_1,Manuals/Singles_Cooking,811,Recipe: Mochi,,,0,Common,0,None,0,None,0,Consumable,0,Knife,20,1,0,1x1,1000,0,0,,,
Manual_Recipe_Mudcake_1,Manuals/Singles_Cooking,812,Recipe: Chocolate Mudcake,,,0,Common,0,None,0,None,0,Consumable,0,Knife,20,1,0,1x1,1000,0,0,,,
Manual_Recipe_MushroomOmelette_2,Manuals/Singles_Cooking,813,Recipe: Mushroom Omelette,,,0,Common,0,None,0,None,0,Consumable,0,Knife,20,1,0,1x1,1000,0,0,,,
Manual_Recipe_MushroomSoupBroth_6,Manuals/Singles_Cooking,818,Recipe: Mushroom Soup,,,0,Common,0,None,0,None,0,Consumable,0,Knife,20,1,0,1x1,1000,0,0,,,
Manual_Recipe_MushroomSoup_1 1,Manuals/Singles_Cooking,816,Recipe: Mushroom Soup,,,0,Common,0,None,0,None,0,Consumable,0,Knife,20,1,0,1x1,1000,0,0,,,
Manual_Recipe_MushroomSoup_4,Manuals/Singles_Cooking,817,Recipe: Mushroom Soup,,,0,Common,0,None,0,None,0,Consumable,0,Knife,20,1,0,1x1,1000,0,0,,,
Manual_Recipe_MushroomsFriedSimple 1,Manuals/Singles_Cooking,815,Recipe: Fried Mushroom ,,,0,Common,0,None,0,None,0,Consumable,0,Knife,20,1,0,1x1,1000,0,0,,,
Manual_Recipe_MushroomsFried_1,Manuals/Singles_Cooking,814,Recipe: Fried Mushroom ,,,0,Common,0,None,0,None,0,Consumable,0,Knife,20,1,0,1x1,1000,0,0,,,
Manual_Recipe_MushroomsSkewer_2,Manuals/Singles_Cooking,819,Recipe: Mushroom Skewer,,,0,Common,0,None,0,None,0,Consumable,0,Knife,20,1,0,1x1,1000,0,0,,,
Manual_Recipe_MysteryMeat_2 2,Manuals/Singles_Cooking,820,Recipe: Mystery Meat,,,0,Common,0,None,0,None,0,Consumable,0,Knife,20,1,0,1x1,1000,0,0,,,
Manual_Recipe_MysteryMeat_2 3,Manuals/Singles_Cooking,821,Recipe: Mystery Meat,,,0,Common,0,None,0,None,0,Consumable,0,Knife,20,1,0,1x1,1000,0,0,,,
Manual_Recipe_NashvilleHotChicken 3,Manuals/Singles_Cooking,822,Recipe: Nashville Hot Chicken,,,0,Common,0,None,0,None,0,Consumable,0,Knife,20,1,0,1x1,1000,0,0,,,
Manual_Recipe_Nigiri_1,Manuals/Singles_Cooking,823,Recipe: Nigiri,,,0,Common,0,None,0,None,0,Consumable,0,Knife,20,1,0,1x1,1000,0,0,,,
Manual_Recipe_NutMix_1 1,Manuals/Singles_Cooking,1045,Recipe: Nut Mix,,,0,Common,0,None,0,None,0,Consumable,0,Knife,20,1,0,1x1,1000,0,0,,,
Manual_Recipe_NutSpread_5,Manuals/Singles_Cooking,1046,Recipe: Nut Spread,,,0,Common,0,None,0,None,0,Consumable,0,Knife,20,1,0,1x1,1000,0,0,,,
Manual_Recipe_OmeletteButter,Manuals/Singles_Cooking,825,Recipe: Omelette,,,0,Common,0,None,0,None,0,Consumable,0,Knife,20,1,0,1x1,1000,0,0,,,
Manual_Recipe_OmeletteCheese_1,Manuals/Singles_Cooking,826,Recipe: Omelette,,,0,Common,0,None,0,None,0,Consumable,0,Knife,20,1,0,1x1,1000,0,0,,,
Manual_Recipe_Omelette_1,Manuals/Singles_Cooking,824,Recipe: Omelette,,,0,Common,0,None,0,None,0,Consumable,0,Knife,20,1,0,1x1,1000,0,0,,,
Manual_Recipe_OnigiriFlesh_1,Manuals/Singles_Cooking,827,Recipe: Onigiri,,,0,Common,0,None,0,None,0,Consumable,0,Knife,20,1,0,1x1,1000,0,0,,,
Manual_Recipe_OnigiriFlesh_5,Manuals/Singles_Cooking,1041,Recipe: Onigiri,,,0,Common,0,None,0,None,0,Consumable,0,Knife,20,1,0,1x1,1000,0,0,,,
Manual_Recipe_PeanutButterJellySandwitch_1,Manuals/Singles_Cooking,1036,Recipe: Peanutbutter Jelly Sandwich,,,0,Common,0,None,0,None,0,Consumable,0,Knife,20,1,0,1x1,1000,0,0,,,
Manual_Recipe_PeanutButter_2 1,Manuals/Singles_Cooking,828,Recipe: Peanut Butter,,,0,Common,0,None,0,None,0,Consumable,0,Knife,20,1,0,1x1,1000,0,0,,,
Manual_Recipe_PizzaLarge,Manuals/Singles_Cooking,1048,Recipe: Pizza,,,0,Common,0,None,0,None,0,Consumable,0,Knife,20,1,0,1x1,1000,0,0,,,
Manual_Recipe_Polsa_1,Manuals/Singles_Cooking,829,Recipe: Pölsa,,,0,Common,0,None,0,None,0,Consumable,0,Knife,20,1,0,1x1,1000,0,0,,,
Manual_Recipe_Polsa_10,Manuals/Singles_Cooking,830,Recipe: Pölsa,,,0,Common,0,None,0,None,0,Consumable,0,Knife,20,1,0,1x1,1000,0,0,,,
Manual_Recipe_Porridge_1,Manuals/Singles_Cooking,831,Recipe: Porridge,,,0,Common,0,None,0,None,0,Consumable,0,Knife,20,1,0,1x1,1000,0,0,,,
Manual_Recipe_PotatoSalad,Manuals/Singles_Cooking,1055,Recipe: Potato Salad,,,0,Common,0,None,0,None,0,Consumable,0,Knife,20,1,0,1x1,1000,0,0,,,
Manual_Recipe_Poutine,Manuals/Singles_Cooking,832,Recipe: Poutine,,,0,Common,0,None,0,None,0,Consumable,0,Knife,20,1,0,1x1,1000,0,0,,,
Manual_Recipe_Pyttipanna,Manuals/Singles_Cooking,1056,Recipe: Pyttipanna,,,0,Common,0,None,0,None,0,Consumable,0,Knife,20,1,0,1x1,1000,0,0,,,
Manual_Recipe_Ramen_2,Manuals/Singles_Cooking,833,Recipe: Ramen,,,0,Common,0,None,0,None,0,Consumable,0,Knife,20,1,0,1x1,1000,0,0,,,
Manual_Recipe_Raqlette,Manuals/Singles_Cooking,834,Recipe: Raclette,,,0,Common,0,None,0,None,0,Consumable,0,Knife,20,1,0,1x1,1000,0,0,,,
Manual_Recipe_RedsoppPaste,Manuals/Singles_Cooking,1033,Recipe: Rödsopp Paste,,,0,Common,0,None,0,None,0,Consumable,0,Knife,20,1,0,1x1,1000,0,0,,,
Manual_Recipe_RhubarbPie_1,Manuals/Singles_Cooking,835,Recipe: Rhubarb Pie,,,0,Common,0,None,0,None,0,Consumable,0,Knife,20,1,0,1x1,1000,0,0,,,
Manual_Recipe_RhubarbPorridge_1,Manuals/Singles_Cooking,836,Recipe: Rhubarb Porridge,,,0,Common,0,None,0,None,0,Consumable,0,Knife,20,1,0,1x1,1000,0,0,,,
Manual_Recipe_RiceCakes_2,Manuals/Singles_Cooking,837,Recipe: Puffed Rice Cakes,,,0,Common,0,None,0,None,0,Consumable,0,Knife,20,1,0,1x1,1000,0,0,,,
Manual_Recipe_SaltedSandFish 0,Manuals/Singles_Cooking,1029,Recipe: Salted Sandfish,,,0,Common,0,None,0,None,0,Consumable,0,Knife,20,1,0,1x1,1000,0,0,,,
Manual_Recipe_Sandwich_1,Manuals/Singles_Cooking,838,Recipe: Butter Sandwich,,,0,Common,0,None,0,None,0,Consumable,0,Knife,20,1,0,1x1,1000,0,0,,,
Manual_Recipe_SashimiSandFish_1,Manuals/Singles_Cooking,840,Recipe: Sashimi,,,0,Common,0,None,0,None,0,Consumable,0,Knife,20,1,0,1x1,1000,0,0,,,
Manual_Recipe_Sashimi_1,Manuals/Singles_Cooking,1040,Recipe: Sashimi,,,0,Common,0,None,0,None,0,Consumable,0,Knife,20,1,0,1x1,1000,0,0,,,
Manual_Recipe_Sausage 3,Manuals/Singles_Cooking,841,Recipe: Spicy Sausage,,,0,Common,0,None,0,None,0,Consumable,0,Knife,20,1,0,1x1,1000,0,0,,,
Manual_Recipe_Sausage 4,Manuals/Singles_Cooking,842,Recipe: Spicy Sausage,,,0,Common,0,None,0,None,0,Consumable,0,Knife,20,1,0,1x1,1000,0,0,,,
Manual_Recipe_Sausage 7,Manuals/Singles_Cooking,843,Recipe: Spicy Sausage,,,0,Common,0,None,0,None,0,Consumable,0,Knife,20,1,0,1x1,1000,0,0,,,
Manual_Recipe_SausageOnStick 1,Manuals/Singles_Cooking,844,Recipe: Sausage On Stick,,,0,Common,0,None,0,None,0,Consumable,0,Knife,20,1,0,1x1,1000,0,0,,,
Manual_Recipe_Snus_1,Manuals/Singles_Cooking,1050,Recipe: Admiral White Extra Strong,,,0,Common,0,None,0,None,0,Consumable,0,Knife,20,1,0,1x1,1000,0,0,,,
Manual_Recipe_SodaJulmust,Manuals/Singles_Cooking,1051,Recipe: Julmust,,,0,Common,0,None,0,None,0,Consumable,0,Knife,20,1,0,1x1,1000,0,0,,,
Manual_Recipe_SpiceMix,Manuals/Singles_Cooking,1058,Recipe: Spice Mix,,,0,Common,0,None,0,None,0,Consumable,0,Knife,20,1,0,1x1,1000,0,0,,,
Manual_Recipe_Surstromming 2,Manuals/Singles_Cooking,1052,Recipe: Surstromming,,,0,Common,0,None,0,None,0,Consumable,0,Knife,20,1,0,1x1,1000,0,0,,,
Manual_Recipe_ToriRamen_1,Manuals/Singles_Cooking,1038,Recipe: Ramen,,,0,Common,0,None,0,None,0,Consumable,0,Knife,20,1,0,1x1,1000,0,0,,,
Manual_Recipe_Unagi 1,Manuals/Singles_Cooking,1039,Recipe: Unagi,,,0,Common,0,None,0,None,0,Consumable,0,Knife,20,1,0,1x1,1000,0,0,,,
Manual_Recipe_Wine_1,Manuals/Singles_Cooking,1031,Recipe: Red Wine,,,0,Common,0,None,0,None,0,Consumable,0,Knife,20,1,0,1x1,1000,0,0,,,
Item_BananaPeel,Misc,338,Banana,,Was food. Now trash. \n\nMight be slippery if stepped on.,0,Common,0,None,0,None,4,None,0,Knife,10,1,0,2x1,1000,0,0,,,
Item_Bark,Misc,342,Bark,,"Tree husk, brittle enough to be crumbled into sawdust.",0,Common,0,None,0,None,4,None,0,Knife,100,1,0,1x1,1000,0,0,,,
Item_Cloth,Misc,405,Cloth,,Bits of cloth of varous sizes.,0,Common,0,None,0,None,4,None,0,Knife,20,1,0,1x1,1000,0,0,,,
Item_GreenGlob,Misc,477,Green Glob,,Smells funky.,0,Common,0,None,0,None,4,None,0,Knife,100,1,0,1x1,1000,0,0,,,
Item_MetalScrap,Misc,555,Metal Scrap,,"Various metal scraps, screws and bolts.",0,Common,0,None,0,None,4,None,0,Knife,100,1,0,1x1,1000,0,0,,,
Item_Paper,Misc,588,Paper,,...the humble A4.,0,Common,0,None,0,None,4,None,0,Knife,4,1,0,1x1,1000,0,0,,,
Item_Rock,Misc,645,Rock,,"If you put somethig between this and a hard place it might be physically altered, or at least pressured.",0,Common,0,None,0,None,4,None,0,Knife,10,1,0,1x1,1000,0,0,,,
Item_Rubber,Misc,650,Rubber,,A useful material made of natural polymer of isoprene and elastomer. Might be dialectically  synonomous with human household objects. ,0,Common,0,None,0,None,4,None,0,Knife,10,1,0,1x1,1000,0,0,,,
Item_Sawdust,Misc,675,Sawdust,,Wood shredded into powderous dust.,0,Common,0,None,0,None,4,None,0,Knife,10,1,0,1x1,1000,0,0,,,
Item_Stick,Misc,705,Stick,,Nothing compares to a really good stick.,0,Common,0,None,0,None,4,None,0,Knife,4,1,0,2x1,1000,0,0,,,
Item_UsedRubber,Misc,731,Used Rubber,,"A useful material, but probably not sanitary. ",0,Common,0,None,0,None,0,Consumable,0,Knife,150,1,0,1x1,1000,0,0,,,
Item_CrawEye,Organs/Craw,414,Craw eye,,Their eerie yellow glow reminds you of something...,0,Common,0,None,1,Organ,4,None,0,Knife,50,1,0,1x1,1000,0,0,,,
Item_CrawFlesh,Organs/Craw,415,Craw flesh,,Known to the Shav'Wa as dark poulet. Known to taste a bit like frog legs.,0,Common,0,None,1,Organ,4,None,0,Knife,40,1,0,1x1,1000,0,0,,,
Item_CrawSkin,Organs/Craw,416,Craw skin,,The oily feathers repel water and insulates.,0,Common,0,None,1,Organ,4,None,0,Knife,30,1,0,1x1,1000,0,0,,,
Item_CultistHeart,Organs/Cultist,420,Cultist heart,,You can only serve the Black Guild for so long before the nature of it starts eating at you.,0,Common,0,None,1,Organ,4,None,0,Knife,150,1,0,1x1,1000,0,0,,,
Item_DogEye,Organs/Dog,431,Dog eye,,"Sounds a bit like the name for a flower, but upon closer examination it is certainly not.",0,Common,0,None,1,Organ,4,None,0,Knife,30,1,0,1x1,1000,0,0,,,
Item_DogFlesh,Organs/Dog,432,Dog flesh,,A sizable part of man''s best friend. ,0,Common,0,None,1,Organ,4,None,0,Knife,45,1,0,1x1,1000,0,0,,,
Item_DogSkin,Organs/Dog,433,Dog Skin,,Would look great on a dog!,0,Common,0,None,1,Organ,4,None,0,Knife,40,1,0,1x1,1000,0,0,,,
Item_Bladder,Organs/General,353,Bladder,,"Used to store pee, now you store it. Or it's in a store.",0,Common,0,None,1,Organ,4,None,0,Knife,100,1,0,1x1,1000,0,0,,,
Item_Bone,Organs/General,363,Bone,,Important part of the structure of most animals.,0,Common,0,None,1,Organ,4,None,0,Knife,35,1,0,1x2,1000,0,0,,,
Item_Brain,Organs/General,369,Brain,,The mind is a terrible thing to waste.,0,Common,0,None,1,Organ,4,None,0,Knife,200,1,0,1x1,1000,0,0,,,
Item_Heart,Organs/General,488,Heart,,The ticker. Used to keep everything going nice and steady.,0,Common,0,None,1,Organ,4,None,0,Knife,200,1,0,1x1,1000,0,0,,,
Item_Intestines,Organs/General,509,Intestines,,A network of tubes and chambers where food goes to die.,0,Common,0,None,1,Organ,4,None,0,Knife,40,1,0,1x1,1000,0,0,,,
Item_Kidney,Organs/General,519,Kidney,,Filters your blood from all that bad stuff. Also makes piss!,0,Common,0,None,1,Organ,4,None,0,Knife,100,1,0,1x1,1000,0,0,,,
Item_Liver,Organs/General,533,Liver,,Provided extremely important functions to it's original owner.,0,Common,0,None,1,Organ,4,None,0,Knife,80,1,0,2x1,1000,0,0,,,
Item_Lung,Organs/General,541,Lung,,"Used to give, and take, someones breath away.",0,Common,0,None,1,Organ,4,None,0,Knife,60,1,0,1x2,1000,0,0,,,
Item_Pancreas,Organs/General,587,Pancreas,,"In this little factory, beta cells work tirelessly to create insulin for the host. If you don't have diabetes that is.",0,Common,0,None,1,Organ,4,None,0,Knife,110,1,0,1x1,1000,0,0,,,
Item_Spleen,Organs/General,699,Spleen,,A must have for any blood user.,0,Common,0,None,1,Organ,4,None,0,Knife,40,1,0,1x1,1000,0,0,,,
Item_Thyroid,Organs/General,720,Thyroid,,An organ roughly the shape of a certain rap group logo. Apparently secretes hormones all over your body? Yuck.,0,Common,0,None,1,Organ,4,None,0,Knife,70,1,0,1x1,1000,0,0,,,
Item_Tongue,Organs/General,724,Tongue,,The talky lick muscle. Makes things taste like stuff.,0,Common,0,None,1,Organ,4,None,0,Knife,100,1,0,1x1,1000,0,0,,,
Item_GoblinEye,Organs/Goblin,470,Goblin eye,,It's irridencent pupils let's them see very well in dark depths.,0,Common,0,None,1,Organ,4,None,0,Knife,30,1,0,1x1,1000,0,0,,,
Item_GoblinFlesh,Organs/Goblin,471,Goblin flesh,,Surprisingly mushy...,0,Common,0,None,1,Organ,4,None,0,Knife,50,1,0,1x1,1000,0,0,,,
Item_GoblinSkin,Organs/Goblin,472,Goblin skin,,Fells like a wet suit...,0,Common,0,None,1,Organ,4,None,0,Knife,30,1,0,1x1,1000,0,0,,,
Item_HumanEye,Organs/Human,503,Human eye,,The mirror to someones soul.,0,Common,0,None,1,Organ,4,None,0,Knife,120,1,0,1x1,1000,0,0,,,
Item_HumanFlesh,Organs/Human,504,Human flesh,,A partial human.,0,Common,0,None,1,Organ,4,None,0,Knife,60,1,0,1x1,1000,0,0,,,
Item_HumanSkin,Organs/Human,505,Human skin,,"The biggest organ in the human body. Congratulations, skin!",0,Common,0,None,1,Organ,4,None,0,Knife,60,1,0,1x1,1000,0,0,,,
Item_LizardBladder,Organs/Lizard,535,Shav'Wa bladder,,"A unique bladder system to the Shav'Wa, that generates scented secretions for social bonding, a psychotropic liquid for ritualistic sedation, and plain old classic pee.",0,Common,0,None,1,Organ,4,None,0,Knife,300,1,0,1x1,1000,0,0,,,
Item_LizardEye,Organs/Lizard,536,Shav'Wa eye,,"Back when it was plugged in, it blinked from the underside in that cool lizard sort of way.",0,Common,0,None,1,Organ,4,None,0,Knife,35,1,0,1x1,1000,0,0,,,
Item_LizardFlesh,Organs/Lizard,537,Shav'Wa flesh,,Smells like... sweet fish. Hard to describe.,0,Common,0,None,1,Organ,4,None,0,Knife,50,1,0,1x1,1000,0,0,,,
Item_LizardSkin,Organs/Lizard,538,Shav'Wa skin,,Scaley yet flexible.,0,Common,0,None,1,Organ,4,None,0,Knife,100,1,0,1x1,1000,0,0,,,
Item_RobotBrain,Organs/Robot,635,Robot brain,,State of the art technology. Contains 1x personality.,0,Common,0,None,1,Organ,4,None,0,Knife,500,1,0,1x1,1000,0,0,,,
Item_RobotControlUnit,Organs/Robot,636,Robot control unit,,Ever wonder where robots get their motor skills? Here's the answer.,0,Common,0,None,1,Organ,4,None,0,Knife,250,1,0,1x2,1000,0,0,,,
Item_RobotEye,Organs/Robot,637,Robot eye,,Hi-tech camera device with full interface for quantum interpretation.,0,Common,0,None,1,Organ,4,None,0,Knife,170,1,0,1x1,1000,0,0,,,
Item_RobotFlesh,Organs/Robot,638,Robot flesh,,I guess you could call it that...,0,Common,0,None,1,Organ,4,None,0,Knife,125,1,0,1x1,1000,0,0,,,
Item_RobotHeart,Organs/Robot,639,Robot heart,,A PowerCore™ containing pure maximum grade sulfur. Synchronizes all signals in a celestial robot.,0,Common,0,None,1,Organ,4,None,0,Knife,350,1,0,1x1,1000,0,0,,,
Item_RobotHydraul,Organs/Robot,640,Robot hydraul,,Gives mechanics a weighty snap and power when needed for quick reactions.,0,Common,0,None,1,Organ,4,None,0,Knife,240,1,0,1x1,1000,0,0,,,
Item_RobotJoint,Organs/Robot,641,Robot joint pneumatic,,The tendons of the robot world.,0,Common,0,None,1,Organ,4,None,0,Knife,230,1,0,1x1,1000,0,0,,,
Item_RobotPlate,Organs/Robot,642,Robot plate,,Extremely tough and durable plate made from unidentifed exotic metals.,0,Common,0,None,1,Organ,4,None,0,Knife,140,1,0,1x1,1000,0,0,,,
Item_RobotSeptacoil,Organs/Robot,643,Robot septacoil,,"Gives robots that springy step, or that recoily force.",0,Common,0,None,1,Organ,4,None,0,Knife,100,1,0,1x2,1000,0,0,,,
Item_RobotSoulCapsule,Organs/Robot,644,Robot soul capsule,,"Part of the juice that runs it all, neatly bundled in one reinforced glass canister. ",0,Common,0,None,1,Organ,4,None,0,Knife,800,1,0,2x1,1000,0,0,,,
Item_ShrewEye,Organs/Shrew,682,Hellshrew eye,,It shows signs of wear.,0,Common,0,None,1,Organ,4,None,0,Knife,40,1,0,1x1,1000,0,0,,,
Item_ShrewFlesh,Organs/Shrew,683,Hellshrew flesh,,It feels very dense.,0,Common,0,None,1,Organ,4,None,0,Knife,70,1,0,1x1,1000,0,0,,,
Item_ShrewSkin,Organs/Shrew,684,Hellshrew skin,,It's so dry it almost breaks when handled.,0,Common,0,None,1,Organ,4,None,0,Knife,20,1,0,1x1,1000,0,0,,,
Item_Dogtags,Passives,434,Dogtags,,,3,Epic,10,PassiveEnhancements,0,None,1,Equippable,0,Knife,1450,1,0,1x1,1000,0,0,AimMovingBonus=0.15(PercentMult),,
Item_ExtraLung,Passives,445,Extra Lung,,A makeshift rebreather fashioned out of someone's lung and a plastic straw.,1,Uncommon,10,PassiveEnhancements,0,None,1,Equippable,0,Knife,500,1,0,1x2,1000,0,0,ProjectilePenetration=20(Flat),,
Item_FourLeafClover,Passives,459,Four-leaf Clover,,,3,Epic,10,PassiveEnhancements,0,None,1,Equippable,0,Knife,1450,1,0,1x1,1000,0,0,Spread=1(Flat),,
Item_ScubaTank,Passives,676,Oxygen Tank,,A small canister of pressurized oxygen used to breathe under water.,3,Epic,10,PassiveEnhancements,0,None,1,Equippable,0,Knife,1450,1,0,1x2,1000,0,0,ProjectilePenetration=1000000(Flat),,
Item_SheriffBadge,Passives,678,Sheriff's Badge,,"A badge of made out of a seemingly cheap metal, but it's all one needs to get the confidence of a proper gunslinger.",3,Epic,10,PassiveEnhancements,0,None,1,Equippable,0,Knife,1450,1,0,1x1,1000,0,0,DurabilityLoss=0.15(PercentMult),,
Item_AssWheel,Passives/DesertPassives,331,AssWheel,,,3,Epic,10,PassiveEnhancements,0,None,1,Equippable,0,Knife,9000,1,0,2x2,1000,0,0,ProjectileFoulFate=1(Flat),,
Item_Darklamp,Passives/DesertPassives,423,Dark Lamp,,,3,Epic,10,PassiveEnhancements,0,None,1,Equippable,0,Knife,10000,1,0,2x1,1000,0,0,DisableBloodOnHit=1(Flat),,
Item_DetectivePipe,Passives/DesertPassives,426,Detective Pipe,,,3,Epic,10,PassiveEnhancements,0,None,1,Equippable,0,Knife,15000,1,0,2x1,1000,0,0,ProjectileCryoSnakes=-0.15(Flat),,
Item_DogWhistle,Passives/DesertPassives,435,Dog Whistle,,,3,Epic,10,PassiveEnhancements,0,None,1,Equippable,0,Knife,10000,1,0,1x1,1000,0,0,DisableBloodOnHit=10(Flat),,
Item_InstantDefibrilator,Passives/DesertPassives,508,Instant Defibrilator,,,3,Epic,10,PassiveEnhancements,0,None,1,Equippable,0,Knife,10000,1,0,2x1,1000,0,0,ProjectileMetamorph=1(Flat),,
Item_IronFeather,Passives/DesertPassives,510,Iron Feather,,,3,Epic,10,PassiveEnhancements,0,None,1,Equippable,0,Knife,3000,1,0,1x1,1000,0,0,ProjectileHolyWater=1.2(Flat),,
Item_LibraryCard,Passives/DesertPassives,529,Library Card,,,3,Epic,10,PassiveEnhancements,0,None,1,Equippable,0,Knife,4000,1,0,1x1,1000,0,0,ProjectilePollen=0.3(Flat),,
Item_LoadedDice,Passives/DesertPassives,539,Loaded Dice,,,3,Epic,10,PassiveEnhancements,0,None,1,Equippable,0,Knife,15000,1,0,1x1,1000,0,0,ProjectileVinesprout=1(Flat),,
Item_LockOfTheMagus,Passives/DesertPassives,540,Lock Of The Magus,,,3,Epic,10,PassiveEnhancements,0,None,1,Equippable,0,Knife,7000,1,0,1x1,1000,0,0,ProjectilePollen=99(Flat),,
Item_MetabulatorPump,Passives/DesertPassives,553,Metabulator Pump,,,3,Epic,10,PassiveEnhancements,0,None,1,Equippable,0,Knife,8000,1,0,1x1,1000,0,0,ProjectileVisualCryoRocket=0.2(Flat),,
Item_RangeFinder,Passives/DesertPassives,622,Range Finder,,,3,Epic,10,PassiveEnhancements,0,None,1,Equippable,0,Knife,1450,1,0,1x1,1000,0,0,ItemStat_MoveSpeed=0.15(PercentMult),,
Item_YaketySax,Passives/DesertPassives,748,Yakety Sax,,,3,Epic,10,PassiveEnhancements,0,None,1,Equippable,0,Knife,1200,1,0,2x3,1000,0,0,ProjectileCryoSnakes=0.15(Flat),,
Item_Amulet,Specials,329,Amulet,,A strange urge to go back radiates from this artifact.,4,Legendary,9,Amulet,0,None,1,Equippable,0,Knife,0,0,0,2x2,1000,0,0,,,
Item_HauklandMembershipCard,Specials,484,Haukland Membership Card,Gives a discount at all Haukland stores.,The holder of this card has proven that they know their way around firearms.,2,Rare,0,None,0,None,4,None,0,Knife,1,0,0,1x1,1000,0,0,,,
Item_BaptismalFont,Storage,962,Baptismal Font,,Exorcise any enchantments and oils from your weapon by soaking them in this holy… water.,4,Legendary,0,None,0,None,8,Storage,0,Knife,10,0,0,4x4,500,0,0,,,
Item_BulkAmmoBox,Storage,963,Bulk Ammo Box,,Military surplus ammo box where you can buy ammo in bulk! At a reduced price!\r,4,Legendary,0,None,0,None,8,Storage,0,Knife,10,0,0,4x4,500,0,0,,,
Item_ChestOfDrawers,Storage,393,Chest of Drawers,,"Socks in the bottom, underwear in the top.",3,Epic,0,None,0,None,8,Storage,0,Knife,10,0,0,6x4,500,0,0,,,
Item_Chrismatory,Storage,964,Chrismatory,,"Alchemical station. Reroll any oil in here, for a price.",4,Legendary,0,None,0,None,8,Storage,0,Knife,30,0,0,4x4,500,0,0,,,
Item_ChristmatoryRefresh,Storage,975,Chrismatory Cost Reset,,Resets the inflated cost of using the Chrismatory back to it's original cost.,4,Legendary,0,None,0,None,8,Storage,0,Knife,32000,1,0,4x4,500,0,0,,,
Item_Coffin,Storage,991,Coffin,,Comfortable vampire bed repurposed as a storage unit. Padded in the lid to avoid concussions on restless nights.\r,4,Legendary,0,None,0,None,8,Storage,0,Knife,20,0,0,4x4,500,0,0,,,
Item_DeliveryDemon,Storage,977,Delivery Demon,,Unlocks a DHell representative in the church that will refresh the vendor tables of all the congregation members.,4,Legendary,0,None,0,None,8,Storage,0,Knife,35,1,0,4x4,500,0,0,,,
Item_DeliveryDemonRefresh,Storage,976,Delivery Demon Cost Reset,,Resets the inflated cost of using the Delivery Demon back to it's original cost.,4,Legendary,0,None,0,None,8,Storage,0,Knife,32000,1,0,4x4,500,0,0,,,
Item_GunCabinet,Storage,965,Gun Cabinet,,State of the art Haukland gun storage salvaged from their factory.\r,4,Legendary,0,None,0,None,8,Storage,0,Knife,25,0,0,4x4,500,0,0,,,
Item_HolorealityProjector,Storage,974,Holoreality Projector,,Generates an interactible projection of a random friend you've met along the way.,4,Legendary,0,None,0,None,8,Storage,0,Knife,50,0,0,4x4,500,0,0,,,
Item_Painting1,Storage,970,Small Golden Wall Frame,,Will hold and present one fabulous item of your choosing.,4,Legendary,0,None,0,None,8,Storage,0,Knife,5,0,0,4x4,500,0,0,,,
Item_Painting2,Storage,971,Withered Wood Wall Frame,,Will hold and present one fabulous item of your choosing.,4,Legendary,0,None,0,None,8,Storage,0,Knife,5,0,0,4x4,500,0,0,,,
Item_Painting3,Storage,972,Cherry Wood Wall Frame,,Will hold and present one fabulous item of your choosing.,4,Legendary,0,None,0,None,8,Storage,0,Knife,5,0,0,4x4,500,0,0,,,
Item_Painting4,Storage,973,Luxurious Wall Frame,,Will hold and present one fabulous item of your choosing.,4,Legendary,0,None,0,None,8,Storage,0,Knife,5,0,0,4x4,500,0,0,,,
Item_Refrigerator,Storage,626,Refrigerator,,"A nice to store food, or other stuff. Keeps your heads cool.",3,Epic,0,None,0,None,8,Storage,0,Knife,10,0,0,4x9,500,0,0,,,
Item_Safe,Storage,654,Safe,,"Will keep valuables in, and greedy hands out.",4,Legendary,0,None,0,None,8,Storage,0,Knife,10,0,0,4x4,500,0,0,,,
Item_SnakeBasket,Storage,966,Snake Basket,,Trendy storage unit that despite the name does not include any snakes. It does have a lot of snake storing potential though.,4,Legendary,0,None,0,None,8,Storage,0,Knife,10,0,0,4x4,500,0,0,,,
Item_Suitcase,Storage,709,Suitcase,,"A worn, traveled suitcase. Should holds many memories.",3,Epic,0,None,0,None,8,Storage,0,Knife,10,0,0,4x3,500,0,0,,,
Item_TargetDummy,Storage,1013,Target Dummy,,Ful jävla häxa,4,Legendary,0,None,0,None,8,Storage,0,Knife,30,0,0,3x4,500,0,0,,,
Item_Toilet,Storage,969,Toilet,,An interconnected watercloset where people do one's business. Things you put in here will end up in other toilets.,4,Legendary,0,None,0,None,8,Storage,0,Knife,18,0,0,6x9,500,0,0,,,
Item_WallMount0,Storage,992,Left Wall Mount,,A wall mount made to hold your most prized weapons. This one is the one to the left.,4,Legendary,0,None,0,None,8,Storage,0,Knife,10,0,0,4x4,500,0,0,,,
Item_WallMount1,Storage,993,Middle Wall Mount,,A wall mount made to hold your most prized weapons. This one is the one in the middle.,4,Legendary,0,None,0,None,8,Storage,0,Knife,10,0,0,4x4,500,0,0,,,
Item_WallMount2,Storage,994,Right Wall Mount,,A wall mount made to hold your most prized weapons. This one is the one to the right.,4,Legendary,0,None,0,None,8,Storage,0,Knife,10,0,0,4x4,500,0,0,,,
Item_Wardrobe,Storage,738,Wardrobe,,"While it ain't no door to Narnia, atleast it holds a lot of stuff!",4,Legendary,0,None,0,None,8,Storage,0,Knife,20,0,0,6x9,500,0,0,,,
Item_WeaponRack0,Storage,739,Weapon Rack,,"A worn, traveled suitcase. Should holds many memories.",3,Epic,0,None,0,None,8,Storage,0,Knife,30,0,0,8x6,500,0,0,,,
Item_WeaponRack1,Storage,740,Weapon Rack,,"A worn, traveled suitcase. Should holds many memories.",3,Epic,0,None,0,None,8,Storage,0,Knife,30,0,0,8x6,500,0,0,,,
Item_WeaponRack2,Storage,1069,Weapon Rack,,"A worn, traveled suitcase. Should holds many memories.",3,Epic,0,None,0,None,8,Storage,0,Knife,30,0,0,8x6,500,0,0,,,
ValuableCarStereo,Valuables,846,Car Stereo,,,0,Common,0,None,0,None,4,None,0,Knife,1600,1,0,2x1,1000,0,0,,,
ValuableCrawGuano,Valuables,847,Craw Guano,,The most valuable poop in Sulfur.,0,Common,0,None,0,None,4,None,0,Knife,1600,1,0,2x1,1000,0,0,,,
ValuableDVDPlayer,Valuables,850,DVD Player,,An ancient device used to watch Grumpy Old Men. These were often so complicated to set up that you would need to hire an installer.,0,Common,0,None,0,None,4,None,0,Knife,2400,1,0,3x1,1000,0,0,,,
ValuableDiamondRing,Valuables,848,Diamond Ring,,If you like it then you should put a finger on it.,0,Common,10,PassiveEnhancements,0,None,1,Equippable,0,Knife,6000,1,0,1x1,1000,0,0,ProjectileOnHitNoxiosaCloud=8(Flat),,
ValuableDriversLicense,Valuables,849,Driving License,,You should probably turn this in...,0,Common,0,None,0,None,4,None,0,Knife,1000,1,0,1x1,1000,0,0,,,
ValuableFamousPainting,Valuables,851,Famous Painting,,Sublime...,0,Common,0,None,0,None,4,None,0,Knife,16000,1,0,4x4,1000,0,0,,,
ValuableFancyWatch,Valuables,852,Fancy Watch,,"Time is money, hehe.",0,Common,10,PassiveEnhancements,0,None,1,Equippable,0,Knife,6000,1,0,1x1,1000,0,0,ProjectileOnHitNoxiosaCloud=10(Flat),,
ValuableFineChina,Valuables,853,Fine China,,,0,Common,0,None,0,None,4,None,0,Knife,3500,1,0,1x1,1000,0,0,,,
ValuableFlatscreenTV,Valuables,854,Flatscreen TV,,"A 36"" OLED television screen.",0,Common,0,None,0,None,4,None,0,Knife,14000,1,0,7x4,1000,0,0,,,
ValuableGamingLaptop,Valuables,855,Gaming Laptop,,A portable computer with tons of migs and megs of memories. Runs all the latest games at 60 fps.,0,Common,0,None,0,None,4,None,0,Knife,4000,1,0,3x2,1000,0,0,,,
ValuableGoldChain,Valuables,856,Gold Chain,,,0,Common,10,PassiveEnhancements,0,None,1,Equippable,0,Knife,2300,1,0,1x2,1000,0,0,ProjectileOnHitNoxiosaCloud=5(Flat),,
ValuableGoldenFigurine,Valuables,857,Golden Figurine,,,0,Common,0,None,0,None,4,None,0,Knife,5000,1,0,1x2,1000,0,0,,,
ValuableGoldenTicket,Valuables,858,Golden Ticket,,,0,Common,0,None,0,None,4,None,0,Knife,10000,1,0,1x1,1000,0,0,,,
ValuableMP3Player,Valuables,860,MP3 Player,,,0,Common,0,None,0,None,4,None,0,Knife,1100,1,0,1x1,1000,0,0,,,
ValuableMinidisc,Valuables,859,Minidisc,,,0,Common,0,None,0,None,4,None,0,Knife,1500,1,0,1x1,1000,0,0,,,
ValuableOldVintage,Valuables,861,Old Vintage,,The label has faded. This bottle of wine is likely thousands of years old.,0,Common,0,None,0,None,4,None,0,Knife,3800,1,0,1x2,1000,0,0,,,
ValuableOrnamentalVase,Valuables,862,Ornamental Vase,,,0,Common,0,None,0,None,4,None,0,Knife,4000,1,0,1x2,1000,0,0,,,
ValuablePokerChips,Valuables,863,Poker Chips,,,0,Common,0,None,0,None,4,None,0,Knife,800,1,0,1x1,1000,0,0,,,
ValuableQuaintLittleSpoon,Valuables,864,Quaint Little Spoon,,,0,Common,0,None,0,None,4,None,0,Knife,800,1,0,1x1,1000,0,0,,,
ValuableShavwaSoap,Valuables,865,Shav'Wa Soap,,The color is suspiciously close to that of Shav'Wa skin.,0,Common,0,None,0,None,4,None,0,Knife,1000,1,0,1x1,1000,0,0,,,
ValuableSmartphone,Valuables,866,Smartphone,,,0,Common,0,None,0,None,4,None,0,Knife,2000,1,0,1x1,1000,0,0,,,
ValuableSoulResin,Valuables,867,Soul Resin,,"""Da resin is redy. Bing it to da smit!""",0,Common,0,None,0,None,4,None,0,Knife,900,1,0,2x2,1000,0,0,,,
ValuableTheCost,Valuables,868,The Cost,,"""You must offer a piece of your soul to enter the Guild, Akratak.""",0,Common,0,None,0,None,4,None,0,Knife,800,1,0,1x2,1000,0,0,,,
Weapon_Arbiter2,Weapons,869,Arbiter 2,,Marketed as the obvious next step in the evolution of sawn-off shotguns. This newer model features an arm brace that helps prevent fractures.,0,Common,7,Weapon,0,None,1,Equippable,2,SMG,600,1,0,3x2,1800,0,0,,,Spread=10;KickCompensation=0.0025
Weapon_Augusta,Weapons,871,Augusta,,"An antique break-action, double-barrel shotgun that has been upgraded with an Ada kit and fashioned with scatter prisms.",2,Rare,7,Weapon,0,None,1,Equippable,3,Rifle,3000,1,0,5x2,1800,0,0,,,Spread=5;KickCompensation=0
Weapon_Balthazar,Weapons,872,.357 Balthazar,,"""Leave only allies behind."" - Saint Balthazar",3,Epic,7,Weapon,0,None,1,Equippable,1,Pistol,3200,1,0,3x2,2500,0,0,,,Spread=2;KickCompensation=0
Weapon_Beck,Weapons,873,Beck 8,,A favorite among Dusian Metro Cops for its high rate of fire and erratic spread pattern.,1,Uncommon,7,Weapon,0,None,1,Equippable,2,SMG,1800,1,0,2x2,2250,0,0,,,FullAuto=0;Spread=2.5;KickCompensation=0.08
Weapon_Blackwater,Weapons,1008,Blackwater,,,3,Epic,7,Weapon,0,None,1,Equippable,3,Rifle,3200,1,0,3x2,3000,0,0,,,Spread=2;KickCompensation=0
Weapon_Bo,Weapons,875,Bo,,,0,Common,8,BasicMelee,0,None,1,Equippable,0,Knife,4000,1,0,7x1,1000,0,0,,,
Weapon_Breacher8,Weapons,876,Breacher 8,"Hold the trigger to load, release to fire.",A hydralics assisted breaching shotgun. Model number denotes maximum shell capacity.,2,Rare,7,Weapon,0,None,1,Equippable,5,Bigga,1900,1,0,5x2,1200,0,0,,,Spread=10;KickCompensation=0.3
Weapon_Bronco,Weapons,877,Bronco 89,,"A buck-action™ ranching gun, often found in the rough and tumble reaches of the outer circle.",1,Uncommon,7,Weapon,0,None,1,Equippable,1,Pistol,1500,1,0,3x2,2500,0,0,,,Spread=2;KickCompensation=0.25
Weapon_CYB47,Weapons,1010,CYB47,,,2,Rare,7,Weapon,0,None,1,Equippable,3,Rifle,4500,1,0,4x2,4000,0,0,,,FullAuto=1;Spread=0;KickCompensation=0
Weapon_Catacoil,Weapons,885,Catacoil Rapid X,,"A laser sub machinegun once dubbed ""the switchblade of personal defense weaponry"" by Folks Magazine.",3,Epic,7,Weapon,0,None,1,Equippable,2,SMG,8000,1,0,3x2,3300,0,0,,,FullAuto=1;Spread=2.5;KickCompensation=0
Weapon_Cavalier,Weapons,984,Cavalier,,,1,Uncommon,7,Weapon,0,None,1,Equippable,1,Pistol,4000,1,0,2x2,2700,0,0,,,FullAuto=0;Spread=3;KickCompensation=0.08
Weapon_Chat-Pardeur98,Weapons,986,Chat-Pardeur 98,,\n,3,Epic,7,Weapon,0,None,1,Equippable,5,Bigga,3500,1,0,5x2,3200,0,0,,,FullAuto=1;Spread=1.5;KickCompensation=0.625
Weapon_ChimeraRapid,Weapons,1009,Chimera Rapid,,,2,Rare,7,Weapon,0,None,1,Equippable,2,SMG,4000,1,0,3x2,2800,0,0,,,FullAuto=1;Spread=2.5;KickCompensation=0.08
Weapon_Corpsemaker,Weapons,886,Corpsemaker,,"A machine gun made by the Haukland Company. Said to do double damage against Ghosts, but this is largely believed to be hearsay.",2,Rare,7,Weapon,0,None,1,Equippable,3,Rifle,4000,1,0,3x2,3200,0,0,,,FullAuto=1;Spread=2.5;KickCompensation=0.25
Weapon_CryoGrenade,Weapons,888,Cryogenic Grenade,,An experimental hand grenade that emits a shocking blast of cold on detonation. Slows or freezes enemies caught in its blast range.,0,Common,1,Gadget,0,None,1,Equippable,0,Knife,150,1,0,1x2,1000,0,0,,,
Weapon_D4RT,Weapons,890,D4RT,,"A break-action laser sniper rifle, it super-charges enercy cells to deliver devastating damage at the cost of a short delay when pulling the trigger.",3,Epic,7,Weapon,0,None,1,Equippable,3,Rifle,3200,1,0,6x2,4000,0,0,,,Spread=1.5;KickCompensation=0.2
Weapon_DeathStar,Weapons,891,Death Star,,"Originally known as the ""Piglet"", the Death Star is a toggle-locked rifle featuring a rattle mag that is highly prone to stoppage. It looked and sounded cool, however, so here we are.",3,Epic,7,Weapon,0,None,1,Equippable,2,SMG,3200,1,0,3x2,3600,0,0,,,Spread=5;KickCompensation=0;FullAuto=0
Weapon_DeathsToll,Weapons,1011,Death's Toll,,,3,Epic,7,Weapon,0,None,1,Equippable,2,SMG,7000,1,0,2x2,1000,0,0,,,Spread=2;KickCompensation=0
Weapon_Dirk,Weapons,892,P38 Dirk,,You have a feeling that you've held this gun before...,0,Common,7,Weapon,0,None,1,Equippable,1,Pistol,1,1,0,2x2,2000,0,0,,,Spread=2;KickCompensation=0
Weapon_Dolphin99,Weapons,893,Dolphin 99,,"Made largely out of reclaimed plastic waste, this .50 BMG rifle features a massive spring with a draw force of over 400 newtons. The magazine ""kick-forward"" is said to have been inspired by the way Dolphins jump along the ocean's edge.",1,Uncommon,7,Weapon,0,None,1,Equippable,3,Rifle,3200,1,0,6x2,1000,0,0,,,Spread=1.5;KickCompensation=0.2
Weapon_Drifter9,Weapons,894,Drifter 9,,"\rDrifter 9 a hand crafted sub machinegun whose body and foregrip is said to be crafted from \""The Great Drifter\"", a petrified tree the size of an island that floats in the seas of the north, beaching its self briefly once every 140 years.",0,Common,7,Weapon,0,None,1,Equippable,2,SMG,500,1,0,2x2,3300,0,0,,,FullAuto=1;Spread=3;KickCompensation=0
Weapon_Duhar,Weapons,895,Duhar,,"A light machinegun featuring double barrels, this gun that is essentially two guns packed into one has circulated heavily in recent border clashes on the 4th circle.",2,Rare,7,Weapon,0,None,1,Equippable,3,Rifle,8000,1,0,5x2,2500,0,0,,,Spread=1.5;KickCompensation=0.2;FullAuto=1
Weapon_Dynamite,Weapons,896,Dynamite,,A high explosive grenade for use in attacking defensive fortifications. Features a pull cord fuse design.,1,Uncommon,1,Gadget,0,None,1,Equippable,0,Knife,200,1,0,1x2,1000,0,0,,,
Weapon_Farsight,Weapons,898,Farsight,,"Originally known as the ""Piglet"", the Death Star is a toggle-locked rifle featuring a rattle mag that is highly prone to stoppage. It looked and sounded cool, however, so here we are.",3,Epic,7,Weapon,0,None,1,Equippable,3,Rifle,5500,1,0,2x2,2000,0,0,,,Spread=5;KickCompensation=0;FullAuto=0
Weapon_Ferryman,Weapons,899,Ferryman,,"A compact anti-material submachine gun designed for tank crews. This daring weapon of war was a last ditch attempt by Thomas Haukland to garner an upswing in profits, but ultimately that led to the company's bankruptcy.",2,Rare,7,Weapon,0,None,1,Equippable,3,Rifle,9000,1,0,3x2,2000,0,0,,,Spread=1.5;KickCompensation=0.2;FullAuto=1
Weapon_FlickerZip,Weapons,900,Flicker Zip,,"Standard issue commando pistol marked ""S9 Taxi Special"".",2,Rare,7,Weapon,0,None,1,Equippable,0,Knife,2000,1,0,1x1,800,0,0,,,Spread=0;KickCompensation=0
Weapon_Flock,Weapons,901,Flock,,flocky flock flock,2,Rare,7,Weapon,0,None,1,Equippable,2,SMG,3500,1,0,3x2,2100,0,0,,,Spread=2.5;KickCompensation=0.08;FullAuto=1
Weapon_Gravekeeper,Weapons,909,Gravekeeper,,A very early magazine-based pistol. Made by the Haukland Company.,0,Common,7,Weapon,0,None,1,Equippable,1,Pistol,1000,1,0,2x2,3000,0,0,,,Spread=2;KickCompensation=0.25
Weapon_HellnBack,Weapons,978,HellnBack,,Hi Simon :),2,Rare,7,Weapon,0,None,1,Equippable,1,Pistol,3000,1,0,3x2,2000,0,0,,,Spread=2.5;KickCompensation=0;ExtraDamage_LeftGun=0.5
Weapon_ImpalaGravita,Weapons,916,Impala Gravita,,bow ow wow yippie yo yippie yaeyyey,2,Rare,7,Weapon,0,None,1,Equippable,3,Rifle,3200,1,0,5x2,2200,0,0,,,Spread=1.5;KickCompensation=0.2
Weapon_JarOfLove,Weapons,917,Jar of love notes,,"A jar filled with love, be bold and spread the love!\n",0,Common,1,Gadget,0,None,1,Equippable,0,Knife,100,1,0,1x2,1000,0,0,,,
Weapon_Katana,Weapons,918,Katana,,,0,Common,8,BasicMelee,0,None,1,Equippable,0,Knife,4200,1,0,4x1,1000,0,0,,,
Weapon_KleinBauer,Weapons,1017,Klein Bauer,,,3,Epic,7,Weapon,0,None,1,Equippable,1,Pistol,4000,1,0,3x2,6500,0,0,,,FullAuto=1;Spread=2;KickCompensation=0.25
Weapon_Knop,Weapons,919,Knop .22,,"A breech loaded, single-shot, small game hunting rifle.",0,Common,7,Weapon,0,None,1,Equippable,1,Pistol,1500,1,0,4x2,3000,0,0,,,Spread=2;KickCompensation=0
Weapon_LilyOfTheNight,Weapons,1070,Nightlily,,,2,Rare,7,Weapon,0,None,1,Equippable,3,Rifle,9000,1,0,4x2,1500,0,0,,,FullAuto=1;Spread=2.5;KickCompensation=0.25
Weapon_Longboy,Weapons,967,Longboy,,,1,Uncommon,7,Weapon,0,None,1,Equippable,4,Sniper,9000,1,0,7x2,1200,0,0,,,Spread=1.5;KickCompensation=0.2
Weapon_M11Ramshack,Weapons,920,M11A2 Fisk,,An assault rifle developed for amphibious operations. The Fisk is entirerly watertight except for its door-shaped ejection port.,3,Epic,7,Weapon,0,None,1,Equippable,3,Rifle,7700,1,0,4x2,3000,0,0,,,FullAuto=1;Spread=2;KickCompensation=0.25
Weapon_Majordome,Weapons,921,Majordome,,Hello ;),2,Rare,7,Weapon,0,None,1,Equippable,3,Rifle,8000,1,0,3x2,2200,0,0,,,Spread=2.5;KickCompensation=0.08;FullAuto=0
Weapon_Mario,Weapons,922,1884 Mario,,"An older model over-under shotgun. ""They don't make 'em like they used to."" has been crudely carved into the wooden backside of the stock.",0,Common,7,Weapon,0,None,1,Equippable,3,Rifle,1200,1,0,5x2,2500,0,0,,,Spread=4;KickCompensation=0
Weapon_MolotovCocktail,Weapons,923,Molotov Cocktail,,A repurposed liquor bottle containing a sticky mixture of gasoline and styrofoam that erupts into a fireball when thrown.,0,Common,1,Gadget,0,None,1,Equippable,0,Knife,100,1,0,1x2,1000,0,0,,,
Weapon_Mossman,Weapons,925,Mossman,,Manufactured and used by mobsters during the first gangsta era.,1,Uncommon,7,Weapon,0,None,1,Equippable,3,Rifle,1500,1,0,3x2,2400,0,0,,,Spread=5;KickCompensation=0.5
Weapon_Mowlock,Weapons,1065,Mowlock,,,2,Rare,7,Weapon,0,None,1,Equippable,2,SMG,2200,1,0,3x2,5000,0,0,,,FullAuto=1;Spread=2.5;KickCompensation=0.25
Weapon_NeuraxisF22,Weapons,926,Neuraxis F22,,"Issued to school principals during the second Robot War, the Rektor 100rd features a patented latching magazine box design to reduce reloading time.",4,Legendary,7,Weapon,0,None,1,Equippable,4,Sniper,5000,1,0,5x2,4200,0,0,,,FullAuto=1;Spread=20;KickCompensation=0
Weapon_Nunchaku,Weapons,928,Nunchaku,,,0,Common,8,BasicMelee,0,None,1,Equippable,0,Knife,3500,1,0,3x1,1000,0,0,,,
Weapon_PalehorseTopclipper,Weapons,929,Palehorse Topclipper,,"""And I looked, and behold a pale horse: and his name that sat on him was Death, and Hades was following close behind him.""",3,Epic,7,Weapon,0,None,1,Equippable,1,Pistol,3000,1,0,3x2,2800,0,0,,,Spread=2;KickCompensation=0.25
Weapon_PierreFusil,Weapons,930,M182 Pierre-Fusil,,"Produced in a long line of battle rifles, per order of Queen Andrielle the Third. Her majesty kept insisting that each iteration of the rifle still wasn't good enough for adoption in her Royal Corps, hence the high model number.",1,Uncommon,7,Weapon,0,None,1,Equippable,3,Rifle,5000,1,0,5x2,2200,0,0,,,FullAuto=0;Spread=1;KickCompensation=0.35
Weapon_PineappleGrenade,Weapons,931,Pineapple Grenade,,A defensive fragmentation grenade designed to produce a deadly smattering of shrapnel on explosion. Use with extreme caution.,0,Common,1,Gadget,0,None,1,Equippable,0,Knife,200,1,0,1x2,1000,0,0,,,
Weapon_PloikaC,Weapons,932,Ploika Compact,,Features a patented dual casing ejection system that enables its extreme rate of fire.,0,Common,7,Weapon,0,None,1,Equippable,2,SMG,910,1,0,2x2,3900,0,0,,,FullAuto=1;Spread=5;KickCompensation=0.05
Weapon_PoisonGrenade,Weapons,933,Jar of Poison,,A mason jar that has been carefully filled with a number of nerve gas globules. Produces a deadly gas cloud on impact when thrown.,0,Common,1,Gadget,0,None,1,Equippable,0,Knife,100,1,0,1x2,1000,0,0,,,
Weapon_ProximityMine,Weapons,934,Proximity Mine,,An explosive charge contained in a metal device with an attached seismic sensor.,2,Rare,1,Gadget,0,None,1,Equippable,0,Knife,400,1,0,2x1,1000,0,0,,,
Weapon_Rektor,Weapons,936,Rektor 100rd,,"Issued to school principals during the second Robot War, the Rektor 100rd features a patented latching magazine box design to reduce reloading time.",4,Legendary,7,Weapon,0,None,1,Equippable,5,Bigga,8000,1,0,5x2,3400,0,0,,,FullAuto=1;Spread=4;KickCompensation=0.7
Weapon_Rokua,Weapons,938,Rokua .308,,A polymer furnished sniper rifle named after a Finnish forest. The teal bakelite has been treated with an oil derived from Sugar Snakes for increased durabililty.,4,Legendary,7,Weapon,0,None,1,Equippable,4,Sniper,7000,1,0,5x2,3500,0,0,,,Spread=1;KickCompensation=0.35
Weapon_Sai,Weapons,939,Sai,,,0,Common,8,BasicMelee,0,None,1,Equippable,0,Knife,3800,1,0,2x1,1000,0,0,,,
Weapon_Salamander,Weapons,940,Salamander,,"While its initial purpose was aesthetic, a way to mix and match the colors of different components, the Salamander eventually turned into a favorite among clandestine agencies for its unmatched potential for stealth and being snuck into high security locations.",2,Rare,7,Weapon,0,None,1,Equippable,1,Pistol,5000,1,0,3x2,2000,0,0,,,Spread=1.5;KickCompensation=0.2
Weapon_Snowball,Weapons,942,Snowball,,,0,Common,1,Gadget,0,None,1,Equippable,0,Knife,50,0,1,1x1,1000,0,0,,,
Weapon_Snut38,Weapons,943,Snut .38,,A revolutionary revolver design that can be quickly reloaded due to its detachable cylinder. This model is intended for use by police forces.,0,Common,7,Weapon,0,None,1,Equippable,1,Pistol,500,1,0,2x2,3300,0,0,,,Spread=2.5;KickCompensation=0
Weapon_Socom9,Weapons,944,Socom 9,,"Standard issue commando pistol marked ""S9 Taxi Special"".",2,Rare,7,Weapon,0,None,1,Equippable,1,Pistol,1900,1,0,2x2,2200,0,0,,,Spread=2;KickCompensation=0
Weapon_SocomACR,Weapons,988,Socom ACR,,,0,Common,7,Weapon,0,None,1,Equippable,3,Rifle,3500,1,0,4x2,4700,0,0,,,Spread=2;KickCompensation=0.05
Weapon_Songbird,Weapons,987,Songbird,,,0,Common,7,Weapon,0,None,1,Equippable,2,SMG,6500,1,0,2x2,4700,0,0,,,FullAuto=1;Spread=5;KickCompensation=0.05
Weapon_StarAndWitness,Weapons,945,Star & Witness,,"Made entirerly of plastic, these fantastic pistols are designed to be used akimbo style and to guard your life.",2,Rare,7,Weapon,0,None,1,Equippable,1,Pistol,2500,1,0,2x2,2100,0,0,,,Spread=2.5;KickCompensation=0
Weapon_StickGrenade,Weapons,946,Stick Grenade,,A high explosive grenade for use in attacking defensive fortifications. Features a pull cord fuse design.,0,Common,1,Gadget,0,None,1,Equippable,0,Knife,200,1,0,1x2,1000,0,0,,,
Weapon_SulfurGrenade,Weapons,947,Sulfur Grenade,,"Improvised from tangled False Sulfcaps and bits of scrap metal, this thrown explosive sticks to surfaces before detonating.",0,Common,1,Gadget,0,None,1,Equippable,0,Knife,50,1,1,1x1,1000,0,0,,,
Weapon_TailorMarksman,Weapons,948,TailorMarksman,,A revolutionary revolver design that can be quickly reloaded due to its detachable cylinder. This model is intended for use by police forces.,1,Uncommon,7,Weapon,0,None,1,Equippable,2,SMG,3500,1,0,4x2,2800,0,0,,,Spread=2;KickCompensation=0
Weapon_Termite,Weapons,949,M3 Termite,,,1,Uncommon,7,Weapon,0,None,1,Equippable,2,SMG,1400,1,0,3x2,3000,0,0,,,FullAuto=0;Spread=2.5;KickCompensation=0.08
Weapon_TerrierURB,Weapons,1007,Terrier URB,,You have a feeling that you've held this gun before...,0,Common,7,Weapon,0,None,1,Equippable,1,Pistol,3000,1,0,2x2,3700,0,0,,,Spread=2;KickCompensation=0
Weapon_ThrowingKnives,Weapons,950,Throwing Knives,,"Small, ultra lightweight knives designed for throwing. Has a loop at the end for easy storage in a belt.",0,Common,1,Gadget,0,None,1,Equippable,0,Knife,50,1,1,1x2,1000,0,0,,,
Weapon_Typhoon,Weapons,952,Type 80 Typhoon,,A bullpup heavy assault rifle featuring an elaborate blowback recoil dampening system. Its metal housing makes it rather heavy to lug around.,3,Epic,7,Weapon,0,None,1,Equippable,3,Rifle,5000,1,0,4x2,2700,0,0,,,FullAuto=1;Spread=1.5;KickCompensation=0.625
Weapon_Unknown,Weapons,953,Unknown,,"A laser sub machinegun once dubbed ""the switchblade of personal defense weaponry"" by Folks Magazine.",2,Rare,7,Weapon,0,None,1,Equippable,1,Pistol,2400,1,0,2x1,4000,0,0,,,Spread=0;KickCompensation=0
Weapon_Valet,Weapons,954,Valet,,A sub machinegun designed by the late gunsmith Elias von Vrede. Is said to have turned the tide in the Third War for the Hellthrone.,2,Rare,7,Weapon,0,None,1,Equippable,2,SMG,4800,1,0,2x2,3000,0,0,,,FullAuto=1;Spread=2.5;KickCompensation=0.08
Weapon_Vrede,Weapons,955,Vrede,,A sub machinegun designed by the late gunsmith Elias von Vrede. Is said to have turned the tide in the Third War for the Hellthrone.,2,Rare,7,Weapon,0,None,1,Equippable,2,SMG,3000,1,0,3x2,3900,0,0,,,FullAuto=1;Spread=2.5;KickCompensation=0.08
Weapon_Wakizashi,Weapons,956,Wakizashi,,,0,Common,8,BasicMelee,0,None,1,Equippable,0,Knife,1,1,0,3x1,1000,0,0,,,
Weapon_Warpig,Weapons,983,Warpig,,Oink\n,3,Epic,7,Weapon,0,None,1,Equippable,3,Rifle,7000,1,0,5x2,3500,0,0,,,FullAuto=1;Spread=1.5;KickCompensation=0.625
Weapon_Wingman,Weapons,979,Wingman,,:) Hi,2,Rare,7,Weapon,0,None,1,Equippable,3,Rifle,6000,1,0,4x2,3300,0,0,,,FullAuto=1;Spread=2.5;KickCompensation=0.25
Weapon_WyattPulsar,Weapons,959,Wyatt PULSAR,,"An antique revolver heavily modified using several ADA kits. It can be fired in a semi auto fashion, or be slowly powered up to deal massive damage at the cost of more energy cells.",2,Rare,7,Weapon,0,None,1,Equippable,1,Pistol,2000,1,0,3x2,3600,0,0,,,Spread=1.5;KickCompensation=0.2
