table,entry_kind,item,weight,drop_pct,table_total_weight,category
BossLoot_Cousin_Demo,item,.357 Balthazar,30.0,2.1676,1384.0,Boss
BossLoot_Cousin_Demo,item,Arbiter 2,200.0,14.4509,1384.0,Boss
BossLoot_Cousin_Demo,item,Augusta,15.0,1.0838,1384.0,Boss
BossLoot_Cousin_Demo,item,Breacher 8,30.0,2.1676,1384.0,Boss
BossLoot_Cousin_Demo,item,Catacoil Rapid X,8.0,0.578,1384.0,Boss
BossLoot_Cousin_Demo,item,Corpsemaker,8.0,0.578,1384.0,Boss
BossLoot_Cousin_Demo,item,Dolphin 99,30.0,2.1676,1384.0,Boss
BossLoot_Cousin_Demo,item,Drifter 9,250.0,18.0636,1384.0,Boss
BossLoot_Cousin_Demo,item,Gravekeeper,70.0,5.0578,1384.0,Boss
BossLoot_Cousin_Demo,item,Knop .22,200.0,14.4509,1384.0,Boss
BossLoot_Cousin_Demo,item,Mossman,200.0,14.4509,1384.0,Boss
BossLoot_Cousin_Demo,item,Palehorse Topclipper,20.0,1.4451,1384.0,Boss
BossLoot_Cousin_Demo,item,Ploika Compact,50.0,3.6127,1384.0,Boss
BossLoot_Cousin_Demo,item,Rektor 100rd,8.0,0.578,1384.0,Boss
BossLoot_Cousin_Demo,item,Rokua .308,10.0,0.7225,1384.0,Boss
BossLoot_Cousin_Demo,item,Snut .38,200.0,14.4509,1384.0,Boss
BossLoot_Cousin_Demo,item,Socom 9,15.0,1.0838,1384.0,Boss
BossLoot_Cousin_Demo,item,Star & Witness,15.0,1.0838,1384.0,Boss
BossLoot_Cousin_Demo,item,Type 80 Typhoon,10.0,0.7225,1384.0,Boss
BossLoot_Cousin_Demo,item,Vrede,15.0,1.0838,1384.0,Boss
BossLoot_Cousin_Full,item,.357 Balthazar,30.0,1.2937,2319.0,Boss
BossLoot_Cousin_Full,item,1884 Mario,100.0,4.3122,2319.0,Boss
BossLoot_Cousin_Full,item,Arbiter 2,200.0,8.6244,2319.0,Boss
BossLoot_Cousin_Full,item,Augusta,15.0,0.6468,2319.0,Boss
BossLoot_Cousin_Full,item,Beck 8,60.0,2.5873,2319.0,Boss
BossLoot_Cousin_Full,item,Bo,5.0,0.2156,2319.0,Boss
BossLoot_Cousin_Full,item,Breacher 8,30.0,1.2937,2319.0,Boss
BossLoot_Cousin_Full,item,Bronco 89,150.0,6.4683,2319.0,Boss
BossLoot_Cousin_Full,item,Catacoil Rapid X,8.0,0.345,2319.0,Boss
BossLoot_Cousin_Full,item,Corpsemaker,8.0,0.345,2319.0,Boss
BossLoot_Cousin_Full,item,Crypt key,10.0,0.4312,2319.0,Boss
BossLoot_Cousin_Full,item,D4RT,15.0,0.6468,2319.0,Boss
BossLoot_Cousin_Full,item,Death Star,8.0,0.345,2319.0,Boss
BossLoot_Cousin_Full,item,Dolphin 99,30.0,1.2937,2319.0,Boss
BossLoot_Cousin_Full,item,Drifter 9,250.0,10.7805,2319.0,Boss
BossLoot_Cousin_Full,item,Duhar,8.0,0.345,2319.0,Boss
BossLoot_Cousin_Full,item,Ferryman,8.0,0.345,2319.0,Boss
BossLoot_Cousin_Full,item,Flicker Zip,10.0,0.4312,2319.0,Boss
BossLoot_Cousin_Full,item,Flock,8.0,0.345,2319.0,Boss
BossLoot_Cousin_Full,item,Goblin Cooking,10.0,0.4312,2319.0,Boss
BossLoot_Cousin_Full,item,Gravekeeper,70.0,3.0185,2319.0,Boss
BossLoot_Cousin_Full,item,Impala Gravita,8.0,0.345,2319.0,Boss
BossLoot_Cousin_Full,item,Insurance,200.0,8.6244,2319.0,Boss
BossLoot_Cousin_Full,item,Katana,5.0,0.2156,2319.0,Boss
BossLoot_Cousin_Full,item,Knop .22,200.0,8.6244,2319.0,Boss
BossLoot_Cousin_Full,item,M11A2 Fisk,8.0,0.345,2319.0,Boss
BossLoot_Cousin_Full,item,M182 Pierre-Fusil,30.0,1.2937,2319.0,Boss
BossLoot_Cousin_Full,item,M3 Termite,50.0,2.1561,2319.0,Boss
BossLoot_Cousin_Full,item,Majordome,8.0,0.345,2319.0,Boss
BossLoot_Cousin_Full,item,Mossman,200.0,8.6244,2319.0,Boss
BossLoot_Cousin_Full,item,Mowlock,100.0,4.3122,2319.0,Boss
BossLoot_Cousin_Full,item,Neuraxis F22,8.0,0.345,2319.0,Boss
BossLoot_Cousin_Full,item,Nunchaku,5.0,0.2156,2319.0,Boss
BossLoot_Cousin_Full,item,Palehorse Topclipper,20.0,0.8624,2319.0,Boss
BossLoot_Cousin_Full,item,Ploika Compact,100.0,4.3122,2319.0,Boss
BossLoot_Cousin_Full,item,Rektor 100rd,8.0,0.345,2319.0,Boss
BossLoot_Cousin_Full,item,Rokua .308,10.0,0.4312,2319.0,Boss
BossLoot_Cousin_Full,item,Sai,5.0,0.2156,2319.0,Boss
BossLoot_Cousin_Full,item,Salamander,40.0,1.7249,2319.0,Boss
BossLoot_Cousin_Full,item,Snut .38,200.0,8.6244,2319.0,Boss
BossLoot_Cousin_Full,item,Socom 9,15.0,0.6468,2319.0,Boss
BossLoot_Cousin_Full,item,Star & Witness,15.0,0.6468,2319.0,Boss
BossLoot_Cousin_Full,item,TailorMarksman,8.0,0.345,2319.0,Boss
BossLoot_Cousin_Full,item,Type 80 Typhoon,10.0,0.4312,2319.0,Boss
BossLoot_Cousin_Full,item,Valet,8.0,0.345,2319.0,Boss
BossLoot_Cousin_Full,item,Vrede,15.0,0.6468,2319.0,Boss
BossLoot_Cousin_Full,item,Wyatt PULSAR,10.0,0.4312,2319.0,Boss
BossLoot_DesertClaus_Full,item,Bo,4.0,5.0,80.0,Boss
BossLoot_DesertClaus_Full,item,Crypt key,6.0,7.5,80.0,Boss
BossLoot_DesertClaus_Full,item,Farsight,4.0,5.0,80.0,Boss
BossLoot_DesertClaus_Full,item,Ferryman,4.0,5.0,80.0,Boss
BossLoot_DesertClaus_Full,item,Gold Chain,2.0,2.5,80.0,Boss
BossLoot_DesertClaus_Full,item,Insurance,3.0,3.75,80.0,Boss
BossLoot_DesertClaus_Full,item,Katana,4.0,5.0,80.0,Boss
BossLoot_DesertClaus_Full,item,Longboy,4.0,5.0,80.0,Boss
BossLoot_DesertClaus_Full,item,M11A2 Fisk,4.0,5.0,80.0,Boss
BossLoot_DesertClaus_Full,item,Majordome,4.0,5.0,80.0,Boss
BossLoot_DesertClaus_Full,item,Nunchaku,4.0,5.0,80.0,Boss
BossLoot_DesertClaus_Full,item,Sai,4.0,5.0,80.0,Boss
BossLoot_DesertClaus_Full,item,Salamander,4.0,5.0,80.0,Boss
BossLoot_DesertClaus_Full,item,Scroll of Dark,1.0,1.25,80.0,Boss
BossLoot_DesertClaus_Full,item,Scroll of Earth,1.0,1.25,80.0,Boss
BossLoot_DesertClaus_Full,item,Scroll of Embers,1.0,1.25,80.0,Boss
BossLoot_DesertClaus_Full,item,Scroll of Frostbite,1.0,1.25,80.0,Boss
BossLoot_DesertClaus_Full,item,Scroll of Light,1.0,1.25,80.0,Boss
BossLoot_DesertClaus_Full,item,Scroll of Nature,1.0,1.25,80.0,Boss
BossLoot_DesertClaus_Full,item,Scroll of Plague,1.0,1.25,80.0,Boss
BossLoot_DesertClaus_Full,item,Scroll of Surge,1.0,1.25,80.0,Boss
BossLoot_DesertClaus_Full,item,Scroll of Water,1.0,1.25,80.0,Boss
BossLoot_DesertClaus_Full,item,Socom 9,4.0,5.0,80.0,Boss
BossLoot_DesertClaus_Full,item,Soul Resin,2.0,2.5,80.0,Boss
BossLoot_DesertClaus_Full,item,Star & Witness,4.0,5.0,80.0,Boss
BossLoot_DesertClaus_Full,item,The Cost,2.0,2.5,80.0,Boss
BossLoot_DesertClaus_Full,item,Type 80 Typhoon,4.0,5.0,80.0,Boss
BossLoot_DesertClaus_Full,item,Valet,4.0,5.0,80.0,Boss
BossLoot_Emperor_Full,item,.357 Balthazar,30.0,6.3158,475.0,Boss
BossLoot_Emperor_Full,item,Augusta,15.0,3.1579,475.0,Boss
BossLoot_Emperor_Full,item,Bo,8.0,1.6842,475.0,Boss
BossLoot_Emperor_Full,item,Catacoil Rapid X,8.0,1.6842,475.0,Boss
BossLoot_Emperor_Full,item,Chamber Chisel (.50 BMG),30.0,6.3158,475.0,Boss
BossLoot_Emperor_Full,item,Chamber Chisel (12ga),30.0,6.3158,475.0,Boss
BossLoot_Emperor_Full,item,Corpsemaker,8.0,1.6842,475.0,Boss
BossLoot_Emperor_Full,item,Crypt key,20.0,4.2105,475.0,Boss
BossLoot_Emperor_Full,item,D4RT,15.0,3.1579,475.0,Boss
BossLoot_Emperor_Full,item,Duhar,8.0,1.6842,475.0,Boss
BossLoot_Emperor_Full,item,Ferryman,8.0,1.6842,475.0,Boss
BossLoot_Emperor_Full,item,Fortress Cookbook,15.0,3.1579,475.0,Boss
BossLoot_Emperor_Full,item,Impala Gravita,15.0,3.1579,475.0,Boss
BossLoot_Emperor_Full,item,Insurance,70.0,14.7368,475.0,Boss
BossLoot_Emperor_Full,item,Katana,8.0,1.6842,475.0,Boss
BossLoot_Emperor_Full,item,M11A2 Fisk,8.0,1.6842,475.0,Boss
BossLoot_Emperor_Full,item,M182 Pierre-Fusil,30.0,6.3158,475.0,Boss
BossLoot_Emperor_Full,item,Nunchaku,8.0,1.6842,475.0,Boss
BossLoot_Emperor_Full,item,Palehorse Topclipper,20.0,4.2105,475.0,Boss
BossLoot_Emperor_Full,item,Rektor 100rd,8.0,1.6842,475.0,Boss
BossLoot_Emperor_Full,item,Rokua .308,10.0,2.1053,475.0,Boss
BossLoot_Emperor_Full,item,Sai,8.0,1.6842,475.0,Boss
BossLoot_Emperor_Full,item,Salamander,40.0,8.4211,475.0,Boss
BossLoot_Emperor_Full,item,Socom 9,15.0,3.1579,475.0,Boss
BossLoot_Emperor_Full,item,Star & Witness,15.0,3.1579,475.0,Boss
BossLoot_Emperor_Full,item,Type 80 Typhoon,10.0,2.1053,475.0,Boss
BossLoot_Emperor_Full,item,Vrede,15.0,3.1579,475.0,Boss
BossLoot_Lucia_Full,item,Black Guild Cooking,1.0,4.0,25.0,Boss
BossLoot_Lucia_Full,item,Chamber Chisel (.50 BMG),1.0,4.0,25.0,Boss
BossLoot_Lucia_Full,item,Chamber Chisel (12ga),1.0,4.0,25.0,Boss
BossLoot_Lucia_Full,item,Chamber Chisel (5.56mm),1.0,4.0,25.0,Boss
BossLoot_Lucia_Full,item,Chamber Chisel (7.62mm),1.0,4.0,25.0,Boss
BossLoot_Lucia_Full,item,Chamber Chisel (9mm),1.0,4.0,25.0,Boss
BossLoot_Lucia_Full,item,Crypt key,1.0,4.0,25.0,Boss
BossLoot_Lucia_Full,item,Death Star,1.0,4.0,25.0,Boss
BossLoot_Lucia_Full,item,Dunce Cap,1.0,4.0,25.0,Boss
BossLoot_Lucia_Full,item,Famous Painting,1.0,4.0,25.0,Boss
BossLoot_Lucia_Full,item,Insurance,1.0,4.0,25.0,Boss
BossLoot_Lucia_Full,item,Pope Hat,1.0,4.0,25.0,Boss
BossLoot_Lucia_Full,item,Reflex Sight,1.0,4.0,25.0,Boss
BossLoot_Lucia_Full,item,Scroll of Dark,1.0,4.0,25.0,Boss
BossLoot_Lucia_Full,item,Scroll of Earth,1.0,4.0,25.0,Boss
BossLoot_Lucia_Full,item,Scroll of Embers,1.0,4.0,25.0,Boss
BossLoot_Lucia_Full,item,Scroll of Fear,1.0,4.0,25.0,Boss
BossLoot_Lucia_Full,item,Scroll of Frostbite,1.0,4.0,25.0,Boss
BossLoot_Lucia_Full,item,Scroll of Light,1.0,4.0,25.0,Boss
BossLoot_Lucia_Full,item,Scroll of Nature,1.0,4.0,25.0,Boss
BossLoot_Lucia_Full,item,Scroll of Plague,1.0,4.0,25.0,Boss
BossLoot_Lucia_Full,item,Scroll of Surge,1.0,4.0,25.0,Boss
BossLoot_Lucia_Full,item,Scroll of Water,1.0,4.0,25.0,Boss
BossLoot_Lucia_Full,item,TailorMarksman,1.0,4.0,25.0,Boss
BossLoot_Lucia_Full,item,The Cost,1.0,4.0,25.0,Boss
BossLoot_Terrorbaum_Full,item,.357 Balthazar,40.0,1.8282,2188.0,Boss
BossLoot_Terrorbaum_Full,item,1884 Mario,30.0,1.3711,2188.0,Boss
BossLoot_Terrorbaum_Full,item,Augusta,50.0,2.2852,2188.0,Boss
BossLoot_Terrorbaum_Full,item,Ballistic Helmet,50.0,2.2852,2188.0,Boss
BossLoot_Terrorbaum_Full,item,Beck 8,60.0,2.7422,2188.0,Boss
BossLoot_Terrorbaum_Full,item,Bo,50.0,2.2852,2188.0,Boss
BossLoot_Terrorbaum_Full,item,Camo Jacket,50.0,2.2852,2188.0,Boss
BossLoot_Terrorbaum_Full,item,Catacoil Rapid X,38.0,1.7367,2188.0,Boss
BossLoot_Terrorbaum_Full,item,Combat Boot,50.0,2.2852,2188.0,Boss
BossLoot_Terrorbaum_Full,item,Combat Boot,50.0,2.2852,2188.0,Boss
BossLoot_Terrorbaum_Full,item,Corpsemaker,38.0,1.7367,2188.0,Boss
BossLoot_Terrorbaum_Full,item,Cowboy Boot,50.0,2.2852,2188.0,Boss
BossLoot_Terrorbaum_Full,item,Cowboy Hat,50.0,2.2852,2188.0,Boss
BossLoot_Terrorbaum_Full,item,Cowboy Vest,50.0,2.2852,2188.0,Boss
BossLoot_Terrorbaum_Full,item,Craw Guano,50.0,2.2852,2188.0,Boss
BossLoot_Terrorbaum_Full,item,Crypt key,50.0,2.2852,2188.0,Boss
BossLoot_Terrorbaum_Full,item,D4RT,50.0,2.2852,2188.0,Boss
BossLoot_Terrorbaum_Full,item,Death Star,60.0,2.7422,2188.0,Boss
BossLoot_Terrorbaum_Full,item,Dolphin 99,50.0,2.2852,2188.0,Boss
BossLoot_Terrorbaum_Full,item,Duhar,38.0,1.7367,2188.0,Boss
BossLoot_Terrorbaum_Full,item,Ferryman,38.0,1.7367,2188.0,Boss
BossLoot_Terrorbaum_Full,item,Flicker Zip,60.0,2.7422,2188.0,Boss
BossLoot_Terrorbaum_Full,item,Flock,50.0,2.2852,2188.0,Boss
BossLoot_Terrorbaum_Full,item,Forest Cookbook,50.0,2.2852,2188.0,Boss
BossLoot_Terrorbaum_Full,item,Ghillie Suit,50.0,2.2852,2188.0,Boss
BossLoot_Terrorbaum_Full,item,Impala Gravita,90.0,4.1133,2188.0,Boss
BossLoot_Terrorbaum_Full,item,Insurance,50.0,2.2852,2188.0,Boss
BossLoot_Terrorbaum_Full,item,M11A2 Fisk,38.0,1.7367,2188.0,Boss
BossLoot_Terrorbaum_Full,item,M182 Pierre-Fusil,70.0,3.1993,2188.0,Boss
BossLoot_Terrorbaum_Full,item,M3 Termite,70.0,3.1993,2188.0,Boss
BossLoot_Terrorbaum_Full,item,Palehorse Topclipper,50.0,2.2852,2188.0,Boss
BossLoot_Terrorbaum_Full,item,Pith Helmet,50.0,2.2852,2188.0,Boss
BossLoot_Terrorbaum_Full,item,Rektor 100rd,38.0,1.7367,2188.0,Boss
BossLoot_Terrorbaum_Full,item,Rokua .308,70.0,3.1993,2188.0,Boss
BossLoot_Terrorbaum_Full,item,Salamander,70.0,3.1993,2188.0,Boss
BossLoot_Terrorbaum_Full,item,Socom 9,40.0,1.8282,2188.0,Boss
BossLoot_Terrorbaum_Full,item,Star & Witness,40.0,1.8282,2188.0,Boss
BossLoot_Terrorbaum_Full,item,Steel Helmet,50.0,2.2852,2188.0,Boss
BossLoot_Terrorbaum_Full,item,TailorMarksman,50.0,2.2852,2188.0,Boss
BossLoot_Terrorbaum_Full,item,Type 80 Typhoon,70.0,3.1993,2188.0,Boss
BossLoot_Terrorbaum_Full,item,Unknown,60.0,2.7422,2188.0,Boss
BossLoot_Terrorbaum_Full,item,Vrede,40.0,1.8282,2188.0,Boss
BossLoot_Terrorbaum_Full,item,Wyatt PULSAR,40.0,1.8282,2188.0,Boss
BossLoot_Witch_Full,item,AssWheel,6.0,3.8462,156.0,Boss
BossLoot_Witch_Full,item,Catacoil Rapid X,6.0,3.8462,156.0,Boss
BossLoot_Witch_Full,item,Corpsemaker,6.0,3.8462,156.0,Boss
BossLoot_Witch_Full,item,Dark Lamp,6.0,3.8462,156.0,Boss
BossLoot_Witch_Full,item,Detective Pipe,6.0,3.8462,156.0,Boss
BossLoot_Witch_Full,item,Dog Whistle,6.0,3.8462,156.0,Boss
BossLoot_Witch_Full,item,Dogtags,6.0,3.8462,156.0,Boss
BossLoot_Witch_Full,item,Duhar,6.0,3.8462,156.0,Boss
BossLoot_Witch_Full,item,Ferryman,6.0,3.8462,156.0,Boss
BossLoot_Witch_Full,item,Four-leaf Clover,6.0,3.8462,156.0,Boss
BossLoot_Witch_Full,item,HellnBack,6.0,3.8462,156.0,Boss
BossLoot_Witch_Full,item,Instant Defibrilator,6.0,3.8462,156.0,Boss
BossLoot_Witch_Full,item,Insurance,6.0,3.8462,156.0,Boss
BossLoot_Witch_Full,item,Iron Feather,6.0,3.8462,156.0,Boss
BossLoot_Witch_Full,item,Library Card,6.0,3.8462,156.0,Boss
BossLoot_Witch_Full,item,Loaded Dice,6.0,3.8462,156.0,Boss
BossLoot_Witch_Full,item,Lock Of The Magus,6.0,3.8462,156.0,Boss
BossLoot_Witch_Full,item,Longboy,6.0,3.8462,156.0,Boss
BossLoot_Witch_Full,item,M11A2 Fisk,6.0,3.8462,156.0,Boss
BossLoot_Witch_Full,item,Metabulator Pump,6.0,3.8462,156.0,Boss
BossLoot_Witch_Full,item,Oxygen Tank,6.0,3.8462,156.0,Boss
BossLoot_Witch_Full,item,Range Finder,6.0,3.8462,156.0,Boss
BossLoot_Witch_Full,item,Rektor 100rd,6.0,3.8462,156.0,Boss
BossLoot_Witch_Full,item,Sheriff's Badge,6.0,3.8462,156.0,Boss
BossLoot_Witch_Full,item,Wingman,6.0,3.8462,156.0,Boss
BossLoot_Witch_Full,item,Yakety Sax,6.0,3.8462,156.0,Boss
CastleFood,item,,5.0,6.6667,75.0,LooseLoot
CastleFood,item,Blood Pudding,5.0,6.6667,75.0,LooseLoot
CastleFood,item,Chocolate Mudcake,5.0,6.6667,75.0,LooseLoot
CastleFood,item,Christmas Spice,5.0,6.6667,75.0,LooseLoot
CastleFood,item,Coffee,5.0,6.6667,75.0,LooseLoot
CastleFood,item,Liver Patty Sandwich,5.0,6.6667,75.0,LooseLoot
CastleFood,item,Lussekatt,5.0,6.6667,75.0,LooseLoot
CastleFood,item,Mulled Wine,5.0,6.6667,75.0,LooseLoot
CastleFood,item,Porridge,5.0,6.6667,75.0,LooseLoot
CastleFood,item,Puffed Rice Cakes,5.0,6.6667,75.0,LooseLoot
CastleFood,item,Pyttipanna,5.0,6.6667,75.0,LooseLoot
CastleFood,item,Spaghetti Bolognese,5.0,6.6667,75.0,LooseLoot
CastleFood,item,Sugar,5.0,6.6667,75.0,LooseLoot
CastleFood,item,Swedish Pancakes,5.0,6.6667,75.0,LooseLoot
CastleFood,item,Whole Milk,5.0,6.6667,75.0,LooseLoot
Christmas_Clothes,item,Christmas Sock,1.0,16.6667,6.0,Christmas
Christmas_Clothes,item,Christmas Sweater,1.0,16.6667,6.0,Christmas
Christmas_Clothes,item,Christmas Sweater,1.0,16.6667,6.0,Christmas
Christmas_Clothes,item,Rudolf Nose,1.0,16.6667,6.0,Christmas
Christmas_Clothes,item,Santa Hat,1.0,16.6667,6.0,Christmas
Christmas_Clothes,item,Winter Scarf,1.0,16.6667,6.0,Christmas
Christmas_Food,item,Candy Cane,1.0,11.1111,9.0,Christmas
Christmas_Food,item,Gravad Lax,1.0,11.1111,9.0,Christmas
Christmas_Food,item,Jansson's Temptation,1.0,11.1111,9.0,Christmas
Christmas_Food,item,Julmust,1.0,11.1111,9.0,Christmas
Christmas_Food,item,Lutfisk,1.0,11.1111,9.0,Christmas
Christmas_Food,item,Potato Salad,1.0,11.1111,9.0,Christmas
Christmas_Food,item,Ris à la Malta,1.0,11.1111,9.0,Christmas
Christmas_Food,item,Risgrynsgröt,1.0,11.1111,9.0,Christmas
Christmas_Food,item,Silltallrik,1.0,11.1111,9.0,Christmas
Christmas_Weapons,item,Farsight,1.0,20.0,5.0,Christmas
Christmas_Weapons,item,HellnBack,1.0,20.0,5.0,Christmas
Christmas_Weapons,item,Longboy,1.0,20.0,5.0,Christmas
Christmas_Weapons,item,Majordome,1.0,20.0,5.0,Christmas
Christmas_Weapons,item,Valet,1.0,20.0,5.0,Christmas
CousinProjectileAir,item,,140.0,50.0,280.0,Boss
CousinProjectileAir,item,Ammo Box (12ga),30.0,10.7143,280.0,Boss
CousinProjectileAir,item,Ammo Box (5.56mm),10.0,3.5714,280.0,Boss
CousinProjectileAir,item,Ammo Box (50 BMG),5.0,1.7857,280.0,Boss
CousinProjectileAir,item,Ammo Box (9mm),45.0,16.0714,280.0,Boss
CousinProjectileAir,item,Ammo Box (Energy Cells),10.0,3.5714,280.0,Boss
CousinProjectileAir,item,Porridge,20.0,7.1429,280.0,Boss
CousinProjectileAir,item,Pölsa,20.0,7.1429,280.0,Boss
CousinProjectileGround,item,,1000.0,88.4956,1130.0,Boss
CousinProjectileGround,item,Ammo Box (12ga),15.0,1.3274,1130.0,Boss
CousinProjectileGround,item,Ammo Box (5.56mm),5.0,0.4425,1130.0,Boss
CousinProjectileGround,item,Ammo Box (50 BMG),2.0,0.177,1130.0,Boss
CousinProjectileGround,item,Ammo Box (9mm),58.0,5.1327,1130.0,Boss
CousinProjectileGround,item,Ammo Box (Energy Cells),5.0,0.4425,1130.0,Boss
CousinProjectileGround,item,Porridge,20.0,1.7699,1130.0,Boss
CousinProjectileGround,item,Pölsa,25.0,2.2124,1130.0,Boss
CousinProjectileGroundTest,item,Vrede,23.0,100.0,23.0,Boss
CryptRewardLoot_Full_Trinkets,item,AssWheel,6.0,5.8824,102.0,Crypts
CryptRewardLoot_Full_Trinkets,item,Dark Lamp,6.0,5.8824,102.0,Crypts
CryptRewardLoot_Full_Trinkets,item,Detective Pipe,6.0,5.8824,102.0,Crypts
CryptRewardLoot_Full_Trinkets,item,Dog Whistle,6.0,5.8824,102.0,Crypts
CryptRewardLoot_Full_Trinkets,item,Dogtags,6.0,5.8824,102.0,Crypts
CryptRewardLoot_Full_Trinkets,item,Extra Lung,6.0,5.8824,102.0,Crypts
CryptRewardLoot_Full_Trinkets,item,Four-leaf Clover,6.0,5.8824,102.0,Crypts
CryptRewardLoot_Full_Trinkets,item,Instant Defibrilator,6.0,5.8824,102.0,Crypts
CryptRewardLoot_Full_Trinkets,item,Iron Feather,6.0,5.8824,102.0,Crypts
CryptRewardLoot_Full_Trinkets,item,Library Card,6.0,5.8824,102.0,Crypts
CryptRewardLoot_Full_Trinkets,item,Loaded Dice,6.0,5.8824,102.0,Crypts
CryptRewardLoot_Full_Trinkets,item,Lock Of The Magus,6.0,5.8824,102.0,Crypts
CryptRewardLoot_Full_Trinkets,item,Metabulator Pump,6.0,5.8824,102.0,Crypts
CryptRewardLoot_Full_Trinkets,item,Oxygen Tank,6.0,5.8824,102.0,Crypts
CryptRewardLoot_Full_Trinkets,item,Range Finder,6.0,5.8824,102.0,Crypts
CryptRewardLoot_Full_Trinkets,item,Sheriff's Badge,6.0,5.8824,102.0,Crypts
CryptRewardLoot_Full_Trinkets,item,Yakety Sax,6.0,5.8824,102.0,Crypts
CryptThrowableWeapons,item,Dynamite,6.0,33.3333,18.0,Crypts
CryptThrowableWeapons,item,Proximity Mine,6.0,33.3333,18.0,Crypts
CryptThrowableWeapons,item,Sulfur Grenade,6.0,33.3333,18.0,Crypts
LooseLoot_Attachments_ChamberChisels,item,Chamber Chisel (.50 BMG),1.0,20.0,5.0,LooseLoot
LooseLoot_Attachments_ChamberChisels,item,Chamber Chisel (12ga),1.0,20.0,5.0,LooseLoot
LooseLoot_Attachments_ChamberChisels,item,Chamber Chisel (5.56mm),1.0,20.0,5.0,LooseLoot
LooseLoot_Attachments_ChamberChisels,item,Chamber Chisel (7.62mm),1.0,20.0,5.0,LooseLoot
LooseLoot_Attachments_ChamberChisels,item,Chamber Chisel (9mm),1.0,20.0,5.0,LooseLoot
LooseLoot_Caves_Gun12ga,item,1884 Mario,1.0,50.0,2.0,LooseLoot
LooseLoot_Caves_Gun12ga,item,Arbiter 2,1.0,50.0,2.0,LooseLoot
LooseLoot_Caves_Gun9mm,item,Drifter 9,1.0,33.3333,3.0,LooseLoot
LooseLoot_Caves_Gun9mm,item,Knop .22,1.0,33.3333,3.0,LooseLoot
LooseLoot_Caves_Gun9mm,item,Snut .38,1.0,33.3333,3.0,LooseLoot
LooseLoot_CombinedEnchantments,item,Scroll of Aftershock,1.0,8.3333,12.0,LooseLoot
LooseLoot_CombinedEnchantments,item,Scroll of Charm,1.0,8.3333,12.0,LooseLoot
LooseLoot_CombinedEnchantments,item,Scroll of Crusader,1.0,8.3333,12.0,LooseLoot
LooseLoot_CombinedEnchantments,item,Scroll of Explosions,1.0,8.3333,12.0,LooseLoot
LooseLoot_CombinedEnchantments,item,Scroll of Fear,1.0,8.3333,12.0,LooseLoot
LooseLoot_CombinedEnchantments,item,Scroll of Lava,1.0,8.3333,12.0,LooseLoot
LooseLoot_CombinedEnchantments,item,Scroll of Noxiosa,1.0,8.3333,12.0,LooseLoot
LooseLoot_CombinedEnchantments,item,Scroll of Petroleum,1.0,8.3333,12.0,LooseLoot
LooseLoot_CombinedEnchantments,item,Scroll of Poison Blood,1.0,8.3333,12.0,LooseLoot
LooseLoot_CombinedEnchantments,item,Scroll of Rocket Launcher,1.0,8.3333,12.0,LooseLoot
LooseLoot_CombinedEnchantments,item,Scroll of Storm Surge,1.0,8.3333,12.0,LooseLoot
LooseLoot_CombinedEnchantments,item,Scroll of Voodoo,1.0,8.3333,12.0,LooseLoot
LooseLoot_EMPTY_1Slot,item,,1.0,100.0,1.0,LooseLoot
LooseLoot_EMPTY_4Slots,item,,5.0,100.0,5.0,LooseLoot
LooseLoot_Equipment_Anton,item,Round Glasses,1.0,50.0,2.0,LooseLoot
LooseLoot_Equipment_Anton,item,Springcoil Boot,1.0,50.0,2.0,LooseLoot
LooseLoot_Equipment_Bandana,item,Blue Bandana,1.0,50.0,2.0,LooseLoot
LooseLoot_Equipment_Bandana,item,Red Bandana,1.0,50.0,2.0,LooseLoot
LooseLoot_Equipment_Bathrobe,item,Bathrobe,1.0,100.0,1.0,LooseLoot
LooseLoot_Equipment_BlackHoodie,item,Yellow Hoodie,1.0,100.0,1.0,LooseLoot
LooseLoot_Equipment_Breastplate,item,Breastplate,1.0,100.0,1.0,LooseLoot
LooseLoot_Equipment_Cap,item,Cap,1.0,100.0,1.0,LooseLoot
LooseLoot_Equipment_CopBadge,item,Sheriff's Badge,1.0,100.0,1.0,LooseLoot
LooseLoot_Equipment_CopCap,item,Police Hat,1.0,100.0,1.0,LooseLoot
LooseLoot_Equipment_CopSuit,item,Police Uniform,1.0,100.0,1.0,LooseLoot
LooseLoot_Equipment_DivingGoggles,item,Diving Mask,1.0,100.0,1.0,LooseLoot
LooseLoot_Equipment_Felix,item,Admiral White Extra Strong,1.0,6.6667,15.0,LooseLoot
LooseLoot_Equipment_Felix,item,Cappuccino,1.0,6.6667,15.0,LooseLoot
LooseLoot_Equipment_Felix,item,Cheese Sandwich,1.0,6.6667,15.0,LooseLoot
LooseLoot_Equipment_Felix,item,Cheese Tops,1.0,6.6667,15.0,LooseLoot
LooseLoot_Equipment_Felix,item,Cheeseburger,1.0,6.6667,15.0,LooseLoot
LooseLoot_Equipment_Felix,item,Coffee,1.0,6.6667,15.0,LooseLoot
LooseLoot_Equipment_Felix,item,Double Cheeseburger,1.0,6.6667,15.0,LooseLoot
LooseLoot_Equipment_Felix,item,Fondue,1.0,6.6667,15.0,LooseLoot
LooseLoot_Equipment_Felix,item,Mac'n'Cheese,1.0,6.6667,15.0,LooseLoot
LooseLoot_Equipment_Felix,item,Mashed Potatoes,1.0,6.6667,15.0,LooseLoot
LooseLoot_Equipment_Felix,item,Nashville Hot Chicken,1.0,6.6667,15.0,LooseLoot
LooseLoot_Equipment_Felix,item,Pizza Slice,1.0,6.6667,15.0,LooseLoot
LooseLoot_Equipment_Felix,item,Raclette,1.0,6.6667,15.0,LooseLoot
LooseLoot_Equipment_Felix,item,Raclette,1.0,6.6667,15.0,LooseLoot
LooseLoot_Equipment_Felix,item,Slurf,1.0,6.6667,15.0,LooseLoot
LooseLoot_Equipment_FiremansHelmet,item,Firefighter Helmet,1.0,100.0,1.0,LooseLoot
LooseLoot_Equipment_FiremansJacket,item,Firefighter Jacket,1.0,100.0,1.0,LooseLoot
LooseLoot_Equipment_FluffyHat,item,Fluffy Hat,1.0,100.0,1.0,LooseLoot
LooseLoot_Equipment_FreeStalkerGear,item,Assault Scope,5.0,6.1728,81.0,LooseLoot
LooseLoot_Equipment_FreeStalkerGear,item,Banana,20.0,24.6914,81.0,LooseLoot
LooseLoot_Equipment_FreeStalkerGear,item,Brain,10.0,12.3457,81.0,LooseLoot
LooseLoot_Equipment_FreeStalkerGear,item,Cheese,20.0,24.6914,81.0,LooseLoot
LooseLoot_Equipment_FreeStalkerGear,item,Corpsemaker,1.0,1.2346,81.0,LooseLoot
LooseLoot_Equipment_FreeStalkerGear,item,Ear Protectors,10.0,12.3457,81.0,LooseLoot
LooseLoot_Equipment_FreeStalkerGear,item,Gas Mask,10.0,12.3457,81.0,LooseLoot
LooseLoot_Equipment_FreeStalkerGear,item,Steel Helmet,5.0,6.1728,81.0,LooseLoot
LooseLoot_Equipment_GasMask,item,Gas Mask,1.0,100.0,1.0,LooseLoot
LooseLoot_Equipment_HazmatSuit,item,Hazmat Suit,1.0,100.0,1.0,LooseLoot
LooseLoot_Equipment_KnightsHelmet,item,Knight's Helmet,1.0,100.0,1.0,LooseLoot
LooseLoot_Equipment_OfficeShirt,item,Office Wear,1.0,100.0,1.0,LooseLoot
LooseLoot_Equipment_Ola,item,Gaming Laptop,1.0,3.8462,26.0,LooseLoot
LooseLoot_Equipment_Ola,item,Leather Jacket,5.0,19.2308,26.0,LooseLoot
LooseLoot_Equipment_Ola,item,Robot control unit,5.0,19.2308,26.0,LooseLoot
LooseLoot_Equipment_Ola,item,Robot heart,5.0,19.2308,26.0,LooseLoot
LooseLoot_Equipment_Ola,item,Robot hydraul,5.0,19.2308,26.0,LooseLoot
LooseLoot_Equipment_Ola,item,Robot joint pneumatic,5.0,19.2308,26.0,LooseLoot
LooseLoot_Equipment_OldTimeySuit,item,Old-Timey Suit,1.0,100.0,1.0,LooseLoot
LooseLoot_Equipment_OxygenTank,item,Oxygen Tank,1.0,100.0,1.0,LooseLoot
LooseLoot_Equipment_Parka,item,Parka,1.0,100.0,1.0,LooseLoot
LooseLoot_Equipment_RainCoat,item,Raincoat,1.0,100.0,1.0,LooseLoot
LooseLoot_Equipment_RoundGlasses,item,Round Glasses,1.0,100.0,1.0,LooseLoot
LooseLoot_Equipment_SimonHoodie,item,Yellow Hoodie,1.0,100.0,1.0,LooseLoot
LooseLoot_Equipment_SkiGoggles,item,Ski Goggles,1.0,100.0,1.0,LooseLoot
LooseLoot_Equipment_SpringcoilBoot,item,Springcoil Boot,1.0,100.0,1.0,LooseLoot
LooseLoot_Equipment_SquareGlasses,item,Square Glasses,1.0,100.0,1.0,LooseLoot
LooseLoot_Equipment_SteelHelmet,item,Steel Helmet,1.0,100.0,1.0,LooseLoot
LooseLoot_Equipment_SulfurCap,item,Yellow Hoodie,1.0,100.0,1.0,LooseLoot
LooseLoot_Equipment_Sunglasses,item,Sunglasses,1.0,100.0,1.0,LooseLoot
LooseLoot_Equipment_SylvesterHat,item,Sylvester Hat,1.0,100.0,1.0,LooseLoot
LooseLoot_Equipment_TimbralandShoe,item,Shoe,1.0,100.0,1.0,LooseLoot
LooseLoot_Equipment_Tracksuit,item,Tracksuit,5.0,100.0,5.0,LooseLoot
LooseLoot_Equipment_WhiteTee,item,Plain White Tee,1.0,100.0,1.0,LooseLoot
LooseLoot_Food_FalseSulfCap,item,False Sulfcap,1.0,100.0,1.0,LooseLoot
LooseLoot_Food_PizzaSlice,item,Pizza Slice,1.0,100.0,1.0,LooseLoot
LooseLoot_Food_Rodsopp,item,Rödsopp,1.0,100.0,1.0,LooseLoot
LooseLoot_Food_RodsoppPaste,item,Rödsopp Paste,1.0,100.0,1.0,LooseLoot
LooseLoot_Generic_ScrapMetal,item,Metal Scrap,1.0,100.0,1.0,LooseLoot
LooseLoot_Generic_SulfCap,item,SULFUR Cap,1.0,100.0,1.0,LooseLoot
LooseLoot_Generic_SulfGrenade,item,Sulfur Grenade,1.0,100.0,1.0,LooseLoot
LooseLoot_Generic_ToiletPaper,item,Toilet Paper,1.0,100.0,1.0,LooseLoot
LooseLoot_Generic_ToiletTrash,item,Cotton Swabs,1.0,20.0,5.0,LooseLoot
LooseLoot_Generic_ToiletTrash,item,Dish Soap,1.0,20.0,5.0,LooseLoot
LooseLoot_Generic_ToiletTrash,item,Microfiber Dish Cloth,1.0,20.0,5.0,LooseLoot
LooseLoot_Generic_ToiletTrash,item,Soapy Wool,1.0,20.0,5.0,LooseLoot
LooseLoot_Generic_ToiletTrash,item,Used Rubber,1.0,20.0,5.0,LooseLoot
LooseLoot_Organs_Goblin,item,,10.0,52.6316,19.0,LooseLoot
LooseLoot_Organs_Goblin,item,Goblin eye,1.0,5.2632,19.0,LooseLoot
LooseLoot_Organs_Goblin,item,Goblin flesh,5.0,26.3158,19.0,LooseLoot
LooseLoot_Organs_Goblin,item,Goblin skin,1.0,5.2632,19.0,LooseLoot
LooseLoot_Organs_Goblin,item,Porridge,1.0,5.2632,19.0,LooseLoot
LooseLoot_Organs_Goblin,item,Pölsa,1.0,5.2632,19.0,LooseLoot
LooseLoot_Rock,item,Rock,1.0,100.0,1.0,LooseLoot
LooseLoot_RubberBands,item,Rubber,1.0,100.0,1.0,LooseLoot
LooseLoot_Shanty_Gun12ga,item,1884 Mario,1.0,50.0,2.0,LooseLoot
LooseLoot_Shanty_Gun12ga,item,Mossman,1.0,50.0,2.0,LooseLoot
LooseLoot_Shanty_Gun556,item,Palehorse Topclipper,1.0,100.0,1.0,LooseLoot
LooseLoot_Shanty_Gun9mm,item,Bronco 89,1.0,50.0,2.0,LooseLoot
LooseLoot_Shanty_Gun9mm,item,Knop .22,1.0,50.0,2.0,LooseLoot
LooseLoot_SingleRecipes_Castle,item,Recipe: Aspic,1.0,14.2857,7.0,LooseLoot/SingleManuals
LooseLoot_SingleRecipes_Castle,item,Recipe: Biscuiits and Gravy,1.0,14.2857,7.0,LooseLoot/SingleManuals
LooseLoot_SingleRecipes_Castle,item,Recipe: Blood Pudding,1.0,14.2857,7.0,LooseLoot/SingleManuals
LooseLoot_SingleRecipes_Castle,item,Recipe: Cordon Bleu,1.0,14.2857,7.0,LooseLoot/SingleManuals
LooseLoot_SingleRecipes_Castle,item,Recipe: Cuisses De Grenouille,1.0,14.2857,7.0,LooseLoot/SingleManuals
LooseLoot_SingleRecipes_Castle,item,Recipe: Meat Skewers,1.0,14.2857,7.0,LooseLoot/SingleManuals
LooseLoot_SingleRecipes_Castle,item,Recipe: Spaghetti Bolognese,1.0,14.2857,7.0,LooseLoot/SingleManuals
LooseLoot_SingleRecipes_Caves,item,Recipe: Broth,1.0,16.6667,6.0,LooseLoot/SingleManuals
LooseLoot_SingleRecipes_Caves,item,Recipe: Fried Mushroom ,1.0,16.6667,6.0,LooseLoot/SingleManuals
LooseLoot_SingleRecipes_Caves,item,Recipe: Mashed Potatoes,1.0,16.6667,6.0,LooseLoot/SingleManuals
LooseLoot_SingleRecipes_Caves,item,Recipe: Mushroom Soup,1.0,16.6667,6.0,LooseLoot/SingleManuals
LooseLoot_SingleRecipes_Caves,item,Recipe: Porridge,1.0,16.6667,6.0,LooseLoot/SingleManuals
LooseLoot_SingleRecipes_Caves,item,Recipe: Pölsa,1.0,16.6667,6.0,LooseLoot/SingleManuals
LooseLoot_SingleRecipes_Desert,item,Recipe: Bottled Water,1.0,12.5,8.0,LooseLoot/SingleManuals
LooseLoot_SingleRecipes_Desert,item,Recipe: Cactus Softdrink,1.0,12.5,8.0,LooseLoot/SingleManuals
LooseLoot_SingleRecipes_Desert,item,Recipe: Fish and chips,1.0,12.5,8.0,LooseLoot/SingleManuals
LooseLoot_SingleRecipes_Desert,item,Recipe: Grilled Cactus,1.0,12.5,8.0,LooseLoot/SingleManuals
LooseLoot_SingleRecipes_Desert,item,Recipe: Lackerol Cactus,1.0,12.5,8.0,LooseLoot/SingleManuals
LooseLoot_SingleRecipes_Desert,item,Recipe: Red Wine,1.0,12.5,8.0,LooseLoot/SingleManuals
LooseLoot_SingleRecipes_Desert,item,Recipe: Rödsopp Paste,1.0,12.5,8.0,LooseLoot/SingleManuals
LooseLoot_SingleRecipes_Desert,item,Recipe: Salted Sandfish,1.0,12.5,8.0,LooseLoot/SingleManuals
LooseLoot_SingleRecipes_Dungeon,item,Recipe: Beef Jerky,1.0,14.2857,7.0,LooseLoot/SingleManuals
LooseLoot_SingleRecipes_Dungeon,item,Recipe: Bread,1.0,14.2857,7.0,LooseLoot/SingleManuals
LooseLoot_SingleRecipes_Dungeon,item,Recipe: Cereal,1.0,14.2857,7.0,LooseLoot/SingleManuals
LooseLoot_SingleRecipes_Dungeon,item,Recipe: Currywurst,1.0,14.2857,7.0,LooseLoot/SingleManuals
LooseLoot_SingleRecipes_Dungeon,item,Recipe: Nuggets,1.0,14.2857,7.0,LooseLoot/SingleManuals
LooseLoot_SingleRecipes_Dungeon,item,Recipe: Omelette,1.0,14.2857,7.0,LooseLoot/SingleManuals
LooseLoot_SingleRecipes_Dungeon,item,Recipe: Peanutbutter Jelly Sandwich,1.0,14.2857,7.0,LooseLoot/SingleManuals
LooseLoot_SingleRecipes_Forest,item,Recipe: Bark bread,1.0,12.5,8.0,LooseLoot/SingleManuals
LooseLoot_SingleRecipes_Forest,item,Recipe: Berry Jam,1.0,12.5,8.0,LooseLoot/SingleManuals
LooseLoot_SingleRecipes_Forest,item,Recipe: Escargot,1.0,12.5,8.0,LooseLoot/SingleManuals
LooseLoot_SingleRecipes_Forest,item,Recipe: Hard Bread,1.0,12.5,8.0,LooseLoot/SingleManuals
LooseLoot_SingleRecipes_Forest,item,Recipe: Health Potion,1.0,12.5,8.0,LooseLoot/SingleManuals
LooseLoot_SingleRecipes_Forest,item,Recipe: Marshmallows,1.0,12.5,8.0,LooseLoot/SingleManuals
LooseLoot_SingleRecipes_Forest,item,Recipe: Nut Mix,1.0,12.5,8.0,LooseLoot/SingleManuals
LooseLoot_SingleRecipes_Forest,item,Recipe: Nut Spread,1.0,12.5,8.0,LooseLoot/SingleManuals
LooseLoot_SingleRecipes_Fortress,item,Recipe: Green Tea,1.0,14.2857,7.0,LooseLoot/SingleManuals
LooseLoot_SingleRecipes_Fortress,item,Recipe: Green Tea Gum,1.0,14.2857,7.0,LooseLoot/SingleManuals
LooseLoot_SingleRecipes_Fortress,item,Recipe: Hot Pot,1.0,14.2857,7.0,LooseLoot/SingleManuals
LooseLoot_SingleRecipes_Fortress,item,Recipe: Nigiri,1.0,14.2857,7.0,LooseLoot/SingleManuals
LooseLoot_SingleRecipes_Fortress,item,Recipe: Onigiri,1.0,14.2857,7.0,LooseLoot/SingleManuals
LooseLoot_SingleRecipes_Fortress,item,Recipe: Ramen,1.0,14.2857,7.0,LooseLoot/SingleManuals
LooseLoot_SingleRecipes_Fortress,item,Recipe: Ramen,1.0,14.2857,7.0,LooseLoot/SingleManuals
LooseLoot_SingleRecipes_Sewers,item,Recipe: Admiral White Extra Strong,1.0,12.5,8.0,LooseLoot/SingleManuals
LooseLoot_SingleRecipes_Sewers,item,Recipe: Candy Cane,1.0,12.5,8.0,LooseLoot/SingleManuals
LooseLoot_SingleRecipes_Sewers,item,Recipe: Hot Snacks,1.0,12.5,8.0,LooseLoot/SingleManuals
LooseLoot_SingleRecipes_Sewers,item,Recipe: Jello,1.0,12.5,8.0,LooseLoot/SingleManuals
LooseLoot_SingleRecipes_Sewers,item,Recipe: Julmust,1.0,12.5,8.0,LooseLoot/SingleManuals
LooseLoot_SingleRecipes_Sewers,item,Recipe: Kidney Stone,1.0,12.5,8.0,LooseLoot/SingleManuals
LooseLoot_SingleRecipes_Sewers,item,Recipe: Pizza,1.0,12.5,8.0,LooseLoot/SingleManuals
LooseLoot_SingleRecipes_Sewers,item,Recipe: Surstromming,1.0,12.5,8.0,LooseLoot/SingleManuals
LooseLoot_SingleRecipes_Town,item,Recipe: Chocolate Mudcake,1.0,11.1111,9.0,LooseLoot/SingleManuals
LooseLoot_SingleRecipes_Town,item,Recipe: Dumpling,1.0,11.1111,9.0,LooseLoot/SingleManuals
LooseLoot_SingleRecipes_Town,item,Recipe: Full English Breakfast,1.0,11.1111,9.0,LooseLoot/SingleManuals
LooseLoot_SingleRecipes_Town,item,Recipe: Gravy,1.0,11.1111,9.0,LooseLoot/SingleManuals
LooseLoot_SingleRecipes_Town,item,Recipe: Potato Salad,1.0,11.1111,9.0,LooseLoot/SingleManuals
LooseLoot_SingleRecipes_Town,item,Recipe: Poutine,1.0,11.1111,9.0,LooseLoot/SingleManuals
LooseLoot_SingleRecipes_Town,item,Recipe: Pyttipanna,1.0,11.1111,9.0,LooseLoot/SingleManuals
LooseLoot_SingleRecipes_Town,item,Recipe: Spice Mix,1.0,11.1111,9.0,LooseLoot/SingleManuals
LooseLoot_SingleRecipes_Town,item,Recipe: Vacuum Cleaner,1.0,11.1111,9.0,LooseLoot/SingleManuals
LooseLoot_Stick,item,Stick,1.0,100.0,1.0,LooseLoot
LooseLoot_Storage_Fridge,item,Refrigerator,1.0,100.0,1.0,LooseLoot
LooseLoot_Storage_Sideboard,item,Chest of Drawers,1.0,100.0,1.0,LooseLoot
LooseLoot_Storage_Suitcase,item,Suitcase,1.0,100.0,1.0,LooseLoot
LooseLoot_Storage_Wardrobe,item,Wardrobe,1.0,100.0,1.0,LooseLoot
LooseLoot_Valuable_Castle,item,Car Stereo,1.0,16.6667,6.0,LooseLoot
LooseLoot_Valuable_Castle,item,DVD Player,1.0,16.6667,6.0,LooseLoot
LooseLoot_Valuable_Castle,item,Driving License,1.0,16.6667,6.0,LooseLoot
LooseLoot_Valuable_Castle,item,Golden Ticket,1.0,16.6667,6.0,LooseLoot
LooseLoot_Valuable_Castle,item,MP3 Player,1.0,16.6667,6.0,LooseLoot
LooseLoot_Valuable_Castle,item,Minidisc,1.0,16.6667,6.0,LooseLoot
LooseLoot_Valuable_Caves,item,Car Stereo,1.0,16.6667,6.0,LooseLoot
LooseLoot_Valuable_Caves,item,DVD Player,1.0,16.6667,6.0,LooseLoot
LooseLoot_Valuable_Caves,item,Driving License,1.0,16.6667,6.0,LooseLoot
LooseLoot_Valuable_Caves,item,Golden Ticket,1.0,16.6667,6.0,LooseLoot
LooseLoot_Valuable_Caves,item,MP3 Player,1.0,16.6667,6.0,LooseLoot
LooseLoot_Valuable_Caves,item,Minidisc,1.0,16.6667,6.0,LooseLoot
LooseLoot_Valuable_Figurine,item,Golden Figurine,1.0,100.0,1.0,LooseLoot
LooseLoot_Valuable_Forest,item,Craw Guano,1.0,25.0,4.0,LooseLoot
LooseLoot_Valuable_Forest,item,Driving License,1.0,25.0,4.0,LooseLoot
LooseLoot_Valuable_Forest,item,MP3 Player,1.0,25.0,4.0,LooseLoot
LooseLoot_Valuable_Forest,item,Minidisc,1.0,25.0,4.0,LooseLoot
LooseLoot_Valuable_Guano,item,Craw Guano,1.0,100.0,1.0,LooseLoot
LooseLoot_Valuable_PokerChips,item,Poker Chips,1.0,100.0,1.0,LooseLoot
LooseLoot_Valuable_QuaintSpoon,item,Quaint Little Spoon,1.0,100.0,1.0,LooseLoot
LooseLoot_Valuable_Sewers,item,Car Stereo,1.0,16.6667,6.0,LooseLoot
LooseLoot_Valuable_Sewers,item,DVD Player,1.0,16.6667,6.0,LooseLoot
LooseLoot_Valuable_Sewers,item,Driving License,1.0,16.6667,6.0,LooseLoot
LooseLoot_Valuable_Sewers,item,Golden Ticket,1.0,16.6667,6.0,LooseLoot
LooseLoot_Valuable_Sewers,item,MP3 Player,1.0,16.6667,6.0,LooseLoot
LooseLoot_Valuable_Sewers,item,Minidisc,1.0,16.6667,6.0,LooseLoot
LooseLoot_Valuable_Shanty,item,Car Stereo,1.0,16.6667,6.0,LooseLoot
LooseLoot_Valuable_Shanty,item,DVD Player,1.0,16.6667,6.0,LooseLoot
LooseLoot_Valuable_Shanty,item,Driving License,1.0,16.6667,6.0,LooseLoot
LooseLoot_Valuable_Shanty,item,Golden Ticket,1.0,16.6667,6.0,LooseLoot
LooseLoot_Valuable_Shanty,item,MP3 Player,1.0,16.6667,6.0,LooseLoot
LooseLoot_Valuable_Shanty,item,Minidisc,1.0,16.6667,6.0,LooseLoot
LooseLoot_Valuable_SoulResin,item,Soul Resin,1.0,100.0,1.0,LooseLoot
LooseLoot_Valuable_TV,item,Flatscreen TV,1.0,100.0,1.0,LooseLoot
LooseLoot_Weapon_Balthazar,item,.357 Balthazar,1.0,100.0,1.0,LooseLoot
LooseLoot_Weapon_Beck8,item,Beck 8,1.0,100.0,1.0,LooseLoot
LooseLoot_Weapon_Bo,item,Bo,1.0,100.0,1.0,LooseLoot
LooseLoot_Weapon_Castle_12ga,item,1884 Mario,30.0,12.0,250.0,LooseLoot
LooseLoot_Weapon_Castle_12ga,item,Arbiter 2,60.0,24.0,250.0,LooseLoot
LooseLoot_Weapon_Castle_12ga,item,Breacher 8,100.0,40.0,250.0,LooseLoot
LooseLoot_Weapon_Castle_12ga,item,Mossman,60.0,24.0,250.0,LooseLoot
LooseLoot_Weapon_Castle_50bmg,item,Dolphin 99,100.0,80.0,125.0,LooseLoot
LooseLoot_Weapon_Castle_50bmg,item,Ferryman,25.0,20.0,125.0,LooseLoot
LooseLoot_Weapon_Castle_556mm,item,Corpsemaker,25.0,10.8696,230.0,LooseLoot
LooseLoot_Weapon_Castle_556mm,item,Gravekeeper,80.0,34.7826,230.0,LooseLoot
LooseLoot_Weapon_Castle_556mm,item,M11A2 Fisk,25.0,10.8696,230.0,LooseLoot
LooseLoot_Weapon_Castle_556mm,item,Palehorse Topclipper,100.0,43.4783,230.0,LooseLoot
LooseLoot_Weapon_Castle_762mm,item,.357 Balthazar,80.0,22.8571,350.0,LooseLoot
LooseLoot_Weapon_Castle_762mm,item,Duhar,25.0,7.1429,350.0,LooseLoot
LooseLoot_Weapon_Castle_762mm,item,M182 Pierre-Fusil,100.0,28.5714,350.0,LooseLoot
LooseLoot_Weapon_Castle_762mm,item,Rektor 100rd,25.0,7.1429,350.0,LooseLoot
LooseLoot_Weapon_Castle_762mm,item,Rokua .308,60.0,17.1429,350.0,LooseLoot
LooseLoot_Weapon_Castle_762mm,item,Type 80 Typhoon,60.0,17.1429,350.0,LooseLoot
LooseLoot_Weapon_Castle_9mm,item,Beck 8,90.0,14.0625,640.0,LooseLoot
LooseLoot_Weapon_Castle_9mm,item,Bronco 89,30.0,4.6875,640.0,LooseLoot
LooseLoot_Weapon_Castle_9mm,item,Drifter 9,60.0,9.375,640.0,LooseLoot
LooseLoot_Weapon_Castle_9mm,item,Knop .22,60.0,9.375,640.0,LooseLoot
LooseLoot_Weapon_Castle_9mm,item,M3 Termite,80.0,12.5,640.0,LooseLoot
LooseLoot_Weapon_Castle_9mm,item,P38 Dirk,60.0,9.375,640.0,LooseLoot
LooseLoot_Weapon_Castle_9mm,item,Ploika Compact,80.0,12.5,640.0,LooseLoot
LooseLoot_Weapon_Castle_9mm,item,Snut .38,60.0,9.375,640.0,LooseLoot
LooseLoot_Weapon_Castle_9mm,item,Socom 9,40.0,6.25,640.0,LooseLoot
LooseLoot_Weapon_Castle_9mm,item,Star & Witness,40.0,6.25,640.0,LooseLoot
LooseLoot_Weapon_Castle_9mm,item,Vrede,40.0,6.25,640.0,LooseLoot
LooseLoot_Weapon_Castle_Energy,item,Augusta,40.0,38.0952,105.0,LooseLoot
LooseLoot_Weapon_Castle_Energy,item,Catacoil Rapid X,25.0,23.8095,105.0,LooseLoot
LooseLoot_Weapon_Castle_Energy,item,Wyatt PULSAR,40.0,38.0952,105.0,LooseLoot
LooseLoot_Weapon_Caves_12ga,item,1884 Mario,100.0,18.8679,530.0,LooseLoot
LooseLoot_Weapon_Caves_12ga,item,Arbiter 2,200.0,37.7358,530.0,LooseLoot
LooseLoot_Weapon_Caves_12ga,item,Breacher 8,30.0,5.6604,530.0,LooseLoot
LooseLoot_Weapon_Caves_12ga,item,Mossman,200.0,37.7358,530.0,LooseLoot
LooseLoot_Weapon_Caves_9mm,item,Beck 8,60.0,5.5556,1080.0,LooseLoot
LooseLoot_Weapon_Caves_9mm,item,Bronco 89,150.0,13.8889,1080.0,LooseLoot
LooseLoot_Weapon_Caves_9mm,item,Drifter 9,250.0,23.1481,1080.0,LooseLoot
LooseLoot_Weapon_Caves_9mm,item,Knop .22,200.0,18.5185,1080.0,LooseLoot
LooseLoot_Weapon_Caves_9mm,item,M3 Termite,50.0,4.6296,1080.0,LooseLoot
LooseLoot_Weapon_Caves_9mm,item,P38 Dirk,25.0,2.3148,1080.0,LooseLoot
LooseLoot_Weapon_Caves_9mm,item,Ploika Compact,100.0,9.2593,1080.0,LooseLoot
LooseLoot_Weapon_Caves_9mm,item,Snut .38,200.0,18.5185,1080.0,LooseLoot
LooseLoot_Weapon_Caves_9mm,item,Socom 9,15.0,1.3889,1080.0,LooseLoot
LooseLoot_Weapon_Caves_9mm,item,Star & Witness,15.0,1.3889,1080.0,LooseLoot
LooseLoot_Weapon_Caves_9mm,item,Vrede,15.0,1.3889,1080.0,LooseLoot
LooseLoot_Weapon_CopGun,item,Gravekeeper,1.0,33.3333,3.0,LooseLoot
LooseLoot_Weapon_CopGun,item,Mossman,1.0,33.3333,3.0,LooseLoot
LooseLoot_Weapon_CopGun,item,Snut .38,1.0,33.3333,3.0,LooseLoot
LooseLoot_Weapon_Corpsemaker,item,Corpsemaker,1.0,100.0,1.0,LooseLoot
LooseLoot_Weapon_Fisk,item,M11A2 Fisk,1.0,100.0,1.0,LooseLoot
LooseLoot_Weapon_Katana,item,Katana,1.0,100.0,1.0,LooseLoot
LooseLoot_Weapon_MiningExplosive,item,Dynamite,1.0,50.0,2.0,LooseLoot
LooseLoot_Weapon_MiningExplosive,item,Stick Grenade,1.0,50.0,2.0,LooseLoot
LooseLoot_Weapon_Nunchaku,item,Nunchaku,1.0,100.0,1.0,LooseLoot
LooseLoot_Weapon_OldGuns,item,1884 Mario,1.0,20.0,5.0,LooseLoot
LooseLoot_Weapon_OldGuns,item,M182 Pierre-Fusil,1.0,20.0,5.0,LooseLoot
LooseLoot_Weapon_OldGuns,item,P38 Dirk,1.0,20.0,5.0,LooseLoot
LooseLoot_Weapon_OldGuns,item,Palehorse Topclipper,1.0,20.0,5.0,LooseLoot
LooseLoot_Weapon_OldGuns,item,Snut .38,1.0,20.0,5.0,LooseLoot
LooseLoot_Weapon_PineappleGrenade,item,Pineapple Grenade,1.0,100.0,1.0,LooseLoot
LooseLoot_Weapon_Rokua,item,Rokua .308,1.0,100.0,1.0,LooseLoot
LooseLoot_Weapon_Sai,item,Sai,1.0,100.0,1.0,LooseLoot
LooseLoot_Weapon_Sewers_12ga,item,1884 Mario,150.0,33.3333,450.0,LooseLoot
LooseLoot_Weapon_Sewers_12ga,item,Arbiter 2,100.0,22.2222,450.0,LooseLoot
LooseLoot_Weapon_Sewers_12ga,item,Breacher 8,100.0,22.2222,450.0,LooseLoot
LooseLoot_Weapon_Sewers_12ga,item,Mossman,100.0,22.2222,450.0,LooseLoot
LooseLoot_Weapon_Sewers_50bmg,item,Dolphin 99,100.0,85.4701,117.0,LooseLoot
LooseLoot_Weapon_Sewers_50bmg,item,Ferryman,17.0,14.5299,117.0,LooseLoot
LooseLoot_Weapon_Sewers_556mm,item,Corpsemaker,17.0,7.265,234.0,LooseLoot
LooseLoot_Weapon_Sewers_556mm,item,Gravekeeper,100.0,42.735,234.0,LooseLoot
LooseLoot_Weapon_Sewers_556mm,item,M11A2 Fisk,17.0,7.265,234.0,LooseLoot
LooseLoot_Weapon_Sewers_556mm,item,Palehorse Topclipper,100.0,42.735,234.0,LooseLoot
LooseLoot_Weapon_Sewers_762mm,item,.357 Balthazar,100.0,31.8471,314.0,LooseLoot
LooseLoot_Weapon_Sewers_762mm,item,Duhar,17.0,5.414,314.0,LooseLoot
LooseLoot_Weapon_Sewers_762mm,item,M182 Pierre-Fusil,100.0,31.8471,314.0,LooseLoot
LooseLoot_Weapon_Sewers_762mm,item,Rektor 100rd,17.0,5.414,314.0,LooseLoot
LooseLoot_Weapon_Sewers_762mm,item,Rokua .308,40.0,12.7389,314.0,LooseLoot
LooseLoot_Weapon_Sewers_762mm,item,Type 80 Typhoon,40.0,12.7389,314.0,LooseLoot
LooseLoot_Weapon_Sewers_9mm,item,Beck 8,110.0,11.0,1000.0,LooseLoot
LooseLoot_Weapon_Sewers_9mm,item,Bronco 89,150.0,15.0,1000.0,LooseLoot
LooseLoot_Weapon_Sewers_9mm,item,Drifter 9,100.0,10.0,1000.0,LooseLoot
LooseLoot_Weapon_Sewers_9mm,item,Knop .22,100.0,10.0,1000.0,LooseLoot
LooseLoot_Weapon_Sewers_9mm,item,M3 Termite,100.0,10.0,1000.0,LooseLoot
LooseLoot_Weapon_Sewers_9mm,item,P38 Dirk,100.0,10.0,1000.0,LooseLoot
LooseLoot_Weapon_Sewers_9mm,item,Ploika Compact,150.0,15.0,1000.0,LooseLoot
LooseLoot_Weapon_Sewers_9mm,item,Snut .38,100.0,10.0,1000.0,LooseLoot
LooseLoot_Weapon_Sewers_9mm,item,Socom 9,30.0,3.0,1000.0,LooseLoot
LooseLoot_Weapon_Sewers_9mm,item,Star & Witness,30.0,3.0,1000.0,LooseLoot
LooseLoot_Weapon_Sewers_9mm,item,Vrede,30.0,3.0,1000.0,LooseLoot
LooseLoot_Weapon_Sewers_Energy,item,Augusta,30.0,38.961,77.0,LooseLoot
LooseLoot_Weapon_Sewers_Energy,item,Catacoil Rapid X,17.0,22.0779,77.0,LooseLoot
LooseLoot_Weapon_Sewers_Energy,item,Wyatt PULSAR,30.0,38.961,77.0,LooseLoot
LooseLoot_Weapon_Shanty_12ga,item,1884 Mario,150.0,23.0769,650.0,LooseLoot
LooseLoot_Weapon_Shanty_12ga,item,Arbiter 2,200.0,30.7692,650.0,LooseLoot
LooseLoot_Weapon_Shanty_12ga,item,Breacher 8,100.0,15.3846,650.0,LooseLoot
LooseLoot_Weapon_Shanty_12ga,item,Mossman,200.0,30.7692,650.0,LooseLoot
LooseLoot_Weapon_Shanty_50bmg,item,Dolphin 99,100.0,90.9091,110.0,LooseLoot
LooseLoot_Weapon_Shanty_50bmg,item,Ferryman,10.0,9.0909,110.0,LooseLoot
LooseLoot_Weapon_Shanty_556mm,item,Corpsemaker,10.0,4.5455,220.0,LooseLoot
LooseLoot_Weapon_Shanty_556mm,item,Gravekeeper,100.0,45.4545,220.0,LooseLoot
LooseLoot_Weapon_Shanty_556mm,item,M11A2 Fisk,10.0,4.5455,220.0,LooseLoot
LooseLoot_Weapon_Shanty_556mm,item,Palehorse Topclipper,100.0,45.4545,220.0,LooseLoot
LooseLoot_Weapon_Shanty_762mm,item,.357 Balthazar,100.0,40.0,250.0,LooseLoot
LooseLoot_Weapon_Shanty_762mm,item,Duhar,10.0,4.0,250.0,LooseLoot
LooseLoot_Weapon_Shanty_762mm,item,M182 Pierre-Fusil,100.0,40.0,250.0,LooseLoot
LooseLoot_Weapon_Shanty_762mm,item,Rektor 100rd,10.0,4.0,250.0,LooseLoot
LooseLoot_Weapon_Shanty_762mm,item,Rokua .308,15.0,6.0,250.0,LooseLoot
LooseLoot_Weapon_Shanty_762mm,item,Type 80 Typhoon,15.0,6.0,250.0,LooseLoot
LooseLoot_Weapon_Shanty_9mm,item,Beck 8,100.0,7.4906,1335.0,LooseLoot
LooseLoot_Weapon_Shanty_9mm,item,Bronco 89,200.0,14.9813,1335.0,LooseLoot
LooseLoot_Weapon_Shanty_9mm,item,Drifter 9,250.0,18.7266,1335.0,LooseLoot
LooseLoot_Weapon_Shanty_9mm,item,Knop .22,300.0,22.4719,1335.0,LooseLoot
LooseLoot_Weapon_Shanty_9mm,item,M3 Termite,100.0,7.4906,1335.0,LooseLoot
LooseLoot_Weapon_Shanty_9mm,item,P38 Dirk,25.0,1.8727,1335.0,LooseLoot
LooseLoot_Weapon_Shanty_9mm,item,Ploika Compact,100.0,7.4906,1335.0,LooseLoot
LooseLoot_Weapon_Shanty_9mm,item,Snut .38,200.0,14.9813,1335.0,LooseLoot
LooseLoot_Weapon_Shanty_9mm,item,Socom 9,20.0,1.4981,1335.0,LooseLoot
LooseLoot_Weapon_Shanty_9mm,item,Star & Witness,20.0,1.4981,1335.0,LooseLoot
LooseLoot_Weapon_Shanty_9mm,item,Vrede,20.0,1.4981,1335.0,LooseLoot
LooseLoot_Weapon_Shanty_Energy,item,Augusta,20.0,28.5714,70.0,LooseLoot
LooseLoot_Weapon_Shanty_Energy,item,Catacoil Rapid X,10.0,14.2857,70.0,LooseLoot
LooseLoot_Weapon_Shanty_Energy,item,D4RT,20.0,28.5714,70.0,LooseLoot
LooseLoot_Weapon_Shanty_Energy,item,Wyatt PULSAR,20.0,28.5714,70.0,LooseLoot
LooseLoot_Weapon_Socom,item,Socom 9,1.0,100.0,1.0,LooseLoot
LooseLoot_Weapon_Vrede,item,Vrede,1.0,100.0,1.0,LooseLoot
LootTable_Chair,item,,25.0,92.5926,27.0,Breakables
LootTable_Chair,item,Sawdust,1.0,3.7037,27.0,Breakables
LootTable_Chair,item,Stick,1.0,3.7037,27.0,Breakables
LootTable_Valentine_Heart,item,Heart,25.0,100.0,25.0,Breakables
LootTable_Valentine_Paper,item,Paper,25.0,100.0,25.0,Breakables
Loot_All_Ammo(DashMadeThisForEndlessModeUseCautiously),item,Ammo Box (12ga),1.0,16.6667,6.0,.
Loot_All_Ammo(DashMadeThisForEndlessModeUseCautiously),item,Ammo Box (5.56mm),1.0,16.6667,6.0,.
Loot_All_Ammo(DashMadeThisForEndlessModeUseCautiously),item,Ammo Box (50 BMG),1.0,16.6667,6.0,.
Loot_All_Ammo(DashMadeThisForEndlessModeUseCautiously),item,Ammo Box (7.62mm),1.0,16.6667,6.0,.
Loot_All_Ammo(DashMadeThisForEndlessModeUseCautiously),item,Ammo Box (9mm),1.0,16.6667,6.0,.
Loot_All_Ammo(DashMadeThisForEndlessModeUseCautiously),item,Ammo Box (Energy Cells),1.0,16.6667,6.0,.
Loot_BodyParts,item,Brain,1.0,12.5,8.0,.
Loot_BodyParts,item,Hazelnut,1.0,12.5,8.0,.
Loot_BodyParts,item,Human eye,1.0,12.5,8.0,.
Loot_BodyParts,item,Human flesh,3.0,37.5,8.0,.
Loot_BodyParts,item,Lung,1.0,12.5,8.0,.
Loot_BodyParts,item,Tongue,1.0,12.5,8.0,.
Loot_CashRegister,item,Cash Money Coin,1000.0,100.0,1000.0,.
Loot_Chest_Enchantments,item,Big Oil,4.0,8.3333,48.0,.
Loot_Chest_Enchantments,item,Bounce Oil,4.0,8.3333,48.0,.
Loot_Chest_Enchantments,item,Crit Oil,4.0,8.3333,48.0,.
Loot_Chest_Enchantments,item,Grapeseed Oil,4.0,8.3333,48.0,.
Loot_Chest_Enchantments,item,Oil of Yin,4.0,8.3333,48.0,.
Loot_Chest_Enchantments,item,Rate of Fire Oil,4.0,8.3333,48.0,.
Loot_Chest_Enchantments,item,Scroll of Embers,4.0,8.3333,48.0,.
Loot_Chest_Enchantments,item,Scroll of Frostbite,4.0,8.3333,48.0,.
Loot_Chest_Enchantments,item,Scroll of Plague,4.0,8.3333,48.0,.
Loot_Chest_Enchantments,item,Scroll of Surge,4.0,8.3333,48.0,.
Loot_Chest_Enchantments,item,Translucent Oil,4.0,8.3333,48.0,.
Loot_Chest_Enchantments,item,Triple Oil,4.0,8.3333,48.0,.
Loot_Chest_Equipment10RobotHeaven_Lower,item,Air Bat,1000.0,2.8616,34945.0,EquipmentChests
Loot_Chest_Equipment10RobotHeaven_Lower,item,Badass Vest,40.0,0.1145,34945.0,EquipmentChests
Loot_Chest_Equipment10RobotHeaven_Lower,item,Balaclava,450.0,1.2877,34945.0,EquipmentChests
Loot_Chest_Equipment10RobotHeaven_Lower,item,Ballistic Helmet,600.0,1.717,34945.0,EquipmentChests
Loot_Chest_Equipment10RobotHeaven_Lower,item,Ballistic Vest,850.0,2.4324,34945.0,EquipmentChests
Loot_Chest_Equipment10RobotHeaven_Lower,item,Bathrobe,50.0,0.1431,34945.0,EquipmentChests
Loot_Chest_Equipment10RobotHeaven_Lower,item,Beanie,50.0,0.1431,34945.0,EquipmentChests
Loot_Chest_Equipment10RobotHeaven_Lower,item,Beer Helmet,50.0,0.1431,34945.0,EquipmentChests
Loot_Chest_Equipment10RobotHeaven_Lower,item,Blast Boot,900.0,2.5755,34945.0,EquipmentChests
Loot_Chest_Equipment10RobotHeaven_Lower,item,Blindfold,70.0,0.2003,34945.0,EquipmentChests
Loot_Chest_Equipment10RobotHeaven_Lower,item,Blue Bandana,550.0,1.5739,34945.0,EquipmentChests
Loot_Chest_Equipment10RobotHeaven_Lower,item,Blue Slipper,60.0,0.1717,34945.0,EquipmentChests
Loot_Chest_Equipment10RobotHeaven_Lower,item,Breastplate,850.0,2.4324,34945.0,EquipmentChests
Loot_Chest_Equipment10RobotHeaven_Lower,item,Camo Jacket,100.0,0.2862,34945.0,EquipmentChests
Loot_Chest_Equipment10RobotHeaven_Lower,item,Cap,40.0,0.1145,34945.0,EquipmentChests
Loot_Chest_Equipment10RobotHeaven_Lower,item,Christmas Sock,100.0,0.2862,34945.0,EquipmentChests
Loot_Chest_Equipment10RobotHeaven_Lower,item,Christmas Sweater,100.0,0.2862,34945.0,EquipmentChests
Loot_Chest_Equipment10RobotHeaven_Lower,item,Christmas Sweater,55.0,0.1574,34945.0,EquipmentChests
Loot_Chest_Equipment10RobotHeaven_Lower,item,Clog,600.0,1.717,34945.0,EquipmentChests
Loot_Chest_Equipment10RobotHeaven_Lower,item,Combat Boot,900.0,2.5755,34945.0,EquipmentChests
Loot_Chest_Equipment10RobotHeaven_Lower,item,Cowboy Boot,900.0,2.5755,34945.0,EquipmentChests
Loot_Chest_Equipment10RobotHeaven_Lower,item,Cowboy Hat,900.0,2.5755,34945.0,EquipmentChests
Loot_Chest_Equipment10RobotHeaven_Lower,item,Cowboy Vest,800.0,2.2893,34945.0,EquipmentChests
Loot_Chest_Equipment10RobotHeaven_Lower,item,Crown,950.0,2.7186,34945.0,EquipmentChests
Loot_Chest_Equipment10RobotHeaven_Lower,item,Denim Jacket,120.0,0.3434,34945.0,EquipmentChests
Loot_Chest_Equipment10RobotHeaven_Lower,item,Diving Fin,70.0,0.2003,34945.0,EquipmentChests
Loot_Chest_Equipment10RobotHeaven_Lower,item,Diving Mask,250.0,0.7154,34945.0,EquipmentChests
Loot_Chest_Equipment10RobotHeaven_Lower,item,Dunce Cap,100.0,0.2862,34945.0,EquipmentChests
Loot_Chest_Equipment10RobotHeaven_Lower,item,Ear Protectors,250.0,0.7154,34945.0,EquipmentChests
Loot_Chest_Equipment10RobotHeaven_Lower,item,Encrypted Hoodie,100.0,0.2862,34945.0,EquipmentChests
Loot_Chest_Equipment10RobotHeaven_Lower,item,Eye Patch,250.0,0.7154,34945.0,EquipmentChests
Loot_Chest_Equipment10RobotHeaven_Lower,item,Father's Shirt,0.0,0.0,34945.0,EquipmentChests
Loot_Chest_Equipment10RobotHeaven_Lower,item,Firefighter Helmet,700.0,2.0031,34945.0,EquipmentChests
Loot_Chest_Equipment10RobotHeaven_Lower,item,Firefighter Jacket,60.0,0.1717,34945.0,EquipmentChests
Loot_Chest_Equipment10RobotHeaven_Lower,item,Fluffy Hat,65.0,0.186,34945.0,EquipmentChests
Loot_Chest_Equipment10RobotHeaven_Lower,item,Gas Mask,150.0,0.4292,34945.0,EquipmentChests
Loot_Chest_Equipment10RobotHeaven_Lower,item,Genie Shoe,900.0,2.5755,34945.0,EquipmentChests
Loot_Chest_Equipment10RobotHeaven_Lower,item,Geta,550.0,1.5739,34945.0,EquipmentChests
Loot_Chest_Equipment10RobotHeaven_Lower,item,Ghillie Suit,200.0,0.5723,34945.0,EquipmentChests
Loot_Chest_Equipment10RobotHeaven_Lower,item,Golden Slipper,600.0,1.717,34945.0,EquipmentChests
Loot_Chest_Equipment10RobotHeaven_Lower,item,Green Tunic,90.0,0.2575,34945.0,EquipmentChests
Loot_Chest_Equipment10RobotHeaven_Lower,item,Hardhat,550.0,1.5739,34945.0,EquipmentChests
Loot_Chest_Equipment10RobotHeaven_Lower,item,Hazmat Suit,50.0,0.1431,34945.0,EquipmentChests
Loot_Chest_Equipment10RobotHeaven_Lower,item,Hedgehog Suit,50.0,0.1431,34945.0,EquipmentChests
Loot_Chest_Equipment10RobotHeaven_Lower,item,High Quality Elf Shoe,200.0,0.5723,34945.0,EquipmentChests
Loot_Chest_Equipment10RobotHeaven_Lower,item,High heel,60.0,0.1717,34945.0,EquipmentChests
Loot_Chest_Equipment10RobotHeaven_Lower,item,Hockey Helmet,550.0,1.5739,34945.0,EquipmentChests
Loot_Chest_Equipment10RobotHeaven_Lower,item,Hockey Shoulder Pads,700.0,2.0031,34945.0,EquipmentChests
Loot_Chest_Equipment10RobotHeaven_Lower,item,Hunting Vest,50.0,0.1431,34945.0,EquipmentChests
Loot_Chest_Equipment10RobotHeaven_Lower,item,Ice Skate,60.0,0.1717,34945.0,EquipmentChests
Loot_Chest_Equipment10RobotHeaven_Lower,item,Knee Pads,550.0,1.5739,34945.0,EquipmentChests
Loot_Chest_Equipment10RobotHeaven_Lower,item,Knight's Helmet,800.0,2.2893,34945.0,EquipmentChests
Loot_Chest_Equipment10RobotHeaven_Lower,item,Leather Jacket,50.0,0.1431,34945.0,EquipmentChests
Loot_Chest_Equipment10RobotHeaven_Lower,item,Life Vest,80.0,0.2289,34945.0,EquipmentChests
Loot_Chest_Equipment10RobotHeaven_Lower,item,Military Helmet,850.0,2.4324,34945.0,EquipmentChests
Loot_Chest_Equipment10RobotHeaven_Lower,item,Motorcycle Helmet,500.0,1.4308,34945.0,EquipmentChests
Loot_Chest_Equipment10RobotHeaven_Lower,item,Office Wear,200.0,0.5723,34945.0,EquipmentChests
Loot_Chest_Equipment10RobotHeaven_Lower,item,Old-Timey Suit,60.0,0.1717,34945.0,EquipmentChests
Loot_Chest_Equipment10RobotHeaven_Lower,item,Parka,50.0,0.1431,34945.0,EquipmentChests
Loot_Chest_Equipment10RobotHeaven_Lower,item,Peg Leg,150.0,0.4292,34945.0,EquipmentChests
Loot_Chest_Equipment10RobotHeaven_Lower,item,Pillow Armor,450.0,1.2877,34945.0,EquipmentChests
Loot_Chest_Equipment10RobotHeaven_Lower,item,Pith Helmet,450.0,1.2877,34945.0,EquipmentChests
Loot_Chest_Equipment10RobotHeaven_Lower,item,Plain White Tee,60.0,0.1717,34945.0,EquipmentChests
Loot_Chest_Equipment10RobotHeaven_Lower,item,Plate Carrier,850.0,2.4324,34945.0,EquipmentChests
Loot_Chest_Equipment10RobotHeaven_Lower,item,Platform Shoe,100.0,0.2862,34945.0,EquipmentChests
Loot_Chest_Equipment10RobotHeaven_Lower,item,Police Hat,55.0,0.1574,34945.0,EquipmentChests
Loot_Chest_Equipment10RobotHeaven_Lower,item,Police Uniform,550.0,1.5739,34945.0,EquipmentChests
Loot_Chest_Equipment10RobotHeaven_Lower,item,Pope Hat,100.0,0.2862,34945.0,EquipmentChests
Loot_Chest_Equipment10RobotHeaven_Lower,item,Pyjama,80.0,0.2289,34945.0,EquipmentChests
Loot_Chest_Equipment10RobotHeaven_Lower,item,Raincoat,80.0,0.2289,34945.0,EquipmentChests
Loot_Chest_Equipment10RobotHeaven_Lower,item,Red Bandana,550.0,1.5739,34945.0,EquipmentChests
Loot_Chest_Equipment10RobotHeaven_Lower,item,Roller Blade,60.0,0.1717,34945.0,EquipmentChests
Loot_Chest_Equipment10RobotHeaven_Lower,item,Round Glasses,50.0,0.1431,34945.0,EquipmentChests
Loot_Chest_Equipment10RobotHeaven_Lower,item,Rubber Boot,60.0,0.1717,34945.0,EquipmentChests
Loot_Chest_Equipment10RobotHeaven_Lower,item,Rudolf Nose,60.0,0.1717,34945.0,EquipmentChests
Loot_Chest_Equipment10RobotHeaven_Lower,item,Running Shoe,1100.0,3.1478,34945.0,EquipmentChests
Loot_Chest_Equipment10RobotHeaven_Lower,item,SULFUR Cap,40.0,0.1145,34945.0,EquipmentChests
Loot_Chest_Equipment10RobotHeaven_Lower,item,SULFUR Hoodie,850.0,2.4324,34945.0,EquipmentChests
Loot_Chest_Equipment10RobotHeaven_Lower,item,Safety Vest,80.0,0.2289,34945.0,EquipmentChests
Loot_Chest_Equipment10RobotHeaven_Lower,item,Samurai Armor,900.0,2.5755,34945.0,EquipmentChests
Loot_Chest_Equipment10RobotHeaven_Lower,item,Santa Hat,55.0,0.1574,34945.0,EquipmentChests
Loot_Chest_Equipment10RobotHeaven_Lower,item,Shoe,500.0,1.4308,34945.0,EquipmentChests
Loot_Chest_Equipment10RobotHeaven_Lower,item,Ski Goggles,55.0,0.1574,34945.0,EquipmentChests
Loot_Chest_Equipment10RobotHeaven_Lower,item,Sneaker,60.0,0.1717,34945.0,EquipmentChests
Loot_Chest_Equipment10RobotHeaven_Lower,item,Sock,50.0,0.1431,34945.0,EquipmentChests
Loot_Chest_Equipment10RobotHeaven_Lower,item,Springcoil Boot,900.0,2.5755,34945.0,EquipmentChests
Loot_Chest_Equipment10RobotHeaven_Lower,item,Square Glasses,50.0,0.1431,34945.0,EquipmentChests
Loot_Chest_Equipment10RobotHeaven_Lower,item,Steel Helmet,950.0,2.7186,34945.0,EquipmentChests
Loot_Chest_Equipment10RobotHeaven_Lower,item,Strait Jacket,60.0,0.1717,34945.0,EquipmentChests
Loot_Chest_Equipment10RobotHeaven_Lower,item,Sunglasses,40.0,0.1145,34945.0,EquipmentChests
Loot_Chest_Equipment10RobotHeaven_Lower,item,Sylvester Hat,40.0,0.1145,34945.0,EquipmentChests
Loot_Chest_Equipment10RobotHeaven_Lower,item,Tanker Helmet,800.0,2.2893,34945.0,EquipmentChests
Loot_Chest_Equipment10RobotHeaven_Lower,item,Titanium Helmet,950.0,2.7186,34945.0,EquipmentChests
Loot_Chest_Equipment10RobotHeaven_Lower,item,Tracksuit,750.0,2.1462,34945.0,EquipmentChests
Loot_Chest_Equipment10RobotHeaven_Lower,item,Turtle Shell,450.0,1.2877,34945.0,EquipmentChests
Loot_Chest_Equipment10RobotHeaven_Lower,item,Winter Scarf,660.0,1.8887,34945.0,EquipmentChests
Loot_Chest_Equipment10RobotHeaven_Lower,item,Wooden Armor,950.0,2.7186,34945.0,EquipmentChests
Loot_Chest_Equipment10RobotHeaven_Lower,item,Yellow Hoodie,60.0,0.1717,34945.0,EquipmentChests
Loot_Chest_Equipment10RobotHeaven_Lower,item,Ygg,60.0,0.1717,34945.0,EquipmentChests
Loot_Chest_Equipment1Caves_NEW,item,Air Bat,100.0,0.4683,21354.0,EquipmentChests
Loot_Chest_Equipment1Caves_NEW,item,Badass Vest,400.0,1.8732,21354.0,EquipmentChests
Loot_Chest_Equipment1Caves_NEW,item,Balaclava,100.0,0.4683,21354.0,EquipmentChests
Loot_Chest_Equipment1Caves_NEW,item,Ballistic Helmet,50.0,0.2341,21354.0,EquipmentChests
Loot_Chest_Equipment1Caves_NEW,item,Ballistic Vest,75.0,0.3512,21354.0,EquipmentChests
Loot_Chest_Equipment1Caves_NEW,item,Bathrobe,250.0,1.1707,21354.0,EquipmentChests
Loot_Chest_Equipment1Caves_NEW,item,Beanie,250.0,1.1707,21354.0,EquipmentChests
Loot_Chest_Equipment1Caves_NEW,item,Beer Helmet,250.0,1.1707,21354.0,EquipmentChests
Loot_Chest_Equipment1Caves_NEW,item,Blast Boot,100.0,0.4683,21354.0,EquipmentChests
Loot_Chest_Equipment1Caves_NEW,item,Blindfold,150.0,0.7024,21354.0,EquipmentChests
Loot_Chest_Equipment1Caves_NEW,item,Blue Bandana,100.0,0.4683,21354.0,EquipmentChests
Loot_Chest_Equipment1Caves_NEW,item,Blue Slipper,500.0,2.3415,21354.0,EquipmentChests
Loot_Chest_Equipment1Caves_NEW,item,Breastplate,100.0,0.4683,21354.0,EquipmentChests
Loot_Chest_Equipment1Caves_NEW,item,Camo Jacket,200.0,0.9366,21354.0,EquipmentChests
Loot_Chest_Equipment1Caves_NEW,item,Cap,450.0,2.1073,21354.0,EquipmentChests
Loot_Chest_Equipment1Caves_NEW,item,Christmas Sock,250.0,1.1707,21354.0,EquipmentChests
Loot_Chest_Equipment1Caves_NEW,item,Christmas Sweater,250.0,1.1707,21354.0,EquipmentChests
Loot_Chest_Equipment1Caves_NEW,item,Christmas Sweater,250.0,1.1707,21354.0,EquipmentChests
Loot_Chest_Equipment1Caves_NEW,item,Clog,150.0,0.7024,21354.0,EquipmentChests
Loot_Chest_Equipment1Caves_NEW,item,Combat Boot,100.0,0.4683,21354.0,EquipmentChests
Loot_Chest_Equipment1Caves_NEW,item,Cowboy Boot,100.0,0.4683,21354.0,EquipmentChests
Loot_Chest_Equipment1Caves_NEW,item,Cowboy Hat,50.0,0.2341,21354.0,EquipmentChests
Loot_Chest_Equipment1Caves_NEW,item,Cowboy Vest,250.0,1.1707,21354.0,EquipmentChests
Loot_Chest_Equipment1Caves_NEW,item,Crown,50.0,0.2341,21354.0,EquipmentChests
Loot_Chest_Equipment1Caves_NEW,item,Denim Jacket,250.0,1.1707,21354.0,EquipmentChests
Loot_Chest_Equipment1Caves_NEW,item,Dinner Jacket,50.0,0.2341,21354.0,EquipmentChests
Loot_Chest_Equipment1Caves_NEW,item,Diving Fin,300.0,1.4049,21354.0,EquipmentChests
Loot_Chest_Equipment1Caves_NEW,item,Diving Mask,150.0,0.7024,21354.0,EquipmentChests
Loot_Chest_Equipment1Caves_NEW,item,Dress Shoe,250.0,1.1707,21354.0,EquipmentChests
Loot_Chest_Equipment1Caves_NEW,item,Dunce Cap,250.0,1.1707,21354.0,EquipmentChests
Loot_Chest_Equipment1Caves_NEW,item,Ear Protectors,150.0,0.7024,21354.0,EquipmentChests
Loot_Chest_Equipment1Caves_NEW,item,Encrypted Hoodie,500.0,2.3415,21354.0,EquipmentChests
Loot_Chest_Equipment1Caves_NEW,item,Eye Patch,150.0,0.7024,21354.0,EquipmentChests
Loot_Chest_Equipment1Caves_NEW,item,Father's Shirt,0.0,0.0,21354.0,EquipmentChests
Loot_Chest_Equipment1Caves_NEW,item,Firefighter Helmet,50.0,0.2341,21354.0,EquipmentChests
Loot_Chest_Equipment1Caves_NEW,item,Firefighter Jacket,250.0,1.1707,21354.0,EquipmentChests
Loot_Chest_Equipment1Caves_NEW,item,Fluffy Hat,250.0,1.1707,21354.0,EquipmentChests
Loot_Chest_Equipment1Caves_NEW,item,Gas Mask,150.0,0.7024,21354.0,EquipmentChests
Loot_Chest_Equipment1Caves_NEW,item,Genie Shoe,100.0,0.4683,21354.0,EquipmentChests
Loot_Chest_Equipment1Caves_NEW,item,Geta,150.0,0.7024,21354.0,EquipmentChests
Loot_Chest_Equipment1Caves_NEW,item,Ghillie Suit,150.0,0.7024,21354.0,EquipmentChests
Loot_Chest_Equipment1Caves_NEW,item,Golden Slipper,4.0,0.0187,21354.0,EquipmentChests
Loot_Chest_Equipment1Caves_NEW,item,Green Tunic,500.0,2.3415,21354.0,EquipmentChests
Loot_Chest_Equipment1Caves_NEW,item,Hardhat,100.0,0.4683,21354.0,EquipmentChests
Loot_Chest_Equipment1Caves_NEW,item,Hazmat Suit,200.0,0.9366,21354.0,EquipmentChests
Loot_Chest_Equipment1Caves_NEW,item,Hedgehog Suit,250.0,1.1707,21354.0,EquipmentChests
Loot_Chest_Equipment1Caves_NEW,item,High Quality Elf Shoe,250.0,1.1707,21354.0,EquipmentChests
Loot_Chest_Equipment1Caves_NEW,item,High heel,500.0,2.3415,21354.0,EquipmentChests
Loot_Chest_Equipment1Caves_NEW,item,Hockey Helmet,100.0,0.4683,21354.0,EquipmentChests
Loot_Chest_Equipment1Caves_NEW,item,Hockey Shoulder Pads,100.0,0.4683,21354.0,EquipmentChests
Loot_Chest_Equipment1Caves_NEW,item,Hunting Vest,250.0,1.1707,21354.0,EquipmentChests
Loot_Chest_Equipment1Caves_NEW,item,Ice Skate,500.0,2.3415,21354.0,EquipmentChests
Loot_Chest_Equipment1Caves_NEW,item,Knee Pads,150.0,0.7024,21354.0,EquipmentChests
Loot_Chest_Equipment1Caves_NEW,item,Knight's Helmet,50.0,0.2341,21354.0,EquipmentChests
Loot_Chest_Equipment1Caves_NEW,item,Leather Jacket,250.0,1.1707,21354.0,EquipmentChests
Loot_Chest_Equipment1Caves_NEW,item,Life Vest,150.0,0.7024,21354.0,EquipmentChests
Loot_Chest_Equipment1Caves_NEW,item,Military Helmet,50.0,0.2341,21354.0,EquipmentChests
Loot_Chest_Equipment1Caves_NEW,item,Motorcycle Helmet,100.0,0.4683,21354.0,EquipmentChests
Loot_Chest_Equipment1Caves_NEW,item,Office Wear,250.0,1.1707,21354.0,EquipmentChests
Loot_Chest_Equipment1Caves_NEW,item,Old-Timey Suit,150.0,0.7024,21354.0,EquipmentChests
Loot_Chest_Equipment1Caves_NEW,item,Parka,250.0,1.1707,21354.0,EquipmentChests
Loot_Chest_Equipment1Caves_NEW,item,Peg Leg,300.0,1.4049,21354.0,EquipmentChests
Loot_Chest_Equipment1Caves_NEW,item,Pillow Armor,100.0,0.4683,21354.0,EquipmentChests
Loot_Chest_Equipment1Caves_NEW,item,Pith Helmet,250.0,1.1707,21354.0,EquipmentChests
Loot_Chest_Equipment1Caves_NEW,item,Plain White Tee,500.0,2.3415,21354.0,EquipmentChests
Loot_Chest_Equipment1Caves_NEW,item,Plate Carrier,100.0,0.4683,21354.0,EquipmentChests
Loot_Chest_Equipment1Caves_NEW,item,Platform Shoe,150.0,0.7024,21354.0,EquipmentChests
Loot_Chest_Equipment1Caves_NEW,item,Police Hat,250.0,1.1707,21354.0,EquipmentChests
Loot_Chest_Equipment1Caves_NEW,item,Police Uniform,300.0,1.4049,21354.0,EquipmentChests
Loot_Chest_Equipment1Caves_NEW,item,Pope Hat,150.0,0.7024,21354.0,EquipmentChests
Loot_Chest_Equipment1Caves_NEW,item,Pyjama,500.0,2.3415,21354.0,EquipmentChests
Loot_Chest_Equipment1Caves_NEW,item,Raincoat,200.0,0.9366,21354.0,EquipmentChests
Loot_Chest_Equipment1Caves_NEW,item,Red Bandana,100.0,0.4683,21354.0,EquipmentChests
Loot_Chest_Equipment1Caves_NEW,item,Roller Blade,500.0,2.3415,21354.0,EquipmentChests
Loot_Chest_Equipment1Caves_NEW,item,Round Glasses,450.0,2.1073,21354.0,EquipmentChests
Loot_Chest_Equipment1Caves_NEW,item,Rubber Boot,300.0,1.4049,21354.0,EquipmentChests
Loot_Chest_Equipment1Caves_NEW,item,Rudolf Nose,250.0,1.1707,21354.0,EquipmentChests
Loot_Chest_Equipment1Caves_NEW,item,Running Shoe,100.0,0.4683,21354.0,EquipmentChests
Loot_Chest_Equipment1Caves_NEW,item,SULFUR Cap,450.0,2.1073,21354.0,EquipmentChests
Loot_Chest_Equipment1Caves_NEW,item,SULFUR Hoodie,100.0,0.4683,21354.0,EquipmentChests
Loot_Chest_Equipment1Caves_NEW,item,Safety Vest,500.0,2.3415,21354.0,EquipmentChests
Loot_Chest_Equipment1Caves_NEW,item,Samurai Armor,75.0,0.3512,21354.0,EquipmentChests
Loot_Chest_Equipment1Caves_NEW,item,Santa Hat,250.0,1.1707,21354.0,EquipmentChests
Loot_Chest_Equipment1Caves_NEW,item,Shoe,150.0,0.7024,21354.0,EquipmentChests
Loot_Chest_Equipment1Caves_NEW,item,Ski Goggles,50.0,0.2341,21354.0,EquipmentChests
Loot_Chest_Equipment1Caves_NEW,item,Sneaker,300.0,1.4049,21354.0,EquipmentChests
Loot_Chest_Equipment1Caves_NEW,item,Sock,300.0,1.4049,21354.0,EquipmentChests
Loot_Chest_Equipment1Caves_NEW,item,Springcoil Boot,100.0,0.4683,21354.0,EquipmentChests
Loot_Chest_Equipment1Caves_NEW,item,Square Glasses,150.0,0.7024,21354.0,EquipmentChests
Loot_Chest_Equipment1Caves_NEW,item,Steel Helmet,50.0,0.2341,21354.0,EquipmentChests
Loot_Chest_Equipment1Caves_NEW,item,Strait Jacket,200.0,0.9366,21354.0,EquipmentChests
Loot_Chest_Equipment1Caves_NEW,item,Sunglasses,450.0,2.1073,21354.0,EquipmentChests
Loot_Chest_Equipment1Caves_NEW,item,Sylvester Hat,450.0,2.1073,21354.0,EquipmentChests
Loot_Chest_Equipment1Caves_NEW,item,Tanker Helmet,50.0,0.2341,21354.0,EquipmentChests
Loot_Chest_Equipment1Caves_NEW,item,Titanium Helmet,50.0,0.2341,21354.0,EquipmentChests
Loot_Chest_Equipment1Caves_NEW,item,Tracksuit,150.0,0.7024,21354.0,EquipmentChests
Loot_Chest_Equipment1Caves_NEW,item,Turtle Shell,150.0,0.7024,21354.0,EquipmentChests
Loot_Chest_Equipment1Caves_NEW,item,Winter Scarf,150.0,0.7024,21354.0,EquipmentChests
Loot_Chest_Equipment1Caves_NEW,item,Wooden Armor,100.0,0.4683,21354.0,EquipmentChests
Loot_Chest_Equipment1Caves_NEW,item,Yellow Hoodie,500.0,2.3415,21354.0,EquipmentChests
Loot_Chest_Equipment1Caves_NEW,item,Ygg,300.0,1.4049,21354.0,EquipmentChests
Loot_Chest_Equipment1Caves_NEW_Demo,item,Balaclava,100.0,1.99,5025.0,EquipmentChests
Loot_Chest_Equipment1Caves_NEW_Demo,item,Ballistic Helmet,50.0,0.995,5025.0,EquipmentChests
Loot_Chest_Equipment1Caves_NEW_Demo,item,Ballistic Vest,75.0,1.4925,5025.0,EquipmentChests
Loot_Chest_Equipment1Caves_NEW_Demo,item,Breastplate,100.0,1.99,5025.0,EquipmentChests
Loot_Chest_Equipment1Caves_NEW_Demo,item,Combat Boot,100.0,1.99,5025.0,EquipmentChests
Loot_Chest_Equipment1Caves_NEW_Demo,item,Diving Fin,300.0,5.9701,5025.0,EquipmentChests
Loot_Chest_Equipment1Caves_NEW_Demo,item,Encrypted Hoodie,500.0,9.9502,5025.0,EquipmentChests
Loot_Chest_Equipment1Caves_NEW_Demo,item,Eye Patch,150.0,2.9851,5025.0,EquipmentChests
Loot_Chest_Equipment1Caves_NEW_Demo,item,Father's Shirt,0.0,0.0,5025.0,EquipmentChests
Loot_Chest_Equipment1Caves_NEW_Demo,item,Fluffy Hat,250.0,4.9751,5025.0,EquipmentChests
Loot_Chest_Equipment1Caves_NEW_Demo,item,Genie Shoe,100.0,1.99,5025.0,EquipmentChests
Loot_Chest_Equipment1Caves_NEW_Demo,item,Green Tunic,500.0,9.9502,5025.0,EquipmentChests
Loot_Chest_Equipment1Caves_NEW_Demo,item,Hardhat,100.0,1.99,5025.0,EquipmentChests
Loot_Chest_Equipment1Caves_NEW_Demo,item,Hockey Helmet,100.0,1.99,5025.0,EquipmentChests
Loot_Chest_Equipment1Caves_NEW_Demo,item,Hockey Shoulder Pads,100.0,1.99,5025.0,EquipmentChests
Loot_Chest_Equipment1Caves_NEW_Demo,item,Knight's Helmet,50.0,0.995,5025.0,EquipmentChests
Loot_Chest_Equipment1Caves_NEW_Demo,item,Motorcycle Helmet,100.0,1.99,5025.0,EquipmentChests
Loot_Chest_Equipment1Caves_NEW_Demo,item,Pillow Armor,100.0,1.99,5025.0,EquipmentChests
Loot_Chest_Equipment1Caves_NEW_Demo,item,Plain White Tee,500.0,9.9502,5025.0,EquipmentChests
Loot_Chest_Equipment1Caves_NEW_Demo,item,Rubber Boot,300.0,5.9701,5025.0,EquipmentChests
Loot_Chest_Equipment1Caves_NEW_Demo,item,Running Shoe,100.0,1.99,5025.0,EquipmentChests
Loot_Chest_Equipment1Caves_NEW_Demo,item,Shoe,150.0,2.9851,5025.0,EquipmentChests
Loot_Chest_Equipment1Caves_NEW_Demo,item,Sneaker,300.0,5.9701,5025.0,EquipmentChests
Loot_Chest_Equipment1Caves_NEW_Demo,item,Springcoil Boot,100.0,1.99,5025.0,EquipmentChests
Loot_Chest_Equipment1Caves_NEW_Demo,item,Yellow Hoodie,500.0,9.9502,5025.0,EquipmentChests
Loot_Chest_Equipment1Caves_NEW_Demo,item,Ygg,300.0,5.9701,5025.0,EquipmentChests
Loot_Chest_Equipment2Town_NEW,item,Air Bat,200.0,0.8636,23160.0,EquipmentChests
Loot_Chest_Equipment2Town_NEW,item,Badass Vest,400.0,1.7271,23160.0,EquipmentChests
Loot_Chest_Equipment2Town_NEW,item,Balaclava,150.0,0.6477,23160.0,EquipmentChests
Loot_Chest_Equipment2Town_NEW,item,Ballistic Helmet,150.0,0.6477,23160.0,EquipmentChests
Loot_Chest_Equipment2Town_NEW,item,Ballistic Vest,150.0,0.6477,23160.0,EquipmentChests
Loot_Chest_Equipment2Town_NEW,item,Bathrobe,250.0,1.0794,23160.0,EquipmentChests
Loot_Chest_Equipment2Town_NEW,item,Beanie,200.0,0.8636,23160.0,EquipmentChests
Loot_Chest_Equipment2Town_NEW,item,Beer Helmet,200.0,0.8636,23160.0,EquipmentChests
Loot_Chest_Equipment2Town_NEW,item,Blast Boot,200.0,0.8636,23160.0,EquipmentChests
Loot_Chest_Equipment2Town_NEW,item,Blindfold,200.0,0.8636,23160.0,EquipmentChests
Loot_Chest_Equipment2Town_NEW,item,Blue Bandana,150.0,0.6477,23160.0,EquipmentChests
Loot_Chest_Equipment2Town_NEW,item,Blue Slipper,400.0,1.7271,23160.0,EquipmentChests
Loot_Chest_Equipment2Town_NEW,item,Breastplate,150.0,0.6477,23160.0,EquipmentChests
Loot_Chest_Equipment2Town_NEW,item,Camo Jacket,200.0,0.8636,23160.0,EquipmentChests
Loot_Chest_Equipment2Town_NEW,item,Cap,350.0,1.5112,23160.0,EquipmentChests
Loot_Chest_Equipment2Town_NEW,item,Christmas Sock,300.0,1.2953,23160.0,EquipmentChests
Loot_Chest_Equipment2Town_NEW,item,Christmas Sweater,250.0,1.0794,23160.0,EquipmentChests
Loot_Chest_Equipment2Town_NEW,item,Christmas Sweater,250.0,1.0794,23160.0,EquipmentChests
Loot_Chest_Equipment2Town_NEW,item,Clog,200.0,0.8636,23160.0,EquipmentChests
Loot_Chest_Equipment2Town_NEW,item,Combat Boot,200.0,0.8636,23160.0,EquipmentChests
Loot_Chest_Equipment2Town_NEW,item,Cowboy Boot,200.0,0.8636,23160.0,EquipmentChests
Loot_Chest_Equipment2Town_NEW,item,Cowboy Hat,150.0,0.6477,23160.0,EquipmentChests
Loot_Chest_Equipment2Town_NEW,item,Cowboy Vest,250.0,1.0794,23160.0,EquipmentChests
Loot_Chest_Equipment2Town_NEW,item,Crown,150.0,0.6477,23160.0,EquipmentChests
Loot_Chest_Equipment2Town_NEW,item,Denim Jacket,250.0,1.0794,23160.0,EquipmentChests
Loot_Chest_Equipment2Town_NEW,item,Dinner Jacket,150.0,0.6477,23160.0,EquipmentChests
Loot_Chest_Equipment2Town_NEW,item,Diving Fin,250.0,1.0794,23160.0,EquipmentChests
Loot_Chest_Equipment2Town_NEW,item,Diving Mask,200.0,0.8636,23160.0,EquipmentChests
Loot_Chest_Equipment2Town_NEW,item,Dress Shoe,250.0,1.0794,23160.0,EquipmentChests
Loot_Chest_Equipment2Town_NEW,item,Dunce Cap,200.0,0.8636,23160.0,EquipmentChests
Loot_Chest_Equipment2Town_NEW,item,Ear Protectors,200.0,0.8636,23160.0,EquipmentChests
Loot_Chest_Equipment2Town_NEW,item,Encrypted Hoodie,400.0,1.7271,23160.0,EquipmentChests
Loot_Chest_Equipment2Town_NEW,item,Eye Patch,200.0,0.8636,23160.0,EquipmentChests
Loot_Chest_Equipment2Town_NEW,item,Father's Shirt,0.0,0.0,23160.0,EquipmentChests
Loot_Chest_Equipment2Town_NEW,item,Firefighter Helmet,150.0,0.6477,23160.0,EquipmentChests
Loot_Chest_Equipment2Town_NEW,item,Firefighter Jacket,250.0,1.0794,23160.0,EquipmentChests
Loot_Chest_Equipment2Town_NEW,item,Fluffy Hat,200.0,0.8636,23160.0,EquipmentChests
Loot_Chest_Equipment2Town_NEW,item,Gas Mask,200.0,0.8636,23160.0,EquipmentChests
Loot_Chest_Equipment2Town_NEW,item,Genie Shoe,200.0,0.8636,23160.0,EquipmentChests
Loot_Chest_Equipment2Town_NEW,item,Geta,200.0,0.8636,23160.0,EquipmentChests
Loot_Chest_Equipment2Town_NEW,item,Ghillie Suit,200.0,0.8636,23160.0,EquipmentChests
Loot_Chest_Equipment2Town_NEW,item,Golden Slipper,10.0,0.0432,23160.0,EquipmentChests
Loot_Chest_Equipment2Town_NEW,item,Green Tunic,400.0,1.7271,23160.0,EquipmentChests
Loot_Chest_Equipment2Town_NEW,item,Hardhat,150.0,0.6477,23160.0,EquipmentChests
Loot_Chest_Equipment2Town_NEW,item,Hazmat Suit,200.0,0.8636,23160.0,EquipmentChests
Loot_Chest_Equipment2Town_NEW,item,Hedgehog Suit,250.0,1.0794,23160.0,EquipmentChests
Loot_Chest_Equipment2Town_NEW,item,High Quality Elf Shoe,250.0,1.0794,23160.0,EquipmentChests
Loot_Chest_Equipment2Town_NEW,item,High heel,400.0,1.7271,23160.0,EquipmentChests
Loot_Chest_Equipment2Town_NEW,item,Hockey Helmet,150.0,0.6477,23160.0,EquipmentChests
Loot_Chest_Equipment2Town_NEW,item,Hockey Shoulder Pads,200.0,0.8636,23160.0,EquipmentChests
Loot_Chest_Equipment2Town_NEW,item,Hunting Vest,250.0,1.0794,23160.0,EquipmentChests
Loot_Chest_Equipment2Town_NEW,item,Ice Skate,400.0,1.7271,23160.0,EquipmentChests
Loot_Chest_Equipment2Town_NEW,item,Knee Pads,200.0,0.8636,23160.0,EquipmentChests
Loot_Chest_Equipment2Town_NEW,item,Knight's Helmet,150.0,0.6477,23160.0,EquipmentChests
Loot_Chest_Equipment2Town_NEW,item,Leather Jacket,250.0,1.0794,23160.0,EquipmentChests
Loot_Chest_Equipment2Town_NEW,item,Life Vest,200.0,0.8636,23160.0,EquipmentChests
Loot_Chest_Equipment2Town_NEW,item,Military Helmet,150.0,0.6477,23160.0,EquipmentChests
Loot_Chest_Equipment2Town_NEW,item,Motorcycle Helmet,150.0,0.6477,23160.0,EquipmentChests
Loot_Chest_Equipment2Town_NEW,item,Office Wear,250.0,1.0794,23160.0,EquipmentChests
Loot_Chest_Equipment2Town_NEW,item,Old-Timey Suit,200.0,0.8636,23160.0,EquipmentChests
Loot_Chest_Equipment2Town_NEW,item,Parka,250.0,1.0794,23160.0,EquipmentChests
Loot_Chest_Equipment2Town_NEW,item,Peg Leg,250.0,1.0794,23160.0,EquipmentChests
Loot_Chest_Equipment2Town_NEW,item,Pillow Armor,200.0,0.8636,23160.0,EquipmentChests
Loot_Chest_Equipment2Town_NEW,item,Pith Helmet,150.0,0.6477,23160.0,EquipmentChests
Loot_Chest_Equipment2Town_NEW,item,Plain White Tee,400.0,1.7271,23160.0,EquipmentChests
Loot_Chest_Equipment2Town_NEW,item,Plate Carrier,200.0,0.8636,23160.0,EquipmentChests
Loot_Chest_Equipment2Town_NEW,item,Platform Shoe,250.0,1.0794,23160.0,EquipmentChests
Loot_Chest_Equipment2Town_NEW,item,Police Hat,200.0,0.8636,23160.0,EquipmentChests
Loot_Chest_Equipment2Town_NEW,item,Police Uniform,200.0,0.8636,23160.0,EquipmentChests
Loot_Chest_Equipment2Town_NEW,item,Pope Hat,200.0,0.8636,23160.0,EquipmentChests
Loot_Chest_Equipment2Town_NEW,item,Pyjama,400.0,1.7271,23160.0,EquipmentChests
Loot_Chest_Equipment2Town_NEW,item,Raincoat,400.0,1.7271,23160.0,EquipmentChests
Loot_Chest_Equipment2Town_NEW,item,Red Bandana,150.0,0.6477,23160.0,EquipmentChests
Loot_Chest_Equipment2Town_NEW,item,Roller Blade,400.0,1.7271,23160.0,EquipmentChests
Loot_Chest_Equipment2Town_NEW,item,Round Glasses,350.0,1.5112,23160.0,EquipmentChests
Loot_Chest_Equipment2Town_NEW,item,Rubber Boot,250.0,1.0794,23160.0,EquipmentChests
Loot_Chest_Equipment2Town_NEW,item,Rudolf Nose,250.0,1.0794,23160.0,EquipmentChests
Loot_Chest_Equipment2Town_NEW,item,Running Shoe,200.0,0.8636,23160.0,EquipmentChests
Loot_Chest_Equipment2Town_NEW,item,SULFUR Cap,350.0,1.5112,23160.0,EquipmentChests
Loot_Chest_Equipment2Town_NEW,item,SULFUR Hoodie,200.0,0.8636,23160.0,EquipmentChests
Loot_Chest_Equipment2Town_NEW,item,Safety Vest,400.0,1.7271,23160.0,EquipmentChests
Loot_Chest_Equipment2Town_NEW,item,Samurai Armor,200.0,0.8636,23160.0,EquipmentChests
Loot_Chest_Equipment2Town_NEW,item,Santa Hat,250.0,1.0794,23160.0,EquipmentChests
Loot_Chest_Equipment2Town_NEW,item,Shoe,200.0,0.8636,23160.0,EquipmentChests
Loot_Chest_Equipment2Town_NEW,item,Ski Goggles,200.0,0.8636,23160.0,EquipmentChests
Loot_Chest_Equipment2Town_NEW,item,Sneaker,250.0,1.0794,23160.0,EquipmentChests
Loot_Chest_Equipment2Town_NEW,item,Sock,250.0,1.0794,23160.0,EquipmentChests
Loot_Chest_Equipment2Town_NEW,item,Springcoil Boot,200.0,0.8636,23160.0,EquipmentChests
Loot_Chest_Equipment2Town_NEW,item,Square Glasses,200.0,0.8636,23160.0,EquipmentChests
Loot_Chest_Equipment2Town_NEW,item,Steel Helmet,150.0,0.6477,23160.0,EquipmentChests
Loot_Chest_Equipment2Town_NEW,item,Strait Jacket,200.0,0.8636,23160.0,EquipmentChests
Loot_Chest_Equipment2Town_NEW,item,Sunglasses,350.0,1.5112,23160.0,EquipmentChests
Loot_Chest_Equipment2Town_NEW,item,Sylvester Hat,350.0,1.5112,23160.0,EquipmentChests
Loot_Chest_Equipment2Town_NEW,item,Tanker Helmet,150.0,0.6477,23160.0,EquipmentChests
Loot_Chest_Equipment2Town_NEW,item,Titanium Helmet,150.0,0.6477,23160.0,EquipmentChests
Loot_Chest_Equipment2Town_NEW,item,Tracksuit,200.0,0.8636,23160.0,EquipmentChests
Loot_Chest_Equipment2Town_NEW,item,Turtle Shell,200.0,0.8636,23160.0,EquipmentChests
Loot_Chest_Equipment2Town_NEW,item,Winter Scarf,150.0,0.6477,23160.0,EquipmentChests
Loot_Chest_Equipment2Town_NEW,item,Wooden Armor,200.0,0.8636,23160.0,EquipmentChests
Loot_Chest_Equipment2Town_NEW,item,Yellow Hoodie,400.0,1.7271,23160.0,EquipmentChests
Loot_Chest_Equipment2Town_NEW,item,Ygg,250.0,1.0794,23160.0,EquipmentChests
Loot_Chest_Equipment3Hedgemaze_NEW,item,Air Bat,300.0,1.0152,29550.0,EquipmentChests
Loot_Chest_Equipment3Hedgemaze_NEW,item,Badass Vest,350.0,1.1844,29550.0,EquipmentChests
Loot_Chest_Equipment3Hedgemaze_NEW,item,Balaclava,200.0,0.6768,29550.0,EquipmentChests
Loot_Chest_Equipment3Hedgemaze_NEW,item,Ballistic Helmet,250.0,0.846,29550.0,EquipmentChests
Loot_Chest_Equipment3Hedgemaze_NEW,item,Ballistic Vest,200.0,0.6768,29550.0,EquipmentChests
Loot_Chest_Equipment3Hedgemaze_NEW,item,Bathrobe,250.0,0.846,29550.0,EquipmentChests
Loot_Chest_Equipment3Hedgemaze_NEW,item,Beanie,450.0,1.5228,29550.0,EquipmentChests
Loot_Chest_Equipment3Hedgemaze_NEW,item,Beer Helmet,450.0,1.5228,29550.0,EquipmentChests
Loot_Chest_Equipment3Hedgemaze_NEW,item,Blast Boot,300.0,1.0152,29550.0,EquipmentChests
Loot_Chest_Equipment3Hedgemaze_NEW,item,Blindfold,200.0,0.6768,29550.0,EquipmentChests
Loot_Chest_Equipment3Hedgemaze_NEW,item,Blue Bandana,200.0,0.6768,29550.0,EquipmentChests
Loot_Chest_Equipment3Hedgemaze_NEW,item,Blue Slipper,350.0,1.1844,29550.0,EquipmentChests
Loot_Chest_Equipment3Hedgemaze_NEW,item,Breastplate,200.0,0.6768,29550.0,EquipmentChests
Loot_Chest_Equipment3Hedgemaze_NEW,item,Camo Jacket,300.0,1.0152,29550.0,EquipmentChests
Loot_Chest_Equipment3Hedgemaze_NEW,item,Cap,300.0,1.0152,29550.0,EquipmentChests
Loot_Chest_Equipment3Hedgemaze_NEW,item,Christmas Sock,200.0,0.6768,29550.0,EquipmentChests
Loot_Chest_Equipment3Hedgemaze_NEW,item,Christmas Sweater,200.0,0.6768,29550.0,EquipmentChests
Loot_Chest_Equipment3Hedgemaze_NEW,item,Christmas Sweater,200.0,0.6768,29550.0,EquipmentChests
Loot_Chest_Equipment3Hedgemaze_NEW,item,Clog,250.0,0.846,29550.0,EquipmentChests
Loot_Chest_Equipment3Hedgemaze_NEW,item,Combat Boot,300.0,1.0152,29550.0,EquipmentChests
Loot_Chest_Equipment3Hedgemaze_NEW,item,Cowboy Boot,300.0,1.0152,29550.0,EquipmentChests
Loot_Chest_Equipment3Hedgemaze_NEW,item,Cowboy Hat,200.0,0.6768,29550.0,EquipmentChests
Loot_Chest_Equipment3Hedgemaze_NEW,item,Cowboy Vest,250.0,0.846,29550.0,EquipmentChests
Loot_Chest_Equipment3Hedgemaze_NEW,item,Crown,250.0,0.846,29550.0,EquipmentChests
Loot_Chest_Equipment3Hedgemaze_NEW,item,Denim Jacket,250.0,0.846,29550.0,EquipmentChests
Loot_Chest_Equipment3Hedgemaze_NEW,item,Dinner Jacket,200.0,0.6768,29550.0,EquipmentChests
Loot_Chest_Equipment3Hedgemaze_NEW,item,Diving Fin,500.0,1.692,29550.0,EquipmentChests
Loot_Chest_Equipment3Hedgemaze_NEW,item,Diving Mask,200.0,0.6768,29550.0,EquipmentChests
Loot_Chest_Equipment3Hedgemaze_NEW,item,Dress Shoe,200.0,0.6768,29550.0,EquipmentChests
Loot_Chest_Equipment3Hedgemaze_NEW,item,Dunce Cap,450.0,1.5228,29550.0,EquipmentChests
Loot_Chest_Equipment3Hedgemaze_NEW,item,Ear Protectors,200.0,0.6768,29550.0,EquipmentChests
Loot_Chest_Equipment3Hedgemaze_NEW,item,Encrypted Hoodie,350.0,1.1844,29550.0,EquipmentChests
Loot_Chest_Equipment3Hedgemaze_NEW,item,Eye Patch,200.0,0.6768,29550.0,EquipmentChests
Loot_Chest_Equipment3Hedgemaze_NEW,item,Father's Shirt,0.0,0.0,29550.0,EquipmentChests
Loot_Chest_Equipment3Hedgemaze_NEW,item,Firefighter Helmet,200.0,0.6768,29550.0,EquipmentChests
Loot_Chest_Equipment3Hedgemaze_NEW,item,Firefighter Jacket,350.0,1.1844,29550.0,EquipmentChests
Loot_Chest_Equipment3Hedgemaze_NEW,item,Fluffy Hat,450.0,1.5228,29550.0,EquipmentChests
Loot_Chest_Equipment3Hedgemaze_NEW,item,Gas Mask,200.0,0.6768,29550.0,EquipmentChests
Loot_Chest_Equipment3Hedgemaze_NEW,item,Genie Shoe,300.0,1.0152,29550.0,EquipmentChests
Loot_Chest_Equipment3Hedgemaze_NEW,item,Geta,250.0,0.846,29550.0,EquipmentChests
Loot_Chest_Equipment3Hedgemaze_NEW,item,Ghillie Suit,250.0,0.846,29550.0,EquipmentChests
Loot_Chest_Equipment3Hedgemaze_NEW,item,Golden Slipper,50.0,0.1692,29550.0,EquipmentChests
Loot_Chest_Equipment3Hedgemaze_NEW,item,Green Tunic,350.0,1.1844,29550.0,EquipmentChests
Loot_Chest_Equipment3Hedgemaze_NEW,item,Hardhat,200.0,0.6768,29550.0,EquipmentChests
Loot_Chest_Equipment3Hedgemaze_NEW,item,Hazmat Suit,350.0,1.1844,29550.0,EquipmentChests
Loot_Chest_Equipment3Hedgemaze_NEW,item,Hedgehog Suit,250.0,0.846,29550.0,EquipmentChests
Loot_Chest_Equipment3Hedgemaze_NEW,item,High Quality Elf Shoe,1000.0,3.3841,29550.0,EquipmentChests
Loot_Chest_Equipment3Hedgemaze_NEW,item,High heel,350.0,1.1844,29550.0,EquipmentChests
Loot_Chest_Equipment3Hedgemaze_NEW,item,Hockey Helmet,200.0,0.6768,29550.0,EquipmentChests
Loot_Chest_Equipment3Hedgemaze_NEW,item,Hockey Shoulder Pads,250.0,0.846,29550.0,EquipmentChests
Loot_Chest_Equipment3Hedgemaze_NEW,item,Hunting Vest,250.0,0.846,29550.0,EquipmentChests
Loot_Chest_Equipment3Hedgemaze_NEW,item,Ice Skate,350.0,1.1844,29550.0,EquipmentChests
Loot_Chest_Equipment3Hedgemaze_NEW,item,Knee Pads,250.0,0.846,29550.0,EquipmentChests
Loot_Chest_Equipment3Hedgemaze_NEW,item,Knight's Helmet,200.0,0.6768,29550.0,EquipmentChests
Loot_Chest_Equipment3Hedgemaze_NEW,item,Leather Jacket,250.0,0.846,29550.0,EquipmentChests
Loot_Chest_Equipment3Hedgemaze_NEW,item,Life Vest,250.0,0.846,29550.0,EquipmentChests
Loot_Chest_Equipment3Hedgemaze_NEW,item,Military Helmet,250.0,0.846,29550.0,EquipmentChests
Loot_Chest_Equipment3Hedgemaze_NEW,item,Motorcycle Helmet,200.0,0.6768,29550.0,EquipmentChests
Loot_Chest_Equipment3Hedgemaze_NEW,item,Office Wear,250.0,0.846,29550.0,EquipmentChests
Loot_Chest_Equipment3Hedgemaze_NEW,item,Old-Timey Suit,250.0,0.846,29550.0,EquipmentChests
Loot_Chest_Equipment3Hedgemaze_NEW,item,Parka,250.0,0.846,29550.0,EquipmentChests
Loot_Chest_Equipment3Hedgemaze_NEW,item,Peg Leg,350.0,1.1844,29550.0,EquipmentChests
Loot_Chest_Equipment3Hedgemaze_NEW,item,Pillow Armor,350.0,1.1844,29550.0,EquipmentChests
Loot_Chest_Equipment3Hedgemaze_NEW,item,Pith Helmet,200.0,0.6768,29550.0,EquipmentChests
Loot_Chest_Equipment3Hedgemaze_NEW,item,Plain White Tee,350.0,1.1844,29550.0,EquipmentChests
Loot_Chest_Equipment3Hedgemaze_NEW,item,Plate Carrier,200.0,0.6768,29550.0,EquipmentChests
Loot_Chest_Equipment3Hedgemaze_NEW,item,Platform Shoe,350.0,1.1844,29550.0,EquipmentChests
Loot_Chest_Equipment3Hedgemaze_NEW,item,Police Hat,450.0,1.5228,29550.0,EquipmentChests
Loot_Chest_Equipment3Hedgemaze_NEW,item,Police Uniform,350.0,1.1844,29550.0,EquipmentChests
Loot_Chest_Equipment3Hedgemaze_NEW,item,Pope Hat,200.0,0.6768,29550.0,EquipmentChests
Loot_Chest_Equipment3Hedgemaze_NEW,item,Pyjama,350.0,1.1844,29550.0,EquipmentChests
Loot_Chest_Equipment3Hedgemaze_NEW,item,Raincoat,500.0,1.692,29550.0,EquipmentChests
Loot_Chest_Equipment3Hedgemaze_NEW,item,Red Bandana,200.0,0.6768,29550.0,EquipmentChests
Loot_Chest_Equipment3Hedgemaze_NEW,item,Roller Blade,350.0,1.1844,29550.0,EquipmentChests
Loot_Chest_Equipment3Hedgemaze_NEW,item,Round Glasses,300.0,1.0152,29550.0,EquipmentChests
Loot_Chest_Equipment3Hedgemaze_NEW,item,Rubber Boot,500.0,1.692,29550.0,EquipmentChests
Loot_Chest_Equipment3Hedgemaze_NEW,item,Rudolf Nose,200.0,0.6768,29550.0,EquipmentChests
Loot_Chest_Equipment3Hedgemaze_NEW,item,Running Shoe,300.0,1.0152,29550.0,EquipmentChests
Loot_Chest_Equipment3Hedgemaze_NEW,item,SULFUR Cap,300.0,1.0152,29550.0,EquipmentChests
Loot_Chest_Equipment3Hedgemaze_NEW,item,SULFUR Hoodie,250.0,0.846,29550.0,EquipmentChests
Loot_Chest_Equipment3Hedgemaze_NEW,item,Safety Vest,350.0,1.1844,29550.0,EquipmentChests
Loot_Chest_Equipment3Hedgemaze_NEW,item,Samurai Armor,250.0,0.846,29550.0,EquipmentChests
Loot_Chest_Equipment3Hedgemaze_NEW,item,Santa Hat,200.0,0.6768,29550.0,EquipmentChests
Loot_Chest_Equipment3Hedgemaze_NEW,item,Shoe,250.0,0.846,29550.0,EquipmentChests
Loot_Chest_Equipment3Hedgemaze_NEW,item,Ski Goggles,450.0,1.5228,29550.0,EquipmentChests
Loot_Chest_Equipment3Hedgemaze_NEW,item,Sneaker,500.0,1.692,29550.0,EquipmentChests
Loot_Chest_Equipment3Hedgemaze_NEW,item,Sock,500.0,1.692,29550.0,EquipmentChests
Loot_Chest_Equipment3Hedgemaze_NEW,item,Springcoil Boot,250.0,0.846,29550.0,EquipmentChests
Loot_Chest_Equipment3Hedgemaze_NEW,item,Square Glasses,200.0,0.6768,29550.0,EquipmentChests
Loot_Chest_Equipment3Hedgemaze_NEW,item,Steel Helmet,250.0,0.846,29550.0,EquipmentChests
Loot_Chest_Equipment3Hedgemaze_NEW,item,Strait Jacket,200.0,0.6768,29550.0,EquipmentChests
Loot_Chest_Equipment3Hedgemaze_NEW,item,Sunglasses,300.0,1.0152,29550.0,EquipmentChests
Loot_Chest_Equipment3Hedgemaze_NEW,item,Sylvester Hat,300.0,1.0152,29550.0,EquipmentChests
Loot_Chest_Equipment3Hedgemaze_NEW,item,Tanker Helmet,200.0,0.6768,29550.0,EquipmentChests
Loot_Chest_Equipment3Hedgemaze_NEW,item,Titanium Helmet,250.0,0.846,29550.0,EquipmentChests
Loot_Chest_Equipment3Hedgemaze_NEW,item,Tracksuit,350.0,1.1844,29550.0,EquipmentChests
Loot_Chest_Equipment3Hedgemaze_NEW,item,Turtle Shell,450.0,1.5228,29550.0,EquipmentChests
Loot_Chest_Equipment3Hedgemaze_NEW,item,Winter Scarf,250.0,0.846,29550.0,EquipmentChests
Loot_Chest_Equipment3Hedgemaze_NEW,item,Wooden Armor,400.0,1.3536,29550.0,EquipmentChests
Loot_Chest_Equipment3Hedgemaze_NEW,item,Yellow Hoodie,350.0,1.1844,29550.0,EquipmentChests
Loot_Chest_Equipment3Hedgemaze_NEW,item,Ygg,500.0,1.692,29550.0,EquipmentChests
Loot_Chest_Equipment3Sewers_NEW,item,Air Bat,300.0,1.0152,29550.0,EquipmentChests
Loot_Chest_Equipment3Sewers_NEW,item,Badass Vest,350.0,1.1844,29550.0,EquipmentChests
Loot_Chest_Equipment3Sewers_NEW,item,Balaclava,200.0,0.6768,29550.0,EquipmentChests
Loot_Chest_Equipment3Sewers_NEW,item,Ballistic Helmet,250.0,0.846,29550.0,EquipmentChests
Loot_Chest_Equipment3Sewers_NEW,item,Ballistic Vest,200.0,0.6768,29550.0,EquipmentChests
Loot_Chest_Equipment3Sewers_NEW,item,Bathrobe,250.0,0.846,29550.0,EquipmentChests
Loot_Chest_Equipment3Sewers_NEW,item,Beanie,450.0,1.5228,29550.0,EquipmentChests
Loot_Chest_Equipment3Sewers_NEW,item,Beer Helmet,450.0,1.5228,29550.0,EquipmentChests
Loot_Chest_Equipment3Sewers_NEW,item,Blast Boot,300.0,1.0152,29550.0,EquipmentChests
Loot_Chest_Equipment3Sewers_NEW,item,Blindfold,200.0,0.6768,29550.0,EquipmentChests
Loot_Chest_Equipment3Sewers_NEW,item,Blue Bandana,200.0,0.6768,29550.0,EquipmentChests
Loot_Chest_Equipment3Sewers_NEW,item,Blue Slipper,350.0,1.1844,29550.0,EquipmentChests
Loot_Chest_Equipment3Sewers_NEW,item,Breastplate,200.0,0.6768,29550.0,EquipmentChests
Loot_Chest_Equipment3Sewers_NEW,item,Camo Jacket,300.0,1.0152,29550.0,EquipmentChests
Loot_Chest_Equipment3Sewers_NEW,item,Cap,300.0,1.0152,29550.0,EquipmentChests
Loot_Chest_Equipment3Sewers_NEW,item,Christmas Sock,200.0,0.6768,29550.0,EquipmentChests
Loot_Chest_Equipment3Sewers_NEW,item,Christmas Sweater,200.0,0.6768,29550.0,EquipmentChests
Loot_Chest_Equipment3Sewers_NEW,item,Christmas Sweater,200.0,0.6768,29550.0,EquipmentChests
Loot_Chest_Equipment3Sewers_NEW,item,Clog,250.0,0.846,29550.0,EquipmentChests
Loot_Chest_Equipment3Sewers_NEW,item,Combat Boot,300.0,1.0152,29550.0,EquipmentChests
Loot_Chest_Equipment3Sewers_NEW,item,Cowboy Boot,300.0,1.0152,29550.0,EquipmentChests
Loot_Chest_Equipment3Sewers_NEW,item,Cowboy Hat,200.0,0.6768,29550.0,EquipmentChests
Loot_Chest_Equipment3Sewers_NEW,item,Cowboy Vest,250.0,0.846,29550.0,EquipmentChests
Loot_Chest_Equipment3Sewers_NEW,item,Crown,250.0,0.846,29550.0,EquipmentChests
Loot_Chest_Equipment3Sewers_NEW,item,Denim Jacket,250.0,0.846,29550.0,EquipmentChests
Loot_Chest_Equipment3Sewers_NEW,item,Dinner Jacket,200.0,0.6768,29550.0,EquipmentChests
Loot_Chest_Equipment3Sewers_NEW,item,Diving Fin,500.0,1.692,29550.0,EquipmentChests
Loot_Chest_Equipment3Sewers_NEW,item,Diving Mask,200.0,0.6768,29550.0,EquipmentChests
Loot_Chest_Equipment3Sewers_NEW,item,Dress Shoe,200.0,0.6768,29550.0,EquipmentChests
Loot_Chest_Equipment3Sewers_NEW,item,Dunce Cap,450.0,1.5228,29550.0,EquipmentChests
Loot_Chest_Equipment3Sewers_NEW,item,Ear Protectors,200.0,0.6768,29550.0,EquipmentChests
Loot_Chest_Equipment3Sewers_NEW,item,Encrypted Hoodie,350.0,1.1844,29550.0,EquipmentChests
Loot_Chest_Equipment3Sewers_NEW,item,Eye Patch,200.0,0.6768,29550.0,EquipmentChests
Loot_Chest_Equipment3Sewers_NEW,item,Father's Shirt,0.0,0.0,29550.0,EquipmentChests
Loot_Chest_Equipment3Sewers_NEW,item,Firefighter Helmet,200.0,0.6768,29550.0,EquipmentChests
Loot_Chest_Equipment3Sewers_NEW,item,Firefighter Jacket,350.0,1.1844,29550.0,EquipmentChests
Loot_Chest_Equipment3Sewers_NEW,item,Fluffy Hat,450.0,1.5228,29550.0,EquipmentChests
Loot_Chest_Equipment3Sewers_NEW,item,Gas Mask,200.0,0.6768,29550.0,EquipmentChests
Loot_Chest_Equipment3Sewers_NEW,item,Genie Shoe,300.0,1.0152,29550.0,EquipmentChests
Loot_Chest_Equipment3Sewers_NEW,item,Geta,250.0,0.846,29550.0,EquipmentChests
Loot_Chest_Equipment3Sewers_NEW,item,Ghillie Suit,250.0,0.846,29550.0,EquipmentChests
Loot_Chest_Equipment3Sewers_NEW,item,Golden Slipper,50.0,0.1692,29550.0,EquipmentChests
Loot_Chest_Equipment3Sewers_NEW,item,Green Tunic,350.0,1.1844,29550.0,EquipmentChests
Loot_Chest_Equipment3Sewers_NEW,item,Hardhat,200.0,0.6768,29550.0,EquipmentChests
Loot_Chest_Equipment3Sewers_NEW,item,Hazmat Suit,350.0,1.1844,29550.0,EquipmentChests
Loot_Chest_Equipment3Sewers_NEW,item,Hedgehog Suit,250.0,0.846,29550.0,EquipmentChests
Loot_Chest_Equipment3Sewers_NEW,item,High Quality Elf Shoe,1000.0,3.3841,29550.0,EquipmentChests
Loot_Chest_Equipment3Sewers_NEW,item,High heel,350.0,1.1844,29550.0,EquipmentChests
Loot_Chest_Equipment3Sewers_NEW,item,Hockey Helmet,200.0,0.6768,29550.0,EquipmentChests
Loot_Chest_Equipment3Sewers_NEW,item,Hockey Shoulder Pads,250.0,0.846,29550.0,EquipmentChests
Loot_Chest_Equipment3Sewers_NEW,item,Hunting Vest,250.0,0.846,29550.0,EquipmentChests
Loot_Chest_Equipment3Sewers_NEW,item,Ice Skate,350.0,1.1844,29550.0,EquipmentChests
Loot_Chest_Equipment3Sewers_NEW,item,Knee Pads,250.0,0.846,29550.0,EquipmentChests
Loot_Chest_Equipment3Sewers_NEW,item,Knight's Helmet,200.0,0.6768,29550.0,EquipmentChests
Loot_Chest_Equipment3Sewers_NEW,item,Leather Jacket,250.0,0.846,29550.0,EquipmentChests
Loot_Chest_Equipment3Sewers_NEW,item,Life Vest,250.0,0.846,29550.0,EquipmentChests
Loot_Chest_Equipment3Sewers_NEW,item,Military Helmet,250.0,0.846,29550.0,EquipmentChests
Loot_Chest_Equipment3Sewers_NEW,item,Motorcycle Helmet,200.0,0.6768,29550.0,EquipmentChests
Loot_Chest_Equipment3Sewers_NEW,item,Office Wear,250.0,0.846,29550.0,EquipmentChests
Loot_Chest_Equipment3Sewers_NEW,item,Old-Timey Suit,250.0,0.846,29550.0,EquipmentChests
Loot_Chest_Equipment3Sewers_NEW,item,Parka,250.0,0.846,29550.0,EquipmentChests
Loot_Chest_Equipment3Sewers_NEW,item,Peg Leg,350.0,1.1844,29550.0,EquipmentChests
Loot_Chest_Equipment3Sewers_NEW,item,Pillow Armor,350.0,1.1844,29550.0,EquipmentChests
Loot_Chest_Equipment3Sewers_NEW,item,Pith Helmet,200.0,0.6768,29550.0,EquipmentChests
Loot_Chest_Equipment3Sewers_NEW,item,Plain White Tee,350.0,1.1844,29550.0,EquipmentChests
Loot_Chest_Equipment3Sewers_NEW,item,Plate Carrier,200.0,0.6768,29550.0,EquipmentChests
Loot_Chest_Equipment3Sewers_NEW,item,Platform Shoe,350.0,1.1844,29550.0,EquipmentChests
Loot_Chest_Equipment3Sewers_NEW,item,Police Hat,450.0,1.5228,29550.0,EquipmentChests
Loot_Chest_Equipment3Sewers_NEW,item,Police Uniform,350.0,1.1844,29550.0,EquipmentChests
Loot_Chest_Equipment3Sewers_NEW,item,Pope Hat,200.0,0.6768,29550.0,EquipmentChests
Loot_Chest_Equipment3Sewers_NEW,item,Pyjama,350.0,1.1844,29550.0,EquipmentChests
Loot_Chest_Equipment3Sewers_NEW,item,Raincoat,500.0,1.692,29550.0,EquipmentChests
Loot_Chest_Equipment3Sewers_NEW,item,Red Bandana,200.0,0.6768,29550.0,EquipmentChests
Loot_Chest_Equipment3Sewers_NEW,item,Roller Blade,350.0,1.1844,29550.0,EquipmentChests
Loot_Chest_Equipment3Sewers_NEW,item,Round Glasses,300.0,1.0152,29550.0,EquipmentChests
Loot_Chest_Equipment3Sewers_NEW,item,Rubber Boot,500.0,1.692,29550.0,EquipmentChests
Loot_Chest_Equipment3Sewers_NEW,item,Rudolf Nose,200.0,0.6768,29550.0,EquipmentChests
Loot_Chest_Equipment3Sewers_NEW,item,Running Shoe,300.0,1.0152,29550.0,EquipmentChests
Loot_Chest_Equipment3Sewers_NEW,item,SULFUR Cap,300.0,1.0152,29550.0,EquipmentChests
Loot_Chest_Equipment3Sewers_NEW,item,SULFUR Hoodie,250.0,0.846,29550.0,EquipmentChests
Loot_Chest_Equipment3Sewers_NEW,item,Safety Vest,350.0,1.1844,29550.0,EquipmentChests
Loot_Chest_Equipment3Sewers_NEW,item,Samurai Armor,250.0,0.846,29550.0,EquipmentChests
Loot_Chest_Equipment3Sewers_NEW,item,Santa Hat,200.0,0.6768,29550.0,EquipmentChests
Loot_Chest_Equipment3Sewers_NEW,item,Shoe,250.0,0.846,29550.0,EquipmentChests
Loot_Chest_Equipment3Sewers_NEW,item,Ski Goggles,450.0,1.5228,29550.0,EquipmentChests
Loot_Chest_Equipment3Sewers_NEW,item,Sneaker,500.0,1.692,29550.0,EquipmentChests
Loot_Chest_Equipment3Sewers_NEW,item,Sock,500.0,1.692,29550.0,EquipmentChests
Loot_Chest_Equipment3Sewers_NEW,item,Springcoil Boot,250.0,0.846,29550.0,EquipmentChests
Loot_Chest_Equipment3Sewers_NEW,item,Square Glasses,200.0,0.6768,29550.0,EquipmentChests
Loot_Chest_Equipment3Sewers_NEW,item,Steel Helmet,250.0,0.846,29550.0,EquipmentChests
Loot_Chest_Equipment3Sewers_NEW,item,Strait Jacket,200.0,0.6768,29550.0,EquipmentChests
Loot_Chest_Equipment3Sewers_NEW,item,Sunglasses,300.0,1.0152,29550.0,EquipmentChests
Loot_Chest_Equipment3Sewers_NEW,item,Sylvester Hat,300.0,1.0152,29550.0,EquipmentChests
Loot_Chest_Equipment3Sewers_NEW,item,Tanker Helmet,200.0,0.6768,29550.0,EquipmentChests
Loot_Chest_Equipment3Sewers_NEW,item,Titanium Helmet,250.0,0.846,29550.0,EquipmentChests
Loot_Chest_Equipment3Sewers_NEW,item,Tracksuit,350.0,1.1844,29550.0,EquipmentChests
Loot_Chest_Equipment3Sewers_NEW,item,Turtle Shell,450.0,1.5228,29550.0,EquipmentChests
Loot_Chest_Equipment3Sewers_NEW,item,Winter Scarf,250.0,0.846,29550.0,EquipmentChests
Loot_Chest_Equipment3Sewers_NEW,item,Wooden Armor,400.0,1.3536,29550.0,EquipmentChests
Loot_Chest_Equipment3Sewers_NEW,item,Yellow Hoodie,350.0,1.1844,29550.0,EquipmentChests
Loot_Chest_Equipment3Sewers_NEW,item,Ygg,500.0,1.692,29550.0,EquipmentChests
Loot_Chest_Equipment5Dungeon_NEW,item,Air Bat,500.0,1.7259,28970.0,EquipmentChests
Loot_Chest_Equipment5Dungeon_NEW,item,Badass Vest,250.0,0.863,28970.0,EquipmentChests
Loot_Chest_Equipment5Dungeon_NEW,item,Balaclava,350.0,1.2081,28970.0,EquipmentChests
Loot_Chest_Equipment5Dungeon_NEW,item,Ballistic Helmet,350.0,1.2081,28970.0,EquipmentChests
Loot_Chest_Equipment5Dungeon_NEW,item,Ballistic Vest,450.0,1.5533,28970.0,EquipmentChests
Loot_Chest_Equipment5Dungeon_NEW,item,Bathrobe,200.0,0.6904,28970.0,EquipmentChests
Loot_Chest_Equipment5Dungeon_NEW,item,Beanie,200.0,0.6904,28970.0,EquipmentChests
Loot_Chest_Equipment5Dungeon_NEW,item,Beer Helmet,200.0,0.6904,28970.0,EquipmentChests
Loot_Chest_Equipment5Dungeon_NEW,item,Blast Boot,400.0,1.3807,28970.0,EquipmentChests
Loot_Chest_Equipment5Dungeon_NEW,item,Blindfold,250.0,0.863,28970.0,EquipmentChests
Loot_Chest_Equipment5Dungeon_NEW,item,Blue Bandana,350.0,1.2081,28970.0,EquipmentChests
Loot_Chest_Equipment5Dungeon_NEW,item,Blue Slipper,250.0,0.863,28970.0,EquipmentChests
Loot_Chest_Equipment5Dungeon_NEW,item,Breastplate,400.0,1.3807,28970.0,EquipmentChests
Loot_Chest_Equipment5Dungeon_NEW,item,Camo Jacket,200.0,0.6904,28970.0,EquipmentChests
Loot_Chest_Equipment5Dungeon_NEW,item,Cap,200.0,0.6904,28970.0,EquipmentChests
Loot_Chest_Equipment5Dungeon_NEW,item,Christmas Sock,150.0,0.5178,28970.0,EquipmentChests
Loot_Chest_Equipment5Dungeon_NEW,item,Christmas Sweater,150.0,0.5178,28970.0,EquipmentChests
Loot_Chest_Equipment5Dungeon_NEW,item,Christmas Sweater,150.0,0.5178,28970.0,EquipmentChests
Loot_Chest_Equipment5Dungeon_NEW,item,Clog,500.0,1.7259,28970.0,EquipmentChests
Loot_Chest_Equipment5Dungeon_NEW,item,Combat Boot,400.0,1.3807,28970.0,EquipmentChests
Loot_Chest_Equipment5Dungeon_NEW,item,Cowboy Boot,400.0,1.3807,28970.0,EquipmentChests
Loot_Chest_Equipment5Dungeon_NEW,item,Cowboy Hat,350.0,1.2081,28970.0,EquipmentChests
Loot_Chest_Equipment5Dungeon_NEW,item,Cowboy Vest,150.0,0.5178,28970.0,EquipmentChests
Loot_Chest_Equipment5Dungeon_NEW,item,Crown,350.0,1.2081,28970.0,EquipmentChests
Loot_Chest_Equipment5Dungeon_NEW,item,Denim Jacket,150.0,0.5178,28970.0,EquipmentChests
Loot_Chest_Equipment5Dungeon_NEW,item,Dinner Jacket,350.0,1.2081,28970.0,EquipmentChests
Loot_Chest_Equipment5Dungeon_NEW,item,Diving Fin,250.0,0.863,28970.0,EquipmentChests
Loot_Chest_Equipment5Dungeon_NEW,item,Diving Mask,250.0,0.863,28970.0,EquipmentChests
Loot_Chest_Equipment5Dungeon_NEW,item,Dress Shoe,150.0,0.5178,28970.0,EquipmentChests
Loot_Chest_Equipment5Dungeon_NEW,item,Dunce Cap,200.0,0.6904,28970.0,EquipmentChests
Loot_Chest_Equipment5Dungeon_NEW,item,Ear Protectors,250.0,0.863,28970.0,EquipmentChests
Loot_Chest_Equipment5Dungeon_NEW,item,Encrypted Hoodie,250.0,0.863,28970.0,EquipmentChests
Loot_Chest_Equipment5Dungeon_NEW,item,Eye Patch,250.0,0.863,28970.0,EquipmentChests
Loot_Chest_Equipment5Dungeon_NEW,item,Father's Shirt,0.0,0.0,28970.0,EquipmentChests
Loot_Chest_Equipment5Dungeon_NEW,item,Firefighter Helmet,350.0,1.2081,28970.0,EquipmentChests
Loot_Chest_Equipment5Dungeon_NEW,item,Firefighter Jacket,150.0,0.5178,28970.0,EquipmentChests
Loot_Chest_Equipment5Dungeon_NEW,item,Fluffy Hat,200.0,0.6904,28970.0,EquipmentChests
Loot_Chest_Equipment5Dungeon_NEW,item,Gas Mask,250.0,0.863,28970.0,EquipmentChests
Loot_Chest_Equipment5Dungeon_NEW,item,Genie Shoe,400.0,1.3807,28970.0,EquipmentChests
Loot_Chest_Equipment5Dungeon_NEW,item,Geta,500.0,1.7259,28970.0,EquipmentChests
Loot_Chest_Equipment5Dungeon_NEW,item,Ghillie Suit,250.0,0.863,28970.0,EquipmentChests
Loot_Chest_Equipment5Dungeon_NEW,item,Golden Slipper,70.0,0.2416,28970.0,EquipmentChests
Loot_Chest_Equipment5Dungeon_NEW,item,Green Tunic,200.0,0.6904,28970.0,EquipmentChests
Loot_Chest_Equipment5Dungeon_NEW,item,Hardhat,350.0,1.2081,28970.0,EquipmentChests
Loot_Chest_Equipment5Dungeon_NEW,item,Hazmat Suit,150.0,0.5178,28970.0,EquipmentChests
Loot_Chest_Equipment5Dungeon_NEW,item,Hedgehog Suit,150.0,0.5178,28970.0,EquipmentChests
Loot_Chest_Equipment5Dungeon_NEW,item,High Quality Elf Shoe,400.0,1.3807,28970.0,EquipmentChests
Loot_Chest_Equipment5Dungeon_NEW,item,High heel,250.0,0.863,28970.0,EquipmentChests
Loot_Chest_Equipment5Dungeon_NEW,item,Hockey Helmet,350.0,1.2081,28970.0,EquipmentChests
Loot_Chest_Equipment5Dungeon_NEW,item,Hockey Shoulder Pads,500.0,1.7259,28970.0,EquipmentChests
Loot_Chest_Equipment5Dungeon_NEW,item,Hunting Vest,150.0,0.5178,28970.0,EquipmentChests
Loot_Chest_Equipment5Dungeon_NEW,item,Ice Skate,250.0,0.863,28970.0,EquipmentChests
Loot_Chest_Equipment5Dungeon_NEW,item,Knee Pads,500.0,1.7259,28970.0,EquipmentChests
Loot_Chest_Equipment5Dungeon_NEW,item,Knight's Helmet,350.0,1.2081,28970.0,EquipmentChests
Loot_Chest_Equipment5Dungeon_NEW,item,Leather Jacket,150.0,0.5178,28970.0,EquipmentChests
Loot_Chest_Equipment5Dungeon_NEW,item,Life Vest,150.0,0.5178,28970.0,EquipmentChests
Loot_Chest_Equipment5Dungeon_NEW,item,Military Helmet,350.0,1.2081,28970.0,EquipmentChests
Loot_Chest_Equipment5Dungeon_NEW,item,Motorcycle Helmet,350.0,1.2081,28970.0,EquipmentChests
Loot_Chest_Equipment5Dungeon_NEW,item,Office Wear,200.0,0.6904,28970.0,EquipmentChests
Loot_Chest_Equipment5Dungeon_NEW,item,Old-Timey Suit,400.0,1.3807,28970.0,EquipmentChests
Loot_Chest_Equipment5Dungeon_NEW,item,Parka,150.0,0.5178,28970.0,EquipmentChests
Loot_Chest_Equipment5Dungeon_NEW,item,Peg Leg,400.0,1.3807,28970.0,EquipmentChests
Loot_Chest_Equipment5Dungeon_NEW,item,Pillow Armor,450.0,1.5533,28970.0,EquipmentChests
Loot_Chest_Equipment5Dungeon_NEW,item,Pith Helmet,350.0,1.2081,28970.0,EquipmentChests
Loot_Chest_Equipment5Dungeon_NEW,item,Plain White Tee,250.0,0.863,28970.0,EquipmentChests
Loot_Chest_Equipment5Dungeon_NEW,item,Plate Carrier,400.0,1.3807,28970.0,EquipmentChests
Loot_Chest_Equipment5Dungeon_NEW,item,Platform Shoe,400.0,1.3807,28970.0,EquipmentChests
Loot_Chest_Equipment5Dungeon_NEW,item,Police Hat,200.0,0.6904,28970.0,EquipmentChests
Loot_Chest_Equipment5Dungeon_NEW,item,Police Uniform,250.0,0.863,28970.0,EquipmentChests
Loot_Chest_Equipment5Dungeon_NEW,item,Pope Hat,250.0,0.863,28970.0,EquipmentChests
Loot_Chest_Equipment5Dungeon_NEW,item,Pyjama,250.0,0.863,28970.0,EquipmentChests
Loot_Chest_Equipment5Dungeon_NEW,item,Raincoat,250.0,0.863,28970.0,EquipmentChests
Loot_Chest_Equipment5Dungeon_NEW,item,Red Bandana,350.0,1.2081,28970.0,EquipmentChests
Loot_Chest_Equipment5Dungeon_NEW,item,Roller Blade,250.0,0.863,28970.0,EquipmentChests
Loot_Chest_Equipment5Dungeon_NEW,item,Round Glasses,200.0,0.6904,28970.0,EquipmentChests
Loot_Chest_Equipment5Dungeon_NEW,item,Rubber Boot,250.0,0.863,28970.0,EquipmentChests
Loot_Chest_Equipment5Dungeon_NEW,item,Rudolf Nose,150.0,0.5178,28970.0,EquipmentChests
Loot_Chest_Equipment5Dungeon_NEW,item,Running Shoe,400.0,1.3807,28970.0,EquipmentChests
Loot_Chest_Equipment5Dungeon_NEW,item,SULFUR Cap,200.0,0.6904,28970.0,EquipmentChests
Loot_Chest_Equipment5Dungeon_NEW,item,SULFUR Hoodie,400.0,1.3807,28970.0,EquipmentChests
Loot_Chest_Equipment5Dungeon_NEW,item,Safety Vest,200.0,0.6904,28970.0,EquipmentChests
Loot_Chest_Equipment5Dungeon_NEW,item,Samurai Armor,400.0,1.3807,28970.0,EquipmentChests
Loot_Chest_Equipment5Dungeon_NEW,item,Santa Hat,150.0,0.5178,28970.0,EquipmentChests
Loot_Chest_Equipment5Dungeon_NEW,item,Shoe,500.0,1.7259,28970.0,EquipmentChests
Loot_Chest_Equipment5Dungeon_NEW,item,Ski Goggles,200.0,0.6904,28970.0,EquipmentChests
Loot_Chest_Equipment5Dungeon_NEW,item,Sneaker,250.0,0.863,28970.0,EquipmentChests
Loot_Chest_Equipment5Dungeon_NEW,item,Sock,250.0,0.863,28970.0,EquipmentChests
Loot_Chest_Equipment5Dungeon_NEW,item,Springcoil Boot,400.0,1.3807,28970.0,EquipmentChests
Loot_Chest_Equipment5Dungeon_NEW,item,Square Glasses,250.0,0.863,28970.0,EquipmentChests
Loot_Chest_Equipment5Dungeon_NEW,item,Steel Helmet,350.0,1.2081,28970.0,EquipmentChests
Loot_Chest_Equipment5Dungeon_NEW,item,Strait Jacket,300.0,1.0356,28970.0,EquipmentChests
Loot_Chest_Equipment5Dungeon_NEW,item,Sunglasses,200.0,0.6904,28970.0,EquipmentChests
Loot_Chest_Equipment5Dungeon_NEW,item,Sylvester Hat,200.0,0.6904,28970.0,EquipmentChests
Loot_Chest_Equipment5Dungeon_NEW,item,Tanker Helmet,350.0,1.2081,28970.0,EquipmentChests
Loot_Chest_Equipment5Dungeon_NEW,item,Titanium Helmet,350.0,1.2081,28970.0,EquipmentChests
Loot_Chest_Equipment5Dungeon_NEW,item,Tracksuit,400.0,1.3807,28970.0,EquipmentChests
Loot_Chest_Equipment5Dungeon_NEW,item,Turtle Shell,500.0,1.7259,28970.0,EquipmentChests
Loot_Chest_Equipment5Dungeon_NEW,item,Winter Scarf,300.0,1.0356,28970.0,EquipmentChests
Loot_Chest_Equipment5Dungeon_NEW,item,Wooden Armor,500.0,1.7259,28970.0,EquipmentChests
Loot_Chest_Equipment5Dungeon_NEW,item,Yellow Hoodie,250.0,0.863,28970.0,EquipmentChests
Loot_Chest_Equipment5Dungeon_NEW,item,Ygg,250.0,0.863,28970.0,EquipmentChests
Loot_Chest_Equipment6Castle_NEW,item,Air Bat,700.0,2.3392,29925.0,EquipmentChests
Loot_Chest_Equipment6Castle_NEW,item,Badass Vest,100.0,0.3342,29925.0,EquipmentChests
Loot_Chest_Equipment6Castle_NEW,item,Balaclava,450.0,1.5038,29925.0,EquipmentChests
Loot_Chest_Equipment6Castle_NEW,item,Ballistic Helmet,600.0,2.005,29925.0,EquipmentChests
Loot_Chest_Equipment6Castle_NEW,item,Ballistic Vest,500.0,1.6708,29925.0,EquipmentChests
Loot_Chest_Equipment6Castle_NEW,item,Bathrobe,100.0,0.3342,29925.0,EquipmentChests
Loot_Chest_Equipment6Castle_NEW,item,Beanie,75.0,0.2506,29925.0,EquipmentChests
Loot_Chest_Equipment6Castle_NEW,item,Beer Helmet,75.0,0.2506,29925.0,EquipmentChests
Loot_Chest_Equipment6Castle_NEW,item,Blast Boot,600.0,2.005,29925.0,EquipmentChests
Loot_Chest_Equipment6Castle_NEW,item,Blindfold,300.0,1.0025,29925.0,EquipmentChests
Loot_Chest_Equipment6Castle_NEW,item,Blue Bandana,450.0,1.5038,29925.0,EquipmentChests
Loot_Chest_Equipment6Castle_NEW,item,Blue Slipper,100.0,0.3342,29925.0,EquipmentChests
Loot_Chest_Equipment6Castle_NEW,item,Breastplate,500.0,1.6708,29925.0,EquipmentChests
Loot_Chest_Equipment6Castle_NEW,item,Camo Jacket,100.0,0.3342,29925.0,EquipmentChests
Loot_Chest_Equipment6Castle_NEW,item,Cap,75.0,0.2506,29925.0,EquipmentChests
Loot_Chest_Equipment6Castle_NEW,item,Christmas Sock,100.0,0.3342,29925.0,EquipmentChests
Loot_Chest_Equipment6Castle_NEW,item,Christmas Sweater,100.0,0.3342,29925.0,EquipmentChests
Loot_Chest_Equipment6Castle_NEW,item,Christmas Sweater,100.0,0.3342,29925.0,EquipmentChests
Loot_Chest_Equipment6Castle_NEW,item,Clog,450.0,1.5038,29925.0,EquipmentChests
Loot_Chest_Equipment6Castle_NEW,item,Combat Boot,600.0,2.005,29925.0,EquipmentChests
Loot_Chest_Equipment6Castle_NEW,item,Cowboy Boot,600.0,2.005,29925.0,EquipmentChests
Loot_Chest_Equipment6Castle_NEW,item,Cowboy Hat,500.0,1.6708,29925.0,EquipmentChests
Loot_Chest_Equipment6Castle_NEW,item,Cowboy Vest,100.0,0.3342,29925.0,EquipmentChests
Loot_Chest_Equipment6Castle_NEW,item,Crown,600.0,2.005,29925.0,EquipmentChests
Loot_Chest_Equipment6Castle_NEW,item,Denim Jacket,100.0,0.3342,29925.0,EquipmentChests
Loot_Chest_Equipment6Castle_NEW,item,Dinner Jacket,600.0,2.005,29925.0,EquipmentChests
Loot_Chest_Equipment6Castle_NEW,item,Diving Fin,100.0,0.3342,29925.0,EquipmentChests
Loot_Chest_Equipment6Castle_NEW,item,Diving Mask,300.0,1.0025,29925.0,EquipmentChests
Loot_Chest_Equipment6Castle_NEW,item,Dress Shoe,250.0,0.8354,29925.0,EquipmentChests
Loot_Chest_Equipment6Castle_NEW,item,Dunce Cap,75.0,0.2506,29925.0,EquipmentChests
Loot_Chest_Equipment6Castle_NEW,item,Ear Protectors,300.0,1.0025,29925.0,EquipmentChests
Loot_Chest_Equipment6Castle_NEW,item,Encrypted Hoodie,100.0,0.3342,29925.0,EquipmentChests
Loot_Chest_Equipment6Castle_NEW,item,Eye Patch,300.0,1.0025,29925.0,EquipmentChests
Loot_Chest_Equipment6Castle_NEW,item,Father's Shirt,0.0,0.0,29925.0,EquipmentChests
Loot_Chest_Equipment6Castle_NEW,item,Firefighter Helmet,500.0,1.6708,29925.0,EquipmentChests
Loot_Chest_Equipment6Castle_NEW,item,Firefighter Jacket,100.0,0.3342,29925.0,EquipmentChests
Loot_Chest_Equipment6Castle_NEW,item,Fluffy Hat,75.0,0.2506,29925.0,EquipmentChests
Loot_Chest_Equipment6Castle_NEW,item,Gas Mask,300.0,1.0025,29925.0,EquipmentChests
Loot_Chest_Equipment6Castle_NEW,item,Genie Shoe,600.0,2.005,29925.0,EquipmentChests
Loot_Chest_Equipment6Castle_NEW,item,Geta,450.0,1.5038,29925.0,EquipmentChests
Loot_Chest_Equipment6Castle_NEW,item,Ghillie Suit,100.0,0.3342,29925.0,EquipmentChests
Loot_Chest_Equipment6Castle_NEW,item,Golden Slipper,100.0,0.3342,29925.0,EquipmentChests
Loot_Chest_Equipment6Castle_NEW,item,Green Tunic,150.0,0.5013,29925.0,EquipmentChests
Loot_Chest_Equipment6Castle_NEW,item,Hardhat,450.0,1.5038,29925.0,EquipmentChests
Loot_Chest_Equipment6Castle_NEW,item,Hazmat Suit,100.0,0.3342,29925.0,EquipmentChests
Loot_Chest_Equipment6Castle_NEW,item,Hedgehog Suit,100.0,0.3342,29925.0,EquipmentChests
Loot_Chest_Equipment6Castle_NEW,item,High Quality Elf Shoe,500.0,1.6708,29925.0,EquipmentChests
Loot_Chest_Equipment6Castle_NEW,item,High heel,0.0,0.0,29925.0,EquipmentChests
Loot_Chest_Equipment6Castle_NEW,item,Hockey Helmet,450.0,1.5038,29925.0,EquipmentChests
Loot_Chest_Equipment6Castle_NEW,item,Hockey Shoulder Pads,450.0,1.5038,29925.0,EquipmentChests
Loot_Chest_Equipment6Castle_NEW,item,Hunting Vest,100.0,0.3342,29925.0,EquipmentChests
Loot_Chest_Equipment6Castle_NEW,item,Ice Skate,100.0,0.3342,29925.0,EquipmentChests
Loot_Chest_Equipment6Castle_NEW,item,Knee Pads,450.0,1.5038,29925.0,EquipmentChests
Loot_Chest_Equipment6Castle_NEW,item,Knight's Helmet,500.0,1.6708,29925.0,EquipmentChests
Loot_Chest_Equipment6Castle_NEW,item,Leather Jacket,100.0,0.3342,29925.0,EquipmentChests
Loot_Chest_Equipment6Castle_NEW,item,Life Vest,100.0,0.3342,29925.0,EquipmentChests
Loot_Chest_Equipment6Castle_NEW,item,Military Helmet,600.0,2.005,29925.0,EquipmentChests
Loot_Chest_Equipment6Castle_NEW,item,Motorcycle Helmet,450.0,1.5038,29925.0,EquipmentChests
Loot_Chest_Equipment6Castle_NEW,item,Office Wear,100.0,0.3342,29925.0,EquipmentChests
Loot_Chest_Equipment6Castle_NEW,item,Old-Timey Suit,100.0,0.3342,29925.0,EquipmentChests
Loot_Chest_Equipment6Castle_NEW,item,Parka,100.0,0.3342,29925.0,EquipmentChests
Loot_Chest_Equipment6Castle_NEW,item,Peg Leg,500.0,1.6708,29925.0,EquipmentChests
Loot_Chest_Equipment6Castle_NEW,item,Pillow Armor,250.0,0.8354,29925.0,EquipmentChests
Loot_Chest_Equipment6Castle_NEW,item,Pith Helmet,450.0,1.5038,29925.0,EquipmentChests
Loot_Chest_Equipment6Castle_NEW,item,Plain White Tee,150.0,0.5013,29925.0,EquipmentChests
Loot_Chest_Equipment6Castle_NEW,item,Plate Carrier,500.0,1.6708,29925.0,EquipmentChests
Loot_Chest_Equipment6Castle_NEW,item,Platform Shoe,500.0,1.6708,29925.0,EquipmentChests
Loot_Chest_Equipment6Castle_NEW,item,Police Hat,75.0,0.2506,29925.0,EquipmentChests
Loot_Chest_Equipment6Castle_NEW,item,Police Uniform,500.0,1.6708,29925.0,EquipmentChests
Loot_Chest_Equipment6Castle_NEW,item,Pope Hat,300.0,1.0025,29925.0,EquipmentChests
Loot_Chest_Equipment6Castle_NEW,item,Pyjama,300.0,1.0025,29925.0,EquipmentChests
Loot_Chest_Equipment6Castle_NEW,item,Raincoat,150.0,0.5013,29925.0,EquipmentChests
Loot_Chest_Equipment6Castle_NEW,item,Red Bandana,450.0,1.5038,29925.0,EquipmentChests
Loot_Chest_Equipment6Castle_NEW,item,Roller Blade,100.0,0.3342,29925.0,EquipmentChests
Loot_Chest_Equipment6Castle_NEW,item,Round Glasses,75.0,0.2506,29925.0,EquipmentChests
Loot_Chest_Equipment6Castle_NEW,item,Rubber Boot,100.0,0.3342,29925.0,EquipmentChests
Loot_Chest_Equipment6Castle_NEW,item,Rudolf Nose,100.0,0.3342,29925.0,EquipmentChests
Loot_Chest_Equipment6Castle_NEW,item,Running Shoe,700.0,2.3392,29925.0,EquipmentChests
Loot_Chest_Equipment6Castle_NEW,item,SULFUR Cap,75.0,0.2506,29925.0,EquipmentChests
Loot_Chest_Equipment6Castle_NEW,item,SULFUR Hoodie,550.0,1.8379,29925.0,EquipmentChests
Loot_Chest_Equipment6Castle_NEW,item,Safety Vest,150.0,0.5013,29925.0,EquipmentChests
Loot_Chest_Equipment6Castle_NEW,item,Samurai Armor,600.0,2.005,29925.0,EquipmentChests
Loot_Chest_Equipment6Castle_NEW,item,Santa Hat,100.0,0.3342,29925.0,EquipmentChests
Loot_Chest_Equipment6Castle_NEW,item,Shoe,450.0,1.5038,29925.0,EquipmentChests
Loot_Chest_Equipment6Castle_NEW,item,Ski Goggles,75.0,0.2506,29925.0,EquipmentChests
Loot_Chest_Equipment6Castle_NEW,item,Sneaker,100.0,0.3342,29925.0,EquipmentChests
Loot_Chest_Equipment6Castle_NEW,item,Sock,100.0,0.3342,29925.0,EquipmentChests
Loot_Chest_Equipment6Castle_NEW,item,Springcoil Boot,600.0,2.005,29925.0,EquipmentChests
Loot_Chest_Equipment6Castle_NEW,item,Square Glasses,300.0,1.0025,29925.0,EquipmentChests
Loot_Chest_Equipment6Castle_NEW,item,Steel Helmet,600.0,2.005,29925.0,EquipmentChests
Loot_Chest_Equipment6Castle_NEW,item,Strait Jacket,500.0,1.6708,29925.0,EquipmentChests
Loot_Chest_Equipment6Castle_NEW,item,Sunglasses,75.0,0.2506,29925.0,EquipmentChests
Loot_Chest_Equipment6Castle_NEW,item,Sylvester Hat,75.0,0.2506,29925.0,EquipmentChests
Loot_Chest_Equipment6Castle_NEW,item,Tanker Helmet,500.0,1.6708,29925.0,EquipmentChests
Loot_Chest_Equipment6Castle_NEW,item,Titanium Helmet,600.0,2.005,29925.0,EquipmentChests
Loot_Chest_Equipment6Castle_NEW,item,Tracksuit,550.0,1.8379,29925.0,EquipmentChests
Loot_Chest_Equipment6Castle_NEW,item,Turtle Shell,450.0,1.5038,29925.0,EquipmentChests
Loot_Chest_Equipment6Castle_NEW,item,Winter Scarf,350.0,1.1696,29925.0,EquipmentChests
Loot_Chest_Equipment6Castle_NEW,item,Wooden Armor,600.0,2.005,29925.0,EquipmentChests
Loot_Chest_Equipment6Castle_NEW,item,Yellow Hoodie,100.0,0.3342,29925.0,EquipmentChests
Loot_Chest_Equipment6Castle_NEW,item,Ygg,100.0,0.3342,29925.0,EquipmentChests
Loot_Chest_Equipment7Forest,item,Air Bat,800.0,2.6473,30220.0,EquipmentChests
Loot_Chest_Equipment7Forest,item,Badass Vest,80.0,0.2647,30220.0,EquipmentChests
Loot_Chest_Equipment7Forest,item,Balaclava,450.0,1.4891,30220.0,EquipmentChests
Loot_Chest_Equipment7Forest,item,Ballistic Helmet,700.0,2.3163,30220.0,EquipmentChests
Loot_Chest_Equipment7Forest,item,Ballistic Vest,600.0,1.9854,30220.0,EquipmentChests
Loot_Chest_Equipment7Forest,item,Bathrobe,75.0,0.2482,30220.0,EquipmentChests
Loot_Chest_Equipment7Forest,item,Beanie,75.0,0.2482,30220.0,EquipmentChests
Loot_Chest_Equipment7Forest,item,Beer Helmet,75.0,0.2482,30220.0,EquipmentChests
Loot_Chest_Equipment7Forest,item,Blast Boot,700.0,2.3163,30220.0,EquipmentChests
Loot_Chest_Equipment7Forest,item,Blindfold,250.0,0.8273,30220.0,EquipmentChests
Loot_Chest_Equipment7Forest,item,Blue Bandana,450.0,1.4891,30220.0,EquipmentChests
Loot_Chest_Equipment7Forest,item,Blue Slipper,80.0,0.2647,30220.0,EquipmentChests
Loot_Chest_Equipment7Forest,item,Breastplate,600.0,1.9854,30220.0,EquipmentChests
Loot_Chest_Equipment7Forest,item,Camo Jacket,75.0,0.2482,30220.0,EquipmentChests
Loot_Chest_Equipment7Forest,item,Cap,60.0,0.1985,30220.0,EquipmentChests
Loot_Chest_Equipment7Forest,item,Christmas Sock,80.0,0.2647,30220.0,EquipmentChests
Loot_Chest_Equipment7Forest,item,Christmas Sweater,75.0,0.2482,30220.0,EquipmentChests
Loot_Chest_Equipment7Forest,item,Christmas Sweater,75.0,0.2482,30220.0,EquipmentChests
Loot_Chest_Equipment7Forest,item,Clog,450.0,1.4891,30220.0,EquipmentChests
Loot_Chest_Equipment7Forest,item,Combat Boot,700.0,2.3163,30220.0,EquipmentChests
Loot_Chest_Equipment7Forest,item,Cowboy Boot,700.0,2.3163,30220.0,EquipmentChests
Loot_Chest_Equipment7Forest,item,Cowboy Hat,600.0,1.9854,30220.0,EquipmentChests
Loot_Chest_Equipment7Forest,item,Cowboy Vest,75.0,0.2482,30220.0,EquipmentChests
Loot_Chest_Equipment7Forest,item,Crown,700.0,2.3163,30220.0,EquipmentChests
Loot_Chest_Equipment7Forest,item,Denim Jacket,75.0,0.2482,30220.0,EquipmentChests
Loot_Chest_Equipment7Forest,item,Dinner Jacket,600.0,1.9854,30220.0,EquipmentChests
Loot_Chest_Equipment7Forest,item,Diving Fin,80.0,0.2647,30220.0,EquipmentChests
Loot_Chest_Equipment7Forest,item,Diving Mask,250.0,0.8273,30220.0,EquipmentChests
Loot_Chest_Equipment7Forest,item,Dress Shoe,150.0,0.4964,30220.0,EquipmentChests
Loot_Chest_Equipment7Forest,item,Dunce Cap,75.0,0.2482,30220.0,EquipmentChests
Loot_Chest_Equipment7Forest,item,Ear Protectors,250.0,0.8273,30220.0,EquipmentChests
Loot_Chest_Equipment7Forest,item,Encrypted Hoodie,80.0,0.2647,30220.0,EquipmentChests
Loot_Chest_Equipment7Forest,item,Eye Patch,250.0,0.8273,30220.0,EquipmentChests
Loot_Chest_Equipment7Forest,item,Father's Shirt,0.0,0.0,30220.0,EquipmentChests
Loot_Chest_Equipment7Forest,item,Firefighter Helmet,600.0,1.9854,30220.0,EquipmentChests
Loot_Chest_Equipment7Forest,item,Firefighter Jacket,75.0,0.2482,30220.0,EquipmentChests
Loot_Chest_Equipment7Forest,item,Fluffy Hat,75.0,0.2482,30220.0,EquipmentChests
Loot_Chest_Equipment7Forest,item,Gas Mask,250.0,0.8273,30220.0,EquipmentChests
Loot_Chest_Equipment7Forest,item,Genie Shoe,700.0,2.3163,30220.0,EquipmentChests
Loot_Chest_Equipment7Forest,item,Geta,450.0,1.4891,30220.0,EquipmentChests
Loot_Chest_Equipment7Forest,item,Ghillie Suit,80.0,0.2647,30220.0,EquipmentChests
Loot_Chest_Equipment7Forest,item,Golden Slipper,200.0,0.6618,30220.0,EquipmentChests
Loot_Chest_Equipment7Forest,item,Green Tunic,120.0,0.3971,30220.0,EquipmentChests
Loot_Chest_Equipment7Forest,item,Hardhat,450.0,1.4891,30220.0,EquipmentChests
Loot_Chest_Equipment7Forest,item,Hazmat Suit,100.0,0.3309,30220.0,EquipmentChests
Loot_Chest_Equipment7Forest,item,Hedgehog Suit,100.0,0.3309,30220.0,EquipmentChests
Loot_Chest_Equipment7Forest,item,High Quality Elf Shoe,250.0,0.8273,30220.0,EquipmentChests
Loot_Chest_Equipment7Forest,item,High heel,80.0,0.2647,30220.0,EquipmentChests
Loot_Chest_Equipment7Forest,item,Hockey Helmet,450.0,1.4891,30220.0,EquipmentChests
Loot_Chest_Equipment7Forest,item,Hockey Shoulder Pads,550.0,1.82,30220.0,EquipmentChests
Loot_Chest_Equipment7Forest,item,Hunting Vest,75.0,0.2482,30220.0,EquipmentChests
Loot_Chest_Equipment7Forest,item,Ice Skate,80.0,0.2647,30220.0,EquipmentChests
Loot_Chest_Equipment7Forest,item,Knee Pads,450.0,1.4891,30220.0,EquipmentChests
Loot_Chest_Equipment7Forest,item,Knight's Helmet,600.0,1.9854,30220.0,EquipmentChests
Loot_Chest_Equipment7Forest,item,Leather Jacket,75.0,0.2482,30220.0,EquipmentChests
Loot_Chest_Equipment7Forest,item,Life Vest,80.0,0.2647,30220.0,EquipmentChests
Loot_Chest_Equipment7Forest,item,Military Helmet,700.0,2.3163,30220.0,EquipmentChests
Loot_Chest_Equipment7Forest,item,Motorcycle Helmet,450.0,1.4891,30220.0,EquipmentChests
Loot_Chest_Equipment7Forest,item,Office Wear,75.0,0.2482,30220.0,EquipmentChests
Loot_Chest_Equipment7Forest,item,Old-Timey Suit,80.0,0.2647,30220.0,EquipmentChests
Loot_Chest_Equipment7Forest,item,Parka,75.0,0.2482,30220.0,EquipmentChests
Loot_Chest_Equipment7Forest,item,Peg Leg,250.0,0.8273,30220.0,EquipmentChests
Loot_Chest_Equipment7Forest,item,Pillow Armor,350.0,1.1582,30220.0,EquipmentChests
Loot_Chest_Equipment7Forest,item,Pith Helmet,450.0,1.4891,30220.0,EquipmentChests
Loot_Chest_Equipment7Forest,item,Plain White Tee,80.0,0.2647,30220.0,EquipmentChests
Loot_Chest_Equipment7Forest,item,Plate Carrier,600.0,1.9854,30220.0,EquipmentChests
Loot_Chest_Equipment7Forest,item,Platform Shoe,250.0,0.8273,30220.0,EquipmentChests
Loot_Chest_Equipment7Forest,item,Police Hat,75.0,0.2482,30220.0,EquipmentChests
Loot_Chest_Equipment7Forest,item,Police Uniform,550.0,1.82,30220.0,EquipmentChests
Loot_Chest_Equipment7Forest,item,Pope Hat,250.0,0.8273,30220.0,EquipmentChests
Loot_Chest_Equipment7Forest,item,Pyjama,100.0,0.3309,30220.0,EquipmentChests
Loot_Chest_Equipment7Forest,item,Raincoat,120.0,0.3971,30220.0,EquipmentChests
Loot_Chest_Equipment7Forest,item,Red Bandana,450.0,1.4891,30220.0,EquipmentChests
Loot_Chest_Equipment7Forest,item,Roller Blade,80.0,0.2647,30220.0,EquipmentChests
Loot_Chest_Equipment7Forest,item,Round Glasses,60.0,0.1985,30220.0,EquipmentChests
Loot_Chest_Equipment7Forest,item,Rubber Boot,80.0,0.2647,30220.0,EquipmentChests
Loot_Chest_Equipment7Forest,item,Rudolf Nose,150.0,0.4964,30220.0,EquipmentChests
Loot_Chest_Equipment7Forest,item,Running Shoe,800.0,2.6473,30220.0,EquipmentChests
Loot_Chest_Equipment7Forest,item,SULFUR Cap,60.0,0.1985,30220.0,EquipmentChests
Loot_Chest_Equipment7Forest,item,SULFUR Hoodie,650.0,2.1509,30220.0,EquipmentChests
Loot_Chest_Equipment7Forest,item,Safety Vest,120.0,0.3971,30220.0,EquipmentChests
Loot_Chest_Equipment7Forest,item,Samurai Armor,700.0,2.3163,30220.0,EquipmentChests
Loot_Chest_Equipment7Forest,item,Santa Hat,75.0,0.2482,30220.0,EquipmentChests
Loot_Chest_Equipment7Forest,item,Shoe,450.0,1.4891,30220.0,EquipmentChests
Loot_Chest_Equipment7Forest,item,Ski Goggles,75.0,0.2482,30220.0,EquipmentChests
Loot_Chest_Equipment7Forest,item,Sneaker,80.0,0.2647,30220.0,EquipmentChests
Loot_Chest_Equipment7Forest,item,Sock,80.0,0.2647,30220.0,EquipmentChests
Loot_Chest_Equipment7Forest,item,Springcoil Boot,700.0,2.3163,30220.0,EquipmentChests
Loot_Chest_Equipment7Forest,item,Square Glasses,250.0,0.8273,30220.0,EquipmentChests
Loot_Chest_Equipment7Forest,item,Steel Helmet,700.0,2.3163,30220.0,EquipmentChests
Loot_Chest_Equipment7Forest,item,Strait Jacket,250.0,0.8273,30220.0,EquipmentChests
Loot_Chest_Equipment7Forest,item,Sunglasses,60.0,0.1985,30220.0,EquipmentChests
Loot_Chest_Equipment7Forest,item,Sylvester Hat,60.0,0.1985,30220.0,EquipmentChests
Loot_Chest_Equipment7Forest,item,Tanker Helmet,600.0,1.9854,30220.0,EquipmentChests
Loot_Chest_Equipment7Forest,item,Titanium Helmet,700.0,2.3163,30220.0,EquipmentChests
Loot_Chest_Equipment7Forest,item,Tracksuit,550.0,1.82,30220.0,EquipmentChests
Loot_Chest_Equipment7Forest,item,Turtle Shell,450.0,1.4891,30220.0,EquipmentChests
Loot_Chest_Equipment7Forest,item,Winter Scarf,450.0,1.4891,30220.0,EquipmentChests
Loot_Chest_Equipment7Forest,item,Wooden Armor,700.0,2.3163,30220.0,EquipmentChests
Loot_Chest_Equipment7Forest,item,Yellow Hoodie,80.0,0.2647,30220.0,EquipmentChests
Loot_Chest_Equipment7Forest,item,Ygg,80.0,0.2647,30220.0,EquipmentChests
Loot_Chest_Equipment8Fortress,item,Air Bat,900.0,2.7851,32315.0,EquipmentChests
Loot_Chest_Equipment8Fortress,item,Badass Vest,60.0,0.1857,32315.0,EquipmentChests
Loot_Chest_Equipment8Fortress,item,Balaclava,500.0,1.5473,32315.0,EquipmentChests
Loot_Chest_Equipment8Fortress,item,Ballistic Helmet,800.0,2.4756,32315.0,EquipmentChests
Loot_Chest_Equipment8Fortress,item,Ballistic Vest,700.0,2.1662,32315.0,EquipmentChests
Loot_Chest_Equipment8Fortress,item,Bathrobe,65.0,0.2011,32315.0,EquipmentChests
Loot_Chest_Equipment8Fortress,item,Beanie,60.0,0.1857,32315.0,EquipmentChests
Loot_Chest_Equipment8Fortress,item,Beer Helmet,60.0,0.1857,32315.0,EquipmentChests
Loot_Chest_Equipment8Fortress,item,Blast Boot,800.0,2.4756,32315.0,EquipmentChests
Loot_Chest_Equipment8Fortress,item,Blindfold,100.0,0.3095,32315.0,EquipmentChests
Loot_Chest_Equipment8Fortress,item,Blue Bandana,500.0,1.5473,32315.0,EquipmentChests
Loot_Chest_Equipment8Fortress,item,Blue Slipper,70.0,0.2166,32315.0,EquipmentChests
Loot_Chest_Equipment8Fortress,item,Breastplate,700.0,2.1662,32315.0,EquipmentChests
Loot_Chest_Equipment8Fortress,item,Camo Jacket,65.0,0.2011,32315.0,EquipmentChests
Loot_Chest_Equipment8Fortress,item,Cap,50.0,0.1547,32315.0,EquipmentChests
Loot_Chest_Equipment8Fortress,item,Christmas Sock,70.0,0.2166,32315.0,EquipmentChests
Loot_Chest_Equipment8Fortress,item,Christmas Sweater,60.0,0.1857,32315.0,EquipmentChests
Loot_Chest_Equipment8Fortress,item,Christmas Sweater,65.0,0.2011,32315.0,EquipmentChests
Loot_Chest_Equipment8Fortress,item,Clog,500.0,1.5473,32315.0,EquipmentChests
Loot_Chest_Equipment8Fortress,item,Combat Boot,800.0,2.4756,32315.0,EquipmentChests
Loot_Chest_Equipment8Fortress,item,Cowboy Boot,800.0,2.4756,32315.0,EquipmentChests
Loot_Chest_Equipment8Fortress,item,Cowboy Hat,700.0,2.1662,32315.0,EquipmentChests
Loot_Chest_Equipment8Fortress,item,Cowboy Vest,65.0,0.2011,32315.0,EquipmentChests
Loot_Chest_Equipment8Fortress,item,Crown,800.0,2.4756,32315.0,EquipmentChests
Loot_Chest_Equipment8Fortress,item,Denim Jacket,65.0,0.2011,32315.0,EquipmentChests
Loot_Chest_Equipment8Fortress,item,Dinner Jacket,700.0,2.1662,32315.0,EquipmentChests
Loot_Chest_Equipment8Fortress,item,Diving Fin,70.0,0.2166,32315.0,EquipmentChests
Loot_Chest_Equipment8Fortress,item,Diving Mask,250.0,0.7736,32315.0,EquipmentChests
Loot_Chest_Equipment8Fortress,item,Dress Shoe,70.0,0.2166,32315.0,EquipmentChests
Loot_Chest_Equipment8Fortress,item,Dunce Cap,60.0,0.1857,32315.0,EquipmentChests
Loot_Chest_Equipment8Fortress,item,Ear Protectors,250.0,0.7736,32315.0,EquipmentChests
Loot_Chest_Equipment8Fortress,item,Encrypted Hoodie,100.0,0.3095,32315.0,EquipmentChests
Loot_Chest_Equipment8Fortress,item,Eye Patch,250.0,0.7736,32315.0,EquipmentChests
Loot_Chest_Equipment8Fortress,item,Father's Shirt,0.0,0.0,32315.0,EquipmentChests
Loot_Chest_Equipment8Fortress,item,Firefighter Helmet,700.0,2.1662,32315.0,EquipmentChests
Loot_Chest_Equipment8Fortress,item,Firefighter Jacket,60.0,0.1857,32315.0,EquipmentChests
Loot_Chest_Equipment8Fortress,item,Fluffy Hat,65.0,0.2011,32315.0,EquipmentChests
Loot_Chest_Equipment8Fortress,item,Gas Mask,150.0,0.4642,32315.0,EquipmentChests
Loot_Chest_Equipment8Fortress,item,Genie Shoe,800.0,2.4756,32315.0,EquipmentChests
Loot_Chest_Equipment8Fortress,item,Geta,500.0,1.5473,32315.0,EquipmentChests
Loot_Chest_Equipment8Fortress,item,Ghillie Suit,100.0,0.3095,32315.0,EquipmentChests
Loot_Chest_Equipment8Fortress,item,Golden Slipper,500.0,1.5473,32315.0,EquipmentChests
Loot_Chest_Equipment8Fortress,item,Green Tunic,110.0,0.3404,32315.0,EquipmentChests
Loot_Chest_Equipment8Fortress,item,Hardhat,500.0,1.5473,32315.0,EquipmentChests
Loot_Chest_Equipment8Fortress,item,Hazmat Suit,60.0,0.1857,32315.0,EquipmentChests
Loot_Chest_Equipment8Fortress,item,Hedgehog Suit,60.0,0.1857,32315.0,EquipmentChests
Loot_Chest_Equipment8Fortress,item,High Quality Elf Shoe,100.0,0.3095,32315.0,EquipmentChests
Loot_Chest_Equipment8Fortress,item,High heel,70.0,0.2166,32315.0,EquipmentChests
Loot_Chest_Equipment8Fortress,item,Hockey Helmet,500.0,1.5473,32315.0,EquipmentChests
Loot_Chest_Equipment8Fortress,item,Hockey Shoulder Pads,660.0,2.0424,32315.0,EquipmentChests
Loot_Chest_Equipment8Fortress,item,Hunting Vest,60.0,0.1857,32315.0,EquipmentChests
Loot_Chest_Equipment8Fortress,item,Ice Skate,70.0,0.2166,32315.0,EquipmentChests
Loot_Chest_Equipment8Fortress,item,Knee Pads,500.0,1.5473,32315.0,EquipmentChests
Loot_Chest_Equipment8Fortress,item,Knight's Helmet,700.0,2.1662,32315.0,EquipmentChests
Loot_Chest_Equipment8Fortress,item,Leather Jacket,60.0,0.1857,32315.0,EquipmentChests
Loot_Chest_Equipment8Fortress,item,Life Vest,80.0,0.2476,32315.0,EquipmentChests
Loot_Chest_Equipment8Fortress,item,Military Helmet,700.0,2.1662,32315.0,EquipmentChests
Loot_Chest_Equipment8Fortress,item,Motorcycle Helmet,450.0,1.3925,32315.0,EquipmentChests
Loot_Chest_Equipment8Fortress,item,Office Wear,60.0,0.1857,32315.0,EquipmentChests
Loot_Chest_Equipment8Fortress,item,Old-Timey Suit,70.0,0.2166,32315.0,EquipmentChests
Loot_Chest_Equipment8Fortress,item,Parka,60.0,0.1857,32315.0,EquipmentChests
Loot_Chest_Equipment8Fortress,item,Peg Leg,150.0,0.4642,32315.0,EquipmentChests
Loot_Chest_Equipment8Fortress,item,Pillow Armor,450.0,1.3925,32315.0,EquipmentChests
Loot_Chest_Equipment8Fortress,item,Pith Helmet,450.0,1.3925,32315.0,EquipmentChests
Loot_Chest_Equipment8Fortress,item,Plain White Tee,70.0,0.2166,32315.0,EquipmentChests
Loot_Chest_Equipment8Fortress,item,Plate Carrier,700.0,2.1662,32315.0,EquipmentChests
Loot_Chest_Equipment8Fortress,item,Platform Shoe,150.0,0.4642,32315.0,EquipmentChests
Loot_Chest_Equipment8Fortress,item,Police Hat,65.0,0.2011,32315.0,EquipmentChests
Loot_Chest_Equipment8Fortress,item,Police Uniform,550.0,1.702,32315.0,EquipmentChests
Loot_Chest_Equipment8Fortress,item,Pope Hat,150.0,0.4642,32315.0,EquipmentChests
Loot_Chest_Equipment8Fortress,item,Pyjama,90.0,0.2785,32315.0,EquipmentChests
Loot_Chest_Equipment8Fortress,item,Raincoat,100.0,0.3095,32315.0,EquipmentChests
Loot_Chest_Equipment8Fortress,item,Red Bandana,500.0,1.5473,32315.0,EquipmentChests
Loot_Chest_Equipment8Fortress,item,Roller Blade,70.0,0.2166,32315.0,EquipmentChests
Loot_Chest_Equipment8Fortress,item,Round Glasses,50.0,0.1547,32315.0,EquipmentChests
Loot_Chest_Equipment8Fortress,item,Rubber Boot,70.0,0.2166,32315.0,EquipmentChests
Loot_Chest_Equipment8Fortress,item,Rudolf Nose,450.0,1.3925,32315.0,EquipmentChests
Loot_Chest_Equipment8Fortress,item,Running Shoe,900.0,2.7851,32315.0,EquipmentChests
Loot_Chest_Equipment8Fortress,item,SULFUR Cap,50.0,0.1547,32315.0,EquipmentChests
Loot_Chest_Equipment8Fortress,item,SULFUR Hoodie,750.0,2.3209,32315.0,EquipmentChests
Loot_Chest_Equipment8Fortress,item,Safety Vest,100.0,0.3095,32315.0,EquipmentChests
Loot_Chest_Equipment8Fortress,item,Samurai Armor,800.0,2.4756,32315.0,EquipmentChests
Loot_Chest_Equipment8Fortress,item,Santa Hat,65.0,0.2011,32315.0,EquipmentChests
Loot_Chest_Equipment8Fortress,item,Shoe,500.0,1.5473,32315.0,EquipmentChests
Loot_Chest_Equipment8Fortress,item,Ski Goggles,65.0,0.2011,32315.0,EquipmentChests
Loot_Chest_Equipment8Fortress,item,Sneaker,70.0,0.2166,32315.0,EquipmentChests
Loot_Chest_Equipment8Fortress,item,Sock,60.0,0.1857,32315.0,EquipmentChests
Loot_Chest_Equipment8Fortress,item,Springcoil Boot,800.0,2.4756,32315.0,EquipmentChests
Loot_Chest_Equipment8Fortress,item,Square Glasses,150.0,0.4642,32315.0,EquipmentChests
Loot_Chest_Equipment8Fortress,item,Steel Helmet,800.0,2.4756,32315.0,EquipmentChests
Loot_Chest_Equipment8Fortress,item,Strait Jacket,150.0,0.4642,32315.0,EquipmentChests
Loot_Chest_Equipment8Fortress,item,Sunglasses,50.0,0.1547,32315.0,EquipmentChests
Loot_Chest_Equipment8Fortress,item,Sylvester Hat,50.0,0.1547,32315.0,EquipmentChests
Loot_Chest_Equipment8Fortress,item,Tanker Helmet,700.0,2.1662,32315.0,EquipmentChests
Loot_Chest_Equipment8Fortress,item,Titanium Helmet,800.0,2.4756,32315.0,EquipmentChests
Loot_Chest_Equipment8Fortress,item,Tracksuit,600.0,1.8567,32315.0,EquipmentChests
Loot_Chest_Equipment8Fortress,item,Turtle Shell,450.0,1.3925,32315.0,EquipmentChests
Loot_Chest_Equipment8Fortress,item,Winter Scarf,550.0,1.702,32315.0,EquipmentChests
Loot_Chest_Equipment8Fortress,item,Wooden Armor,800.0,2.4756,32315.0,EquipmentChests
Loot_Chest_Equipment8Fortress,item,Yellow Hoodie,70.0,0.2166,32315.0,EquipmentChests
Loot_Chest_Equipment8Fortress,item,Ygg,70.0,0.2166,32315.0,EquipmentChests
Loot_Chest_Equipment9Desert,item,Air Bat,1000.0,2.7898,35845.0,EquipmentChests
Loot_Chest_Equipment9Desert,item,Badass Vest,40.0,0.1116,35845.0,EquipmentChests
Loot_Chest_Equipment9Desert,item,Balaclava,450.0,1.2554,35845.0,EquipmentChests
Loot_Chest_Equipment9Desert,item,Ballistic Helmet,600.0,1.6739,35845.0,EquipmentChests
Loot_Chest_Equipment9Desert,item,Ballistic Vest,850.0,2.3713,35845.0,EquipmentChests
Loot_Chest_Equipment9Desert,item,Bathrobe,50.0,0.1395,35845.0,EquipmentChests
Loot_Chest_Equipment9Desert,item,Beanie,50.0,0.1395,35845.0,EquipmentChests
Loot_Chest_Equipment9Desert,item,Beer Helmet,50.0,0.1395,35845.0,EquipmentChests
Loot_Chest_Equipment9Desert,item,Blast Boot,900.0,2.5108,35845.0,EquipmentChests
Loot_Chest_Equipment9Desert,item,Blindfold,70.0,0.1953,35845.0,EquipmentChests
Loot_Chest_Equipment9Desert,item,Blue Bandana,550.0,1.5344,35845.0,EquipmentChests
Loot_Chest_Equipment9Desert,item,Blue Slipper,60.0,0.1674,35845.0,EquipmentChests
Loot_Chest_Equipment9Desert,item,Breastplate,850.0,2.3713,35845.0,EquipmentChests
Loot_Chest_Equipment9Desert,item,Camo Jacket,100.0,0.279,35845.0,EquipmentChests
Loot_Chest_Equipment9Desert,item,Cap,40.0,0.1116,35845.0,EquipmentChests
Loot_Chest_Equipment9Desert,item,Christmas Sock,100.0,0.279,35845.0,EquipmentChests
Loot_Chest_Equipment9Desert,item,Christmas Sweater,100.0,0.279,35845.0,EquipmentChests
Loot_Chest_Equipment9Desert,item,Christmas Sweater,55.0,0.1534,35845.0,EquipmentChests
Loot_Chest_Equipment9Desert,item,Clog,600.0,1.6739,35845.0,EquipmentChests
Loot_Chest_Equipment9Desert,item,Combat Boot,900.0,2.5108,35845.0,EquipmentChests
Loot_Chest_Equipment9Desert,item,Cowboy Boot,900.0,2.5108,35845.0,EquipmentChests
Loot_Chest_Equipment9Desert,item,Cowboy Hat,900.0,2.5108,35845.0,EquipmentChests
Loot_Chest_Equipment9Desert,item,Cowboy Vest,800.0,2.2318,35845.0,EquipmentChests
Loot_Chest_Equipment9Desert,item,Crown,950.0,2.6503,35845.0,EquipmentChests
Loot_Chest_Equipment9Desert,item,Denim Jacket,120.0,0.3348,35845.0,EquipmentChests
Loot_Chest_Equipment9Desert,item,Dinner Jacket,800.0,2.2318,35845.0,EquipmentChests
Loot_Chest_Equipment9Desert,item,Diving Fin,70.0,0.1953,35845.0,EquipmentChests
Loot_Chest_Equipment9Desert,item,Diving Mask,250.0,0.6974,35845.0,EquipmentChests
Loot_Chest_Equipment9Desert,item,Dress Shoe,60.0,0.1674,35845.0,EquipmentChests
Loot_Chest_Equipment9Desert,item,Dunce Cap,100.0,0.279,35845.0,EquipmentChests
Loot_Chest_Equipment9Desert,item,Ear Protectors,250.0,0.6974,35845.0,EquipmentChests
Loot_Chest_Equipment9Desert,item,Encrypted Hoodie,100.0,0.279,35845.0,EquipmentChests
Loot_Chest_Equipment9Desert,item,Eye Patch,250.0,0.6974,35845.0,EquipmentChests
Loot_Chest_Equipment9Desert,item,Father's Shirt,0.0,0.0,35845.0,EquipmentChests
Loot_Chest_Equipment9Desert,item,Firefighter Helmet,700.0,1.9529,35845.0,EquipmentChests
Loot_Chest_Equipment9Desert,item,Firefighter Jacket,60.0,0.1674,35845.0,EquipmentChests
Loot_Chest_Equipment9Desert,item,Fluffy Hat,65.0,0.1813,35845.0,EquipmentChests
Loot_Chest_Equipment9Desert,item,Gas Mask,150.0,0.4185,35845.0,EquipmentChests
Loot_Chest_Equipment9Desert,item,Genie Shoe,900.0,2.5108,35845.0,EquipmentChests
Loot_Chest_Equipment9Desert,item,Geta,550.0,1.5344,35845.0,EquipmentChests
Loot_Chest_Equipment9Desert,item,Ghillie Suit,200.0,0.558,35845.0,EquipmentChests
Loot_Chest_Equipment9Desert,item,Golden Slipper,600.0,1.6739,35845.0,EquipmentChests
Loot_Chest_Equipment9Desert,item,Green Tunic,90.0,0.2511,35845.0,EquipmentChests
Loot_Chest_Equipment9Desert,item,Hardhat,550.0,1.5344,35845.0,EquipmentChests
Loot_Chest_Equipment9Desert,item,Hazmat Suit,50.0,0.1395,35845.0,EquipmentChests
Loot_Chest_Equipment9Desert,item,Hedgehog Suit,50.0,0.1395,35845.0,EquipmentChests
Loot_Chest_Equipment9Desert,item,High Quality Elf Shoe,200.0,0.558,35845.0,EquipmentChests
Loot_Chest_Equipment9Desert,item,High heel,60.0,0.1674,35845.0,EquipmentChests
Loot_Chest_Equipment9Desert,item,Hockey Helmet,550.0,1.5344,35845.0,EquipmentChests
Loot_Chest_Equipment9Desert,item,Hockey Shoulder Pads,700.0,1.9529,35845.0,EquipmentChests
Loot_Chest_Equipment9Desert,item,Hunting Vest,50.0,0.1395,35845.0,EquipmentChests
Loot_Chest_Equipment9Desert,item,Ice Skate,60.0,0.1674,35845.0,EquipmentChests
Loot_Chest_Equipment9Desert,item,Knee Pads,550.0,1.5344,35845.0,EquipmentChests
Loot_Chest_Equipment9Desert,item,Knight's Helmet,800.0,2.2318,35845.0,EquipmentChests
Loot_Chest_Equipment9Desert,item,Leather Jacket,50.0,0.1395,35845.0,EquipmentChests
Loot_Chest_Equipment9Desert,item,Life Vest,80.0,0.2232,35845.0,EquipmentChests
Loot_Chest_Equipment9Desert,item,Military Helmet,850.0,2.3713,35845.0,EquipmentChests
Loot_Chest_Equipment9Desert,item,Motorcycle Helmet,500.0,1.3949,35845.0,EquipmentChests
Loot_Chest_Equipment9Desert,item,Office Wear,200.0,0.558,35845.0,EquipmentChests
Loot_Chest_Equipment9Desert,item,Old-Timey Suit,60.0,0.1674,35845.0,EquipmentChests
Loot_Chest_Equipment9Desert,item,Parka,50.0,0.1395,35845.0,EquipmentChests
Loot_Chest_Equipment9Desert,item,Peg Leg,150.0,0.4185,35845.0,EquipmentChests
Loot_Chest_Equipment9Desert,item,Pillow Armor,450.0,1.2554,35845.0,EquipmentChests
Loot_Chest_Equipment9Desert,item,Pith Helmet,450.0,1.2554,35845.0,EquipmentChests
Loot_Chest_Equipment9Desert,item,Plain White Tee,60.0,0.1674,35845.0,EquipmentChests
Loot_Chest_Equipment9Desert,item,Plate Carrier,850.0,2.3713,35845.0,EquipmentChests
Loot_Chest_Equipment9Desert,item,Platform Shoe,100.0,0.279,35845.0,EquipmentChests
Loot_Chest_Equipment9Desert,item,Police Hat,55.0,0.1534,35845.0,EquipmentChests
Loot_Chest_Equipment9Desert,item,Police Uniform,550.0,1.5344,35845.0,EquipmentChests
Loot_Chest_Equipment9Desert,item,Pope Hat,100.0,0.279,35845.0,EquipmentChests
Loot_Chest_Equipment9Desert,item,Pyjama,80.0,0.2232,35845.0,EquipmentChests
Loot_Chest_Equipment9Desert,item,Raincoat,80.0,0.2232,35845.0,EquipmentChests
Loot_Chest_Equipment9Desert,item,Red Bandana,550.0,1.5344,35845.0,EquipmentChests
Loot_Chest_Equipment9Desert,item,Roller Blade,60.0,0.1674,35845.0,EquipmentChests
Loot_Chest_Equipment9Desert,item,Round Glasses,50.0,0.1395,35845.0,EquipmentChests
Loot_Chest_Equipment9Desert,item,Rubber Boot,60.0,0.1674,35845.0,EquipmentChests
Loot_Chest_Equipment9Desert,item,Rudolf Nose,60.0,0.1674,35845.0,EquipmentChests
Loot_Chest_Equipment9Desert,item,Running Shoe,1100.0,3.0688,35845.0,EquipmentChests
Loot_Chest_Equipment9Desert,item,SULFUR Cap,40.0,0.1116,35845.0,EquipmentChests
Loot_Chest_Equipment9Desert,item,SULFUR Hoodie,850.0,2.3713,35845.0,EquipmentChests
Loot_Chest_Equipment9Desert,item,Safety Vest,80.0,0.2232,35845.0,EquipmentChests
Loot_Chest_Equipment9Desert,item,Samurai Armor,900.0,2.5108,35845.0,EquipmentChests
Loot_Chest_Equipment9Desert,item,Santa Hat,55.0,0.1534,35845.0,EquipmentChests
Loot_Chest_Equipment9Desert,item,Shoe,500.0,1.3949,35845.0,EquipmentChests
Loot_Chest_Equipment9Desert,item,Ski Goggles,55.0,0.1534,35845.0,EquipmentChests
Loot_Chest_Equipment9Desert,item,Sneaker,60.0,0.1674,35845.0,EquipmentChests
Loot_Chest_Equipment9Desert,item,Sock,50.0,0.1395,35845.0,EquipmentChests
Loot_Chest_Equipment9Desert,item,Springcoil Boot,900.0,2.5108,35845.0,EquipmentChests
Loot_Chest_Equipment9Desert,item,Square Glasses,50.0,0.1395,35845.0,EquipmentChests
Loot_Chest_Equipment9Desert,item,Steel Helmet,950.0,2.6503,35845.0,EquipmentChests
Loot_Chest_Equipment9Desert,item,Strait Jacket,100.0,0.279,35845.0,EquipmentChests
Loot_Chest_Equipment9Desert,item,Sunglasses,40.0,0.1116,35845.0,EquipmentChests
Loot_Chest_Equipment9Desert,item,Sylvester Hat,40.0,0.1116,35845.0,EquipmentChests
Loot_Chest_Equipment9Desert,item,Tanker Helmet,800.0,2.2318,35845.0,EquipmentChests
Loot_Chest_Equipment9Desert,item,Titanium Helmet,950.0,2.6503,35845.0,EquipmentChests
Loot_Chest_Equipment9Desert,item,Tracksuit,750.0,2.0923,35845.0,EquipmentChests
Loot_Chest_Equipment9Desert,item,Turtle Shell,450.0,1.2554,35845.0,EquipmentChests
Loot_Chest_Equipment9Desert,item,Winter Scarf,660.0,1.8413,35845.0,EquipmentChests
Loot_Chest_Equipment9Desert,item,Wooden Armor,950.0,2.6503,35845.0,EquipmentChests
Loot_Chest_Equipment9Desert,item,Yellow Hoodie,60.0,0.1674,35845.0,EquipmentChests
Loot_Chest_Equipment9Desert,item,Ygg,60.0,0.1674,35845.0,EquipmentChests
Loot_Chest_HiddenUsables,item,Aftermarket Haukland Silencer,5.0,0.5952,840.0,.
Loot_Chest_HiddenUsables,item,Assault Scope,5.0,0.5952,840.0,.
Loot_Chest_HiddenUsables,item,Assault Scope,5.0,0.5952,840.0,.
Loot_Chest_HiddenUsables,item,Compact Sight,5.0,0.5952,840.0,.
Loot_Chest_HiddenUsables,item,Cryogenic Grenade,75.0,8.9286,840.0,.
Loot_Chest_HiddenUsables,item,Dynamite,50.0,5.9524,840.0,.
Loot_Chest_HiddenUsables,item,Gun Crank,5.0,0.5952,840.0,.
Loot_Chest_HiddenUsables,item,Haukland Silencer,5.0,0.5952,840.0,.
Loot_Chest_HiddenUsables,item,Holographic Sight,5.0,0.5952,840.0,.
Loot_Chest_HiddenUsables,item,Improvised Barrel Extension,5.0,0.5952,840.0,.
Loot_Chest_HiddenUsables,item,Jar of Poison,50.0,5.9524,840.0,.
Loot_Chest_HiddenUsables,item,Laser Sight,5.0,0.5952,840.0,.
Loot_Chest_HiddenUsables,item,Laser Sight,5.0,0.5952,840.0,.
Loot_Chest_HiddenUsables,item,Laser Sight,5.0,0.5952,840.0,.
Loot_Chest_HiddenUsables,item,"M87 ""Albatross"" Silencer",5.0,0.5952,840.0,.
Loot_Chest_HiddenUsables,item,Molotov Cocktail,75.0,8.9286,840.0,.
Loot_Chest_HiddenUsables,item,Pineapple Grenade,25.0,2.9762,840.0,.
Loot_Chest_HiddenUsables,item,Proximity Mine,50.0,5.9524,840.0,.
Loot_Chest_HiddenUsables,item,Reflex Sight,5.0,0.5952,840.0,.
Loot_Chest_HiddenUsables,item,Repair Kit,10.0,1.1905,840.0,.
Loot_Chest_HiddenUsables,item,SR-P3 Silencer,5.0,0.5952,840.0,.
Loot_Chest_HiddenUsables,item,Shrouded Barrel Extension,5.0,0.5952,840.0,.
Loot_Chest_HiddenUsables,item,Sniper Scope,5.0,0.5952,840.0,.
Loot_Chest_HiddenUsables,item,Stick Grenade,200.0,23.8095,840.0,.
Loot_Chest_HiddenUsables,item,Sulfur Grenade,25.0,2.9762,840.0,.
Loot_Chest_HiddenUsables,item,Throwing Knives,200.0,23.8095,840.0,.
Loot_Demo_Global_Armor,item,Balaclava,10.0,4.7847,209.0,Globals
Loot_Demo_Global_Armor,item,Ballistic Helmet,1.0,0.4785,209.0,Globals
Loot_Demo_Global_Armor,item,Ballistic Vest,1.0,0.4785,209.0,Globals
Loot_Demo_Global_Armor,item,Breastplate,2.0,0.9569,209.0,Globals
Loot_Demo_Global_Armor,item,Combat Boot,2.0,0.9569,209.0,Globals
Loot_Demo_Global_Armor,item,Diving Fin,10.0,4.7847,209.0,Globals
Loot_Demo_Global_Armor,item,Eye Patch,5.0,2.3923,209.0,Globals
Loot_Demo_Global_Armor,item,Fluffy Hat,5.0,2.3923,209.0,Globals
Loot_Demo_Global_Armor,item,Genie Shoe,3.0,1.4354,209.0,Globals
Loot_Demo_Global_Armor,item,Green Tunic,15.0,7.177,209.0,Globals
Loot_Demo_Global_Armor,item,Hardhat,10.0,4.7847,209.0,Globals
Loot_Demo_Global_Armor,item,Hockey Helmet,6.0,2.8708,209.0,Globals
Loot_Demo_Global_Armor,item,Hockey Shoulder Pads,6.0,2.8708,209.0,Globals
Loot_Demo_Global_Armor,item,Knight's Helmet,2.0,0.9569,209.0,Globals
Loot_Demo_Global_Armor,item,Motorcycle Helmet,10.0,4.7847,209.0,Globals
Loot_Demo_Global_Armor,item,Pillow Armor,7.0,3.3493,209.0,Globals
Loot_Demo_Global_Armor,item,Plain White Tee,20.0,9.5694,209.0,Globals
Loot_Demo_Global_Armor,item,Rubber Boot,15.0,7.177,209.0,Globals
Loot_Demo_Global_Armor,item,Running Shoe,4.0,1.9139,209.0,Globals
Loot_Demo_Global_Armor,item,Sheriff's Badge,10.0,4.7847,209.0,Globals
Loot_Demo_Global_Armor,item,Shoe,20.0,9.5694,209.0,Globals
Loot_Demo_Global_Armor,item,Sneaker,18.0,8.6124,209.0,Globals
Loot_Demo_Global_Armor,item,Springcoil Boot,2.0,0.9569,209.0,Globals
Loot_Demo_Global_Armor,item,Yellow Hoodie,15.0,7.177,209.0,Globals
Loot_Demo_Global_Armor,item,Ygg,10.0,4.7847,209.0,Globals
Loot_Demo_Global_Attachments,item,Aftermarket Haukland Silencer,5.0,5.8824,85.0,Globals
Loot_Demo_Global_Attachments,item,Assault Scope,5.0,5.8824,85.0,Globals
Loot_Demo_Global_Attachments,item,Compact Sight,5.0,5.8824,85.0,Globals
Loot_Demo_Global_Attachments,item,Compact Sight,5.0,5.8824,85.0,Globals
Loot_Demo_Global_Attachments,item,Gun Crank,5.0,5.8824,85.0,Globals
Loot_Demo_Global_Attachments,item,Haukland Silencer,5.0,5.8824,85.0,Globals
Loot_Demo_Global_Attachments,item,Holographic Sight,5.0,5.8824,85.0,Globals
Loot_Demo_Global_Attachments,item,Hunting Scope,5.0,5.8824,85.0,Globals
Loot_Demo_Global_Attachments,item,Laser Sight,5.0,5.8824,85.0,Globals
Loot_Demo_Global_Attachments,item,Laser Sight,5.0,5.8824,85.0,Globals
Loot_Demo_Global_Attachments,item,Laser Sight,5.0,5.8824,85.0,Globals
Loot_Demo_Global_Attachments,item,"M87 ""Albatross"" Silencer",5.0,5.8824,85.0,Globals
Loot_Demo_Global_Attachments,item,Recon Scope,5.0,5.8824,85.0,Globals
Loot_Demo_Global_Attachments,item,Reflex Sight,5.0,5.8824,85.0,Globals
Loot_Demo_Global_Attachments,item,SR-P3 Silencer,5.0,5.8824,85.0,Globals
Loot_Demo_Global_Attachments,item,Shrouded Barrel Extension,5.0,5.8824,85.0,Globals
Loot_Demo_Global_Attachments,item,Sniper Scope,5.0,5.8824,85.0,Globals
Loot_Demo_Global_Enchantments,item,Blindfold Oil,35.0,5.0,700.0,Globals
Loot_Demo_Global_Enchantments,item,Bombard Oil,35.0,5.0,700.0,Globals
Loot_Demo_Global_Enchantments,item,Boulder Oil,35.0,5.0,700.0,Globals
Loot_Demo_Global_Enchantments,item,Cartoon Oil,35.0,5.0,700.0,Globals
Loot_Demo_Global_Enchantments,item,Critical Oil,35.0,5.0,700.0,Globals
Loot_Demo_Global_Enchantments,item,Damage Oil,35.0,5.0,700.0,Globals
Loot_Demo_Global_Enchantments,item,High Grade Oil,35.0,5.0,700.0,Globals
Loot_Demo_Global_Enchantments,item,Less Recoil Oil,35.0,5.0,700.0,Globals
Loot_Demo_Global_Enchantments,item,Multishot Oil,35.0,5.0,700.0,Globals
Loot_Demo_Global_Enchantments,item,Perfect Bounce Oil,35.0,5.0,700.0,Globals
Loot_Demo_Global_Enchantments,item,Plop Back Oil,35.0,5.0,700.0,Globals
Loot_Demo_Global_Enchantments,item,Recycle Oil,35.0,5.0,700.0,Globals
Loot_Demo_Global_Enchantments,item,Scroll of Earth,35.0,5.0,700.0,Globals
Loot_Demo_Global_Enchantments,item,Scroll of Embers,35.0,5.0,700.0,Globals
Loot_Demo_Global_Enchantments,item,Scroll of Frostbite,35.0,5.0,700.0,Globals
Loot_Demo_Global_Enchantments,item,Scroll of Nature,35.0,5.0,700.0,Globals
Loot_Demo_Global_Enchantments,item,Scroll of Plague,35.0,5.0,700.0,Globals
Loot_Demo_Global_Enchantments,item,Scroll of Surge,35.0,5.0,700.0,Globals
Loot_Demo_Global_Enchantments,item,Scroll of Water,35.0,5.0,700.0,Globals
Loot_Demo_Global_Enchantments,item,Spread Oil,35.0,5.0,700.0,Globals
Loot_Demo_Global_Scavenge,item,,8.0,0.6536,1224.0,Globals
Loot_Demo_Global_Scavenge,item,Anti-Poison Gum,8.0,0.6536,1224.0,Globals
Loot_Demo_Global_Scavenge,item,Banana,8.0,0.6536,1224.0,Globals
Loot_Demo_Global_Scavenge,item,Banana,8.0,0.6536,1224.0,Globals
Loot_Demo_Global_Scavenge,item,Bark,8.0,0.6536,1224.0,Globals
Loot_Demo_Global_Scavenge,item,Bark bread,8.0,0.6536,1224.0,Globals
Loot_Demo_Global_Scavenge,item,Beef Jerky,8.0,0.6536,1224.0,Globals
Loot_Demo_Global_Scavenge,item,Berries,8.0,0.6536,1224.0,Globals
Loot_Demo_Global_Scavenge,item,Berry Jam,8.0,0.6536,1224.0,Globals
Loot_Demo_Global_Scavenge,item,Berry Jam (Unsweetened),8.0,0.6536,1224.0,Globals
Loot_Demo_Global_Scavenge,item,Berry Milkshake,8.0,0.6536,1224.0,Globals
Loot_Demo_Global_Scavenge,item,Black Pepper,8.0,0.6536,1224.0,Globals
Loot_Demo_Global_Scavenge,item,Blood,8.0,0.6536,1224.0,Globals
Loot_Demo_Global_Scavenge,item,Blood Pudding,8.0,0.6536,1224.0,Globals
Loot_Demo_Global_Scavenge,item,Blood of the Earth mother,8.0,0.6536,1224.0,Globals
Loot_Demo_Global_Scavenge,item,Bottled Caviar,8.0,0.6536,1224.0,Globals
Loot_Demo_Global_Scavenge,item,Bottled Water,8.0,0.6536,1224.0,Globals
Loot_Demo_Global_Scavenge,item,Bottled Water,8.0,0.6536,1224.0,Globals
Loot_Demo_Global_Scavenge,item,Bread,8.0,0.6536,1224.0,Globals
Loot_Demo_Global_Scavenge,item,Bread Sandwich,8.0,0.6536,1224.0,Globals
Loot_Demo_Global_Scavenge,item,Broth,8.0,0.6536,1224.0,Globals
Loot_Demo_Global_Scavenge,item,Butter,8.0,0.6536,1224.0,Globals
Loot_Demo_Global_Scavenge,item,Butter Sandwich,8.0,0.6536,1224.0,Globals
Loot_Demo_Global_Scavenge,item,Buttermilk,8.0,0.6536,1224.0,Globals
Loot_Demo_Global_Scavenge,item,Buttermilk Pancakes,8.0,0.6536,1224.0,Globals
Loot_Demo_Global_Scavenge,item,Cacao,8.0,0.6536,1224.0,Globals
Loot_Demo_Global_Scavenge,item,Cactus,8.0,0.6536,1224.0,Globals
Loot_Demo_Global_Scavenge,item,Cactus Softdrink,8.0,0.6536,1224.0,Globals
Loot_Demo_Global_Scavenge,item,Cereal,8.0,0.6536,1224.0,Globals
Loot_Demo_Global_Scavenge,item,Cheese,8.0,0.6536,1224.0,Globals
Loot_Demo_Global_Scavenge,item,Cheese Sandwich,8.0,0.6536,1224.0,Globals
Loot_Demo_Global_Scavenge,item,Cheese Tops,8.0,0.6536,1224.0,Globals
Loot_Demo_Global_Scavenge,item,Cheeseburger,8.0,0.6536,1224.0,Globals
Loot_Demo_Global_Scavenge,item,Chicken Leg,8.0,0.6536,1224.0,Globals
Loot_Demo_Global_Scavenge,item,Chocolate Ball,8.0,0.6536,1224.0,Globals
Loot_Demo_Global_Scavenge,item,Chocolate Bar,8.0,0.6536,1224.0,Globals
Loot_Demo_Global_Scavenge,item,Chocolate Milkshake,8.0,0.6536,1224.0,Globals
Loot_Demo_Global_Scavenge,item,Chocolate Mudcake,8.0,0.6536,1224.0,Globals
Loot_Demo_Global_Scavenge,item,Chocolate Syrup,8.0,0.6536,1224.0,Globals
Loot_Demo_Global_Scavenge,item,Cloth,8.0,0.6536,1224.0,Globals
Loot_Demo_Global_Scavenge,item,Coffee,8.0,0.6536,1224.0,Globals
Loot_Demo_Global_Scavenge,item,Cotton Candy,8.0,0.6536,1224.0,Globals
Loot_Demo_Global_Scavenge,item,Cotton Swabs,8.0,0.6536,1224.0,Globals
Loot_Demo_Global_Scavenge,item,Crypt key,8.0,0.6536,1224.0,Globals
Loot_Demo_Global_Scavenge,item,Cuisses De Grenouille,8.0,0.6536,1224.0,Globals
Loot_Demo_Global_Scavenge,item,Dumpling,8.0,0.6536,1224.0,Globals
Loot_Demo_Global_Scavenge,item,Earthworm,8.0,0.6536,1224.0,Globals
Loot_Demo_Global_Scavenge,item,Egg,8.0,0.6536,1224.0,Globals
Loot_Demo_Global_Scavenge,item,Egg Toddy,8.0,0.6536,1224.0,Globals
Loot_Demo_Global_Scavenge,item,Energy Gum,8.0,0.6536,1224.0,Globals
Loot_Demo_Global_Scavenge,item,Escargot,8.0,0.6536,1224.0,Globals
Loot_Demo_Global_Scavenge,item,False Sulfcap,8.0,0.6536,1224.0,Globals
Loot_Demo_Global_Scavenge,item,Fatberg Chunk,8.0,0.6536,1224.0,Globals
Loot_Demo_Global_Scavenge,item,Fish,8.0,0.6536,1224.0,Globals
Loot_Demo_Global_Scavenge,item,Flour,8.0,0.6536,1224.0,Globals
Loot_Demo_Global_Scavenge,item,Fondue,8.0,0.6536,1224.0,Globals
Loot_Demo_Global_Scavenge,item,French Hotdog,8.0,0.6536,1224.0,Globals
Loot_Demo_Global_Scavenge,item,French Toast,8.0,0.6536,1224.0,Globals
Loot_Demo_Global_Scavenge,item,Fried Mushroom ,8.0,0.6536,1224.0,Globals
Loot_Demo_Global_Scavenge,item,Frog Leg,8.0,0.6536,1224.0,Globals
Loot_Demo_Global_Scavenge,item,Green Glob,8.0,0.6536,1224.0,Globals
Loot_Demo_Global_Scavenge,item,Green Tea,8.0,0.6536,1224.0,Globals
Loot_Demo_Global_Scavenge,item,Green Tea Gum,8.0,0.6536,1224.0,Globals
Loot_Demo_Global_Scavenge,item,Grilled Cactus,8.0,0.6536,1224.0,Globals
Loot_Demo_Global_Scavenge,item,Hard Bread,8.0,0.6536,1224.0,Globals
Loot_Demo_Global_Scavenge,item,Hardshell Taco,8.0,0.6536,1224.0,Globals
Loot_Demo_Global_Scavenge,item,Hazelnut,8.0,0.6536,1224.0,Globals
Loot_Demo_Global_Scavenge,item,Herbs,8.0,0.6536,1224.0,Globals
Loot_Demo_Global_Scavenge,item,Holy Toast,8.0,0.6536,1224.0,Globals
Loot_Demo_Global_Scavenge,item,Holy Water,8.0,0.6536,1224.0,Globals
Loot_Demo_Global_Scavenge,item,Hot Sauce,8.0,0.6536,1224.0,Globals
Loot_Demo_Global_Scavenge,item,Hot Snacks,8.0,0.6536,1224.0,Globals
Loot_Demo_Global_Scavenge,item,Karl-Oskar,8.0,0.6536,1224.0,Globals
Loot_Demo_Global_Scavenge,item,Kidney Pie,8.0,0.6536,1224.0,Globals
Loot_Demo_Global_Scavenge,item,Kidney Stone,8.0,0.6536,1224.0,Globals
Loot_Demo_Global_Scavenge,item,Kombucha,8.0,0.6536,1224.0,Globals
Loot_Demo_Global_Scavenge,item,Lackerol Cactus,8.0,0.6536,1224.0,Globals
Loot_Demo_Global_Scavenge,item,Lemonade,8.0,0.6536,1224.0,Globals
Loot_Demo_Global_Scavenge,item,Leverpastej,8.0,0.6536,1224.0,Globals
Loot_Demo_Global_Scavenge,item,Liquor,8.0,0.6536,1224.0,Globals
Loot_Demo_Global_Scavenge,item,Liver Patty Sandwich,8.0,0.6536,1224.0,Globals
Loot_Demo_Global_Scavenge,item,Low Fat Milk,8.0,0.6536,1224.0,Globals
Loot_Demo_Global_Scavenge,item,Lussekatt,8.0,0.6536,1224.0,Globals
Loot_Demo_Global_Scavenge,item,Mac'n'Cheese,8.0,0.6536,1224.0,Globals
Loot_Demo_Global_Scavenge,item,Maki,8.0,0.6536,1224.0,Globals
Loot_Demo_Global_Scavenge,item,Mashed Potatoes,8.0,0.6536,1224.0,Globals
Loot_Demo_Global_Scavenge,item,Matcha,8.0,0.6536,1224.0,Globals
Loot_Demo_Global_Scavenge,item,Meat Skewers,8.0,0.6536,1224.0,Globals
Loot_Demo_Global_Scavenge,item,Meringue,8.0,0.6536,1224.0,Globals
Loot_Demo_Global_Scavenge,item,Metal Scrap,8.0,0.6536,1224.0,Globals
Loot_Demo_Global_Scavenge,item,Mochi,8.0,0.6536,1224.0,Globals
Loot_Demo_Global_Scavenge,item,Mushroom Omelette,8.0,0.6536,1224.0,Globals
Loot_Demo_Global_Scavenge,item,Mushroom Skewer,8.0,0.6536,1224.0,Globals
Loot_Demo_Global_Scavenge,item,Mushroom Soup,8.0,0.6536,1224.0,Globals
Loot_Demo_Global_Scavenge,item,Mutagen Bottle,8.0,0.6536,1224.0,Globals
Loot_Demo_Global_Scavenge,item,Mycota Squamata,8.0,0.6536,1224.0,Globals
Loot_Demo_Global_Scavenge,item,Mystery Meat,8.0,0.6536,1224.0,Globals
Loot_Demo_Global_Scavenge,item,Nashville Hot Chicken,8.0,0.6536,1224.0,Globals
Loot_Demo_Global_Scavenge,item,Nigiri,8.0,0.6536,1224.0,Globals
Loot_Demo_Global_Scavenge,item,Nut Mix,8.0,0.6536,1224.0,Globals
Loot_Demo_Global_Scavenge,item,Nut Spread,8.0,0.6536,1224.0,Globals
Loot_Demo_Global_Scavenge,item,Oats,8.0,0.6536,1224.0,Globals
Loot_Demo_Global_Scavenge,item,Omelette,8.0,0.6536,1224.0,Globals
Loot_Demo_Global_Scavenge,item,Onigiri,8.0,0.6536,1224.0,Globals
Loot_Demo_Global_Scavenge,item,Paper,8.0,0.6536,1224.0,Globals
Loot_Demo_Global_Scavenge,item,Peanut,8.0,0.6536,1224.0,Globals
Loot_Demo_Global_Scavenge,item,Peanut Butter,8.0,0.6536,1224.0,Globals
Loot_Demo_Global_Scavenge,item,Peanutbutter Jelly Sandwich,8.0,0.6536,1224.0,Globals
Loot_Demo_Global_Scavenge,item,Peanutbutter Sandwich,8.0,0.6536,1224.0,Globals
Loot_Demo_Global_Scavenge,item,Pine nuts,8.0,0.6536,1224.0,Globals
Loot_Demo_Global_Scavenge,item,Pizza,8.0,0.6536,1224.0,Globals
Loot_Demo_Global_Scavenge,item,Pizza Slice,8.0,0.6536,1224.0,Globals
Loot_Demo_Global_Scavenge,item,Power Bar,8.0,0.6536,1224.0,Globals
Loot_Demo_Global_Scavenge,item,Puffed Rice Cakes,8.0,0.6536,1224.0,Globals
Loot_Demo_Global_Scavenge,item,Pölsa,8.0,0.6536,1224.0,Globals
Loot_Demo_Global_Scavenge,item,Pølse,8.0,0.6536,1224.0,Globals
Loot_Demo_Global_Scavenge,item,Red Wine,8.0,0.6536,1224.0,Globals
Loot_Demo_Global_Scavenge,item,Repair Kit,8.0,0.6536,1224.0,Globals
Loot_Demo_Global_Scavenge,item,Rhubarb,8.0,0.6536,1224.0,Globals
Loot_Demo_Global_Scavenge,item,Rhubarb Pie,8.0,0.6536,1224.0,Globals
Loot_Demo_Global_Scavenge,item,Rhubarb Porridge,8.0,0.6536,1224.0,Globals
Loot_Demo_Global_Scavenge,item,Rice,8.0,0.6536,1224.0,Globals
Loot_Demo_Global_Scavenge,item,Rock,8.0,0.6536,1224.0,Globals
Loot_Demo_Global_Scavenge,item,Rubber,8.0,0.6536,1224.0,Globals
Loot_Demo_Global_Scavenge,item,Rödsopp,8.0,0.6536,1224.0,Globals
Loot_Demo_Global_Scavenge,item,Rödsopp Paste,8.0,0.6536,1224.0,Globals
Loot_Demo_Global_Scavenge,item,Salt,8.0,0.6536,1224.0,Globals
Loot_Demo_Global_Scavenge,item,Salted Fish,8.0,0.6536,1224.0,Globals
Loot_Demo_Global_Scavenge,item,Salted Sandfish,8.0,0.6536,1224.0,Globals
Loot_Demo_Global_Scavenge,item,Sashimi,8.0,0.6536,1224.0,Globals
Loot_Demo_Global_Scavenge,item,Sawdust,8.0,0.6536,1224.0,Globals
Loot_Demo_Global_Scavenge,item,Seaweed,8.0,0.6536,1224.0,Globals
Loot_Demo_Global_Scavenge,item,Skimmed Milk,8.0,0.6536,1224.0,Globals
Loot_Demo_Global_Scavenge,item,Slurf,8.0,0.6536,1224.0,Globals
Loot_Demo_Global_Scavenge,item,Snail,8.0,0.6536,1224.0,Globals
Loot_Demo_Global_Scavenge,item,Solution,8.0,0.6536,1224.0,Globals
Loot_Demo_Global_Scavenge,item,Spaghetti,8.0,0.6536,1224.0,Globals
Loot_Demo_Global_Scavenge,item,Spaghetti Bolognese,8.0,0.6536,1224.0,Globals
Loot_Demo_Global_Scavenge,item,Spice Mix,8.0,0.6536,1224.0,Globals
Loot_Demo_Global_Scavenge,item,Spicy Sausage,8.0,0.6536,1224.0,Globals
Loot_Demo_Global_Scavenge,item,Sports Drink,8.0,0.6536,1224.0,Globals
Loot_Demo_Global_Scavenge,item,Stew,8.0,0.6536,1224.0,Globals
Loot_Demo_Global_Scavenge,item,Stick,8.0,0.6536,1224.0,Globals
Loot_Demo_Global_Scavenge,item,Sugar,8.0,0.6536,1224.0,Globals
Loot_Demo_Global_Scavenge,item,Swedish Pancakes,8.0,0.6536,1224.0,Globals
Loot_Demo_Global_Scavenge,item,Sweet Gum,8.0,0.6536,1224.0,Globals
Loot_Demo_Global_Scavenge,item,Swing-Ding,8.0,0.6536,1224.0,Globals
Loot_Demo_Global_Scavenge,item,Tube Caviar,8.0,0.6536,1224.0,Globals
Loot_Demo_Global_Scavenge,item,Used Rubber,8.0,0.6536,1224.0,Globals
Loot_Demo_Global_Scavenge,item,Vacuum Cleaner,8.0,0.6536,1224.0,Globals
Loot_Demo_Global_Scavenge,item,Velvet Bell,8.0,0.6536,1224.0,Globals
Loot_Demo_Global_Scavenge,item,Walnut,8.0,0.6536,1224.0,Globals
Loot_Demo_Global_Scavenge,item,Whole Milk,8.0,0.6536,1224.0,Globals
Loot_Demo_Global_Throwables_RepairKit_ChamberChisel,item,Chamber Chisel (.50 BMG),1.0,0.2,500.0,Globals
Loot_Demo_Global_Throwables_RepairKit_ChamberChisel,item,Chamber Chisel (12ga),1.0,0.2,500.0,Globals
Loot_Demo_Global_Throwables_RepairKit_ChamberChisel,item,Chamber Chisel (5.56mm),1.0,0.2,500.0,Globals
Loot_Demo_Global_Throwables_RepairKit_ChamberChisel,item,Chamber Chisel (7.62mm),1.0,0.2,500.0,Globals
Loot_Demo_Global_Throwables_RepairKit_ChamberChisel,item,Chamber Chisel (9mm),1.0,0.2,500.0,Globals
Loot_Demo_Global_Throwables_RepairKit_ChamberChisel,item,Cryogenic Grenade,60.0,12.0,500.0,Globals
Loot_Demo_Global_Throwables_RepairKit_ChamberChisel,item,Dynamite,60.0,12.0,500.0,Globals
Loot_Demo_Global_Throwables_RepairKit_ChamberChisel,item,Jar of Poison,60.0,12.0,500.0,Globals
Loot_Demo_Global_Throwables_RepairKit_ChamberChisel,item,Molotov Cocktail,60.0,12.0,500.0,Globals
Loot_Demo_Global_Throwables_RepairKit_ChamberChisel,item,Pineapple Grenade,60.0,12.0,500.0,Globals
Loot_Demo_Global_Throwables_RepairKit_ChamberChisel,item,Repair Kit,15.0,3.0,500.0,Globals
Loot_Demo_Global_Throwables_RepairKit_ChamberChisel,item,Stick Grenade,60.0,12.0,500.0,Globals
Loot_Demo_Global_Throwables_RepairKit_ChamberChisel,item,Sulfur Grenade,60.0,12.0,500.0,Globals
Loot_Demo_Global_Throwables_RepairKit_ChamberChisel,item,Throwing Knives,60.0,12.0,500.0,Globals
Loot_Endless_Multiplethings,item,Admiral White Extra Strong,100.0,0.389,25710.0,.
Loot_Endless_Multiplethings,item,Air Duster,100.0,0.389,25710.0,.
Loot_Endless_Multiplethings,item,Americano,100.0,0.389,25710.0,.
Loot_Endless_Multiplethings,item,Anti-Poison Gum,100.0,0.389,25710.0,.
Loot_Endless_Multiplethings,item,Aspic,100.0,0.389,25710.0,.
Loot_Endless_Multiplethings,item,Banana,100.0,0.389,25710.0,.
Loot_Endless_Multiplethings,item,Banana,100.0,0.389,25710.0,.
Loot_Endless_Multiplethings,item,Banana Bread,100.0,0.389,25710.0,.
Loot_Endless_Multiplethings,item,Banana Sulfs,100.0,0.389,25710.0,.
Loot_Endless_Multiplethings,item,Bark,100.0,0.389,25710.0,.
Loot_Endless_Multiplethings,item,Bark bread,100.0,0.389,25710.0,.
Loot_Endless_Multiplethings,item,BeGone,100.0,0.389,25710.0,.
Loot_Endless_Multiplethings,item,Beans,100.0,0.389,25710.0,.
Loot_Endless_Multiplethings,item,Beef Jerky,100.0,0.389,25710.0,.
Loot_Endless_Multiplethings,item,Berries,100.0,0.389,25710.0,.
Loot_Endless_Multiplethings,item,Berry Jam,100.0,0.389,25710.0,.
Loot_Endless_Multiplethings,item,Berry Jam (Unsweetened),100.0,0.389,25710.0,.
Loot_Endless_Multiplethings,item,Berry Milkshake,100.0,0.389,25710.0,.
Loot_Endless_Multiplethings,item,Biscuiits and Gravy,100.0,0.389,25710.0,.
Loot_Endless_Multiplethings,item,Blast Boot,100.0,0.389,25710.0,.
Loot_Endless_Multiplethings,item,Bleach,100.0,0.389,25710.0,.
Loot_Endless_Multiplethings,item,Blood,100.0,0.389,25710.0,.
Loot_Endless_Multiplethings,item,Blood Pudding,100.0,0.389,25710.0,.
Loot_Endless_Multiplethings,item,Boba Tea,100.0,0.389,25710.0,.
Loot_Endless_Multiplethings,item,Bottled Caviar,100.0,0.389,25710.0,.
Loot_Endless_Multiplethings,item,Bottled Water,100.0,0.389,25710.0,.
Loot_Endless_Multiplethings,item,Bottled Water,100.0,0.389,25710.0,.
Loot_Endless_Multiplethings,item,Bread,100.0,0.389,25710.0,.
Loot_Endless_Multiplethings,item,Bread Sandwich,100.0,0.389,25710.0,.
Loot_Endless_Multiplethings,item,Broth,100.0,0.389,25710.0,.
Loot_Endless_Multiplethings,item,Butter,100.0,0.389,25710.0,.
Loot_Endless_Multiplethings,item,Butter Sandwich,100.0,0.389,25710.0,.
Loot_Endless_Multiplethings,item,Buttermilk,100.0,0.389,25710.0,.
Loot_Endless_Multiplethings,item,Buttermilk Pancakes,100.0,0.389,25710.0,.
Loot_Endless_Multiplethings,item,Cacao,100.0,0.389,25710.0,.
Loot_Endless_Multiplethings,item,Cactus,100.0,0.389,25710.0,.
Loot_Endless_Multiplethings,item,Cactus Softdrink,100.0,0.389,25710.0,.
Loot_Endless_Multiplethings,item,Candy Cane,40.0,0.1556,25710.0,.
Loot_Endless_Multiplethings,item,Cappuccino,100.0,0.389,25710.0,.
Loot_Endless_Multiplethings,item,Cereal,100.0,0.389,25710.0,.
Loot_Endless_Multiplethings,item,Cevapi,100.0,0.389,25710.0,.
Loot_Endless_Multiplethings,item,Cheese,100.0,0.389,25710.0,.
Loot_Endless_Multiplethings,item,Cheese Sandwich,100.0,0.389,25710.0,.
Loot_Endless_Multiplethings,item,Cheese Tops,100.0,0.389,25710.0,.
Loot_Endless_Multiplethings,item,Cheeseburger,100.0,0.389,25710.0,.
Loot_Endless_Multiplethings,item,Chicken Leg,100.0,0.389,25710.0,.
Loot_Endless_Multiplethings,item,Chocolate Ball,100.0,0.389,25710.0,.
Loot_Endless_Multiplethings,item,Chocolate Bar,100.0,0.389,25710.0,.
Loot_Endless_Multiplethings,item,Chocolate Milkshake,100.0,0.389,25710.0,.
Loot_Endless_Multiplethings,item,Chocolate Mudcake,100.0,0.389,25710.0,.
Loot_Endless_Multiplethings,item,Chocolate Syrup,100.0,0.389,25710.0,.
Loot_Endless_Multiplethings,item,Christmas Spice,100.0,0.389,25710.0,.
Loot_Endless_Multiplethings,item,Cloth,100.0,0.389,25710.0,.
Loot_Endless_Multiplethings,item,Coffee,100.0,0.389,25710.0,.
Loot_Endless_Multiplethings,item,Cordon Bleu,100.0,0.389,25710.0,.
Loot_Endless_Multiplethings,item,Cotton Candy,100.0,0.389,25710.0,.
Loot_Endless_Multiplethings,item,Cotton Swabs,100.0,0.389,25710.0,.
Loot_Endless_Multiplethings,item,Cotton Swabs,100.0,0.389,25710.0,.
Loot_Endless_Multiplethings,item,Cryogenic Grenade,400.0,1.5558,25710.0,.
Loot_Endless_Multiplethings,item,Cuisses De Grenouille,100.0,0.389,25710.0,.
Loot_Endless_Multiplethings,item,Currywurst,100.0,0.389,25710.0,.
Loot_Endless_Multiplethings,item,Dimmie,100.0,0.389,25710.0,.
Loot_Endless_Multiplethings,item,Dopp I Grytan,100.0,0.389,25710.0,.
Loot_Endless_Multiplethings,item,Double Cheeseburger,100.0,0.389,25710.0,.
Loot_Endless_Multiplethings,item,Dumpling,100.0,0.389,25710.0,.
Loot_Endless_Multiplethings,item,Dynamite,600.0,2.3337,25710.0,.
Loot_Endless_Multiplethings,item,Earthworm,150.0,0.5834,25710.0,.
Loot_Endless_Multiplethings,item,Egg,100.0,0.389,25710.0,.
Loot_Endless_Multiplethings,item,Egg Toddy,100.0,0.389,25710.0,.
Loot_Endless_Multiplethings,item,Energy Gum,100.0,0.389,25710.0,.
Loot_Endless_Multiplethings,item,Escargot,100.0,0.389,25710.0,.
Loot_Endless_Multiplethings,item,False Sulfcap,100.0,0.389,25710.0,.
Loot_Endless_Multiplethings,item,Fatberg Chunk,100.0,0.389,25710.0,.
Loot_Endless_Multiplethings,item,First Aid Kit,100.0,0.389,25710.0,.
Loot_Endless_Multiplethings,item,Fish,100.0,0.389,25710.0,.
Loot_Endless_Multiplethings,item,Fish and chips,100.0,0.389,25710.0,.
Loot_Endless_Multiplethings,item,Flat Sandfish,100.0,0.389,25710.0,.
Loot_Endless_Multiplethings,item,Flour,100.0,0.389,25710.0,.
Loot_Endless_Multiplethings,item,Fondue,100.0,0.389,25710.0,.
Loot_Endless_Multiplethings,item,French Hotdog,100.0,0.389,25710.0,.
Loot_Endless_Multiplethings,item,French Toast,100.0,0.389,25710.0,.
Loot_Endless_Multiplethings,item,Fried Mushroom ,100.0,0.389,25710.0,.
Loot_Endless_Multiplethings,item,Frog Leg,100.0,0.389,25710.0,.
Loot_Endless_Multiplethings,item,Full English Breakfast,100.0,0.389,25710.0,.
Loot_Endless_Multiplethings,item,Gonster,100.0,0.389,25710.0,.
Loot_Endless_Multiplethings,item,Gravad Lax,40.0,0.1556,25710.0,.
Loot_Endless_Multiplethings,item,Gravy,100.0,0.389,25710.0,.
Loot_Endless_Multiplethings,item,Green Glob,100.0,0.389,25710.0,.
Loot_Endless_Multiplethings,item,Green Tea,100.0,0.389,25710.0,.
Loot_Endless_Multiplethings,item,Green Tea Gum,100.0,0.389,25710.0,.
Loot_Endless_Multiplethings,item,Grilled Cactus,100.0,0.389,25710.0,.
Loot_Endless_Multiplethings,item,Grilled Poultry,100.0,0.389,25710.0,.
Loot_Endless_Multiplethings,item,Haggis,100.0,0.389,25710.0,.
Loot_Endless_Multiplethings,item,Hard Bread,100.0,0.389,25710.0,.
Loot_Endless_Multiplethings,item,Hardhat,100.0,0.389,25710.0,.
Loot_Endless_Multiplethings,item,Hardshell Taco,100.0,0.389,25710.0,.
Loot_Endless_Multiplethings,item,Hazelnut,100.0,0.389,25710.0,.
Loot_Endless_Multiplethings,item,Health Potion,100.0,0.389,25710.0,.
Loot_Endless_Multiplethings,item,Herbal Tea,100.0,0.389,25710.0,.
Loot_Endless_Multiplethings,item,Herbs,100.0,0.389,25710.0,.
Loot_Endless_Multiplethings,item,Holy Toast,100.0,0.389,25710.0,.
Loot_Endless_Multiplethings,item,Holy Water,100.0,0.389,25710.0,.
Loot_Endless_Multiplethings,item,Hot Pot,100.0,0.389,25710.0,.
Loot_Endless_Multiplethings,item,Hot Sauce,100.0,0.389,25710.0,.
Loot_Endless_Multiplethings,item,Hot Snacks,100.0,0.389,25710.0,.
Loot_Endless_Multiplethings,item,Jansson's Temptation,40.0,0.1556,25710.0,.
Loot_Endless_Multiplethings,item,Jar of Poison,300.0,1.1669,25710.0,.
Loot_Endless_Multiplethings,item,Jello,100.0,0.389,25710.0,.
Loot_Endless_Multiplethings,item,Julmust,40.0,0.1556,25710.0,.
Loot_Endless_Multiplethings,item,Karl-Oskar,100.0,0.389,25710.0,.
Loot_Endless_Multiplethings,item,Kidney Pie,100.0,0.389,25710.0,.
Loot_Endless_Multiplethings,item,Kidney Stone,100.0,0.389,25710.0,.
Loot_Endless_Multiplethings,item,Kombucha,100.0,0.389,25710.0,.
Loot_Endless_Multiplethings,item,Lackerol Cactus,100.0,0.389,25710.0,.
Loot_Endless_Multiplethings,item,Latte,100.0,0.389,25710.0,.
Loot_Endless_Multiplethings,item,Lemonade,100.0,0.389,25710.0,.
Loot_Endless_Multiplethings,item,Leverpastej,100.0,0.389,25710.0,.
Loot_Endless_Multiplethings,item,Liquor,100.0,0.389,25710.0,.
Loot_Endless_Multiplethings,item,Liver Patty Sandwich,100.0,0.389,25710.0,.
Loot_Endless_Multiplethings,item,Low Fat Milk,100.0,0.389,25710.0,.
Loot_Endless_Multiplethings,item,Lussekatt,100.0,0.389,25710.0,.
Loot_Endless_Multiplethings,item,Lutfisk,40.0,0.1556,25710.0,.
Loot_Endless_Multiplethings,item,Mac'n'Cheese,100.0,0.389,25710.0,.
Loot_Endless_Multiplethings,item,Maki,100.0,0.389,25710.0,.
Loot_Endless_Multiplethings,item,Marshmallows,100.0,0.389,25710.0,.
Loot_Endless_Multiplethings,item,Mashed Potatoes,100.0,0.389,25710.0,.
Loot_Endless_Multiplethings,item,Matcha,100.0,0.389,25710.0,.
Loot_Endless_Multiplethings,item,Meat Skewers,100.0,0.389,25710.0,.
Loot_Endless_Multiplethings,item,Meringue,100.0,0.389,25710.0,.
Loot_Endless_Multiplethings,item,Metal Scrap,100.0,0.389,25710.0,.
Loot_Endless_Multiplethings,item,Microfiber Dish Cloth,100.0,0.389,25710.0,.
Loot_Endless_Multiplethings,item,Mochi,100.0,0.389,25710.0,.
Loot_Endless_Multiplethings,item,Molotov Cocktail,400.0,1.5558,25710.0,.
Loot_Endless_Multiplethings,item,Mulled Wine,100.0,0.389,25710.0,.
Loot_Endless_Multiplethings,item,Mushroom Omelette,100.0,0.389,25710.0,.
Loot_Endless_Multiplethings,item,Mushroom Skewer,100.0,0.389,25710.0,.
Loot_Endless_Multiplethings,item,Mushroom Soup,100.0,0.389,25710.0,.
Loot_Endless_Multiplethings,item,Mycota Squamata,100.0,0.389,25710.0,.
Loot_Endless_Multiplethings,item,Mystery Meat,100.0,0.389,25710.0,.
Loot_Endless_Multiplethings,item,Nashville Hot Chicken,100.0,0.389,25710.0,.
Loot_Endless_Multiplethings,item,Nigiri,100.0,0.389,25710.0,.
Loot_Endless_Multiplethings,item,Nuggets,100.0,0.389,25710.0,.
Loot_Endless_Multiplethings,item,Nut Mix,100.0,0.389,25710.0,.
Loot_Endless_Multiplethings,item,Nut Spread,100.0,0.389,25710.0,.
Loot_Endless_Multiplethings,item,Oats,100.0,0.389,25710.0,.
Loot_Endless_Multiplethings,item,Omelette,100.0,0.389,25710.0,.
Loot_Endless_Multiplethings,item,Onigiri,100.0,0.389,25710.0,.
Loot_Endless_Multiplethings,item,Paper,100.0,0.389,25710.0,.
Loot_Endless_Multiplethings,item,Parka,100.0,0.389,25710.0,.
Loot_Endless_Multiplethings,item,Peanut,100.0,0.389,25710.0,.
Loot_Endless_Multiplethings,item,Peanut Butter,100.0,0.389,25710.0,.
Loot_Endless_Multiplethings,item,Peanutbutter Jelly Sandwich,100.0,0.389,25710.0,.
Loot_Endless_Multiplethings,item,Peanutbutter Sandwich,100.0,0.389,25710.0,.
Loot_Endless_Multiplethings,item,Peanutbutter Sandwich,100.0,0.389,25710.0,.
Loot_Endless_Multiplethings,item,Peg Leg,100.0,0.389,25710.0,.
Loot_Endless_Multiplethings,item,Pillow Armor,100.0,0.389,25710.0,.
Loot_Endless_Multiplethings,item,Pine nuts,100.0,0.389,25710.0,.
Loot_Endless_Multiplethings,item,Pineapple Grenade,800.0,3.1116,25710.0,.
Loot_Endless_Multiplethings,item,Pizza,100.0,0.389,25710.0,.
Loot_Endless_Multiplethings,item,Pizza Slice,100.0,0.389,25710.0,.
Loot_Endless_Multiplethings,item,Porridge,100.0,0.389,25710.0,.
Loot_Endless_Multiplethings,item,Potato,100.0,0.389,25710.0,.
Loot_Endless_Multiplethings,item,Potato Salad,40.0,0.1556,25710.0,.
Loot_Endless_Multiplethings,item,Poutine,100.0,0.389,25710.0,.
Loot_Endless_Multiplethings,item,Power Bar,100.0,0.389,25710.0,.
Loot_Endless_Multiplethings,item,Proximity Mine,300.0,1.1669,25710.0,.
Loot_Endless_Multiplethings,item,Puffed Rice Cakes,100.0,0.389,25710.0,.
Loot_Endless_Multiplethings,item,Pyttipanna,100.0,0.389,25710.0,.
Loot_Endless_Multiplethings,item,Pölsa,100.0,0.389,25710.0,.
Loot_Endless_Multiplethings,item,Pølse,100.0,0.389,25710.0,.
Loot_Endless_Multiplethings,item,Raclette,100.0,0.389,25710.0,.
Loot_Endless_Multiplethings,item,Ramen,100.0,0.389,25710.0,.
Loot_Endless_Multiplethings,item,Red Wine,100.0,0.389,25710.0,.
Loot_Endless_Multiplethings,item,Repair Kit,100.0,0.389,25710.0,.
Loot_Endless_Multiplethings,item,Rhubarb,100.0,0.389,25710.0,.
Loot_Endless_Multiplethings,item,Rhubarb Pie,100.0,0.389,25710.0,.
Loot_Endless_Multiplethings,item,Rhubarb Porridge,100.0,0.389,25710.0,.
Loot_Endless_Multiplethings,item,Rhubarb Sauce,100.0,0.389,25710.0,.
Loot_Endless_Multiplethings,item,Rice,100.0,0.389,25710.0,.
Loot_Endless_Multiplethings,item,Ris à la Malta,40.0,0.1556,25710.0,.
Loot_Endless_Multiplethings,item,Risgrynsgröt,40.0,0.1556,25710.0,.
Loot_Endless_Multiplethings,item,Rock,100.0,0.389,25710.0,.
Loot_Endless_Multiplethings,item,Rubber,100.0,0.389,25710.0,.
Loot_Endless_Multiplethings,item,Rödsopp,100.0,0.389,25710.0,.
Loot_Endless_Multiplethings,item,Rödsopp Paste,100.0,0.389,25710.0,.
Loot_Endless_Multiplethings,item,Salt,100.0,0.389,25710.0,.
Loot_Endless_Multiplethings,item,Salted Fish,100.0,0.389,25710.0,.
Loot_Endless_Multiplethings,item,Salted Sandfish,100.0,0.389,25710.0,.
Loot_Endless_Multiplethings,item,Sashimi,100.0,0.389,25710.0,.
Loot_Endless_Multiplethings,item,Sausage Omelette,100.0,0.389,25710.0,.
Loot_Endless_Multiplethings,item,Sausage On Stick,100.0,0.389,25710.0,.
Loot_Endless_Multiplethings,item,Sausage Soup,100.0,0.389,25710.0,.
Loot_Endless_Multiplethings,item,Sawdust,100.0,0.389,25710.0,.
Loot_Endless_Multiplethings,item,Seaweed,100.0,0.389,25710.0,.
Loot_Endless_Multiplethings,item,Silltallrik,40.0,0.1556,25710.0,.
Loot_Endless_Multiplethings,item,Skimmed Milk,100.0,0.389,25710.0,.
Loot_Endless_Multiplethings,item,Slurf,100.0,0.389,25710.0,.
Loot_Endless_Multiplethings,item,Snail,100.0,0.389,25710.0,.
Loot_Endless_Multiplethings,item,Soapy Wool,100.0,0.389,25710.0,.
Loot_Endless_Multiplethings,item,Solution,100.0,0.389,25710.0,.
Loot_Endless_Multiplethings,item,Spaghetti,100.0,0.389,25710.0,.
Loot_Endless_Multiplethings,item,Spaghetti Bolognese,100.0,0.389,25710.0,.
Loot_Endless_Multiplethings,item,Spanish Omelette,100.0,0.389,25710.0,.
Loot_Endless_Multiplethings,item,Spice Mix,100.0,0.389,25710.0,.
Loot_Endless_Multiplethings,item,Spicy Sausage,100.0,0.389,25710.0,.
Loot_Endless_Multiplethings,item,Sports Drink,100.0,0.389,25710.0,.
Loot_Endless_Multiplethings,item,Stew,100.0,0.389,25710.0,.
Loot_Endless_Multiplethings,item,Stick,100.0,0.389,25710.0,.
Loot_Endless_Multiplethings,item,Stick Grenade,800.0,3.1116,25710.0,.
Loot_Endless_Multiplethings,item,Stout,100.0,0.389,25710.0,.
Loot_Endless_Multiplethings,item,Sugar,100.0,0.389,25710.0,.
Loot_Endless_Multiplethings,item,Sulfur Grenade,300.0,1.1669,25710.0,.
Loot_Endless_Multiplethings,item,Swedish Pancakes,100.0,0.389,25710.0,.
Loot_Endless_Multiplethings,item,Sweet Gum,100.0,0.389,25710.0,.
Loot_Endless_Multiplethings,item,Swing-Ding,100.0,0.389,25710.0,.
Loot_Endless_Multiplethings,item,Throwing Knives,400.0,1.5558,25710.0,.
Loot_Endless_Multiplethings,item,Toast Skagen,100.0,0.389,25710.0,.
Loot_Endless_Multiplethings,item,Toilet Paper,100.0,0.389,25710.0,.
Loot_Endless_Multiplethings,item,Tongue On Stick,100.0,0.389,25710.0,.
Loot_Endless_Multiplethings,item,Tori Ramen,100.0,0.389,25710.0,.
Loot_Endless_Multiplethings,item,Tube Caviar,100.0,0.389,25710.0,.
Loot_Endless_Multiplethings,item,Unagi,100.0,0.389,25710.0,.
Loot_Endless_Multiplethings,item,Used Rubber,100.0,0.389,25710.0,.
Loot_Endless_Multiplethings,item,Vacuum Cleaner,100.0,0.389,25710.0,.
Loot_Endless_Multiplethings,item,Velvet Bell,100.0,0.389,25710.0,.
Loot_Endless_Multiplethings,item,Walnut,100.0,0.389,25710.0,.
Loot_Endless_Multiplethings,item,Wet Wipes,100.0,0.389,25710.0,.
Loot_Endless_Multiplethings,item,Whole Milk,100.0,0.389,25710.0,.
Loot_Endless_ValuableGear,item,A12C Muzzle Brake,50.0,2.8281,1768.0,.
Loot_Endless_ValuableGear,item,Aftermarket Haukland Silencer,50.0,2.8281,1768.0,.
Loot_Endless_ValuableGear,item,Assault Scope,50.0,2.8281,1768.0,.
Loot_Endless_ValuableGear,item,"Barrel Extension 2""",50.0,2.8281,1768.0,.
Loot_Endless_ValuableGear,item,"Barrel Extension 4""",50.0,2.8281,1768.0,.
Loot_Endless_ValuableGear,item,"Barrel Extension 6""",50.0,2.8281,1768.0,.
Loot_Endless_ValuableGear,item,Breznik BMD,50.0,2.8281,1768.0,.
Loot_Endless_ValuableGear,item,Breznik BMD (Tactical),50.0,2.8281,1768.0,.
Loot_Endless_ValuableGear,item,Car Stereo,20.0,1.1312,1768.0,.
Loot_Endless_ValuableGear,item,Chamber Chisel (.50 BMG),10.0,0.5656,1768.0,.
Loot_Endless_ValuableGear,item,Chamber Chisel (12ga),10.0,0.5656,1768.0,.
Loot_Endless_ValuableGear,item,Chamber Chisel (5.56mm),10.0,0.5656,1768.0,.
Loot_Endless_ValuableGear,item,Chamber Chisel (7.62mm),10.0,0.5656,1768.0,.
Loot_Endless_ValuableGear,item,Chamber Chisel (9mm),10.0,0.5656,1768.0,.
Loot_Endless_ValuableGear,item,Compact Sight,50.0,2.8281,1768.0,.
Loot_Endless_ValuableGear,item,Craw Guano,20.0,1.1312,1768.0,.
Loot_Endless_ValuableGear,item,DVD Player,20.0,1.1312,1768.0,.
Loot_Endless_ValuableGear,item,Diamond Ring,20.0,1.1312,1768.0,.
Loot_Endless_ValuableGear,item,Driving License,20.0,1.1312,1768.0,.
Loot_Endless_ValuableGear,item,Famous Painting,20.0,1.1312,1768.0,.
Loot_Endless_ValuableGear,item,Fancy Watch,20.0,1.1312,1768.0,.
Loot_Endless_ValuableGear,item,Fine China,20.0,1.1312,1768.0,.
Loot_Endless_ValuableGear,item,Flatscreen TV,20.0,1.1312,1768.0,.
Loot_Endless_ValuableGear,item,Gaming Laptop,20.0,1.1312,1768.0,.
Loot_Endless_ValuableGear,item,Gold Chain,20.0,1.1312,1768.0,.
Loot_Endless_ValuableGear,item,Golden Figurine,20.0,1.1312,1768.0,.
Loot_Endless_ValuableGear,item,Golden Ticket,20.0,1.1312,1768.0,.
Loot_Endless_ValuableGear,item,Gun Crank,50.0,2.8281,1768.0,.
Loot_Endless_ValuableGear,item,Haukland Flash Hider,50.0,2.8281,1768.0,.
Loot_Endless_ValuableGear,item,Haukland Silencer,50.0,2.8281,1768.0,.
Loot_Endless_ValuableGear,item,Holographic Sight,50.0,2.8281,1768.0,.
Loot_Endless_ValuableGear,item,Hunting Scope,50.0,2.8281,1768.0,.
Loot_Endless_ValuableGear,item,Improvised Barrel Extension,50.0,2.8281,1768.0,.
Loot_Endless_ValuableGear,item,Insurance,15.0,0.8484,1768.0,.
Loot_Endless_ValuableGear,item,Laser Sight,10.0,0.5656,1768.0,.
Loot_Endless_ValuableGear,item,Laser Sight,10.0,0.5656,1768.0,.
Loot_Endless_ValuableGear,item,Laser Sight,3.0,0.1697,1768.0,.
Loot_Endless_ValuableGear,item,Laser Sight,10.0,0.5656,1768.0,.
Loot_Endless_ValuableGear,item,Laser Sight,10.0,0.5656,1768.0,.
Loot_Endless_ValuableGear,item,Laser Sight,10.0,0.5656,1768.0,.
Loot_Endless_ValuableGear,item,Laser Sight,10.0,0.5656,1768.0,.
Loot_Endless_ValuableGear,item,Laser Sight,10.0,0.5656,1768.0,.
Loot_Endless_ValuableGear,item,Laser Sight,10.0,0.5656,1768.0,.
Loot_Endless_ValuableGear,item,Laser Sight,10.0,0.5656,1768.0,.
Loot_Endless_ValuableGear,item,Laser Sight,10.0,0.5656,1768.0,.
Loot_Endless_ValuableGear,item,Laser Sight,10.0,0.5656,1768.0,.
Loot_Endless_ValuableGear,item,Laser Sight,10.0,0.5656,1768.0,.
Loot_Endless_ValuableGear,item,Laser Sight,10.0,0.5656,1768.0,.
Loot_Endless_ValuableGear,item,Laser Sight,10.0,0.5656,1768.0,.
Loot_Endless_ValuableGear,item,"M87 ""Albatross"" Silencer",50.0,2.8281,1768.0,.
Loot_Endless_ValuableGear,item,MP3 Player,20.0,1.1312,1768.0,.
Loot_Endless_ValuableGear,item,Minidisc,20.0,1.1312,1768.0,.
Loot_Endless_ValuableGear,item,Old Vintage,20.0,1.1312,1768.0,.
Loot_Endless_ValuableGear,item,Ornamental Vase,20.0,1.1312,1768.0,.
Loot_Endless_ValuableGear,item,Poker Chips,20.0,1.1312,1768.0,.
Loot_Endless_ValuableGear,item,Quaint Little Spoon,20.0,1.1312,1768.0,.
Loot_Endless_ValuableGear,item,Recon Scope,50.0,2.8281,1768.0,.
Loot_Endless_ValuableGear,item,Reflex Sight,50.0,2.8281,1768.0,.
Loot_Endless_ValuableGear,item,SR-P3 Silencer,50.0,2.8281,1768.0,.
Loot_Endless_ValuableGear,item,Shav'Wa Soap,20.0,1.1312,1768.0,.
Loot_Endless_ValuableGear,item,Shrouded Barrel Extension,50.0,2.8281,1768.0,.
Loot_Endless_ValuableGear,item,Smartphone,20.0,1.1312,1768.0,.
Loot_Endless_ValuableGear,item,Sniper Scope,50.0,2.8281,1768.0,.
Loot_Endless_ValuableGear,item,Soul Resin,20.0,1.1312,1768.0,.
Loot_Endless_ValuableGear,item,The Cost,20.0,1.1312,1768.0,.
Loot_Endless_ValuableGear,item,Warmage Compensator,50.0,2.8281,1768.0,.
Loot_Full_Global_Armor,item,Air Bat,1.0,1.0204,98.0,Globals
Loot_Full_Global_Armor,item,Badass Vest,1.0,1.0204,98.0,Globals
Loot_Full_Global_Armor,item,Balaclava,1.0,1.0204,98.0,Globals
Loot_Full_Global_Armor,item,Ballistic Helmet,1.0,1.0204,98.0,Globals
Loot_Full_Global_Armor,item,Ballistic Vest,1.0,1.0204,98.0,Globals
Loot_Full_Global_Armor,item,Bathrobe,1.0,1.0204,98.0,Globals
Loot_Full_Global_Armor,item,Beanie,1.0,1.0204,98.0,Globals
Loot_Full_Global_Armor,item,Beer Helmet,1.0,1.0204,98.0,Globals
Loot_Full_Global_Armor,item,Blindfold,1.0,1.0204,98.0,Globals
Loot_Full_Global_Armor,item,Blue Bandana,1.0,1.0204,98.0,Globals
Loot_Full_Global_Armor,item,Blue Slipper,1.0,1.0204,98.0,Globals
Loot_Full_Global_Armor,item,Breastplate,1.0,1.0204,98.0,Globals
Loot_Full_Global_Armor,item,Camo Jacket,1.0,1.0204,98.0,Globals
Loot_Full_Global_Armor,item,Cap,1.0,1.0204,98.0,Globals
Loot_Full_Global_Armor,item,Christmas Sock,1.0,1.0204,98.0,Globals
Loot_Full_Global_Armor,item,Christmas Sweater,1.0,1.0204,98.0,Globals
Loot_Full_Global_Armor,item,Christmas Sweater,1.0,1.0204,98.0,Globals
Loot_Full_Global_Armor,item,Clog,1.0,1.0204,98.0,Globals
Loot_Full_Global_Armor,item,Combat Boot,1.0,1.0204,98.0,Globals
Loot_Full_Global_Armor,item,Cowboy Boot,1.0,1.0204,98.0,Globals
Loot_Full_Global_Armor,item,Cowboy Hat,1.0,1.0204,98.0,Globals
Loot_Full_Global_Armor,item,Cowboy Vest,1.0,1.0204,98.0,Globals
Loot_Full_Global_Armor,item,Crown,1.0,1.0204,98.0,Globals
Loot_Full_Global_Armor,item,Denim Jacket,1.0,1.0204,98.0,Globals
Loot_Full_Global_Armor,item,Diving Fin,1.0,1.0204,98.0,Globals
Loot_Full_Global_Armor,item,Diving Mask,1.0,1.0204,98.0,Globals
Loot_Full_Global_Armor,item,Dogtags,1.0,1.0204,98.0,Globals
Loot_Full_Global_Armor,item,Dunce Cap,1.0,1.0204,98.0,Globals
Loot_Full_Global_Armor,item,Ear Protectors,1.0,1.0204,98.0,Globals
Loot_Full_Global_Armor,item,Encrypted Hoodie,1.0,1.0204,98.0,Globals
Loot_Full_Global_Armor,item,Extra Lung,1.0,1.0204,98.0,Globals
Loot_Full_Global_Armor,item,Eye Patch,1.0,1.0204,98.0,Globals
Loot_Full_Global_Armor,item,Firefighter Helmet,1.0,1.0204,98.0,Globals
Loot_Full_Global_Armor,item,Firefighter Jacket,1.0,1.0204,98.0,Globals
Loot_Full_Global_Armor,item,Fluffy Hat,1.0,1.0204,98.0,Globals
Loot_Full_Global_Armor,item,Four-leaf Clover,1.0,1.0204,98.0,Globals
Loot_Full_Global_Armor,item,Gas Mask,1.0,1.0204,98.0,Globals
Loot_Full_Global_Armor,item,Genie Shoe,1.0,1.0204,98.0,Globals
Loot_Full_Global_Armor,item,Geta,1.0,1.0204,98.0,Globals
Loot_Full_Global_Armor,item,Ghillie Suit,1.0,1.0204,98.0,Globals
Loot_Full_Global_Armor,item,Golden Slipper,1.0,1.0204,98.0,Globals
Loot_Full_Global_Armor,item,Green Tunic,1.0,1.0204,98.0,Globals
Loot_Full_Global_Armor,item,Hardhat,1.0,1.0204,98.0,Globals
Loot_Full_Global_Armor,item,Hazmat Suit,1.0,1.0204,98.0,Globals
Loot_Full_Global_Armor,item,High Quality Elf Shoe,1.0,1.0204,98.0,Globals
Loot_Full_Global_Armor,item,High heel,1.0,1.0204,98.0,Globals
Loot_Full_Global_Armor,item,Hockey Helmet,1.0,1.0204,98.0,Globals
Loot_Full_Global_Armor,item,Hockey Shoulder Pads,1.0,1.0204,98.0,Globals
Loot_Full_Global_Armor,item,Hunting Vest,1.0,1.0204,98.0,Globals
Loot_Full_Global_Armor,item,Knee Pads,1.0,1.0204,98.0,Globals
Loot_Full_Global_Armor,item,Knight's Helmet,1.0,1.0204,98.0,Globals
Loot_Full_Global_Armor,item,Leather Jacket,1.0,1.0204,98.0,Globals
Loot_Full_Global_Armor,item,Life Vest,1.0,1.0204,98.0,Globals
Loot_Full_Global_Armor,item,Military Helmet,1.0,1.0204,98.0,Globals
Loot_Full_Global_Armor,item,Motorcycle Helmet,1.0,1.0204,98.0,Globals
Loot_Full_Global_Armor,item,Office Wear,1.0,1.0204,98.0,Globals
Loot_Full_Global_Armor,item,Old-Timey Suit,1.0,1.0204,98.0,Globals
Loot_Full_Global_Armor,item,Oxygen Tank,1.0,1.0204,98.0,Globals
Loot_Full_Global_Armor,item,Parka,1.0,1.0204,98.0,Globals
Loot_Full_Global_Armor,item,Peg Leg,1.0,1.0204,98.0,Globals
Loot_Full_Global_Armor,item,Pillow Armor,1.0,1.0204,98.0,Globals
Loot_Full_Global_Armor,item,Pith Helmet,1.0,1.0204,98.0,Globals
Loot_Full_Global_Armor,item,Plain White Tee,1.0,1.0204,98.0,Globals
Loot_Full_Global_Armor,item,Plate Carrier,1.0,1.0204,98.0,Globals
Loot_Full_Global_Armor,item,Platform Shoe,1.0,1.0204,98.0,Globals
Loot_Full_Global_Armor,item,Police Hat,1.0,1.0204,98.0,Globals
Loot_Full_Global_Armor,item,Police Uniform,1.0,1.0204,98.0,Globals
Loot_Full_Global_Armor,item,Pope Hat,1.0,1.0204,98.0,Globals
Loot_Full_Global_Armor,item,Pyjama,1.0,1.0204,98.0,Globals
Loot_Full_Global_Armor,item,Raincoat,1.0,1.0204,98.0,Globals
Loot_Full_Global_Armor,item,Red Bandana,1.0,1.0204,98.0,Globals
Loot_Full_Global_Armor,item,Round Glasses,1.0,1.0204,98.0,Globals
Loot_Full_Global_Armor,item,Rubber Boot,1.0,1.0204,98.0,Globals
Loot_Full_Global_Armor,item,Rudolf Nose,1.0,1.0204,98.0,Globals
Loot_Full_Global_Armor,item,Running Shoe,1.0,1.0204,98.0,Globals
Loot_Full_Global_Armor,item,SULFUR Cap,1.0,1.0204,98.0,Globals
Loot_Full_Global_Armor,item,SULFUR Hoodie,1.0,1.0204,98.0,Globals
Loot_Full_Global_Armor,item,Safety Vest,1.0,1.0204,98.0,Globals
Loot_Full_Global_Armor,item,Samurai Armor,1.0,1.0204,98.0,Globals
Loot_Full_Global_Armor,item,Santa Hat,1.0,1.0204,98.0,Globals
Loot_Full_Global_Armor,item,Sheriff's Badge,1.0,1.0204,98.0,Globals
Loot_Full_Global_Armor,item,Shoe,1.0,1.0204,98.0,Globals
Loot_Full_Global_Armor,item,Ski Goggles,1.0,1.0204,98.0,Globals
Loot_Full_Global_Armor,item,Sneaker,1.0,1.0204,98.0,Globals
Loot_Full_Global_Armor,item,Sock,1.0,1.0204,98.0,Globals
Loot_Full_Global_Armor,item,Springcoil Boot,1.0,1.0204,98.0,Globals
Loot_Full_Global_Armor,item,Square Glasses,1.0,1.0204,98.0,Globals
Loot_Full_Global_Armor,item,Steel Helmet,1.0,1.0204,98.0,Globals
Loot_Full_Global_Armor,item,Strait Jacket,1.0,1.0204,98.0,Globals
Loot_Full_Global_Armor,item,Sunglasses,1.0,1.0204,98.0,Globals
Loot_Full_Global_Armor,item,Sylvester Hat,1.0,1.0204,98.0,Globals
Loot_Full_Global_Armor,item,Tanker Helmet,1.0,1.0204,98.0,Globals
Loot_Full_Global_Armor,item,Titanium Helmet,1.0,1.0204,98.0,Globals
Loot_Full_Global_Armor,item,Tracksuit,1.0,1.0204,98.0,Globals
Loot_Full_Global_Armor,item,Turtle Shell,1.0,1.0204,98.0,Globals
Loot_Full_Global_Armor,item,Winter Scarf,1.0,1.0204,98.0,Globals
Loot_Full_Global_Armor,item,Wooden Armor,1.0,1.0204,98.0,Globals
Loot_Full_Global_Armor,item,Yellow Hoodie,1.0,1.0204,98.0,Globals
Loot_Full_Global_Attachments,item,A12C Muzzle Brake,100.0,3.8685,2585.0,Globals
Loot_Full_Global_Attachments,item,Aftermarket Haukland Silencer,100.0,3.8685,2585.0,Globals
Loot_Full_Global_Attachments,item,Assault Scope,100.0,3.8685,2585.0,Globals
Loot_Full_Global_Attachments,item,"Barrel Extension 2""",100.0,3.8685,2585.0,Globals
Loot_Full_Global_Attachments,item,"Barrel Extension 4""",100.0,3.8685,2585.0,Globals
Loot_Full_Global_Attachments,item,"Barrel Extension 6""",100.0,3.8685,2585.0,Globals
Loot_Full_Global_Attachments,item,Breznik BMD,100.0,3.8685,2585.0,Globals
Loot_Full_Global_Attachments,item,Breznik BMD (Tactical),100.0,3.8685,2585.0,Globals
Loot_Full_Global_Attachments,item,Compact Sight,100.0,3.8685,2585.0,Globals
Loot_Full_Global_Attachments,item,Compact Sight,100.0,3.8685,2585.0,Globals
Loot_Full_Global_Attachments,item,Gun Crank,100.0,3.8685,2585.0,Globals
Loot_Full_Global_Attachments,item,Haukland Flash Hider,100.0,3.8685,2585.0,Globals
Loot_Full_Global_Attachments,item,Haukland Silencer,100.0,3.8685,2585.0,Globals
Loot_Full_Global_Attachments,item,Holographic Sight,100.0,3.8685,2585.0,Globals
Loot_Full_Global_Attachments,item,Hunting Scope,100.0,3.8685,2585.0,Globals
Loot_Full_Global_Attachments,item,Laser Sight,20.0,0.7737,2585.0,Globals
Loot_Full_Global_Attachments,item,Laser Sight,20.0,0.7737,2585.0,Globals
Loot_Full_Global_Attachments,item,Laser Sight,5.0,0.1934,2585.0,Globals
Loot_Full_Global_Attachments,item,Laser Sight,20.0,0.7737,2585.0,Globals
Loot_Full_Global_Attachments,item,Laser Sight,20.0,0.7737,2585.0,Globals
Loot_Full_Global_Attachments,item,Laser Sight,20.0,0.7737,2585.0,Globals
Loot_Full_Global_Attachments,item,Laser Sight,20.0,0.7737,2585.0,Globals
Loot_Full_Global_Attachments,item,Laser Sight,20.0,0.7737,2585.0,Globals
Loot_Full_Global_Attachments,item,Laser Sight,20.0,0.7737,2585.0,Globals
Loot_Full_Global_Attachments,item,Laser Sight,20.0,0.7737,2585.0,Globals
Loot_Full_Global_Attachments,item,Laser Sight,20.0,0.7737,2585.0,Globals
Loot_Full_Global_Attachments,item,Laser Sight,20.0,0.7737,2585.0,Globals
Loot_Full_Global_Attachments,item,Laser Sight,20.0,0.7737,2585.0,Globals
Loot_Full_Global_Attachments,item,Laser Sight,20.0,0.7737,2585.0,Globals
Loot_Full_Global_Attachments,item,Laser Sight,20.0,0.7737,2585.0,Globals
Loot_Full_Global_Attachments,item,"M87 ""Albatross"" Silencer",100.0,3.8685,2585.0,Globals
Loot_Full_Global_Attachments,item,Priming Bolt,100.0,3.8685,2585.0,Globals
Loot_Full_Global_Attachments,item,Recon Scope,100.0,3.8685,2585.0,Globals
Loot_Full_Global_Attachments,item,Reflex Sight,100.0,3.8685,2585.0,Globals
Loot_Full_Global_Attachments,item,SR-P3 Silencer,100.0,3.8685,2585.0,Globals
Loot_Full_Global_Attachments,item,Shrouded Barrel Extension,100.0,3.8685,2585.0,Globals
Loot_Full_Global_Attachments,item,Sniper Scope,100.0,3.8685,2585.0,Globals
Loot_Full_Global_Attachments,item,Warmage Compensator,100.0,3.8685,2585.0,Globals
Loot_Full_Global_Enchantments,item,Scroll Of Flame Thrower,1.0,0.2451,408.0,Globals
Loot_Full_Global_Enchantments,item,Scroll of Aftershock,1.0,0.2451,408.0,Globals
Loot_Full_Global_Enchantments,item,Scroll of Chain Lightning,1.0,0.2451,408.0,Globals
Loot_Full_Global_Enchantments,item,Scroll of Chaos Strike,1.0,0.2451,408.0,Globals
Loot_Full_Global_Enchantments,item,Scroll of Charm,1.0,0.2451,408.0,Globals
Loot_Full_Global_Enchantments,item,Scroll of Corpse Explosion,1.0,0.2451,408.0,Globals
Loot_Full_Global_Enchantments,item,Scroll of Crusader,1.0,0.2451,408.0,Globals
Loot_Full_Global_Enchantments,item,Scroll of Dark,38.0,9.3137,408.0,Globals
Loot_Full_Global_Enchantments,item,Scroll of Earth,38.0,9.3137,408.0,Globals
Loot_Full_Global_Enchantments,item,Scroll of Embers,38.0,9.3137,408.0,Globals
Loot_Full_Global_Enchantments,item,Scroll of Explosions,1.0,0.2451,408.0,Globals
Loot_Full_Global_Enchantments,item,Scroll of Fear,1.0,0.2451,408.0,Globals
Loot_Full_Global_Enchantments,item,Scroll of Foul Fate,1.0,0.2451,408.0,Globals
Loot_Full_Global_Enchantments,item,Scroll of Frostbite,38.0,9.3137,408.0,Globals
Loot_Full_Global_Enchantments,item,Scroll of Holy Fire,1.0,0.2451,408.0,Globals
Loot_Full_Global_Enchantments,item,Scroll of Holy Purge,1.0,0.2451,408.0,Globals
Loot_Full_Global_Enchantments,item,Scroll of Lava,1.0,0.2451,408.0,Globals
Loot_Full_Global_Enchantments,item,Scroll of Least Resistance,38.0,9.3137,408.0,Globals
Loot_Full_Global_Enchantments,item,Scroll of Light,38.0,9.3137,408.0,Globals
Loot_Full_Global_Enchantments,item,Scroll of Nature,38.0,9.3137,408.0,Globals
Loot_Full_Global_Enchantments,item,Scroll of Noxiosa,1.0,0.2451,408.0,Globals
Loot_Full_Global_Enchantments,item,Scroll of Pesticide,1.0,0.2451,408.0,Globals
Loot_Full_Global_Enchantments,item,Scroll of Petrification,1.0,0.2451,408.0,Globals
Loot_Full_Global_Enchantments,item,Scroll of Petroleum,1.0,0.2451,408.0,Globals
Loot_Full_Global_Enchantments,item,Scroll of Plague,38.0,9.3137,408.0,Globals
Loot_Full_Global_Enchantments,item,Scroll of Poison Blood,1.0,0.2451,408.0,Globals
Loot_Full_Global_Enchantments,item,Scroll of Pollen,1.0,0.2451,408.0,Globals
Loot_Full_Global_Enchantments,item,Scroll of Prism,1.0,0.2451,408.0,Globals
Loot_Full_Global_Enchantments,item,Scroll of Rocket Launcher,1.0,0.2451,408.0,Globals
Loot_Full_Global_Enchantments,item,Scroll of Sacred Ground,1.0,0.2451,408.0,Globals
Loot_Full_Global_Enchantments,item,Scroll of Sacrifice,1.0,0.2451,408.0,Globals
Loot_Full_Global_Enchantments,item,Scroll of Slush,1.0,0.2451,408.0,Globals
Loot_Full_Global_Enchantments,item,Scroll of Storm Surge,1.0,0.2451,408.0,Globals
Loot_Full_Global_Enchantments,item,Scroll of Surge,38.0,9.3137,408.0,Globals
Loot_Full_Global_Enchantments,item,Scroll of Thunderbolt,1.0,0.2451,408.0,Globals
Loot_Full_Global_Enchantments,item,Scroll of Toxic Lobotomy,1.0,0.2451,408.0,Globals
Loot_Full_Global_Enchantments,item,Scroll of Voodoo,1.0,0.2451,408.0,Globals
Loot_Full_Global_Enchantments,item,Scroll of Water,38.0,9.3137,408.0,Globals
Loot_Full_Global_Enchantments_Basic,item,Scroll of Dark,38.0,11.1111,342.0,Globals
Loot_Full_Global_Enchantments_Basic,item,Scroll of Earth,38.0,11.1111,342.0,Globals
Loot_Full_Global_Enchantments_Basic,item,Scroll of Embers,38.0,11.1111,342.0,Globals
Loot_Full_Global_Enchantments_Basic,item,Scroll of Frostbite,38.0,11.1111,342.0,Globals
Loot_Full_Global_Enchantments_Basic,item,Scroll of Light,38.0,11.1111,342.0,Globals
Loot_Full_Global_Enchantments_Basic,item,Scroll of Nature,38.0,11.1111,342.0,Globals
Loot_Full_Global_Enchantments_Basic,item,Scroll of Plague,38.0,11.1111,342.0,Globals
Loot_Full_Global_Enchantments_Basic,item,Scroll of Surge,38.0,11.1111,342.0,Globals
Loot_Full_Global_Enchantments_Basic,item,Scroll of Water,38.0,11.1111,342.0,Globals
Loot_Full_Global_Oils,item,Action Oil,1.0,0.3802,263.0,Globals
Loot_Full_Global_Oils,item,Add Damage Oil,1.0,0.3802,263.0,Globals
Loot_Full_Global_Oils,item,Aimless Oil,1.0,0.3802,263.0,Globals
Loot_Full_Global_Oils,item,Airsoft Oil,1.0,0.3802,263.0,Globals
Loot_Full_Global_Oils,item,Altruistic Oil,1.0,0.3802,263.0,Globals
Loot_Full_Global_Oils,item,Arkanoid Oil,1.0,0.3802,263.0,Globals
Loot_Full_Global_Oils,item,Arrow Oil,1.0,0.3802,263.0,Globals
Loot_Full_Global_Oils,item,Artery Oil,1.0,0.3802,263.0,Globals
Loot_Full_Global_Oils,item,Artillery Oil,1.0,0.3802,263.0,Globals
Loot_Full_Global_Oils,item,Ascetic Oil,1.0,0.3802,263.0,Globals
Loot_Full_Global_Oils,item,Assassin Dart Oil,1.0,0.3802,263.0,Globals
Loot_Full_Global_Oils,item,Attack Speed Oil,1.0,0.3802,263.0,Globals
Loot_Full_Global_Oils,item,Axe Oil,1.0,0.3802,263.0,Globals
Loot_Full_Global_Oils,item,BB Oil,1.0,0.3802,263.0,Globals
Loot_Full_Global_Oils,item,Bad Planet Oil,1.0,0.3802,263.0,Globals
Loot_Full_Global_Oils,item,Bandit Oil,1.0,0.3802,263.0,Globals
Loot_Full_Global_Oils,item,Big Oil,1.0,0.3802,263.0,Globals
Loot_Full_Global_Oils,item,Big Tax Oil,1.0,0.3802,263.0,Globals
Loot_Full_Global_Oils,item,Birth Oil,1.0,0.3802,263.0,Globals
Loot_Full_Global_Oils,item,Black Friday Oil,1.0,0.3802,263.0,Globals
Loot_Full_Global_Oils,item,Blindfold Oil,1.0,0.3802,263.0,Globals
Loot_Full_Global_Oils,item,Blurt Oil,1.0,0.3802,263.0,Globals
Loot_Full_Global_Oils,item,Bombard Oil,1.0,0.3802,263.0,Globals
Loot_Full_Global_Oils,item,Boomstick Oil,1.0,0.3802,263.0,Globals
Loot_Full_Global_Oils,item,Boulder Oil,1.0,0.3802,263.0,Globals
Loot_Full_Global_Oils,item,Bowl Oil,1.0,0.3802,263.0,Globals
Loot_Full_Global_Oils,item,Braced Oil,1.0,0.3802,263.0,Globals
Loot_Full_Global_Oils,item,Brute Oil,1.0,0.3802,263.0,Globals
Loot_Full_Global_Oils,item,Bulk Oil,1.0,0.3802,263.0,Globals
Loot_Full_Global_Oils,item,Bystander Oil,1.0,0.3802,263.0,Globals
Loot_Full_Global_Oils,item,Carefree Oil,1.0,0.3802,263.0,Globals
Loot_Full_Global_Oils,item,Careful Oil,1.0,0.3802,263.0,Globals
Loot_Full_Global_Oils,item,Careless Splitter Oil,1.0,0.3802,263.0,Globals
Loot_Full_Global_Oils,item,Cartoon Oil,1.0,0.3802,263.0,Globals
Loot_Full_Global_Oils,item,Casual Oil,1.0,0.3802,263.0,Globals
Loot_Full_Global_Oils,item,Cheap Oil,1.0,0.3802,263.0,Globals
Loot_Full_Global_Oils,item,Chonk Oil,1.0,0.3802,263.0,Globals
Loot_Full_Global_Oils,item,Chub Oil,1.0,0.3802,263.0,Globals
Loot_Full_Global_Oils,item,Clash Oil,1.0,0.3802,263.0,Globals
Loot_Full_Global_Oils,item,Clump Oil,1.0,0.3802,263.0,Globals
Loot_Full_Global_Oils,item,Collateral Oil,1.0,0.3802,263.0,Globals
Loot_Full_Global_Oils,item,Complicated Oil,1.0,0.3802,263.0,Globals
Loot_Full_Global_Oils,item,Compo Oil,1.0,0.3802,263.0,Globals
Loot_Full_Global_Oils,item,Confidence Oil,1.0,0.3802,263.0,Globals
Loot_Full_Global_Oils,item,Congestion Oil,1.0,0.3802,263.0,Globals
Loot_Full_Global_Oils,item,Considerate Oil,1.0,0.3802,263.0,Globals
Loot_Full_Global_Oils,item,Contained Force Oil,1.0,0.3802,263.0,Globals
Loot_Full_Global_Oils,item,Critical Oil,1.0,0.3802,263.0,Globals
Loot_Full_Global_Oils,item,Cycle Oil,1.0,0.3802,263.0,Globals
Loot_Full_Global_Oils,item,Damage Oil,1.0,0.3802,263.0,Globals
Loot_Full_Global_Oils,item,Dart Oil,1.0,0.3802,263.0,Globals
Loot_Full_Global_Oils,item,Dead Center Oil,1.0,0.3802,263.0,Globals
Loot_Full_Global_Oils,item,Delayed Hyper Tube Oil,1.0,0.3802,263.0,Globals
Loot_Full_Global_Oils,item,Dense Oil,1.0,0.3802,263.0,Globals
Loot_Full_Global_Oils,item,Detune Oil,1.0,0.3802,263.0,Globals
Loot_Full_Global_Oils,item,Diesel Oil,1.0,0.3802,263.0,Globals
Loot_Full_Global_Oils,item,Discharge Oil,1.0,0.3802,263.0,Globals
Loot_Full_Global_Oils,item,Disposable Oil,1.0,0.3802,263.0,Globals
Loot_Full_Global_Oils,item,Division Oil,1.0,0.3802,263.0,Globals
Loot_Full_Global_Oils,item,Do-over Oil,1.0,0.3802,263.0,Globals
Loot_Full_Global_Oils,item,Double Fire Oil,1.0,0.3802,263.0,Globals
Loot_Full_Global_Oils,item,Double Lock Oil,1.0,0.3802,263.0,Globals
Loot_Full_Global_Oils,item,Double Nothing Oil,1.0,0.3802,263.0,Globals
Loot_Full_Global_Oils,item,Dum Dum Oil,1.0,0.3802,263.0,Globals
Loot_Full_Global_Oils,item,Dynamic Oil,1.0,0.3802,263.0,Globals
Loot_Full_Global_Oils,item,Easy Oil,1.0,0.3802,263.0,Globals
Loot_Full_Global_Oils,item,Easy Plop Oil,1.0,0.3802,263.0,Globals
Loot_Full_Global_Oils,item,Elephant Oil,1.0,0.3802,263.0,Globals
Loot_Full_Global_Oils,item,Enchantment_BoltOil,1.0,0.3802,263.0,Globals
Loot_Full_Global_Oils,item,Enchantment_SoftBulletOil,1.0,0.3802,263.0,Globals
Loot_Full_Global_Oils,item,Excessive Force Oil,1.0,0.3802,263.0,Globals
Loot_Full_Global_Oils,item,Excessive Powder Oil,1.0,0.3802,263.0,Globals
Loot_Full_Global_Oils,item,Exotic Barrel Oil,1.0,0.3802,263.0,Globals
Loot_Full_Global_Oils,item,Expander Oil,1.0,0.3802,263.0,Globals
Loot_Full_Global_Oils,item,Extra Powder Oil,1.0,0.3802,263.0,Globals
Loot_Full_Global_Oils,item,Farsighted Oil,1.0,0.3802,263.0,Globals
Loot_Full_Global_Oils,item,Fast Bet Oil,1.0,0.3802,263.0,Globals
Loot_Full_Global_Oils,item,FeatureGun,1.0,0.3802,263.0,Globals
Loot_Full_Global_Oils,item,Fidget Lord Oil,1.0,0.3802,263.0,Globals
Loot_Full_Global_Oils,item,Fidget Oil,1.0,0.3802,263.0,Globals
Loot_Full_Global_Oils,item,First Blood Oil,1.0,0.3802,263.0,Globals
Loot_Full_Global_Oils,item,Flat Energy Oil,1.0,0.3802,263.0,Globals
Loot_Full_Global_Oils,item,Flea Oil,1.0,0.3802,263.0,Globals
Loot_Full_Global_Oils,item,Flop Oil,1.0,0.3802,263.0,Globals
Loot_Full_Global_Oils,item,Flow Funnel Oil,1.0,0.3802,263.0,Globals
Loot_Full_Global_Oils,item,Food Stamp Oil,1.0,0.3802,263.0,Globals
Loot_Full_Global_Oils,item,Fragile System Oil,1.0,0.3802,263.0,Globals
Loot_Full_Global_Oils,item,Franciscan Oil,1.0,0.3802,263.0,Globals
Loot_Full_Global_Oils,item,Frugal Oil,1.0,0.3802,263.0,Globals
Loot_Full_Global_Oils,item,Gambler Oil,1.0,0.3802,263.0,Globals
Loot_Full_Global_Oils,item,Gargantuan Oil,1.0,0.3802,263.0,Globals
Loot_Full_Global_Oils,item,Gemini Oil,1.0,0.3802,263.0,Globals
Loot_Full_Global_Oils,item,Gentle Oil,1.0,0.3802,263.0,Globals
Loot_Full_Global_Oils,item,Glass Cannon Oil,1.0,0.3802,263.0,Globals
Loot_Full_Global_Oils,item,Great Oil,1.0,0.3802,263.0,Globals
Loot_Full_Global_Oils,item,Grounded Oil,1.0,0.3802,263.0,Globals
Loot_Full_Global_Oils,item,Gunslinger Oil,1.0,0.3802,263.0,Globals
Loot_Full_Global_Oils,item,Happy Accident Oil,1.0,0.3802,263.0,Globals
Loot_Full_Global_Oils,item,Heavy Lead Oil,1.0,0.3802,263.0,Globals
Loot_Full_Global_Oils,item,Heavy Oil,1.0,0.3802,263.0,Globals
Loot_Full_Global_Oils,item,Heavy Pockets  Oil,1.0,0.3802,263.0,Globals
Loot_Full_Global_Oils,item,Hefty Oil,1.0,0.3802,263.0,Globals
Loot_Full_Global_Oils,item,Helium Oil,1.0,0.3802,263.0,Globals
Loot_Full_Global_Oils,item,High Grade Oil,1.0,0.3802,263.0,Globals
Loot_Full_Global_Oils,item,Hip Blaster Oil,1.0,0.3802,263.0,Globals
Loot_Full_Global_Oils,item,Hip Marksman Oil,1.0,0.3802,263.0,Globals
Loot_Full_Global_Oils,item,Hoop Oil,1.0,0.3802,263.0,Globals
Loot_Full_Global_Oils,item,Hunter Oil,1.0,0.3802,263.0,Globals
Loot_Full_Global_Oils,item,Hustler Oil,1.0,0.3802,263.0,Globals
Loot_Full_Global_Oils,item,Hyper Lead Oil,1.0,0.3802,263.0,Globals
Loot_Full_Global_Oils,item,Imperfect Oil,1.0,0.3802,263.0,Globals
Loot_Full_Global_Oils,item,Inconsiderate Oil,1.0,0.3802,263.0,Globals
Loot_Full_Global_Oils,item,Inherited Oil,1.0,0.3802,263.0,Globals
Loot_Full_Global_Oils,item,Instant Oil,1.0,0.3802,263.0,Globals
Loot_Full_Global_Oils,item,Judgement Oil,1.0,0.3802,263.0,Globals
Loot_Full_Global_Oils,item,Judo Oil,1.0,0.3802,263.0,Globals
Loot_Full_Global_Oils,item,Jungian Oil,1.0,0.3802,263.0,Globals
Loot_Full_Global_Oils,item,Keep Oil,1.0,0.3802,263.0,Globals
Loot_Full_Global_Oils,item,Kicker Oil,1.0,0.3802,263.0,Globals
Loot_Full_Global_Oils,item,Kinetic Oil,1.0,0.3802,263.0,Globals
Loot_Full_Global_Oils,item,Knockback Oil,1.0,0.3802,263.0,Globals
Loot_Full_Global_Oils,item,Krav Maga Oil,1.0,0.3802,263.0,Globals
Loot_Full_Global_Oils,item,Last Drop Oil,1.0,0.3802,263.0,Globals
Loot_Full_Global_Oils,item,Late Boom Oil,1.0,0.3802,263.0,Globals
Loot_Full_Global_Oils,item,Launcher Oil,1.0,0.3802,263.0,Globals
Loot_Full_Global_Oils,item,Lazy Oil,1.0,0.3802,263.0,Globals
Loot_Full_Global_Oils,item,Less Recoil Oil,1.0,0.3802,263.0,Globals
Loot_Full_Global_Oils,item,Lightweight Oil,1.0,0.3802,263.0,Globals
Loot_Full_Global_Oils,item,Longshot Oil,1.0,0.3802,263.0,Globals
Loot_Full_Global_Oils,item,Lost In Focus Oil,1.0,0.3802,263.0,Globals
Loot_Full_Global_Oils,item,Low Roller Oil,1.0,0.3802,263.0,Globals
Loot_Full_Global_Oils,item,Machine Oil,1.0,0.3802,263.0,Globals
Loot_Full_Global_Oils,item,Main Discipline Oil,1.0,0.3802,263.0,Globals
Loot_Full_Global_Oils,item,Main Focus Oil,1.0,0.3802,263.0,Globals
Loot_Full_Global_Oils,item,Manifestation Oil,1.0,0.3802,263.0,Globals
Loot_Full_Global_Oils,item,Mantis Shrimp Oil,1.0,0.3802,263.0,Globals
Loot_Full_Global_Oils,item,Matrix Oil,1.0,0.3802,263.0,Globals
Loot_Full_Global_Oils,item,Medicin Ball Oil,1.0,0.3802,263.0,Globals
Loot_Full_Global_Oils,item,Micro Wing Oil,1.0,0.3802,263.0,Globals
Loot_Full_Global_Oils,item,Modern Technology Oil,1.0,0.3802,263.0,Globals
Loot_Full_Global_Oils,item,Moose Oil,1.0,0.3802,263.0,Globals
Loot_Full_Global_Oils,item,Mosquito Oil,1.0,0.3802,263.0,Globals
Loot_Full_Global_Oils,item,Mule Oil,1.0,0.3802,263.0,Globals
Loot_Full_Global_Oils,item,Multichamber Oil,1.0,0.3802,263.0,Globals
Loot_Full_Global_Oils,item,Multishot Oil,1.0,0.3802,263.0,Globals
Loot_Full_Global_Oils,item,Needleeye Oil,1.0,0.3802,263.0,Globals
Loot_Full_Global_Oils,item,Nerf Oil,1.0,0.3802,263.0,Globals
Loot_Full_Global_Oils,item,No Look Oil,1.0,0.3802,263.0,Globals
Loot_Full_Global_Oils,item,No Need Oil,1.0,0.3802,263.0,Globals
Loot_Full_Global_Oils,item,Out of the Box Oil,1.0,0.3802,263.0,Globals
Loot_Full_Global_Oils,item,Over Oil,1.0,0.3802,263.0,Globals
Loot_Full_Global_Oils,item,Overclock Oil,1.0,0.3802,263.0,Globals
Loot_Full_Global_Oils,item,Overdose Oil,1.0,0.3802,263.0,Globals
Loot_Full_Global_Oils,item,Parallel Mag Oil,1.0,0.3802,263.0,Globals
Loot_Full_Global_Oils,item,Peashooter Oil,1.0,0.3802,263.0,Globals
Loot_Full_Global_Oils,item,Penetration Oil,1.0,0.3802,263.0,Globals
Loot_Full_Global_Oils,item,Perfect Bounce Oil,1.0,0.3802,263.0,Globals
Loot_Full_Global_Oils,item,Perforate Oil,1.0,0.3802,263.0,Globals
Loot_Full_Global_Oils,item,Plinker Oil,1.0,0.3802,263.0,Globals
Loot_Full_Global_Oils,item,Plop Back Oil,1.0,0.3802,263.0,Globals
Loot_Full_Global_Oils,item,Pool Oil,1.0,0.3802,263.0,Globals
Loot_Full_Global_Oils,item,Potato Oil,1.0,0.3802,263.0,Globals
Loot_Full_Global_Oils,item,Potshot Oil,1.0,0.3802,263.0,Globals
Loot_Full_Global_Oils,item,Puncher Oil,1.0,0.3802,263.0,Globals
Loot_Full_Global_Oils,item,Puncture Oil,1.0,0.3802,263.0,Globals
Loot_Full_Global_Oils,item,Purse Gun Oil,1.0,0.3802,263.0,Globals
Loot_Full_Global_Oils,item,Ram Oil,1.0,0.3802,263.0,Globals
Loot_Full_Global_Oils,item,Rapid Internals Oil,1.0,0.3802,263.0,Globals
Loot_Full_Global_Oils,item,Ready Oil,1.0,0.3802,263.0,Globals
Loot_Full_Global_Oils,item,Rebound Oil,1.0,0.3802,263.0,Globals
Loot_Full_Global_Oils,item,Recycle Oil,1.0,0.3802,263.0,Globals
Loot_Full_Global_Oils,item,Relax Oil,1.0,0.3802,263.0,Globals
Loot_Full_Global_Oils,item,Release Oil,1.0,0.3802,263.0,Globals
Loot_Full_Global_Oils,item,Reload Oil,1.0,0.3802,263.0,Globals
Loot_Full_Global_Oils,item,RicochetOil,1.0,0.3802,263.0,Globals
Loot_Full_Global_Oils,item,Rigid System Oil,1.0,0.3802,263.0,Globals
Loot_Full_Global_Oils,item,Rigor Oil,1.0,0.3802,263.0,Globals
Loot_Full_Global_Oils,item,Riot Oil,1.0,0.3802,263.0,Globals
Loot_Full_Global_Oils,item,Robust Mechanics Oil,1.0,0.3802,263.0,Globals
Loot_Full_Global_Oils,item,Rookie Oil,1.0,0.3802,263.0,Globals
Loot_Full_Global_Oils,item,Rubber Oil,1.0,0.3802,263.0,Globals
Loot_Full_Global_Oils,item,Rush Job Oil,1.0,0.3802,263.0,Globals
Loot_Full_Global_Oils,item,Safety Oil,1.0,0.3802,263.0,Globals
Loot_Full_Global_Oils,item,Saviour Oil,1.0,0.3802,263.0,Globals
Loot_Full_Global_Oils,item,Scatter Oil,1.0,0.3802,263.0,Globals
Loot_Full_Global_Oils,item,Scramble Oil,1.0,0.3802,263.0,Globals
Loot_Full_Global_Oils,item,Seated Fit Oil,1.0,0.3802,263.0,Globals
Loot_Full_Global_Oils,item,Seated Oil,1.0,0.3802,263.0,Globals
Loot_Full_Global_Oils,item,Sect Oil,1.0,0.3802,263.0,Globals
Loot_Full_Global_Oils,item,Sender Oil,1.0,0.3802,263.0,Globals
Loot_Full_Global_Oils,item,Sensible Oil,1.0,0.3802,263.0,Globals
Loot_Full_Global_Oils,item,Shaved Clip Oil,1.0,0.3802,263.0,Globals
Loot_Full_Global_Oils,item,Shellman Oil,1.0,0.3802,263.0,Globals
Loot_Full_Global_Oils,item,Sherlock Oil,1.0,0.3802,263.0,Globals
Loot_Full_Global_Oils,item,Shove Oil,1.0,0.3802,263.0,Globals
Loot_Full_Global_Oils,item,Shower Oil,1.0,0.3802,263.0,Globals
Loot_Full_Global_Oils,item,Shredder Oil,1.0,0.3802,263.0,Globals
Loot_Full_Global_Oils,item,Size Up Oil,1.0,0.3802,263.0,Globals
Loot_Full_Global_Oils,item,Skip Oil,1.0,0.3802,263.0,Globals
Loot_Full_Global_Oils,item,Slick Oil,1.0,0.3802,263.0,Globals
Loot_Full_Global_Oils,item,Slippy Coating Oil,1.0,0.3802,263.0,Globals
Loot_Full_Global_Oils,item,Slotmachine Oil,1.0,0.3802,263.0,Globals
Loot_Full_Global_Oils,item,Slow Punch Oil,1.0,0.3802,263.0,Globals
Loot_Full_Global_Oils,item,Smart Bullet Oil,1.0,0.3802,263.0,Globals
Loot_Full_Global_Oils,item,Smash Oil,1.0,0.3802,263.0,Globals
Loot_Full_Global_Oils,item,Solid Oil,1.0,0.3802,263.0,Globals
Loot_Full_Global_Oils,item,Spartan Oil,1.0,0.3802,263.0,Globals
Loot_Full_Global_Oils,item,Speed Trade Oil,1.0,0.3802,263.0,Globals
Loot_Full_Global_Oils,item,Spitter Oil,1.0,0.3802,263.0,Globals
Loot_Full_Global_Oils,item,Spread Oil,1.0,0.3802,263.0,Globals
Loot_Full_Global_Oils,item,Stability Oil,1.0,0.3802,263.0,Globals
Loot_Full_Global_Oils,item,Stable Hip Oil,1.0,0.3802,263.0,Globals
Loot_Full_Global_Oils,item,Stationary Oil,1.0,0.3802,263.0,Globals
Loot_Full_Global_Oils,item,Stiffy Fit Oil,1.0,0.3802,263.0,Globals
Loot_Full_Global_Oils,item,Stoic Oil,1.0,0.3802,263.0,Globals
Loot_Full_Global_Oils,item,Sturdy Oil,1.0,0.3802,263.0,Globals
Loot_Full_Global_Oils,item,Supressive Oil,1.0,0.3802,263.0,Globals
Loot_Full_Global_Oils,item,Surgical Laser Oil,1.0,0.3802,263.0,Globals
Loot_Full_Global_Oils,item,Synchronicity Oil,1.0,0.3802,263.0,Globals
Loot_Full_Global_Oils,item,Tactical Oil,1.0,0.3802,263.0,Globals
Loot_Full_Global_Oils,item,Tandem Oil,1.0,0.3802,263.0,Globals
Loot_Full_Global_Oils,item,Task Oil,1.0,0.3802,263.0,Globals
Loot_Full_Global_Oils,item,Tech Support Oil,1.0,0.3802,263.0,Globals
Loot_Full_Global_Oils,item,Tension Oil,1.0,0.3802,263.0,Globals
Loot_Full_Global_Oils,item,Terminator Oil,1.0,0.3802,263.0,Globals
Loot_Full_Global_Oils,item,Tetris Oil,1.0,0.3802,263.0,Globals
Loot_Full_Global_Oils,item,Thorough Oil,1.0,0.3802,263.0,Globals
Loot_Full_Global_Oils,item,Tight Barrel Oil,1.0,0.3802,263.0,Globals
Loot_Full_Global_Oils,item,Tight Oil,1.0,0.3802,263.0,Globals
Loot_Full_Global_Oils,item,Too Much Oil,1.0,0.3802,263.0,Globals
Loot_Full_Global_Oils,item,Trusty Old Oil,1.0,0.3802,263.0,Globals
Loot_Full_Global_Oils,item,Turbulence Oil,1.0,0.3802,263.0,Globals
Loot_Full_Global_Oils,item,Twice Oil,1.0,0.3802,263.0,Globals
Loot_Full_Global_Oils,item,Two Time Oil,1.0,0.3802,263.0,Globals
Loot_Full_Global_Oils,item,Unlabeled Oil,15.0,5.7034,263.0,Globals
Loot_Full_Global_Oils,item,Untechnical Oil,1.0,0.3802,263.0,Globals
Loot_Full_Global_Oils,item,Untightened Screw Oil,1.0,0.3802,263.0,Globals
Loot_Full_Global_Oils,item,Vasectomy Oil,1.0,0.3802,263.0,Globals
Loot_Full_Global_Oils,item,Vegan Oil,1.0,0.3802,263.0,Globals
Loot_Full_Global_Oils,item,Vegetable Oil,1.0,0.3802,263.0,Globals
Loot_Full_Global_Oils,item,Velocity Oil,1.0,0.3802,263.0,Globals
Loot_Full_Global_Oils,item,Walk Easy Oil,1.0,0.3802,263.0,Globals
Loot_Full_Global_Oils,item,Waster Oil,1.0,0.3802,263.0,Globals
Loot_Full_Global_Oils,item,Whim Oil,1.0,0.3802,263.0,Globals
Loot_Full_Global_Oils,item,Whos Counting Oil,1.0,0.3802,263.0,Globals
Loot_Full_Global_Oils,item,Wobble Oil,1.0,0.3802,263.0,Globals
Loot_Full_Global_Oils,item,Xanax Oil,1.0,0.3802,263.0,Globals
Loot_Full_Global_Oils,item,Zero Fucks Oil,1.0,0.3802,263.0,Globals
Loot_Full_Global_Oils,item,Zooming Oil,1.0,0.3802,263.0,Globals
Loot_Full_Global_Scavenge,item,Admiral White Extra Strong,8.0,0.4651,1720.0,Globals
Loot_Full_Global_Scavenge,item,Air Duster,8.0,0.4651,1720.0,Globals
Loot_Full_Global_Scavenge,item,Americano,8.0,0.4651,1720.0,Globals
Loot_Full_Global_Scavenge,item,Anti-Poison Gum,8.0,0.4651,1720.0,Globals
Loot_Full_Global_Scavenge,item,Aspic,8.0,0.4651,1720.0,Globals
Loot_Full_Global_Scavenge,item,Banana,8.0,0.4651,1720.0,Globals
Loot_Full_Global_Scavenge,item,Banana,8.0,0.4651,1720.0,Globals
Loot_Full_Global_Scavenge,item,Banana Bread,8.0,0.4651,1720.0,Globals
Loot_Full_Global_Scavenge,item,Banana Sulfs,8.0,0.4651,1720.0,Globals
Loot_Full_Global_Scavenge,item,Bark,8.0,0.4651,1720.0,Globals
Loot_Full_Global_Scavenge,item,Bark bread,8.0,0.4651,1720.0,Globals
Loot_Full_Global_Scavenge,item,BeGone,8.0,0.4651,1720.0,Globals
Loot_Full_Global_Scavenge,item,Beans,8.0,0.4651,1720.0,Globals
Loot_Full_Global_Scavenge,item,Beef Jerky,8.0,0.4651,1720.0,Globals
Loot_Full_Global_Scavenge,item,Berries,8.0,0.4651,1720.0,Globals
Loot_Full_Global_Scavenge,item,Berry Jam,8.0,0.4651,1720.0,Globals
Loot_Full_Global_Scavenge,item,Berry Jam (Unsweetened),8.0,0.4651,1720.0,Globals
Loot_Full_Global_Scavenge,item,Berry Milkshake,8.0,0.4651,1720.0,Globals
Loot_Full_Global_Scavenge,item,Biscuiits and Gravy,8.0,0.4651,1720.0,Globals
Loot_Full_Global_Scavenge,item,Black Pepper,8.0,0.4651,1720.0,Globals
Loot_Full_Global_Scavenge,item,Bleach,8.0,0.4651,1720.0,Globals
Loot_Full_Global_Scavenge,item,Blood,8.0,0.4651,1720.0,Globals
Loot_Full_Global_Scavenge,item,Blood Pudding,8.0,0.4651,1720.0,Globals
Loot_Full_Global_Scavenge,item,Boba Tea,8.0,0.4651,1720.0,Globals
Loot_Full_Global_Scavenge,item,Bottled Caviar,8.0,0.4651,1720.0,Globals
Loot_Full_Global_Scavenge,item,Bottled Water,8.0,0.4651,1720.0,Globals
Loot_Full_Global_Scavenge,item,Bottled Water,8.0,0.4651,1720.0,Globals
Loot_Full_Global_Scavenge,item,Bread,8.0,0.4651,1720.0,Globals
Loot_Full_Global_Scavenge,item,Bread Sandwich,8.0,0.4651,1720.0,Globals
Loot_Full_Global_Scavenge,item,Broth,8.0,0.4651,1720.0,Globals
Loot_Full_Global_Scavenge,item,Butter,8.0,0.4651,1720.0,Globals
Loot_Full_Global_Scavenge,item,Butter Sandwich,8.0,0.4651,1720.0,Globals
Loot_Full_Global_Scavenge,item,Buttermilk,8.0,0.4651,1720.0,Globals
Loot_Full_Global_Scavenge,item,Buttermilk Pancakes,8.0,0.4651,1720.0,Globals
Loot_Full_Global_Scavenge,item,Cacao,8.0,0.4651,1720.0,Globals
Loot_Full_Global_Scavenge,item,Cactus,8.0,0.4651,1720.0,Globals
Loot_Full_Global_Scavenge,item,Cactus Softdrink,8.0,0.4651,1720.0,Globals
Loot_Full_Global_Scavenge,item,Candy Cane,8.0,0.4651,1720.0,Globals
Loot_Full_Global_Scavenge,item,Cappuccino,8.0,0.4651,1720.0,Globals
Loot_Full_Global_Scavenge,item,Cereal,8.0,0.4651,1720.0,Globals
Loot_Full_Global_Scavenge,item,Cevapi,8.0,0.4651,1720.0,Globals
Loot_Full_Global_Scavenge,item,Cheese,8.0,0.4651,1720.0,Globals
Loot_Full_Global_Scavenge,item,Cheese Sandwich,8.0,0.4651,1720.0,Globals
Loot_Full_Global_Scavenge,item,Cheese Tops,8.0,0.4651,1720.0,Globals
Loot_Full_Global_Scavenge,item,Cheeseburger,8.0,0.4651,1720.0,Globals
Loot_Full_Global_Scavenge,item,Chicken Leg,8.0,0.4651,1720.0,Globals
Loot_Full_Global_Scavenge,item,Chocolate Ball,8.0,0.4651,1720.0,Globals
Loot_Full_Global_Scavenge,item,Chocolate Bar,8.0,0.4651,1720.0,Globals
Loot_Full_Global_Scavenge,item,Chocolate Milkshake,8.0,0.4651,1720.0,Globals
Loot_Full_Global_Scavenge,item,Chocolate Mudcake,8.0,0.4651,1720.0,Globals
Loot_Full_Global_Scavenge,item,Chocolate Syrup,8.0,0.4651,1720.0,Globals
Loot_Full_Global_Scavenge,item,Christmas Spice,8.0,0.4651,1720.0,Globals
Loot_Full_Global_Scavenge,item,Cloth,8.0,0.4651,1720.0,Globals
Loot_Full_Global_Scavenge,item,Coffee,8.0,0.4651,1720.0,Globals
Loot_Full_Global_Scavenge,item,Cordon Bleu,8.0,0.4651,1720.0,Globals
Loot_Full_Global_Scavenge,item,Cotton Candy,8.0,0.4651,1720.0,Globals
Loot_Full_Global_Scavenge,item,Cotton Swabs,8.0,0.4651,1720.0,Globals
Loot_Full_Global_Scavenge,item,Crypt key,8.0,0.4651,1720.0,Globals
Loot_Full_Global_Scavenge,item,Cuisses De Grenouille,8.0,0.4651,1720.0,Globals
Loot_Full_Global_Scavenge,item,Currywurst,8.0,0.4651,1720.0,Globals
Loot_Full_Global_Scavenge,item,Dimmie,8.0,0.4651,1720.0,Globals
Loot_Full_Global_Scavenge,item,Dish Soap,8.0,0.4651,1720.0,Globals
Loot_Full_Global_Scavenge,item,Dopp I Grytan,8.0,0.4651,1720.0,Globals
Loot_Full_Global_Scavenge,item,Double Cheeseburger,8.0,0.4651,1720.0,Globals
Loot_Full_Global_Scavenge,item,Dumpling,8.0,0.4651,1720.0,Globals
Loot_Full_Global_Scavenge,item,Earthworm,8.0,0.4651,1720.0,Globals
Loot_Full_Global_Scavenge,item,Egg,8.0,0.4651,1720.0,Globals
Loot_Full_Global_Scavenge,item,Egg Toddy,8.0,0.4651,1720.0,Globals
Loot_Full_Global_Scavenge,item,Energy Gum,8.0,0.4651,1720.0,Globals
Loot_Full_Global_Scavenge,item,Escargot,8.0,0.4651,1720.0,Globals
Loot_Full_Global_Scavenge,item,False Sulfcap,8.0,0.4651,1720.0,Globals
Loot_Full_Global_Scavenge,item,Fatberg Chunk,8.0,0.4651,1720.0,Globals
Loot_Full_Global_Scavenge,item,First Aid Kit,8.0,0.4651,1720.0,Globals
Loot_Full_Global_Scavenge,item,Fish,8.0,0.4651,1720.0,Globals
Loot_Full_Global_Scavenge,item,Fish and chips,8.0,0.4651,1720.0,Globals
Loot_Full_Global_Scavenge,item,Flat Sandfish,8.0,0.4651,1720.0,Globals
Loot_Full_Global_Scavenge,item,Flour,8.0,0.4651,1720.0,Globals
Loot_Full_Global_Scavenge,item,Fondue,8.0,0.4651,1720.0,Globals
Loot_Full_Global_Scavenge,item,French Hotdog,8.0,0.4651,1720.0,Globals
Loot_Full_Global_Scavenge,item,French Toast,8.0,0.4651,1720.0,Globals
Loot_Full_Global_Scavenge,item,Fried Mushroom ,8.0,0.4651,1720.0,Globals
Loot_Full_Global_Scavenge,item,Frog Leg,8.0,0.4651,1720.0,Globals
Loot_Full_Global_Scavenge,item,Full English Breakfast,8.0,0.4651,1720.0,Globals
Loot_Full_Global_Scavenge,item,Gonster,8.0,0.4651,1720.0,Globals
Loot_Full_Global_Scavenge,item,Gravad Lax,8.0,0.4651,1720.0,Globals
Loot_Full_Global_Scavenge,item,Gravy,8.0,0.4651,1720.0,Globals
Loot_Full_Global_Scavenge,item,Green Glob,8.0,0.4651,1720.0,Globals
Loot_Full_Global_Scavenge,item,Green Tea,8.0,0.4651,1720.0,Globals
Loot_Full_Global_Scavenge,item,Green Tea Gum,8.0,0.4651,1720.0,Globals
Loot_Full_Global_Scavenge,item,Grilled Cactus,8.0,0.4651,1720.0,Globals
Loot_Full_Global_Scavenge,item,Grilled Poultry,8.0,0.4651,1720.0,Globals
Loot_Full_Global_Scavenge,item,Haggis,8.0,0.4651,1720.0,Globals
Loot_Full_Global_Scavenge,item,Hard Bread,8.0,0.4651,1720.0,Globals
Loot_Full_Global_Scavenge,item,Hardshell Taco,8.0,0.4651,1720.0,Globals
Loot_Full_Global_Scavenge,item,Hazelnut,8.0,0.4651,1720.0,Globals
Loot_Full_Global_Scavenge,item,Health Potion,8.0,0.4651,1720.0,Globals
Loot_Full_Global_Scavenge,item,Herbal Tea,8.0,0.4651,1720.0,Globals
Loot_Full_Global_Scavenge,item,Herbal Tea,8.0,0.4651,1720.0,Globals
Loot_Full_Global_Scavenge,item,Herbs,8.0,0.4651,1720.0,Globals
Loot_Full_Global_Scavenge,item,Holy Toast,8.0,0.4651,1720.0,Globals
Loot_Full_Global_Scavenge,item,Holy Water,8.0,0.4651,1720.0,Globals
Loot_Full_Global_Scavenge,item,Hot Pot,8.0,0.4651,1720.0,Globals
Loot_Full_Global_Scavenge,item,Hot Sauce,8.0,0.4651,1720.0,Globals
Loot_Full_Global_Scavenge,item,Hot Snacks,8.0,0.4651,1720.0,Globals
Loot_Full_Global_Scavenge,item,Jansson's Temptation,8.0,0.4651,1720.0,Globals
Loot_Full_Global_Scavenge,item,Jello,8.0,0.4651,1720.0,Globals
Loot_Full_Global_Scavenge,item,Julmust,8.0,0.4651,1720.0,Globals
Loot_Full_Global_Scavenge,item,Karl-Oskar,8.0,0.4651,1720.0,Globals
Loot_Full_Global_Scavenge,item,Kidney Pie,8.0,0.4651,1720.0,Globals
Loot_Full_Global_Scavenge,item,Kidney Stone,8.0,0.4651,1720.0,Globals
Loot_Full_Global_Scavenge,item,Kombucha,8.0,0.4651,1720.0,Globals
Loot_Full_Global_Scavenge,item,Lackerol Cactus,8.0,0.4651,1720.0,Globals
Loot_Full_Global_Scavenge,item,Latte,8.0,0.4651,1720.0,Globals
Loot_Full_Global_Scavenge,item,Lemonade,8.0,0.4651,1720.0,Globals
Loot_Full_Global_Scavenge,item,Leverpastej,8.0,0.4651,1720.0,Globals
Loot_Full_Global_Scavenge,item,Liquor,8.0,0.4651,1720.0,Globals
Loot_Full_Global_Scavenge,item,Liver Patty Sandwich,8.0,0.4651,1720.0,Globals
Loot_Full_Global_Scavenge,item,Low Fat Milk,8.0,0.4651,1720.0,Globals
Loot_Full_Global_Scavenge,item,Lussekatt,8.0,0.4651,1720.0,Globals
Loot_Full_Global_Scavenge,item,Lutfisk,8.0,0.4651,1720.0,Globals
Loot_Full_Global_Scavenge,item,Mac'n'Cheese,8.0,0.4651,1720.0,Globals
Loot_Full_Global_Scavenge,item,Maki,8.0,0.4651,1720.0,Globals
Loot_Full_Global_Scavenge,item,Mashed Potatoes,8.0,0.4651,1720.0,Globals
Loot_Full_Global_Scavenge,item,Matcha,8.0,0.4651,1720.0,Globals
Loot_Full_Global_Scavenge,item,Meat Skewers,8.0,0.4651,1720.0,Globals
Loot_Full_Global_Scavenge,item,Meringue,8.0,0.4651,1720.0,Globals
Loot_Full_Global_Scavenge,item,Metal Scrap,8.0,0.4651,1720.0,Globals
Loot_Full_Global_Scavenge,item,Microfiber Dish Cloth,8.0,0.4651,1720.0,Globals
Loot_Full_Global_Scavenge,item,Mochi,8.0,0.4651,1720.0,Globals
Loot_Full_Global_Scavenge,item,Mulled Wine,8.0,0.4651,1720.0,Globals
Loot_Full_Global_Scavenge,item,Mushroom Omelette,8.0,0.4651,1720.0,Globals
Loot_Full_Global_Scavenge,item,Mushroom Skewer,8.0,0.4651,1720.0,Globals
Loot_Full_Global_Scavenge,item,Mushroom Soup,8.0,0.4651,1720.0,Globals
Loot_Full_Global_Scavenge,item,Mutagen Bottle,8.0,0.4651,1720.0,Globals
Loot_Full_Global_Scavenge,item,Mycota Squamata,8.0,0.4651,1720.0,Globals
Loot_Full_Global_Scavenge,item,Mystery Meat,8.0,0.4651,1720.0,Globals
Loot_Full_Global_Scavenge,item,Nashville Hot Chicken,8.0,0.4651,1720.0,Globals
Loot_Full_Global_Scavenge,item,Nigiri,8.0,0.4651,1720.0,Globals
Loot_Full_Global_Scavenge,item,Nuggets,8.0,0.4651,1720.0,Globals
Loot_Full_Global_Scavenge,item,Nut Mix,8.0,0.4651,1720.0,Globals
Loot_Full_Global_Scavenge,item,Nut Spread,8.0,0.4651,1720.0,Globals
Loot_Full_Global_Scavenge,item,Oats,8.0,0.4651,1720.0,Globals
Loot_Full_Global_Scavenge,item,Omelette,8.0,0.4651,1720.0,Globals
Loot_Full_Global_Scavenge,item,Onigiri,8.0,0.4651,1720.0,Globals
Loot_Full_Global_Scavenge,item,Paper,8.0,0.4651,1720.0,Globals
Loot_Full_Global_Scavenge,item,Peanut,8.0,0.4651,1720.0,Globals
Loot_Full_Global_Scavenge,item,Peanut Butter,8.0,0.4651,1720.0,Globals
Loot_Full_Global_Scavenge,item,Peanutbutter Jelly Sandwich,8.0,0.4651,1720.0,Globals
Loot_Full_Global_Scavenge,item,Peanutbutter Sandwich,8.0,0.4651,1720.0,Globals
Loot_Full_Global_Scavenge,item,Pine nuts,8.0,0.4651,1720.0,Globals
Loot_Full_Global_Scavenge,item,Pizza,8.0,0.4651,1720.0,Globals
Loot_Full_Global_Scavenge,item,Pizza Slice,8.0,0.4651,1720.0,Globals
Loot_Full_Global_Scavenge,item,Porridge,8.0,0.4651,1720.0,Globals
Loot_Full_Global_Scavenge,item,Potato,8.0,0.4651,1720.0,Globals
Loot_Full_Global_Scavenge,item,Potato Salad,8.0,0.4651,1720.0,Globals
Loot_Full_Global_Scavenge,item,Poutine,8.0,0.4651,1720.0,Globals
Loot_Full_Global_Scavenge,item,Power Bar,8.0,0.4651,1720.0,Globals
Loot_Full_Global_Scavenge,item,Puffed Rice Cakes,8.0,0.4651,1720.0,Globals
Loot_Full_Global_Scavenge,item,Pyttipanna,8.0,0.4651,1720.0,Globals
Loot_Full_Global_Scavenge,item,Pölsa,8.0,0.4651,1720.0,Globals
Loot_Full_Global_Scavenge,item,Pølse,8.0,0.4651,1720.0,Globals
Loot_Full_Global_Scavenge,item,Raclette,8.0,0.4651,1720.0,Globals
Loot_Full_Global_Scavenge,item,Ramen,8.0,0.4651,1720.0,Globals
Loot_Full_Global_Scavenge,item,Red Wine,8.0,0.4651,1720.0,Globals
Loot_Full_Global_Scavenge,item,Repair Kit,8.0,0.4651,1720.0,Globals
Loot_Full_Global_Scavenge,item,Rhubarb,8.0,0.4651,1720.0,Globals
Loot_Full_Global_Scavenge,item,Rhubarb Pie,8.0,0.4651,1720.0,Globals
Loot_Full_Global_Scavenge,item,Rhubarb Porridge,8.0,0.4651,1720.0,Globals
Loot_Full_Global_Scavenge,item,Rhubarb Sauce,8.0,0.4651,1720.0,Globals
Loot_Full_Global_Scavenge,item,Rice,8.0,0.4651,1720.0,Globals
Loot_Full_Global_Scavenge,item,Ris à la Malta,8.0,0.4651,1720.0,Globals
Loot_Full_Global_Scavenge,item,Risgrynsgröt,8.0,0.4651,1720.0,Globals
Loot_Full_Global_Scavenge,item,Rock,8.0,0.4651,1720.0,Globals
Loot_Full_Global_Scavenge,item,Rubber,8.0,0.4651,1720.0,Globals
Loot_Full_Global_Scavenge,item,Rödsopp,8.0,0.4651,1720.0,Globals
Loot_Full_Global_Scavenge,item,Rödsopp Paste,8.0,0.4651,1720.0,Globals
Loot_Full_Global_Scavenge,item,Salt,8.0,0.4651,1720.0,Globals
Loot_Full_Global_Scavenge,item,Salted Fish,8.0,0.4651,1720.0,Globals
Loot_Full_Global_Scavenge,item,Salted Sandfish,8.0,0.4651,1720.0,Globals
Loot_Full_Global_Scavenge,item,Sashimi,8.0,0.4651,1720.0,Globals
Loot_Full_Global_Scavenge,item,Sausage Omelette,8.0,0.4651,1720.0,Globals
Loot_Full_Global_Scavenge,item,Sausage On Stick,8.0,0.4651,1720.0,Globals
Loot_Full_Global_Scavenge,item,Sausage Soup,8.0,0.4651,1720.0,Globals
Loot_Full_Global_Scavenge,item,Sawdust,8.0,0.4651,1720.0,Globals
Loot_Full_Global_Scavenge,item,Seaweed,8.0,0.4651,1720.0,Globals
Loot_Full_Global_Scavenge,item,Silltallrik,8.0,0.4651,1720.0,Globals
Loot_Full_Global_Scavenge,item,Skimmed Milk,8.0,0.4651,1720.0,Globals
Loot_Full_Global_Scavenge,item,Slurf,8.0,0.4651,1720.0,Globals
Loot_Full_Global_Scavenge,item,Snail,8.0,0.4651,1720.0,Globals
Loot_Full_Global_Scavenge,item,Soapy Wool,8.0,0.4651,1720.0,Globals
Loot_Full_Global_Scavenge,item,Solution,8.0,0.4651,1720.0,Globals
Loot_Full_Global_Scavenge,item,Spaghetti,8.0,0.4651,1720.0,Globals
Loot_Full_Global_Scavenge,item,Spaghetti Bolognese,8.0,0.4651,1720.0,Globals
Loot_Full_Global_Scavenge,item,Spanish Omelette,8.0,0.4651,1720.0,Globals
Loot_Full_Global_Scavenge,item,Spice Mix,8.0,0.4651,1720.0,Globals
Loot_Full_Global_Scavenge,item,Spicy Sausage,8.0,0.4651,1720.0,Globals
Loot_Full_Global_Scavenge,item,Sports Drink,8.0,0.4651,1720.0,Globals
Loot_Full_Global_Scavenge,item,Stew,8.0,0.4651,1720.0,Globals
Loot_Full_Global_Scavenge,item,Stick,8.0,0.4651,1720.0,Globals
Loot_Full_Global_Scavenge,item,Stout,8.0,0.4651,1720.0,Globals
Loot_Full_Global_Scavenge,item,Sugar,8.0,0.4651,1720.0,Globals
Loot_Full_Global_Scavenge,item,Swedish Pancakes,8.0,0.4651,1720.0,Globals
Loot_Full_Global_Scavenge,item,Sweet Gum,8.0,0.4651,1720.0,Globals
Loot_Full_Global_Scavenge,item,Swing-Ding,8.0,0.4651,1720.0,Globals
Loot_Full_Global_Scavenge,item,Toast Skagen,8.0,0.4651,1720.0,Globals
Loot_Full_Global_Scavenge,item,Tongue On Stick,8.0,0.4651,1720.0,Globals
Loot_Full_Global_Scavenge,item,Tori Ramen,8.0,0.4651,1720.0,Globals
Loot_Full_Global_Scavenge,item,Tube Caviar,8.0,0.4651,1720.0,Globals
Loot_Full_Global_Scavenge,item,Unagi,8.0,0.4651,1720.0,Globals
Loot_Full_Global_Scavenge,item,Used Rubber,8.0,0.4651,1720.0,Globals
Loot_Full_Global_Scavenge,item,Vacuum Cleaner,8.0,0.4651,1720.0,Globals
Loot_Full_Global_Scavenge,item,Velvet Bell,8.0,0.4651,1720.0,Globals
Loot_Full_Global_Scavenge,item,Walnut,8.0,0.4651,1720.0,Globals
Loot_Full_Global_Scavenge,item,Wet Wipes,8.0,0.4651,1720.0,Globals
Loot_Full_Global_Scavenge,item,Whole Milk,8.0,0.4651,1720.0,Globals
Loot_Full_Global_Scavenge 1,item,Admiral White Extra Strong,8.0,0.5405,1480.0,Globals
Loot_Full_Global_Scavenge 1,item,Americano,8.0,0.5405,1480.0,Globals
Loot_Full_Global_Scavenge 1,item,Anti-Poison Gum,8.0,0.5405,1480.0,Globals
Loot_Full_Global_Scavenge 1,item,Aspic,8.0,0.5405,1480.0,Globals
Loot_Full_Global_Scavenge 1,item,Banana,8.0,0.5405,1480.0,Globals
Loot_Full_Global_Scavenge 1,item,Banana Bread,8.0,0.5405,1480.0,Globals
Loot_Full_Global_Scavenge 1,item,Banana Sulfs,8.0,0.5405,1480.0,Globals
Loot_Full_Global_Scavenge 1,item,Bark bread,8.0,0.5405,1480.0,Globals
Loot_Full_Global_Scavenge 1,item,Beans,8.0,0.5405,1480.0,Globals
Loot_Full_Global_Scavenge 1,item,Beef Jerky,8.0,0.5405,1480.0,Globals
Loot_Full_Global_Scavenge 1,item,Berries,8.0,0.5405,1480.0,Globals
Loot_Full_Global_Scavenge 1,item,Berry Jam,8.0,0.5405,1480.0,Globals
Loot_Full_Global_Scavenge 1,item,Berry Jam (Unsweetened),8.0,0.5405,1480.0,Globals
Loot_Full_Global_Scavenge 1,item,Berry Milkshake,8.0,0.5405,1480.0,Globals
Loot_Full_Global_Scavenge 1,item,Biscuiits and Gravy,8.0,0.5405,1480.0,Globals
Loot_Full_Global_Scavenge 1,item,Black Pepper,8.0,0.5405,1480.0,Globals
Loot_Full_Global_Scavenge 1,item,Blood,8.0,0.5405,1480.0,Globals
Loot_Full_Global_Scavenge 1,item,Blood Pudding,8.0,0.5405,1480.0,Globals
Loot_Full_Global_Scavenge 1,item,Boba Tea,8.0,0.5405,1480.0,Globals
Loot_Full_Global_Scavenge 1,item,Bottled Caviar,8.0,0.5405,1480.0,Globals
Loot_Full_Global_Scavenge 1,item,Bottled Water,8.0,0.5405,1480.0,Globals
Loot_Full_Global_Scavenge 1,item,Bottled Water,8.0,0.5405,1480.0,Globals
Loot_Full_Global_Scavenge 1,item,Bread,8.0,0.5405,1480.0,Globals
Loot_Full_Global_Scavenge 1,item,Bread Sandwich,8.0,0.5405,1480.0,Globals
Loot_Full_Global_Scavenge 1,item,Broth,8.0,0.5405,1480.0,Globals
Loot_Full_Global_Scavenge 1,item,Butter,8.0,0.5405,1480.0,Globals
Loot_Full_Global_Scavenge 1,item,Butter Sandwich,8.0,0.5405,1480.0,Globals
Loot_Full_Global_Scavenge 1,item,Buttermilk,8.0,0.5405,1480.0,Globals
Loot_Full_Global_Scavenge 1,item,Buttermilk Pancakes,8.0,0.5405,1480.0,Globals
Loot_Full_Global_Scavenge 1,item,Cacao,8.0,0.5405,1480.0,Globals
Loot_Full_Global_Scavenge 1,item,Cactus,8.0,0.5405,1480.0,Globals
Loot_Full_Global_Scavenge 1,item,Cactus Softdrink,8.0,0.5405,1480.0,Globals
Loot_Full_Global_Scavenge 1,item,Candy Cane,8.0,0.5405,1480.0,Globals
Loot_Full_Global_Scavenge 1,item,Cappuccino,8.0,0.5405,1480.0,Globals
Loot_Full_Global_Scavenge 1,item,Cereal,8.0,0.5405,1480.0,Globals
Loot_Full_Global_Scavenge 1,item,Cevapi,8.0,0.5405,1480.0,Globals
Loot_Full_Global_Scavenge 1,item,Cheese,8.0,0.5405,1480.0,Globals
Loot_Full_Global_Scavenge 1,item,Cheese Sandwich,8.0,0.5405,1480.0,Globals
Loot_Full_Global_Scavenge 1,item,Cheese Tops,8.0,0.5405,1480.0,Globals
Loot_Full_Global_Scavenge 1,item,Cheeseburger,8.0,0.5405,1480.0,Globals
Loot_Full_Global_Scavenge 1,item,Chicken Leg,8.0,0.5405,1480.0,Globals
Loot_Full_Global_Scavenge 1,item,Chocolate Ball,8.0,0.5405,1480.0,Globals
Loot_Full_Global_Scavenge 1,item,Chocolate Bar,8.0,0.5405,1480.0,Globals
Loot_Full_Global_Scavenge 1,item,Chocolate Milkshake,8.0,0.5405,1480.0,Globals
Loot_Full_Global_Scavenge 1,item,Chocolate Mudcake,8.0,0.5405,1480.0,Globals
Loot_Full_Global_Scavenge 1,item,Chocolate Syrup,8.0,0.5405,1480.0,Globals
Loot_Full_Global_Scavenge 1,item,Christmas Spice,8.0,0.5405,1480.0,Globals
Loot_Full_Global_Scavenge 1,item,Coffee,8.0,0.5405,1480.0,Globals
Loot_Full_Global_Scavenge 1,item,Cordon Bleu,8.0,0.5405,1480.0,Globals
Loot_Full_Global_Scavenge 1,item,Cotton Candy,8.0,0.5405,1480.0,Globals
Loot_Full_Global_Scavenge 1,item,Cuisses De Grenouille,8.0,0.5405,1480.0,Globals
Loot_Full_Global_Scavenge 1,item,Currywurst,8.0,0.5405,1480.0,Globals
Loot_Full_Global_Scavenge 1,item,Dimmie,8.0,0.5405,1480.0,Globals
Loot_Full_Global_Scavenge 1,item,Dopp I Grytan,8.0,0.5405,1480.0,Globals
Loot_Full_Global_Scavenge 1,item,Double Cheeseburger,8.0,0.5405,1480.0,Globals
Loot_Full_Global_Scavenge 1,item,Dumpling,8.0,0.5405,1480.0,Globals
Loot_Full_Global_Scavenge 1,item,Egg,8.0,0.5405,1480.0,Globals
Loot_Full_Global_Scavenge 1,item,Egg Toddy,8.0,0.5405,1480.0,Globals
Loot_Full_Global_Scavenge 1,item,Energy Gum,8.0,0.5405,1480.0,Globals
Loot_Full_Global_Scavenge 1,item,Escargot,8.0,0.5405,1480.0,Globals
Loot_Full_Global_Scavenge 1,item,False Sulfcap,8.0,0.5405,1480.0,Globals
Loot_Full_Global_Scavenge 1,item,Fatberg Chunk,8.0,0.5405,1480.0,Globals
Loot_Full_Global_Scavenge 1,item,Fish,8.0,0.5405,1480.0,Globals
Loot_Full_Global_Scavenge 1,item,Fish and chips,8.0,0.5405,1480.0,Globals
Loot_Full_Global_Scavenge 1,item,Flat Sandfish,8.0,0.5405,1480.0,Globals
Loot_Full_Global_Scavenge 1,item,Fondue,8.0,0.5405,1480.0,Globals
Loot_Full_Global_Scavenge 1,item,French Hotdog,8.0,0.5405,1480.0,Globals
Loot_Full_Global_Scavenge 1,item,French Toast,8.0,0.5405,1480.0,Globals
Loot_Full_Global_Scavenge 1,item,Fried Mushroom ,8.0,0.5405,1480.0,Globals
Loot_Full_Global_Scavenge 1,item,Frog Leg,8.0,0.5405,1480.0,Globals
Loot_Full_Global_Scavenge 1,item,Full English Breakfast,8.0,0.5405,1480.0,Globals
Loot_Full_Global_Scavenge 1,item,Gonster,8.0,0.5405,1480.0,Globals
Loot_Full_Global_Scavenge 1,item,Gravad Lax,8.0,0.5405,1480.0,Globals
Loot_Full_Global_Scavenge 1,item,Gravy,8.0,0.5405,1480.0,Globals
Loot_Full_Global_Scavenge 1,item,Green Glob,8.0,0.5405,1480.0,Globals
Loot_Full_Global_Scavenge 1,item,Green Tea,8.0,0.5405,1480.0,Globals
Loot_Full_Global_Scavenge 1,item,Green Tea Gum,8.0,0.5405,1480.0,Globals
Loot_Full_Global_Scavenge 1,item,Grilled Cactus,8.0,0.5405,1480.0,Globals
Loot_Full_Global_Scavenge 1,item,Grilled Poultry,8.0,0.5405,1480.0,Globals
Loot_Full_Global_Scavenge 1,item,Haggis,8.0,0.5405,1480.0,Globals
Loot_Full_Global_Scavenge 1,item,Hard Bread,8.0,0.5405,1480.0,Globals
Loot_Full_Global_Scavenge 1,item,Hardshell Taco,8.0,0.5405,1480.0,Globals
Loot_Full_Global_Scavenge 1,item,Hazelnut,8.0,0.5405,1480.0,Globals
Loot_Full_Global_Scavenge 1,item,Health Potion,8.0,0.5405,1480.0,Globals
Loot_Full_Global_Scavenge 1,item,Herbal Tea,8.0,0.5405,1480.0,Globals
Loot_Full_Global_Scavenge 1,item,Herbs,8.0,0.5405,1480.0,Globals
Loot_Full_Global_Scavenge 1,item,Holy Toast,8.0,0.5405,1480.0,Globals
Loot_Full_Global_Scavenge 1,item,Hot Pot,8.0,0.5405,1480.0,Globals
Loot_Full_Global_Scavenge 1,item,Hot Sauce,8.0,0.5405,1480.0,Globals
Loot_Full_Global_Scavenge 1,item,Hot Snacks,8.0,0.5405,1480.0,Globals
Loot_Full_Global_Scavenge 1,item,Jansson's Temptation,8.0,0.5405,1480.0,Globals
Loot_Full_Global_Scavenge 1,item,Jello,8.0,0.5405,1480.0,Globals
Loot_Full_Global_Scavenge 1,item,Julmust,8.0,0.5405,1480.0,Globals
Loot_Full_Global_Scavenge 1,item,Karl-Oskar,8.0,0.5405,1480.0,Globals
Loot_Full_Global_Scavenge 1,item,Kidney Pie,8.0,0.5405,1480.0,Globals
Loot_Full_Global_Scavenge 1,item,Kidney Stone,8.0,0.5405,1480.0,Globals
Loot_Full_Global_Scavenge 1,item,Kombucha,8.0,0.5405,1480.0,Globals
Loot_Full_Global_Scavenge 1,item,Lackerol Cactus,8.0,0.5405,1480.0,Globals
Loot_Full_Global_Scavenge 1,item,Latte,8.0,0.5405,1480.0,Globals
Loot_Full_Global_Scavenge 1,item,Lemonade,8.0,0.5405,1480.0,Globals
Loot_Full_Global_Scavenge 1,item,Leverpastej,8.0,0.5405,1480.0,Globals
Loot_Full_Global_Scavenge 1,item,Liver Patty Sandwich,8.0,0.5405,1480.0,Globals
Loot_Full_Global_Scavenge 1,item,Low Fat Milk,8.0,0.5405,1480.0,Globals
Loot_Full_Global_Scavenge 1,item,Lussekatt,8.0,0.5405,1480.0,Globals
Loot_Full_Global_Scavenge 1,item,Lutfisk,8.0,0.5405,1480.0,Globals
Loot_Full_Global_Scavenge 1,item,Mac'n'Cheese,8.0,0.5405,1480.0,Globals
Loot_Full_Global_Scavenge 1,item,Maki,8.0,0.5405,1480.0,Globals
Loot_Full_Global_Scavenge 1,item,Mashed Potatoes,8.0,0.5405,1480.0,Globals
Loot_Full_Global_Scavenge 1,item,Matcha,8.0,0.5405,1480.0,Globals
Loot_Full_Global_Scavenge 1,item,Meat Skewers,8.0,0.5405,1480.0,Globals
Loot_Full_Global_Scavenge 1,item,Meringue,8.0,0.5405,1480.0,Globals
Loot_Full_Global_Scavenge 1,item,Mochi,8.0,0.5405,1480.0,Globals
Loot_Full_Global_Scavenge 1,item,Mulled Wine,8.0,0.5405,1480.0,Globals
Loot_Full_Global_Scavenge 1,item,Mushroom Omelette,8.0,0.5405,1480.0,Globals
Loot_Full_Global_Scavenge 1,item,Mushroom Skewer,8.0,0.5405,1480.0,Globals
Loot_Full_Global_Scavenge 1,item,Mushroom Soup,8.0,0.5405,1480.0,Globals
Loot_Full_Global_Scavenge 1,item,Mystery Meat,8.0,0.5405,1480.0,Globals
Loot_Full_Global_Scavenge 1,item,Nashville Hot Chicken,8.0,0.5405,1480.0,Globals
Loot_Full_Global_Scavenge 1,item,Nigiri,8.0,0.5405,1480.0,Globals
Loot_Full_Global_Scavenge 1,item,Nuggets,8.0,0.5405,1480.0,Globals
Loot_Full_Global_Scavenge 1,item,Nut Mix,8.0,0.5405,1480.0,Globals
Loot_Full_Global_Scavenge 1,item,Nut Spread,8.0,0.5405,1480.0,Globals
Loot_Full_Global_Scavenge 1,item,Oats,8.0,0.5405,1480.0,Globals
Loot_Full_Global_Scavenge 1,item,Omelette,8.0,0.5405,1480.0,Globals
Loot_Full_Global_Scavenge 1,item,Onigiri,8.0,0.5405,1480.0,Globals
Loot_Full_Global_Scavenge 1,item,Peanut,8.0,0.5405,1480.0,Globals
Loot_Full_Global_Scavenge 1,item,Peanut Butter,8.0,0.5405,1480.0,Globals
Loot_Full_Global_Scavenge 1,item,Peanutbutter Jelly Sandwich,8.0,0.5405,1480.0,Globals
Loot_Full_Global_Scavenge 1,item,Peanutbutter Sandwich,8.0,0.5405,1480.0,Globals
Loot_Full_Global_Scavenge 1,item,Pine nuts,8.0,0.5405,1480.0,Globals
Loot_Full_Global_Scavenge 1,item,Pizza,8.0,0.5405,1480.0,Globals
Loot_Full_Global_Scavenge 1,item,Pizza Slice,8.0,0.5405,1480.0,Globals
Loot_Full_Global_Scavenge 1,item,Porridge,8.0,0.5405,1480.0,Globals
Loot_Full_Global_Scavenge 1,item,Potato,8.0,0.5405,1480.0,Globals
Loot_Full_Global_Scavenge 1,item,Potato Salad,8.0,0.5405,1480.0,Globals
Loot_Full_Global_Scavenge 1,item,Poutine,8.0,0.5405,1480.0,Globals
Loot_Full_Global_Scavenge 1,item,Power Bar,8.0,0.5405,1480.0,Globals
Loot_Full_Global_Scavenge 1,item,Puffed Rice Cakes,8.0,0.5405,1480.0,Globals
Loot_Full_Global_Scavenge 1,item,Pyttipanna,8.0,0.5405,1480.0,Globals
Loot_Full_Global_Scavenge 1,item,Pölsa,8.0,0.5405,1480.0,Globals
Loot_Full_Global_Scavenge 1,item,Pølse,8.0,0.5405,1480.0,Globals
Loot_Full_Global_Scavenge 1,item,Raclette,8.0,0.5405,1480.0,Globals
Loot_Full_Global_Scavenge 1,item,Ramen,8.0,0.5405,1480.0,Globals
Loot_Full_Global_Scavenge 1,item,Red Wine,8.0,0.5405,1480.0,Globals
Loot_Full_Global_Scavenge 1,item,Rhubarb,8.0,0.5405,1480.0,Globals
Loot_Full_Global_Scavenge 1,item,Rhubarb Pie,8.0,0.5405,1480.0,Globals
Loot_Full_Global_Scavenge 1,item,Rhubarb Porridge,8.0,0.5405,1480.0,Globals
Loot_Full_Global_Scavenge 1,item,Rhubarb Sauce,8.0,0.5405,1480.0,Globals
Loot_Full_Global_Scavenge 1,item,Rice,8.0,0.5405,1480.0,Globals
Loot_Full_Global_Scavenge 1,item,Ris à la Malta,8.0,0.5405,1480.0,Globals
Loot_Full_Global_Scavenge 1,item,Risgrynsgröt,8.0,0.5405,1480.0,Globals
Loot_Full_Global_Scavenge 1,item,Rödsopp,8.0,0.5405,1480.0,Globals
Loot_Full_Global_Scavenge 1,item,Salted Fish,8.0,0.5405,1480.0,Globals
Loot_Full_Global_Scavenge 1,item,Salted Sandfish,8.0,0.5405,1480.0,Globals
Loot_Full_Global_Scavenge 1,item,Sashimi,8.0,0.5405,1480.0,Globals
Loot_Full_Global_Scavenge 1,item,Sausage Omelette,8.0,0.5405,1480.0,Globals
Loot_Full_Global_Scavenge 1,item,Sausage On Stick,8.0,0.5405,1480.0,Globals
Loot_Full_Global_Scavenge 1,item,Sausage Soup,8.0,0.5405,1480.0,Globals
Loot_Full_Global_Scavenge 1,item,Seaweed,8.0,0.5405,1480.0,Globals
Loot_Full_Global_Scavenge 1,item,Silltallrik,8.0,0.5405,1480.0,Globals
Loot_Full_Global_Scavenge 1,item,Skimmed Milk,8.0,0.5405,1480.0,Globals
Loot_Full_Global_Scavenge 1,item,Slurf,8.0,0.5405,1480.0,Globals
Loot_Full_Global_Scavenge 1,item,Snail,8.0,0.5405,1480.0,Globals
Loot_Full_Global_Scavenge 1,item,Solution,8.0,0.5405,1480.0,Globals
Loot_Full_Global_Scavenge 1,item,Spaghetti,8.0,0.5405,1480.0,Globals
Loot_Full_Global_Scavenge 1,item,Spaghetti Bolognese,8.0,0.5405,1480.0,Globals
Loot_Full_Global_Scavenge 1,item,Spanish Omelette,8.0,0.5405,1480.0,Globals
Loot_Full_Global_Scavenge 1,item,Spice Mix,8.0,0.5405,1480.0,Globals
Loot_Full_Global_Scavenge 1,item,Spicy Sausage,8.0,0.5405,1480.0,Globals
Loot_Full_Global_Scavenge 1,item,Sports Drink,8.0,0.5405,1480.0,Globals
Loot_Full_Global_Scavenge 1,item,Stew,8.0,0.5405,1480.0,Globals
Loot_Full_Global_Scavenge 1,item,Stout,8.0,0.5405,1480.0,Globals
Loot_Full_Global_Scavenge 1,item,Sugar,8.0,0.5405,1480.0,Globals
Loot_Full_Global_Scavenge 1,item,Swedish Pancakes,8.0,0.5405,1480.0,Globals
Loot_Full_Global_Scavenge 1,item,Sweet Gum,8.0,0.5405,1480.0,Globals
Loot_Full_Global_Scavenge 1,item,Swing-Ding,8.0,0.5405,1480.0,Globals
Loot_Full_Global_Scavenge 1,item,Toast Skagen,8.0,0.5405,1480.0,Globals
Loot_Full_Global_Scavenge 1,item,Tongue On Stick,8.0,0.5405,1480.0,Globals
Loot_Full_Global_Scavenge 1,item,Tori Ramen,8.0,0.5405,1480.0,Globals
Loot_Full_Global_Scavenge 1,item,Tube Caviar,8.0,0.5405,1480.0,Globals
Loot_Full_Global_Scavenge 1,item,Unagi,8.0,0.5405,1480.0,Globals
Loot_Full_Global_Scavenge 1,item,Vacuum Cleaner,8.0,0.5405,1480.0,Globals
Loot_Full_Global_Scavenge 1,item,Velvet Bell,8.0,0.5405,1480.0,Globals
Loot_Full_Global_Scavenge 1,item,Walnut,8.0,0.5405,1480.0,Globals
Loot_Full_Global_Scavenge 1,item,Whole Milk,8.0,0.5405,1480.0,Globals
Loot_Full_Global_Throwables_RepairKit_ChamberChisel,item,Chamber Chisel (.50 BMG),1.0,0.2632,380.0,Globals
Loot_Full_Global_Throwables_RepairKit_ChamberChisel,item,Chamber Chisel (12ga),1.0,0.2632,380.0,Globals
Loot_Full_Global_Throwables_RepairKit_ChamberChisel,item,Chamber Chisel (5.56mm),1.0,0.2632,380.0,Globals
Loot_Full_Global_Throwables_RepairKit_ChamberChisel,item,Chamber Chisel (7.62mm),1.0,0.2632,380.0,Globals
Loot_Full_Global_Throwables_RepairKit_ChamberChisel,item,Chamber Chisel (9mm),1.0,0.2632,380.0,Globals
Loot_Full_Global_Throwables_RepairKit_ChamberChisel,item,Cryogenic Grenade,40.0,10.5263,380.0,Globals
Loot_Full_Global_Throwables_RepairKit_ChamberChisel,item,Dynamite,40.0,10.5263,380.0,Globals
Loot_Full_Global_Throwables_RepairKit_ChamberChisel,item,Jar of Poison,40.0,10.5263,380.0,Globals
Loot_Full_Global_Throwables_RepairKit_ChamberChisel,item,Molotov Cocktail,40.0,10.5263,380.0,Globals
Loot_Full_Global_Throwables_RepairKit_ChamberChisel,item,Pineapple Grenade,40.0,10.5263,380.0,Globals
Loot_Full_Global_Throwables_RepairKit_ChamberChisel,item,Proximity Mine,40.0,10.5263,380.0,Globals
Loot_Full_Global_Throwables_RepairKit_ChamberChisel,item,Repair Kit,15.0,3.9474,380.0,Globals
Loot_Full_Global_Throwables_RepairKit_ChamberChisel,item,Stick Grenade,40.0,10.5263,380.0,Globals
Loot_Full_Global_Throwables_RepairKit_ChamberChisel,item,Sulfur Grenade,40.0,10.5263,380.0,Globals
Loot_Full_Global_Throwables_RepairKit_ChamberChisel,item,Throwing Knives,40.0,10.5263,380.0,Globals
Loot_Full_Global_Valuables,item,Car Stereo,1.0,4.0,25.0,Globals
Loot_Full_Global_Valuables,item,Craw Guano,1.0,4.0,25.0,Globals
Loot_Full_Global_Valuables,item,DVD Player,1.0,4.0,25.0,Globals
Loot_Full_Global_Valuables,item,Diamond Ring,1.0,4.0,25.0,Globals
Loot_Full_Global_Valuables,item,Driving License,1.0,4.0,25.0,Globals
Loot_Full_Global_Valuables,item,Famous Painting,1.0,4.0,25.0,Globals
Loot_Full_Global_Valuables,item,Fancy Watch,1.0,4.0,25.0,Globals
Loot_Full_Global_Valuables,item,Fine China,1.0,4.0,25.0,Globals
Loot_Full_Global_Valuables,item,Flatscreen TV,1.0,4.0,25.0,Globals
Loot_Full_Global_Valuables,item,Gaming Laptop,1.0,4.0,25.0,Globals
Loot_Full_Global_Valuables,item,Gold Chain,1.0,4.0,25.0,Globals
Loot_Full_Global_Valuables,item,Golden Figurine,1.0,4.0,25.0,Globals
Loot_Full_Global_Valuables,item,Golden Ticket,1.0,4.0,25.0,Globals
Loot_Full_Global_Valuables,item,Insurance,1.0,4.0,25.0,Globals
Loot_Full_Global_Valuables,item,MP3 Player,1.0,4.0,25.0,Globals
Loot_Full_Global_Valuables,item,Minidisc,1.0,4.0,25.0,Globals
Loot_Full_Global_Valuables,item,Old Vintage,1.0,4.0,25.0,Globals
Loot_Full_Global_Valuables,item,Ornamental Vase,1.0,4.0,25.0,Globals
Loot_Full_Global_Valuables,item,Poker Chips,1.0,4.0,25.0,Globals
Loot_Full_Global_Valuables,item,Quaint Little Spoon,1.0,4.0,25.0,Globals
Loot_Full_Global_Valuables,item,Shav'Wa Soap,1.0,4.0,25.0,Globals
Loot_Full_Global_Valuables,item,Smartphone,1.0,4.0,25.0,Globals
Loot_Full_Global_Valuables,item,Soul Resin,1.0,4.0,25.0,Globals
Loot_Full_Global_Valuables,item,Stamp,1.0,4.0,25.0,Globals
Loot_Full_Global_Valuables,item,The Cost,1.0,4.0,25.0,Globals
Loot_Full_Global_Valuables_ExclFlatscreen,item,Car Stereo,1.0,4.5455,22.0,Globals
Loot_Full_Global_Valuables_ExclFlatscreen,item,Craw Guano,1.0,4.5455,22.0,Globals
Loot_Full_Global_Valuables_ExclFlatscreen,item,DVD Player,1.0,4.5455,22.0,Globals
Loot_Full_Global_Valuables_ExclFlatscreen,item,Diamond Ring,1.0,4.5455,22.0,Globals
Loot_Full_Global_Valuables_ExclFlatscreen,item,Driving License,1.0,4.5455,22.0,Globals
Loot_Full_Global_Valuables_ExclFlatscreen,item,Famous Painting,1.0,4.5455,22.0,Globals
Loot_Full_Global_Valuables_ExclFlatscreen,item,Fancy Watch,1.0,4.5455,22.0,Globals
Loot_Full_Global_Valuables_ExclFlatscreen,item,Fine China,1.0,4.5455,22.0,Globals
Loot_Full_Global_Valuables_ExclFlatscreen,item,Gaming Laptop,1.0,4.5455,22.0,Globals
Loot_Full_Global_Valuables_ExclFlatscreen,item,Gold Chain,1.0,4.5455,22.0,Globals
Loot_Full_Global_Valuables_ExclFlatscreen,item,Golden Figurine,1.0,4.5455,22.0,Globals
Loot_Full_Global_Valuables_ExclFlatscreen,item,Golden Ticket,1.0,4.5455,22.0,Globals
Loot_Full_Global_Valuables_ExclFlatscreen,item,MP3 Player,1.0,4.5455,22.0,Globals
Loot_Full_Global_Valuables_ExclFlatscreen,item,Minidisc,1.0,4.5455,22.0,Globals
Loot_Full_Global_Valuables_ExclFlatscreen,item,Old Vintage,1.0,4.5455,22.0,Globals
Loot_Full_Global_Valuables_ExclFlatscreen,item,Ornamental Vase,1.0,4.5455,22.0,Globals
Loot_Full_Global_Valuables_ExclFlatscreen,item,Poker Chips,1.0,4.5455,22.0,Globals
Loot_Full_Global_Valuables_ExclFlatscreen,item,Quaint Little Spoon,1.0,4.5455,22.0,Globals
Loot_Full_Global_Valuables_ExclFlatscreen,item,Shav'Wa Soap,1.0,4.5455,22.0,Globals
Loot_Full_Global_Valuables_ExclFlatscreen,item,Smartphone,1.0,4.5455,22.0,Globals
Loot_Full_Global_Valuables_ExclFlatscreen,item,Soul Resin,1.0,4.5455,22.0,Globals
Loot_Full_Global_Valuables_ExclFlatscreen,item,The Cost,1.0,4.5455,22.0,Globals
Loot_Global_Everything,item,.357 Balthazar,25.0,0.0457,54692.0,.
Loot_Global_Everything,item,1884 Mario,30.0,0.0549,54692.0,.
Loot_Global_Everything,item,A12C Muzzle Brake,50.0,0.0914,54692.0,.
Loot_Global_Everything,item,Action Oil,80.0,0.1463,54692.0,.
Loot_Global_Everything,item,Add Damage Oil,80.0,0.1463,54692.0,.
Loot_Global_Everything,item,Admiral White Extra Strong,100.0,0.1828,54692.0,.
Loot_Global_Everything,item,Aftermarket Haukland Silencer,50.0,0.0914,54692.0,.
Loot_Global_Everything,item,Aimless Oil,80.0,0.1463,54692.0,.
Loot_Global_Everything,item,Air Bat,50.0,0.0914,54692.0,.
Loot_Global_Everything,item,Air Duster,100.0,0.1828,54692.0,.
Loot_Global_Everything,item,Airsoft Oil,80.0,0.1463,54692.0,.
Loot_Global_Everything,item,Altruistic Oil,80.0,0.1463,54692.0,.
Loot_Global_Everything,item,Americano,100.0,0.1828,54692.0,.
Loot_Global_Everything,item,Anti-Poison Gum,100.0,0.1828,54692.0,.
Loot_Global_Everything,item,Arbiter 2,30.0,0.0549,54692.0,.
Loot_Global_Everything,item,Arkanoid Oil,80.0,0.1463,54692.0,.
Loot_Global_Everything,item,Arrow Oil,80.0,0.1463,54692.0,.
Loot_Global_Everything,item,Artery Oil,80.0,0.1463,54692.0,.
Loot_Global_Everything,item,Artillery Oil,80.0,0.1463,54692.0,.
Loot_Global_Everything,item,Ascetic Oil,80.0,0.1463,54692.0,.
Loot_Global_Everything,item,Aspic,100.0,0.1828,54692.0,.
Loot_Global_Everything,item,AssWheel,60.0,0.1097,54692.0,.
Loot_Global_Everything,item,Assassin Dart Oil,80.0,0.1463,54692.0,.
Loot_Global_Everything,item,Assault Scope,50.0,0.0914,54692.0,.
Loot_Global_Everything,item,Attack Speed Oil,80.0,0.1463,54692.0,.
Loot_Global_Everything,item,Augusta,30.0,0.0549,54692.0,.
Loot_Global_Everything,item,Axe Oil,80.0,0.1463,54692.0,.
Loot_Global_Everything,item,BB Oil,80.0,0.1463,54692.0,.
Loot_Global_Everything,item,Bad Planet Oil,80.0,0.1463,54692.0,.
Loot_Global_Everything,item,Badass Vest,50.0,0.0914,54692.0,.
Loot_Global_Everything,item,Balaclava,50.0,0.0914,54692.0,.
Loot_Global_Everything,item,Ballistic Helmet,50.0,0.0914,54692.0,.
Loot_Global_Everything,item,Ballistic Vest,50.0,0.0914,54692.0,.
Loot_Global_Everything,item,Banana,100.0,0.1828,54692.0,.
Loot_Global_Everything,item,Banana,100.0,0.1828,54692.0,.
Loot_Global_Everything,item,Banana Bread,100.0,0.1828,54692.0,.
Loot_Global_Everything,item,Banana Sulfs,100.0,0.1828,54692.0,.
Loot_Global_Everything,item,Bandit Oil,80.0,0.1463,54692.0,.
Loot_Global_Everything,item,Bark,100.0,0.1828,54692.0,.
Loot_Global_Everything,item,Bark bread,100.0,0.1828,54692.0,.
Loot_Global_Everything,item,"Barrel Extension 2""",50.0,0.0914,54692.0,.
Loot_Global_Everything,item,"Barrel Extension 4""",50.0,0.0914,54692.0,.
Loot_Global_Everything,item,"Barrel Extension 6""",50.0,0.0914,54692.0,.
Loot_Global_Everything,item,Bathrobe,50.0,0.0914,54692.0,.
Loot_Global_Everything,item,BeGone,100.0,0.1828,54692.0,.
Loot_Global_Everything,item,Beanie,50.0,0.0914,54692.0,.
Loot_Global_Everything,item,Beans,100.0,0.1828,54692.0,.
Loot_Global_Everything,item,Beck 8,40.0,0.0731,54692.0,.
Loot_Global_Everything,item,Beef Jerky,100.0,0.1828,54692.0,.
Loot_Global_Everything,item,Beer Helmet,50.0,0.0914,54692.0,.
Loot_Global_Everything,item,Berries,100.0,0.1828,54692.0,.
Loot_Global_Everything,item,Berry Jam,100.0,0.1828,54692.0,.
Loot_Global_Everything,item,Berry Jam (Unsweetened),100.0,0.1828,54692.0,.
Loot_Global_Everything,item,Berry Milkshake,100.0,0.1828,54692.0,.
Loot_Global_Everything,item,Big Oil,80.0,0.1463,54692.0,.
Loot_Global_Everything,item,Big Tax Oil,40.0,0.0731,54692.0,.
Loot_Global_Everything,item,Birth Oil,40.0,0.0731,54692.0,.
Loot_Global_Everything,item,Biscuiits and Gravy,100.0,0.1828,54692.0,.
Loot_Global_Everything,item,Black Friday Oil,80.0,0.1463,54692.0,.
Loot_Global_Everything,item,Black Pepper,50.0,0.0914,54692.0,.
Loot_Global_Everything,item,Blackwater,15.0,0.0274,54692.0,.
Loot_Global_Everything,item,Blast Boot,100.0,0.1828,54692.0,.
Loot_Global_Everything,item,Bleach,100.0,0.1828,54692.0,.
Loot_Global_Everything,item,Blindfold,50.0,0.0914,54692.0,.
Loot_Global_Everything,item,Blindfold Oil,80.0,0.1463,54692.0,.
Loot_Global_Everything,item,Blood,100.0,0.1828,54692.0,.
Loot_Global_Everything,item,Blood Pudding,100.0,0.1828,54692.0,.
Loot_Global_Everything,item,Blue Bandana,50.0,0.0914,54692.0,.
Loot_Global_Everything,item,Blue Slipper,50.0,0.0914,54692.0,.
Loot_Global_Everything,item,Blurt Oil,80.0,0.1463,54692.0,.
Loot_Global_Everything,item,Bo,15.0,0.0274,54692.0,.
Loot_Global_Everything,item,Boba Tea,100.0,0.1828,54692.0,.
Loot_Global_Everything,item,Bombard Oil,80.0,0.1463,54692.0,.
Loot_Global_Everything,item,Boomstick Oil,80.0,0.1463,54692.0,.
Loot_Global_Everything,item,Bottled Caviar,100.0,0.1828,54692.0,.
Loot_Global_Everything,item,Bottled Water,100.0,0.1828,54692.0,.
Loot_Global_Everything,item,Bottled Water,100.0,0.1828,54692.0,.
Loot_Global_Everything,item,Boulder Oil,80.0,0.1463,54692.0,.
Loot_Global_Everything,item,Bowl Oil,80.0,0.1463,54692.0,.
Loot_Global_Everything,item,Braced Oil,80.0,0.1463,54692.0,.
Loot_Global_Everything,item,Breacher 8,35.0,0.064,54692.0,.
Loot_Global_Everything,item,Bread,100.0,0.1828,54692.0,.
Loot_Global_Everything,item,Bread Sandwich,100.0,0.1828,54692.0,.
Loot_Global_Everything,item,Breastplate,50.0,0.0914,54692.0,.
Loot_Global_Everything,item,Breznik BMD,50.0,0.0914,54692.0,.
Loot_Global_Everything,item,Breznik BMD (Tactical),50.0,0.0914,54692.0,.
Loot_Global_Everything,item,Bronco 89,40.0,0.0731,54692.0,.
Loot_Global_Everything,item,Broth,100.0,0.1828,54692.0,.
Loot_Global_Everything,item,Brute Oil,80.0,0.1463,54692.0,.
Loot_Global_Everything,item,Bulk Oil,80.0,0.1463,54692.0,.
Loot_Global_Everything,item,Butter,100.0,0.1828,54692.0,.
Loot_Global_Everything,item,Butter Sandwich,100.0,0.1828,54692.0,.
Loot_Global_Everything,item,Buttermilk,100.0,0.1828,54692.0,.
Loot_Global_Everything,item,Buttermilk Pancakes,100.0,0.1828,54692.0,.
Loot_Global_Everything,item,Bystander Oil,80.0,0.1463,54692.0,.
Loot_Global_Everything,item,Cacao,100.0,0.1828,54692.0,.
Loot_Global_Everything,item,Cactus,100.0,0.1828,54692.0,.
Loot_Global_Everything,item,Cactus Softdrink,100.0,0.1828,54692.0,.
Loot_Global_Everything,item,Camo Jacket,50.0,0.0914,54692.0,.
Loot_Global_Everything,item,Candy Cane,40.0,0.0731,54692.0,.
Loot_Global_Everything,item,Cap,50.0,0.0914,54692.0,.
Loot_Global_Everything,item,Cappuccino,100.0,0.1828,54692.0,.
Loot_Global_Everything,item,Car Stereo,20.0,0.0366,54692.0,.
Loot_Global_Everything,item,Carefree Oil,80.0,0.1463,54692.0,.
Loot_Global_Everything,item,Careful Oil,80.0,0.1463,54692.0,.
Loot_Global_Everything,item,Careless Splitter Oil,80.0,0.1463,54692.0,.
Loot_Global_Everything,item,Cartoon Oil,80.0,0.1463,54692.0,.
Loot_Global_Everything,item,Casual Oil,80.0,0.1463,54692.0,.
Loot_Global_Everything,item,Catacoil Rapid X,20.0,0.0366,54692.0,.
Loot_Global_Everything,item,Cavalier,40.0,0.0731,54692.0,.
Loot_Global_Everything,item,Cereal,100.0,0.1828,54692.0,.
Loot_Global_Everything,item,Cevapi,100.0,0.1828,54692.0,.
Loot_Global_Everything,item,Chamber Chisel (.50 BMG),10.0,0.0183,54692.0,.
Loot_Global_Everything,item,Chamber Chisel (12ga),10.0,0.0183,54692.0,.
Loot_Global_Everything,item,Chamber Chisel (5.56mm),10.0,0.0183,54692.0,.
Loot_Global_Everything,item,Chamber Chisel (7.62mm),10.0,0.0183,54692.0,.
Loot_Global_Everything,item,Chamber Chisel (9mm),10.0,0.0183,54692.0,.
Loot_Global_Everything,item,Chat-Pardeur 98,20.0,0.0366,54692.0,.
Loot_Global_Everything,item,Cheap Oil,80.0,0.1463,54692.0,.
Loot_Global_Everything,item,Cheese,100.0,0.1828,54692.0,.
Loot_Global_Everything,item,Cheese Sandwich,100.0,0.1828,54692.0,.
Loot_Global_Everything,item,Cheese Tops,100.0,0.1828,54692.0,.
Loot_Global_Everything,item,Cheeseburger,100.0,0.1828,54692.0,.
Loot_Global_Everything,item,Chicken Leg,100.0,0.1828,54692.0,.
Loot_Global_Everything,item,Chimera Rapid,15.0,0.0274,54692.0,.
Loot_Global_Everything,item,Chocolate Ball,100.0,0.1828,54692.0,.
Loot_Global_Everything,item,Chocolate Bar,100.0,0.1828,54692.0,.
Loot_Global_Everything,item,Chocolate Milkshake,100.0,0.1828,54692.0,.
Loot_Global_Everything,item,Chocolate Mudcake,100.0,0.1828,54692.0,.
Loot_Global_Everything,item,Chocolate Syrup,100.0,0.1828,54692.0,.
Loot_Global_Everything,item,Chonk Oil,40.0,0.0731,54692.0,.
Loot_Global_Everything,item,Christmas Sock,50.0,0.0914,54692.0,.
Loot_Global_Everything,item,Christmas Spice,100.0,0.1828,54692.0,.
Loot_Global_Everything,item,Christmas Sweater,50.0,0.0914,54692.0,.
Loot_Global_Everything,item,Christmas Sweater,25.0,0.0457,54692.0,.
Loot_Global_Everything,item,Chub Oil,40.0,0.0731,54692.0,.
Loot_Global_Everything,item,Clash Oil,80.0,0.1463,54692.0,.
Loot_Global_Everything,item,Clog,50.0,0.0914,54692.0,.
Loot_Global_Everything,item,Cloth,100.0,0.1828,54692.0,.
Loot_Global_Everything,item,Clump Oil,40.0,0.0731,54692.0,.
Loot_Global_Everything,item,Coffee,100.0,0.1828,54692.0,.
Loot_Global_Everything,item,Collateral Oil,80.0,0.1463,54692.0,.
Loot_Global_Everything,item,Combat Boot,50.0,0.0914,54692.0,.
Loot_Global_Everything,item,Compact Sight,50.0,0.0914,54692.0,.
Loot_Global_Everything,item,Complicated Oil,80.0,0.1463,54692.0,.
Loot_Global_Everything,item,Compo Oil,80.0,0.1463,54692.0,.
Loot_Global_Everything,item,Confidence Oil,80.0,0.1463,54692.0,.
Loot_Global_Everything,item,Congestion Oil,40.0,0.0731,54692.0,.
Loot_Global_Everything,item,Considerate Oil,80.0,0.1463,54692.0,.
Loot_Global_Everything,item,Contained Force Oil,80.0,0.1463,54692.0,.
Loot_Global_Everything,item,Cordon Bleu,100.0,0.1828,54692.0,.
Loot_Global_Everything,item,Corpsemaker,25.0,0.0457,54692.0,.
Loot_Global_Everything,item,Cotton Candy,100.0,0.1828,54692.0,.
Loot_Global_Everything,item,Cotton Swabs,100.0,0.1828,54692.0,.
Loot_Global_Everything,item,Cotton Swabs,100.0,0.1828,54692.0,.
Loot_Global_Everything,item,Cowboy Boot,50.0,0.0914,54692.0,.
Loot_Global_Everything,item,Cowboy Hat,50.0,0.0914,54692.0,.
Loot_Global_Everything,item,Cowboy Vest,50.0,0.0914,54692.0,.
Loot_Global_Everything,item,Craw Guano,20.0,0.0366,54692.0,.
Loot_Global_Everything,item,Critical Oil,80.0,0.1463,54692.0,.
Loot_Global_Everything,item,Crown,10.0,0.0183,54692.0,.
Loot_Global_Everything,item,Cryogenic Grenade,400.0,0.7314,54692.0,.
Loot_Global_Everything,item,Cuisses De Grenouille,100.0,0.1828,54692.0,.
Loot_Global_Everything,item,Currywurst,100.0,0.1828,54692.0,.
Loot_Global_Everything,item,Cycle Oil,80.0,0.1463,54692.0,.
Loot_Global_Everything,item,D4RT,15.0,0.0274,54692.0,.
Loot_Global_Everything,item,DVD Player,20.0,0.0366,54692.0,.
Loot_Global_Everything,item,Damage Oil,80.0,0.1463,54692.0,.
Loot_Global_Everything,item,Dark Lamp,60.0,0.1097,54692.0,.
Loot_Global_Everything,item,Dart Oil,80.0,0.1463,54692.0,.
Loot_Global_Everything,item,Dead Center Oil,80.0,0.1463,54692.0,.
Loot_Global_Everything,item,Death Star,25.0,0.0457,54692.0,.
Loot_Global_Everything,item,Death's Toll,20.0,0.0366,54692.0,.
Loot_Global_Everything,item,Delayed Hyper Tube Oil,80.0,0.1463,54692.0,.
Loot_Global_Everything,item,Denim Jacket,50.0,0.0914,54692.0,.
Loot_Global_Everything,item,Dense Oil,80.0,0.1463,54692.0,.
Loot_Global_Everything,item,Detective Pipe,60.0,0.1097,54692.0,.
Loot_Global_Everything,item,Detune Oil,80.0,0.1463,54692.0,.
Loot_Global_Everything,item,Diamond Ring,20.0,0.0366,54692.0,.
Loot_Global_Everything,item,Diesel Oil,80.0,0.1463,54692.0,.
Loot_Global_Everything,item,Dimmie,100.0,0.1828,54692.0,.
Loot_Global_Everything,item,Dinner Jacket,25.0,0.0457,54692.0,.
Loot_Global_Everything,item,Discharge Oil,80.0,0.1463,54692.0,.
Loot_Global_Everything,item,Disposable Oil,80.0,0.1463,54692.0,.
Loot_Global_Everything,item,Diving Fin,50.0,0.0914,54692.0,.
Loot_Global_Everything,item,Diving Mask,50.0,0.0914,54692.0,.
Loot_Global_Everything,item,Division Oil,80.0,0.1463,54692.0,.
Loot_Global_Everything,item,Do-over Oil,80.0,0.1463,54692.0,.
Loot_Global_Everything,item,Dog Whistle,60.0,0.1097,54692.0,.
Loot_Global_Everything,item,Dogtags,60.0,0.1097,54692.0,.
Loot_Global_Everything,item,Dolphin 99,25.0,0.0457,54692.0,.
Loot_Global_Everything,item,Dopp I Grytan,100.0,0.1828,54692.0,.
Loot_Global_Everything,item,Double Cheeseburger,100.0,0.1828,54692.0,.
Loot_Global_Everything,item,Double Fire Oil,80.0,0.1463,54692.0,.
Loot_Global_Everything,item,Double Lock Oil,80.0,0.1463,54692.0,.
Loot_Global_Everything,item,Double Nothing Oil,80.0,0.1463,54692.0,.
Loot_Global_Everything,item,Dress Shoe,25.0,0.0457,54692.0,.
Loot_Global_Everything,item,Drifter 9,50.0,0.0914,54692.0,.
Loot_Global_Everything,item,Driving License,20.0,0.0366,54692.0,.
Loot_Global_Everything,item,Duhar,15.0,0.0274,54692.0,.
Loot_Global_Everything,item,Dum Dum Oil,80.0,0.1463,54692.0,.
Loot_Global_Everything,item,Dumpling,100.0,0.1828,54692.0,.
Loot_Global_Everything,item,Dunce Cap,50.0,0.0914,54692.0,.
Loot_Global_Everything,item,Dynamic Oil,80.0,0.1463,54692.0,.
Loot_Global_Everything,item,Dynamite,600.0,1.0971,54692.0,.
Loot_Global_Everything,item,Ear Protectors,50.0,0.0914,54692.0,.
Loot_Global_Everything,item,Earthworm,150.0,0.2743,54692.0,.
Loot_Global_Everything,item,Easy Oil,80.0,0.1463,54692.0,.
Loot_Global_Everything,item,Easy Plop Oil,80.0,0.1463,54692.0,.
Loot_Global_Everything,item,Egg,100.0,0.1828,54692.0,.
Loot_Global_Everything,item,Egg Toddy,100.0,0.1828,54692.0,.
Loot_Global_Everything,item,Elephant Oil,80.0,0.1463,54692.0,.
Loot_Global_Everything,item,Enchantment_BoltOil,80.0,0.1463,54692.0,.
Loot_Global_Everything,item,Enchantment_SoftBulletOil,80.0,0.1463,54692.0,.
Loot_Global_Everything,item,Encrypted Hoodie,50.0,0.0914,54692.0,.
Loot_Global_Everything,item,Energy Gum,100.0,0.1828,54692.0,.
Loot_Global_Everything,item,Escargot,100.0,0.1828,54692.0,.
Loot_Global_Everything,item,Excessive Force Oil,80.0,0.1463,54692.0,.
Loot_Global_Everything,item,Excessive Powder Oil,80.0,0.1463,54692.0,.
Loot_Global_Everything,item,Exotic Barrel Oil,80.0,0.1463,54692.0,.
Loot_Global_Everything,item,Expander Oil,80.0,0.1463,54692.0,.
Loot_Global_Everything,item,Extra Lung,60.0,0.1097,54692.0,.
Loot_Global_Everything,item,Extra Powder Oil,80.0,0.1463,54692.0,.
Loot_Global_Everything,item,Eye Patch,50.0,0.0914,54692.0,.
Loot_Global_Everything,item,False Sulfcap,100.0,0.1828,54692.0,.
Loot_Global_Everything,item,Famous Painting,20.0,0.0366,54692.0,.
Loot_Global_Everything,item,Fancy Watch,20.0,0.0366,54692.0,.
Loot_Global_Everything,item,Farsight,20.0,0.0366,54692.0,.
Loot_Global_Everything,item,Farsighted Oil,80.0,0.1463,54692.0,.
Loot_Global_Everything,item,Fast Bet Oil,80.0,0.1463,54692.0,.
Loot_Global_Everything,item,Fatberg Chunk,100.0,0.1828,54692.0,.
Loot_Global_Everything,item,Father's Shirt,10.0,0.0183,54692.0,.
Loot_Global_Everything,item,FeatureGun,80.0,0.1463,54692.0,.
Loot_Global_Everything,item,Ferryman,15.0,0.0274,54692.0,.
Loot_Global_Everything,item,Fidget Lord Oil,80.0,0.1463,54692.0,.
Loot_Global_Everything,item,Fidget Oil,80.0,0.1463,54692.0,.
Loot_Global_Everything,item,Fine China,20.0,0.0366,54692.0,.
Loot_Global_Everything,item,Firefighter Helmet,50.0,0.0914,54692.0,.
Loot_Global_Everything,item,Firefighter Jacket,50.0,0.0914,54692.0,.
Loot_Global_Everything,item,First Aid Kit,100.0,0.1828,54692.0,.
Loot_Global_Everything,item,First Blood Oil,80.0,0.1463,54692.0,.
Loot_Global_Everything,item,Fish,100.0,0.1828,54692.0,.
Loot_Global_Everything,item,Fish and chips,100.0,0.1828,54692.0,.
Loot_Global_Everything,item,Flat Energy Oil,80.0,0.1463,54692.0,.
Loot_Global_Everything,item,Flat Sandfish,100.0,0.1828,54692.0,.
Loot_Global_Everything,item,Flatscreen TV,20.0,0.0366,54692.0,.
Loot_Global_Everything,item,Flea Oil,80.0,0.1463,54692.0,.
Loot_Global_Everything,item,Flicker Zip,50.0,0.0914,54692.0,.
Loot_Global_Everything,item,Flock,25.0,0.0457,54692.0,.
Loot_Global_Everything,item,Flop Oil,40.0,0.0731,54692.0,.
Loot_Global_Everything,item,Flour,100.0,0.1828,54692.0,.
Loot_Global_Everything,item,Flow Funnel Oil,80.0,0.1463,54692.0,.
Loot_Global_Everything,item,Fluffy Hat,50.0,0.0914,54692.0,.
Loot_Global_Everything,item,Fondue,100.0,0.1828,54692.0,.
Loot_Global_Everything,item,Food Stamp Oil,80.0,0.1463,54692.0,.
Loot_Global_Everything,item,Four-leaf Clover,60.0,0.1097,54692.0,.
Loot_Global_Everything,item,Fragile System Oil,80.0,0.1463,54692.0,.
Loot_Global_Everything,item,Franciscan Oil,80.0,0.1463,54692.0,.
Loot_Global_Everything,item,French Hotdog,100.0,0.1828,54692.0,.
Loot_Global_Everything,item,French Toast,100.0,0.1828,54692.0,.
Loot_Global_Everything,item,Fried Mushroom ,100.0,0.1828,54692.0,.
Loot_Global_Everything,item,Frog Leg,100.0,0.1828,54692.0,.
Loot_Global_Everything,item,Frugal Oil,80.0,0.1463,54692.0,.
Loot_Global_Everything,item,Full English Breakfast,100.0,0.1828,54692.0,.
Loot_Global_Everything,item,Gambler Oil,80.0,0.1463,54692.0,.
Loot_Global_Everything,item,Gaming Laptop,20.0,0.0366,54692.0,.
Loot_Global_Everything,item,Gargantuan Oil,40.0,0.0731,54692.0,.
Loot_Global_Everything,item,Gas Mask,50.0,0.0914,54692.0,.
Loot_Global_Everything,item,Gemini Oil,80.0,0.1463,54692.0,.
Loot_Global_Everything,item,Genie Shoe,50.0,0.0914,54692.0,.
Loot_Global_Everything,item,Gentle Oil,80.0,0.1463,54692.0,.
Loot_Global_Everything,item,Geta,50.0,0.0914,54692.0,.
Loot_Global_Everything,item,Ghillie Suit,30.0,0.0549,54692.0,.
Loot_Global_Everything,item,Glass Cannon Oil,80.0,0.1463,54692.0,.
Loot_Global_Everything,item,Gold Chain,20.0,0.0366,54692.0,.
Loot_Global_Everything,item,Golden Figurine,20.0,0.0366,54692.0,.
Loot_Global_Everything,item,Golden Slipper,20.0,0.0366,54692.0,.
Loot_Global_Everything,item,Golden Ticket,20.0,0.0366,54692.0,.
Loot_Global_Everything,item,Gonster,100.0,0.1828,54692.0,.
Loot_Global_Everything,item,Gravad Lax,40.0,0.0731,54692.0,.
Loot_Global_Everything,item,Gravekeeper,50.0,0.0914,54692.0,.
Loot_Global_Everything,item,Gravy,100.0,0.1828,54692.0,.
Loot_Global_Everything,item,Great Oil,80.0,0.1463,54692.0,.
Loot_Global_Everything,item,Green Glob,100.0,0.1828,54692.0,.
Loot_Global_Everything,item,Green Tea,100.0,0.1828,54692.0,.
Loot_Global_Everything,item,Green Tea Gum,100.0,0.1828,54692.0,.
Loot_Global_Everything,item,Green Tunic,50.0,0.0914,54692.0,.
Loot_Global_Everything,item,Grilled Cactus,100.0,0.1828,54692.0,.
Loot_Global_Everything,item,Grilled Poultry,100.0,0.1828,54692.0,.
Loot_Global_Everything,item,Grounded Oil,80.0,0.1463,54692.0,.
Loot_Global_Everything,item,Gun Crank,50.0,0.0914,54692.0,.
Loot_Global_Everything,item,Gunslinger Oil,80.0,0.1463,54692.0,.
Loot_Global_Everything,item,Haggis,100.0,0.1828,54692.0,.
Loot_Global_Everything,item,Happy Accident Oil,80.0,0.1463,54692.0,.
Loot_Global_Everything,item,Hard Bread,100.0,0.1828,54692.0,.
Loot_Global_Everything,item,Hardhat,100.0,0.1828,54692.0,.
Loot_Global_Everything,item,Hardshell Taco,100.0,0.1828,54692.0,.
Loot_Global_Everything,item,Haukland Flash Hider,50.0,0.0914,54692.0,.
Loot_Global_Everything,item,Haukland Silencer,50.0,0.0914,54692.0,.
Loot_Global_Everything,item,Hazelnut,100.0,0.1828,54692.0,.
Loot_Global_Everything,item,Hazmat Suit,50.0,0.0914,54692.0,.
Loot_Global_Everything,item,Health Potion,100.0,0.1828,54692.0,.
Loot_Global_Everything,item,Heavy Lead Oil,80.0,0.1463,54692.0,.
Loot_Global_Everything,item,Heavy Oil,80.0,0.1463,54692.0,.
Loot_Global_Everything,item,Heavy Pockets  Oil,80.0,0.1463,54692.0,.
Loot_Global_Everything,item,Hedgehog Suit,50.0,0.0914,54692.0,.
Loot_Global_Everything,item,Hefty Oil,80.0,0.1463,54692.0,.
Loot_Global_Everything,item,Helium Oil,80.0,0.1463,54692.0,.
Loot_Global_Everything,item,HellnBack,30.0,0.0549,54692.0,.
Loot_Global_Everything,item,Herbal Tea,100.0,0.1828,54692.0,.
Loot_Global_Everything,item,Herbs,100.0,0.1828,54692.0,.
Loot_Global_Everything,item,High Grade Oil,80.0,0.1463,54692.0,.
Loot_Global_Everything,item,High Quality Elf Shoe,50.0,0.0914,54692.0,.
Loot_Global_Everything,item,High heel,50.0,0.0914,54692.0,.
Loot_Global_Everything,item,Hip Blaster Oil,80.0,0.1463,54692.0,.
Loot_Global_Everything,item,Hip Marksman Oil,80.0,0.1463,54692.0,.
Loot_Global_Everything,item,Hockey Helmet,50.0,0.0914,54692.0,.
Loot_Global_Everything,item,Hockey Shoulder Pads,40.0,0.0731,54692.0,.
Loot_Global_Everything,item,Holographic Sight,50.0,0.0914,54692.0,.
Loot_Global_Everything,item,Holy Toast,100.0,0.1828,54692.0,.
Loot_Global_Everything,item,Holy Water,100.0,0.1828,54692.0,.
Loot_Global_Everything,item,Hoop Oil,80.0,0.1463,54692.0,.
Loot_Global_Everything,item,Hot Pot,100.0,0.1828,54692.0,.
Loot_Global_Everything,item,Hot Sauce,100.0,0.1828,54692.0,.
Loot_Global_Everything,item,Hot Snacks,100.0,0.1828,54692.0,.
Loot_Global_Everything,item,Hunter Oil,80.0,0.1463,54692.0,.
Loot_Global_Everything,item,Hunting Scope,50.0,0.0914,54692.0,.
Loot_Global_Everything,item,Hunting Vest,50.0,0.0914,54692.0,.
Loot_Global_Everything,item,Hustler Oil,80.0,0.1463,54692.0,.
Loot_Global_Everything,item,Hyper Lead Oil,80.0,0.1463,54692.0,.
Loot_Global_Everything,item,Ice Skate,50.0,0.0914,54692.0,.
Loot_Global_Everything,item,Impala Gravita,25.0,0.0457,54692.0,.
Loot_Global_Everything,item,Imperfect Oil,80.0,0.1463,54692.0,.
Loot_Global_Everything,item,Improvised Barrel Extension,50.0,0.0914,54692.0,.
Loot_Global_Everything,item,Inconsiderate Oil,80.0,0.1463,54692.0,.
Loot_Global_Everything,item,Inherited Oil,80.0,0.1463,54692.0,.
Loot_Global_Everything,item,Instant Defibrilator,60.0,0.1097,54692.0,.
Loot_Global_Everything,item,Instant Oil,80.0,0.1463,54692.0,.
Loot_Global_Everything,item,Insurance,15.0,0.0274,54692.0,.
Loot_Global_Everything,item,Iron Feather,60.0,0.1097,54692.0,.
Loot_Global_Everything,item,Jansson's Temptation,40.0,0.0731,54692.0,.
Loot_Global_Everything,item,Jar of Poison,300.0,0.5485,54692.0,.
Loot_Global_Everything,item,Jello,100.0,0.1828,54692.0,.
Loot_Global_Everything,item,Judgement Oil,80.0,0.1463,54692.0,.
Loot_Global_Everything,item,Judo Oil,80.0,0.1463,54692.0,.
Loot_Global_Everything,item,Julmust,40.0,0.0731,54692.0,.
Loot_Global_Everything,item,Jungian Oil,80.0,0.1463,54692.0,.
Loot_Global_Everything,item,Karl-Oskar,100.0,0.1828,54692.0,.
Loot_Global_Everything,item,Katana,15.0,0.0274,54692.0,.
Loot_Global_Everything,item,Keep Oil,80.0,0.1463,54692.0,.
Loot_Global_Everything,item,Kicker Oil,80.0,0.1463,54692.0,.
Loot_Global_Everything,item,Kidney Pie,100.0,0.1828,54692.0,.
Loot_Global_Everything,item,Kidney Stone,100.0,0.1828,54692.0,.
Loot_Global_Everything,item,Kinetic Oil,80.0,0.1463,54692.0,.
Loot_Global_Everything,item,Klein Bauer,20.0,0.0366,54692.0,.
Loot_Global_Everything,item,Knee Pads,20.0,0.0366,54692.0,.
Loot_Global_Everything,item,Knight's Helmet,50.0,0.0914,54692.0,.
Loot_Global_Everything,item,Knockback Oil,80.0,0.1463,54692.0,.
Loot_Global_Everything,item,Knop .22,40.0,0.0731,54692.0,.
Loot_Global_Everything,item,Kombucha,100.0,0.1828,54692.0,.
Loot_Global_Everything,item,Krav Maga Oil,80.0,0.1463,54692.0,.
Loot_Global_Everything,item,Lackerol Cactus,100.0,0.1828,54692.0,.
Loot_Global_Everything,item,Laser Sight,10.0,0.0183,54692.0,.
Loot_Global_Everything,item,Laser Sight,10.0,0.0183,54692.0,.
Loot_Global_Everything,item,Laser Sight,2.0,0.0037,54692.0,.
Loot_Global_Everything,item,Laser Sight,10.0,0.0183,54692.0,.
Loot_Global_Everything,item,Laser Sight,10.0,0.0183,54692.0,.
Loot_Global_Everything,item,Laser Sight,10.0,0.0183,54692.0,.
Loot_Global_Everything,item,Laser Sight,10.0,0.0183,54692.0,.
Loot_Global_Everything,item,Laser Sight,10.0,0.0183,54692.0,.
Loot_Global_Everything,item,Laser Sight,10.0,0.0183,54692.0,.
Loot_Global_Everything,item,Laser Sight,10.0,0.0183,54692.0,.
Loot_Global_Everything,item,Laser Sight,10.0,0.0183,54692.0,.
Loot_Global_Everything,item,Laser Sight,10.0,0.0183,54692.0,.
Loot_Global_Everything,item,Laser Sight,10.0,0.0183,54692.0,.
Loot_Global_Everything,item,Laser Sight,10.0,0.0183,54692.0,.
Loot_Global_Everything,item,Laser Sight,10.0,0.0183,54692.0,.
Loot_Global_Everything,item,Last Drop Oil,80.0,0.1463,54692.0,.
Loot_Global_Everything,item,Late Boom Oil,80.0,0.1463,54692.0,.
Loot_Global_Everything,item,Latte,100.0,0.1828,54692.0,.
Loot_Global_Everything,item,Launcher Oil,80.0,0.1463,54692.0,.
Loot_Global_Everything,item,Lazy Oil,80.0,0.1463,54692.0,.
Loot_Global_Everything,item,Leather Jacket,50.0,0.0914,54692.0,.
Loot_Global_Everything,item,Lemonade,100.0,0.1828,54692.0,.
Loot_Global_Everything,item,Less Recoil Oil,80.0,0.1463,54692.0,.
Loot_Global_Everything,item,Leverpastej,100.0,0.1828,54692.0,.
Loot_Global_Everything,item,Library Card,60.0,0.1097,54692.0,.
Loot_Global_Everything,item,Life Vest,50.0,0.0914,54692.0,.
Loot_Global_Everything,item,Lightweight Oil,80.0,0.1463,54692.0,.
Loot_Global_Everything,item,Liquor,100.0,0.1828,54692.0,.
Loot_Global_Everything,item,Liver Patty Sandwich,100.0,0.1828,54692.0,.
Loot_Global_Everything,item,Loaded Dice,60.0,0.1097,54692.0,.
Loot_Global_Everything,item,Lock Of The Magus,60.0,0.1097,54692.0,.
Loot_Global_Everything,item,Longboy,10.0,0.0183,54692.0,.
Loot_Global_Everything,item,Longshot Oil,80.0,0.1463,54692.0,.
Loot_Global_Everything,item,Lost In Focus Oil,80.0,0.1463,54692.0,.
Loot_Global_Everything,item,Low Fat Milk,100.0,0.1828,54692.0,.
Loot_Global_Everything,item,Low Roller Oil,80.0,0.1463,54692.0,.
Loot_Global_Everything,item,Lussekatt,100.0,0.1828,54692.0,.
Loot_Global_Everything,item,Lutfisk,40.0,0.0731,54692.0,.
Loot_Global_Everything,item,M11A2 Fisk,20.0,0.0366,54692.0,.
Loot_Global_Everything,item,M182 Pierre-Fusil,25.0,0.0457,54692.0,.
Loot_Global_Everything,item,M3 Termite,40.0,0.0731,54692.0,.
Loot_Global_Everything,item,"M87 ""Albatross"" Silencer",50.0,0.0914,54692.0,.
Loot_Global_Everything,item,MP3 Player,20.0,0.0366,54692.0,.
Loot_Global_Everything,item,Mac'n'Cheese,100.0,0.1828,54692.0,.
Loot_Global_Everything,item,Machine Oil,80.0,0.1463,54692.0,.
Loot_Global_Everything,item,Main Discipline Oil,80.0,0.1463,54692.0,.
Loot_Global_Everything,item,Main Focus Oil,80.0,0.1463,54692.0,.
Loot_Global_Everything,item,Majordome,20.0,0.0366,54692.0,.
Loot_Global_Everything,item,Maki,100.0,0.1828,54692.0,.
Loot_Global_Everything,item,Manifestation Oil,80.0,0.1463,54692.0,.
Loot_Global_Everything,item,Mantis Shrimp Oil,80.0,0.1463,54692.0,.
Loot_Global_Everything,item,Marshmallows,100.0,0.1828,54692.0,.
Loot_Global_Everything,item,Mashed Potatoes,100.0,0.1828,54692.0,.
Loot_Global_Everything,item,Matcha,100.0,0.1828,54692.0,.
Loot_Global_Everything,item,Matrix Oil,80.0,0.1463,54692.0,.
Loot_Global_Everything,item,Meat Skewers,100.0,0.1828,54692.0,.
Loot_Global_Everything,item,Medicin Ball Oil,80.0,0.1463,54692.0,.
Loot_Global_Everything,item,Meringue,100.0,0.1828,54692.0,.
Loot_Global_Everything,item,Metabulator Pump,60.0,0.1097,54692.0,.
Loot_Global_Everything,item,Metal Scrap,100.0,0.1828,54692.0,.
Loot_Global_Everything,item,Micro Wing Oil,80.0,0.1463,54692.0,.
Loot_Global_Everything,item,Microfiber Dish Cloth,100.0,0.1828,54692.0,.
Loot_Global_Everything,item,Military Helmet,15.0,0.0274,54692.0,.
Loot_Global_Everything,item,Minidisc,20.0,0.0366,54692.0,.
Loot_Global_Everything,item,Mochi,100.0,0.1828,54692.0,.
Loot_Global_Everything,item,Modern Technology Oil,80.0,0.1463,54692.0,.
Loot_Global_Everything,item,Molotov Cocktail,400.0,0.7314,54692.0,.
Loot_Global_Everything,item,Moose Oil,80.0,0.1463,54692.0,.
Loot_Global_Everything,item,Mosquito Oil,80.0,0.1463,54692.0,.
Loot_Global_Everything,item,Mossman,50.0,0.0914,54692.0,.
Loot_Global_Everything,item,Motorcycle Helmet,50.0,0.0914,54692.0,.
Loot_Global_Everything,item,Mowlock,50.0,0.0914,54692.0,.
Loot_Global_Everything,item,Mule Oil,80.0,0.1463,54692.0,.
Loot_Global_Everything,item,Mulled Wine,100.0,0.1828,54692.0,.
Loot_Global_Everything,item,Multichamber Oil,80.0,0.1463,54692.0,.
Loot_Global_Everything,item,Multishot Oil,80.0,0.1463,54692.0,.
Loot_Global_Everything,item,Mushroom Omelette,100.0,0.1828,54692.0,.
Loot_Global_Everything,item,Mushroom Skewer,100.0,0.1828,54692.0,.
Loot_Global_Everything,item,Mushroom Soup,100.0,0.1828,54692.0,.
Loot_Global_Everything,item,Mutagen Bottle,20.0,0.0366,54692.0,.
Loot_Global_Everything,item,Mycota Squamata,100.0,0.1828,54692.0,.
Loot_Global_Everything,item,Mystery Meat,100.0,0.1828,54692.0,.
Loot_Global_Everything,item,Nashville Hot Chicken,100.0,0.1828,54692.0,.
Loot_Global_Everything,item,Needleeye Oil,80.0,0.1463,54692.0,.
Loot_Global_Everything,item,Nerf Oil,80.0,0.1463,54692.0,.
Loot_Global_Everything,item,Neuraxis F22,20.0,0.0366,54692.0,.
Loot_Global_Everything,item,Nightlily,10.0,0.0183,54692.0,.
Loot_Global_Everything,item,Nigiri,100.0,0.1828,54692.0,.
Loot_Global_Everything,item,No Look Oil,80.0,0.1463,54692.0,.
Loot_Global_Everything,item,No Need Oil,80.0,0.1463,54692.0,.
Loot_Global_Everything,item,Nuggets,100.0,0.1828,54692.0,.
Loot_Global_Everything,item,Nunchaku,15.0,0.0274,54692.0,.
Loot_Global_Everything,item,Nut Mix,100.0,0.1828,54692.0,.
Loot_Global_Everything,item,Nut Spread,100.0,0.1828,54692.0,.
Loot_Global_Everything,item,Oats,100.0,0.1828,54692.0,.
Loot_Global_Everything,item,Office Wear,50.0,0.0914,54692.0,.
Loot_Global_Everything,item,Old Vintage,20.0,0.0366,54692.0,.
Loot_Global_Everything,item,Old-Timey Suit,50.0,0.0914,54692.0,.
Loot_Global_Everything,item,Omelette,100.0,0.1828,54692.0,.
Loot_Global_Everything,item,Onigiri,100.0,0.1828,54692.0,.
Loot_Global_Everything,item,Ornamental Vase,20.0,0.0366,54692.0,.
Loot_Global_Everything,item,Out of the Box Oil,80.0,0.1463,54692.0,.
Loot_Global_Everything,item,Over Oil,40.0,0.0731,54692.0,.
Loot_Global_Everything,item,Overclock Oil,80.0,0.1463,54692.0,.
Loot_Global_Everything,item,Overdose Oil,80.0,0.1463,54692.0,.
Loot_Global_Everything,item,Oxygen Tank,60.0,0.1097,54692.0,.
Loot_Global_Everything,item,P38 Dirk,25.0,0.0457,54692.0,.
Loot_Global_Everything,item,Palehorse Topclipper,35.0,0.064,54692.0,.
Loot_Global_Everything,item,Paper,100.0,0.1828,54692.0,.
Loot_Global_Everything,item,Parallel Mag Oil,80.0,0.1463,54692.0,.
Loot_Global_Everything,item,Parka,100.0,0.1828,54692.0,.
Loot_Global_Everything,item,Peanut,100.0,0.1828,54692.0,.
Loot_Global_Everything,item,Peanut Butter,100.0,0.1828,54692.0,.
Loot_Global_Everything,item,Peanutbutter Jelly Sandwich,100.0,0.1828,54692.0,.
Loot_Global_Everything,item,Peanutbutter Sandwich,100.0,0.1828,54692.0,.
Loot_Global_Everything,item,Peanutbutter Sandwich,100.0,0.1828,54692.0,.
Loot_Global_Everything,item,Peashooter Oil,80.0,0.1463,54692.0,.
Loot_Global_Everything,item,Peg Leg,100.0,0.1828,54692.0,.
Loot_Global_Everything,item,Penetration Oil,80.0,0.1463,54692.0,.
Loot_Global_Everything,item,Perfect Bounce Oil,80.0,0.1463,54692.0,.
Loot_Global_Everything,item,Perforate Oil,80.0,0.1463,54692.0,.
Loot_Global_Everything,item,Pilk,100.0,0.1828,54692.0,.
Loot_Global_Everything,item,Pillow Armor,100.0,0.1828,54692.0,.
Loot_Global_Everything,item,Pine nuts,100.0,0.1828,54692.0,.
Loot_Global_Everything,item,Pineapple Grenade,800.0,1.4627,54692.0,.
Loot_Global_Everything,item,Pith Helmet,50.0,0.0914,54692.0,.
Loot_Global_Everything,item,Pizza,100.0,0.1828,54692.0,.
Loot_Global_Everything,item,Pizza Slice,100.0,0.1828,54692.0,.
Loot_Global_Everything,item,Plain White Tee,50.0,0.0914,54692.0,.
Loot_Global_Everything,item,Plate Carrier,10.0,0.0183,54692.0,.
Loot_Global_Everything,item,Platform Shoe,50.0,0.0914,54692.0,.
Loot_Global_Everything,item,Plinker Oil,80.0,0.1463,54692.0,.
Loot_Global_Everything,item,Ploika Compact,50.0,0.0914,54692.0,.
Loot_Global_Everything,item,Plop Back Oil,80.0,0.1463,54692.0,.
Loot_Global_Everything,item,Poker Chips,20.0,0.0366,54692.0,.
Loot_Global_Everything,item,Police Hat,50.0,0.0914,54692.0,.
Loot_Global_Everything,item,Police Uniform,50.0,0.0914,54692.0,.
Loot_Global_Everything,item,Pool Oil,80.0,0.1463,54692.0,.
Loot_Global_Everything,item,Pope Hat,30.0,0.0549,54692.0,.
Loot_Global_Everything,item,Porridge,100.0,0.1828,54692.0,.
Loot_Global_Everything,item,Potato,100.0,0.1828,54692.0,.
Loot_Global_Everything,item,Potato Oil,40.0,0.0731,54692.0,.
Loot_Global_Everything,item,Potato Salad,40.0,0.0731,54692.0,.
Loot_Global_Everything,item,Potshot Oil,80.0,0.1463,54692.0,.
Loot_Global_Everything,item,Poutine,100.0,0.1828,54692.0,.
Loot_Global_Everything,item,Power Bar,100.0,0.1828,54692.0,.
Loot_Global_Everything,item,Proximity Mine,300.0,0.5485,54692.0,.
Loot_Global_Everything,item,Puffed Rice Cakes,100.0,0.1828,54692.0,.
Loot_Global_Everything,item,Puncher Oil,80.0,0.1463,54692.0,.
Loot_Global_Everything,item,Puncture Oil,80.0,0.1463,54692.0,.
Loot_Global_Everything,item,Purse Gun Oil,80.0,0.1463,54692.0,.
Loot_Global_Everything,item,Pyjama,50.0,0.0914,54692.0,.
Loot_Global_Everything,item,Pyttipanna,100.0,0.1828,54692.0,.
Loot_Global_Everything,item,Pölsa,100.0,0.1828,54692.0,.
Loot_Global_Everything,item,Pølse,100.0,0.1828,54692.0,.
Loot_Global_Everything,item,Quaint Little Spoon,20.0,0.0366,54692.0,.
Loot_Global_Everything,item,Raclette,100.0,0.1828,54692.0,.
Loot_Global_Everything,item,Raincoat,50.0,0.0914,54692.0,.
Loot_Global_Everything,item,Ram Oil,80.0,0.1463,54692.0,.
Loot_Global_Everything,item,Ramen,100.0,0.1828,54692.0,.
Loot_Global_Everything,item,Range Finder,60.0,0.1097,54692.0,.
Loot_Global_Everything,item,Rapid Internals Oil,80.0,0.1463,54692.0,.
Loot_Global_Everything,item,Ready Oil,80.0,0.1463,54692.0,.
Loot_Global_Everything,item,Rebound Oil,80.0,0.1463,54692.0,.
Loot_Global_Everything,item,Recon Scope,50.0,0.0914,54692.0,.
Loot_Global_Everything,item,Recycle Oil,80.0,0.1463,54692.0,.
Loot_Global_Everything,item,Red Bandana,50.0,0.0914,54692.0,.
Loot_Global_Everything,item,Red Wine,100.0,0.1828,54692.0,.
Loot_Global_Everything,item,Reflex Sight,50.0,0.0914,54692.0,.
Loot_Global_Everything,item,Rektor 100rd,15.0,0.0274,54692.0,.
Loot_Global_Everything,item,Relax Oil,80.0,0.1463,54692.0,.
Loot_Global_Everything,item,Release Oil,80.0,0.1463,54692.0,.
Loot_Global_Everything,item,Reload Oil,80.0,0.1463,54692.0,.
Loot_Global_Everything,item,Repair Kit,70.0,0.128,54692.0,.
Loot_Global_Everything,item,Rhubarb,100.0,0.1828,54692.0,.
Loot_Global_Everything,item,Rhubarb Pie,100.0,0.1828,54692.0,.
Loot_Global_Everything,item,Rhubarb Porridge,100.0,0.1828,54692.0,.
Loot_Global_Everything,item,Rhubarb Sauce,100.0,0.1828,54692.0,.
Loot_Global_Everything,item,Rice,100.0,0.1828,54692.0,.
Loot_Global_Everything,item,RicochetOil,80.0,0.1463,54692.0,.
Loot_Global_Everything,item,Rigid System Oil,80.0,0.1463,54692.0,.
Loot_Global_Everything,item,Rigor Oil,80.0,0.1463,54692.0,.
Loot_Global_Everything,item,Riot Oil,80.0,0.1463,54692.0,.
Loot_Global_Everything,item,Ris à la Malta,40.0,0.0731,54692.0,.
Loot_Global_Everything,item,Risgrynsgröt,40.0,0.0731,54692.0,.
Loot_Global_Everything,item,Robust Mechanics Oil,80.0,0.1463,54692.0,.
Loot_Global_Everything,item,Rock,100.0,0.1828,54692.0,.
Loot_Global_Everything,item,Rokua .308,25.0,0.0457,54692.0,.
Loot_Global_Everything,item,Roller Blade,50.0,0.0914,54692.0,.
Loot_Global_Everything,item,Rookie Oil,80.0,0.1463,54692.0,.
Loot_Global_Everything,item,Round Glasses,50.0,0.0914,54692.0,.
Loot_Global_Everything,item,Rubber,100.0,0.1828,54692.0,.
Loot_Global_Everything,item,Rubber Boot,50.0,0.0914,54692.0,.
Loot_Global_Everything,item,Rubber Oil,80.0,0.1463,54692.0,.
Loot_Global_Everything,item,Rudolf Nose,25.0,0.0457,54692.0,.
Loot_Global_Everything,item,Running Shoe,50.0,0.0914,54692.0,.
Loot_Global_Everything,item,Rush Job Oil,80.0,0.1463,54692.0,.
Loot_Global_Everything,item,Rödsopp,100.0,0.1828,54692.0,.
Loot_Global_Everything,item,Rödsopp Paste,100.0,0.1828,54692.0,.
Loot_Global_Everything,item,SR-P3 Silencer,50.0,0.0914,54692.0,.
Loot_Global_Everything,item,SULFUR Cap,50.0,0.0914,54692.0,.
Loot_Global_Everything,item,SULFUR Hoodie,50.0,0.0914,54692.0,.
Loot_Global_Everything,item,SULFUR Hoodie,50.0,0.0914,54692.0,.
Loot_Global_Everything,item,Safety Oil,80.0,0.1463,54692.0,.
Loot_Global_Everything,item,Safety Vest,50.0,0.0914,54692.0,.
Loot_Global_Everything,item,Sai,15.0,0.0274,54692.0,.
Loot_Global_Everything,item,Salamander,25.0,0.0457,54692.0,.
Loot_Global_Everything,item,Salt,100.0,0.1828,54692.0,.
Loot_Global_Everything,item,Salted Fish,100.0,0.1828,54692.0,.
Loot_Global_Everything,item,Salted Sandfish,100.0,0.1828,54692.0,.
Loot_Global_Everything,item,Samurai Armor,25.0,0.0457,54692.0,.
Loot_Global_Everything,item,Santa Hat,25.0,0.0457,54692.0,.
Loot_Global_Everything,item,Sashimi,100.0,0.1828,54692.0,.
Loot_Global_Everything,item,Sausage Omelette,100.0,0.1828,54692.0,.
Loot_Global_Everything,item,Sausage On Stick,100.0,0.1828,54692.0,.
Loot_Global_Everything,item,Sausage Soup,100.0,0.1828,54692.0,.
Loot_Global_Everything,item,Saviour Oil,80.0,0.1463,54692.0,.
Loot_Global_Everything,item,Sawdust,100.0,0.1828,54692.0,.
Loot_Global_Everything,item,Scatter Oil,80.0,0.1463,54692.0,.
Loot_Global_Everything,item,Scramble Oil,80.0,0.1463,54692.0,.
Loot_Global_Everything,item,Scroll of Dark,30.0,0.0549,54692.0,.
Loot_Global_Everything,item,Scroll of Earth,30.0,0.0549,54692.0,.
Loot_Global_Everything,item,Scroll of Embers,30.0,0.0549,54692.0,.
Loot_Global_Everything,item,Scroll of Frostbite,30.0,0.0549,54692.0,.
Loot_Global_Everything,item,Scroll of Light,30.0,0.0549,54692.0,.
Loot_Global_Everything,item,Scroll of Nature,30.0,0.0549,54692.0,.
Loot_Global_Everything,item,Scroll of Plague,30.0,0.0549,54692.0,.
Loot_Global_Everything,item,Scroll of Surge,30.0,0.0549,54692.0,.
Loot_Global_Everything,item,Scroll of Water,30.0,0.0549,54692.0,.
Loot_Global_Everything,item,Seated Fit Oil,80.0,0.1463,54692.0,.
Loot_Global_Everything,item,Seated Oil,80.0,0.1463,54692.0,.
Loot_Global_Everything,item,Seaweed,100.0,0.1828,54692.0,.
Loot_Global_Everything,item,Sect Oil,80.0,0.1463,54692.0,.
Loot_Global_Everything,item,Sender Oil,80.0,0.1463,54692.0,.
Loot_Global_Everything,item,Sensible Oil,80.0,0.1463,54692.0,.
Loot_Global_Everything,item,Shav'Wa Soap,20.0,0.0366,54692.0,.
Loot_Global_Everything,item,Shaved Clip Oil,80.0,0.1463,54692.0,.
Loot_Global_Everything,item,Shellman Oil,80.0,0.1463,54692.0,.
Loot_Global_Everything,item,Sheriff's Badge,60.0,0.1097,54692.0,.
Loot_Global_Everything,item,Sherlock Oil,80.0,0.1463,54692.0,.
Loot_Global_Everything,item,Shoe,50.0,0.0914,54692.0,.
Loot_Global_Everything,item,Shove Oil,80.0,0.1463,54692.0,.
Loot_Global_Everything,item,Shower Oil,80.0,0.1463,54692.0,.
Loot_Global_Everything,item,Shredder Oil,80.0,0.1463,54692.0,.
Loot_Global_Everything,item,Shrouded Barrel Extension,50.0,0.0914,54692.0,.
Loot_Global_Everything,item,Silltallrik,40.0,0.0731,54692.0,.
Loot_Global_Everything,item,Size Up Oil,40.0,0.0731,54692.0,.
Loot_Global_Everything,item,Ski Goggles,50.0,0.0914,54692.0,.
Loot_Global_Everything,item,Skimmed Milk,100.0,0.1828,54692.0,.
Loot_Global_Everything,item,Skip Oil,80.0,0.1463,54692.0,.
Loot_Global_Everything,item,Slick Oil,80.0,0.1463,54692.0,.
Loot_Global_Everything,item,Slippy Coating Oil,80.0,0.1463,54692.0,.
Loot_Global_Everything,item,Slotmachine Oil,80.0,0.1463,54692.0,.
Loot_Global_Everything,item,Slow Punch Oil,80.0,0.1463,54692.0,.
Loot_Global_Everything,item,Slurf,100.0,0.1828,54692.0,.
Loot_Global_Everything,item,Smart Bullet Oil,80.0,0.1463,54692.0,.
Loot_Global_Everything,item,Smartphone,20.0,0.0366,54692.0,.
Loot_Global_Everything,item,Smash Oil,40.0,0.0731,54692.0,.
Loot_Global_Everything,item,Snail,100.0,0.1828,54692.0,.
Loot_Global_Everything,item,Sneaker,50.0,0.0914,54692.0,.
Loot_Global_Everything,item,Sniper Scope,50.0,0.0914,54692.0,.
Loot_Global_Everything,item,Snut .38,50.0,0.0914,54692.0,.
Loot_Global_Everything,item,Soapy Wool,100.0,0.1828,54692.0,.
Loot_Global_Everything,item,Sock,100.0,0.1828,54692.0,.
Loot_Global_Everything,item,Socom 9,30.0,0.0549,54692.0,.
Loot_Global_Everything,item,Socom ACR,20.0,0.0366,54692.0,.
Loot_Global_Everything,item,Solid Oil,80.0,0.1463,54692.0,.
Loot_Global_Everything,item,Solution,100.0,0.1828,54692.0,.
Loot_Global_Everything,item,Songbird,15.0,0.0274,54692.0,.
Loot_Global_Everything,item,Soul Resin,20.0,0.0366,54692.0,.
Loot_Global_Everything,item,Spaghetti,100.0,0.1828,54692.0,.
Loot_Global_Everything,item,Spaghetti Bolognese,100.0,0.1828,54692.0,.
Loot_Global_Everything,item,Spanish Omelette,100.0,0.1828,54692.0,.
Loot_Global_Everything,item,Spartan Oil,80.0,0.1463,54692.0,.
Loot_Global_Everything,item,Speed Trade Oil,80.0,0.1463,54692.0,.
Loot_Global_Everything,item,Spice Mix,100.0,0.1828,54692.0,.
Loot_Global_Everything,item,Spicy Sausage,100.0,0.1828,54692.0,.
Loot_Global_Everything,item,Spitter Oil,80.0,0.1463,54692.0,.
Loot_Global_Everything,item,Sports Drink,100.0,0.1828,54692.0,.
Loot_Global_Everything,item,Spread Oil,80.0,0.1463,54692.0,.
Loot_Global_Everything,item,Springcoil Boot,50.0,0.0914,54692.0,.
Loot_Global_Everything,item,Square Glasses,50.0,0.0914,54692.0,.
Loot_Global_Everything,item,Stability Oil,80.0,0.1463,54692.0,.
Loot_Global_Everything,item,Stable Hip Oil,80.0,0.1463,54692.0,.
Loot_Global_Everything,item,Star & Witness,25.0,0.0457,54692.0,.
Loot_Global_Everything,item,Stationary Oil,80.0,0.1463,54692.0,.
Loot_Global_Everything,item,Steel Helmet,15.0,0.0274,54692.0,.
Loot_Global_Everything,item,Stew,100.0,0.1828,54692.0,.
Loot_Global_Everything,item,Stick,100.0,0.1828,54692.0,.
Loot_Global_Everything,item,Stick Grenade,800.0,1.4627,54692.0,.
Loot_Global_Everything,item,Stiffy Fit Oil,80.0,0.1463,54692.0,.
Loot_Global_Everything,item,Stoic Oil,80.0,0.1463,54692.0,.
Loot_Global_Everything,item,Stout,100.0,0.1828,54692.0,.
Loot_Global_Everything,item,Strait Jacket,40.0,0.0731,54692.0,.
Loot_Global_Everything,item,Sturdy Oil,80.0,0.1463,54692.0,.
Loot_Global_Everything,item,Sugar,100.0,0.1828,54692.0,.
Loot_Global_Everything,item,SulfCola,100.0,0.1828,54692.0,.
Loot_Global_Everything,item,Sulfur Grenade,300.0,0.5485,54692.0,.
Loot_Global_Everything,item,Sunglasses,50.0,0.0914,54692.0,.
Loot_Global_Everything,item,Supressive Oil,80.0,0.1463,54692.0,.
Loot_Global_Everything,item,Surgical Laser Oil,80.0,0.1463,54692.0,.
Loot_Global_Everything,item,Swedish Pancakes,100.0,0.1828,54692.0,.
Loot_Global_Everything,item,Sweet Gum,100.0,0.1828,54692.0,.
Loot_Global_Everything,item,Swing-Ding,100.0,0.1828,54692.0,.
Loot_Global_Everything,item,Sylvester Hat,50.0,0.0914,54692.0,.
Loot_Global_Everything,item,Synchronicity Oil,80.0,0.1463,54692.0,.
Loot_Global_Everything,item,Tactical Oil,80.0,0.1463,54692.0,.
Loot_Global_Everything,item,TailorMarksman,25.0,0.0457,54692.0,.
Loot_Global_Everything,item,Tandem Oil,80.0,0.1463,54692.0,.
Loot_Global_Everything,item,Tanker Helmet,50.0,0.0914,54692.0,.
Loot_Global_Everything,item,Task Oil,80.0,0.1463,54692.0,.
Loot_Global_Everything,item,Tech Support Oil,80.0,0.1463,54692.0,.
Loot_Global_Everything,item,Tension Oil,80.0,0.1463,54692.0,.
Loot_Global_Everything,item,Terminator Oil,80.0,0.1463,54692.0,.
Loot_Global_Everything,item,Terrier URB,20.0,0.0366,54692.0,.
Loot_Global_Everything,item,Tetris Oil,80.0,0.1463,54692.0,.
Loot_Global_Everything,item,The Cost,20.0,0.0366,54692.0,.
Loot_Global_Everything,item,Thorough Oil,80.0,0.1463,54692.0,.
Loot_Global_Everything,item,Throwing Knives,400.0,0.7314,54692.0,.
Loot_Global_Everything,item,Tight Barrel Oil,80.0,0.1463,54692.0,.
Loot_Global_Everything,item,Tight Oil,40.0,0.0731,54692.0,.
Loot_Global_Everything,item,Titanium Helmet,20.0,0.0366,54692.0,.
Loot_Global_Everything,item,Toast Skagen,100.0,0.1828,54692.0,.
Loot_Global_Everything,item,Toilet Paper,100.0,0.1828,54692.0,.
Loot_Global_Everything,item,Tongue On Stick,100.0,0.1828,54692.0,.
Loot_Global_Everything,item,Too Much Oil,80.0,0.1463,54692.0,.
Loot_Global_Everything,item,Tori Ramen,100.0,0.1828,54692.0,.
Loot_Global_Everything,item,Tracksuit,50.0,0.0914,54692.0,.
Loot_Global_Everything,item,Trusty Old Oil,80.0,0.1463,54692.0,.
Loot_Global_Everything,item,Tube Caviar,100.0,0.1828,54692.0,.
Loot_Global_Everything,item,Turbulence Oil,80.0,0.1463,54692.0,.
Loot_Global_Everything,item,Turtle Shell,30.0,0.0549,54692.0,.
Loot_Global_Everything,item,Twice Oil,80.0,0.1463,54692.0,.
Loot_Global_Everything,item,Two Time Oil,80.0,0.1463,54692.0,.
Loot_Global_Everything,item,Type 80 Typhoon,20.0,0.0366,54692.0,.
Loot_Global_Everything,item,Unagi,100.0,0.1828,54692.0,.
Loot_Global_Everything,item,Unknown,25.0,0.0457,54692.0,.
Loot_Global_Everything,item,Unlabeled Oil,400.0,0.7314,54692.0,.
Loot_Global_Everything,item,Untechnical Oil,80.0,0.1463,54692.0,.
Loot_Global_Everything,item,Untightened Screw Oil,80.0,0.1463,54692.0,.
Loot_Global_Everything,item,Used Rubber,100.0,0.1828,54692.0,.
Loot_Global_Everything,item,Vacuum Cleaner,100.0,0.1828,54692.0,.
Loot_Global_Everything,item,Valet,20.0,0.0366,54692.0,.
Loot_Global_Everything,item,Vasectomy Oil,80.0,0.1463,54692.0,.
Loot_Global_Everything,item,Vegan Oil,80.0,0.1463,54692.0,.
Loot_Global_Everything,item,Vegetable Oil,80.0,0.1463,54692.0,.
Loot_Global_Everything,item,Velocity Oil,80.0,0.1463,54692.0,.
Loot_Global_Everything,item,Velvet Bell,100.0,0.1828,54692.0,.
Loot_Global_Everything,item,Vrede,35.0,0.064,54692.0,.
Loot_Global_Everything,item,Walk Easy Oil,80.0,0.1463,54692.0,.
Loot_Global_Everything,item,Walnut,100.0,0.1828,54692.0,.
Loot_Global_Everything,item,Warmage Compensator,50.0,0.0914,54692.0,.
Loot_Global_Everything,item,Warpig,20.0,0.0366,54692.0,.
Loot_Global_Everything,item,Waster Oil,80.0,0.1463,54692.0,.
Loot_Global_Everything,item,Wet Wipes,100.0,0.1828,54692.0,.
Loot_Global_Everything,item,Whim Oil,80.0,0.1463,54692.0,.
Loot_Global_Everything,item,Whole Milk,100.0,0.1828,54692.0,.
Loot_Global_Everything,item,Whos Counting Oil,80.0,0.1463,54692.0,.
Loot_Global_Everything,item,Wingman,25.0,0.0457,54692.0,.
Loot_Global_Everything,item,Winter Scarf,25.0,0.0457,54692.0,.
Loot_Global_Everything,item,Wobble Oil,80.0,0.1463,54692.0,.
Loot_Global_Everything,item,Wooden Armor,50.0,0.0914,54692.0,.
Loot_Global_Everything,item,Wyatt PULSAR,40.0,0.0731,54692.0,.
Loot_Global_Everything,item,Xanax Oil,40.0,0.0731,54692.0,.
Loot_Global_Everything,item,Yakety Sax,60.0,0.1097,54692.0,.
Loot_Global_Everything,item,Yellow Hoodie,50.0,0.0914,54692.0,.
Loot_Global_Everything,item,Ygg,50.0,0.0914,54692.0,.
Loot_Global_Everything,item,Zero Fucks Oil,80.0,0.1463,54692.0,.
Loot_Global_Everything,item,Zooming Oil,80.0,0.1463,54692.0,.
Loot_Global_Everything_Demo,item,.357 Balthazar,25.0,0.1086,23015.0,.
Loot_Global_Everything_Demo,item,Admiral White Extra Strong,100.0,0.4345,23015.0,.
Loot_Global_Everything_Demo,item,Anti-Poison Gum,100.0,0.4345,23015.0,.
Loot_Global_Everything_Demo,item,Arbiter 2,30.0,0.1303,23015.0,.
Loot_Global_Everything_Demo,item,Augusta,20.0,0.0869,23015.0,.
Loot_Global_Everything_Demo,item,Balaclava,50.0,0.2172,23015.0,.
Loot_Global_Everything_Demo,item,Ballistic Helmet,50.0,0.2172,23015.0,.
Loot_Global_Everything_Demo,item,Ballistic Vest,50.0,0.2172,23015.0,.
Loot_Global_Everything_Demo,item,Banana,100.0,0.4345,23015.0,.
Loot_Global_Everything_Demo,item,Banana,100.0,0.4345,23015.0,.
Loot_Global_Everything_Demo,item,Bark,100.0,0.4345,23015.0,.
Loot_Global_Everything_Demo,item,Bark bread,100.0,0.4345,23015.0,.
Loot_Global_Everything_Demo,item,Beef Jerky,100.0,0.4345,23015.0,.
Loot_Global_Everything_Demo,item,Berries,100.0,0.4345,23015.0,.
Loot_Global_Everything_Demo,item,Berry Jam,100.0,0.4345,23015.0,.
Loot_Global_Everything_Demo,item,Berry Jam (Unsweetened),100.0,0.4345,23015.0,.
Loot_Global_Everything_Demo,item,Berry Milkshake,100.0,0.4345,23015.0,.
Loot_Global_Everything_Demo,item,Black Pepper,50.0,0.2172,23015.0,.
Loot_Global_Everything_Demo,item,Blindfold Oil,35.0,0.1521,23015.0,.
Loot_Global_Everything_Demo,item,Blood,100.0,0.4345,23015.0,.
Loot_Global_Everything_Demo,item,Blood Pudding,100.0,0.4345,23015.0,.
Loot_Global_Everything_Demo,item,Bombard Oil,35.0,0.1521,23015.0,.
Loot_Global_Everything_Demo,item,Bottled Caviar,100.0,0.4345,23015.0,.
Loot_Global_Everything_Demo,item,Bottled Water,100.0,0.4345,23015.0,.
Loot_Global_Everything_Demo,item,Bottled Water,100.0,0.4345,23015.0,.
Loot_Global_Everything_Demo,item,Boulder Oil,35.0,0.1521,23015.0,.
Loot_Global_Everything_Demo,item,Breacher 8,35.0,0.1521,23015.0,.
Loot_Global_Everything_Demo,item,Bread,100.0,0.4345,23015.0,.
Loot_Global_Everything_Demo,item,Bread Sandwich,100.0,0.4345,23015.0,.
Loot_Global_Everything_Demo,item,Breastplate,50.0,0.2172,23015.0,.
Loot_Global_Everything_Demo,item,Broth,100.0,0.4345,23015.0,.
Loot_Global_Everything_Demo,item,Butter,100.0,0.4345,23015.0,.
Loot_Global_Everything_Demo,item,Butter Sandwich,100.0,0.4345,23015.0,.
Loot_Global_Everything_Demo,item,Buttermilk,100.0,0.4345,23015.0,.
Loot_Global_Everything_Demo,item,Buttermilk Pancakes,100.0,0.4345,23015.0,.
Loot_Global_Everything_Demo,item,Cacao,100.0,0.4345,23015.0,.
Loot_Global_Everything_Demo,item,Cactus,100.0,0.4345,23015.0,.
Loot_Global_Everything_Demo,item,Cactus Softdrink,100.0,0.4345,23015.0,.
Loot_Global_Everything_Demo,item,Cartoon Oil,35.0,0.1521,23015.0,.
Loot_Global_Everything_Demo,item,Catacoil Rapid X,20.0,0.0869,23015.0,.
Loot_Global_Everything_Demo,item,Cereal,100.0,0.4345,23015.0,.
Loot_Global_Everything_Demo,item,Cheese,100.0,0.4345,23015.0,.
Loot_Global_Everything_Demo,item,Cheese Sandwich,100.0,0.4345,23015.0,.
Loot_Global_Everything_Demo,item,Cheese Tops,100.0,0.4345,23015.0,.
Loot_Global_Everything_Demo,item,Cheeseburger,100.0,0.4345,23015.0,.
Loot_Global_Everything_Demo,item,Chicken Leg,100.0,0.4345,23015.0,.
Loot_Global_Everything_Demo,item,Chocolate Ball,100.0,0.4345,23015.0,.
Loot_Global_Everything_Demo,item,Chocolate Bar,100.0,0.4345,23015.0,.
Loot_Global_Everything_Demo,item,Chocolate Milkshake,100.0,0.4345,23015.0,.
Loot_Global_Everything_Demo,item,Chocolate Mudcake,100.0,0.4345,23015.0,.
Loot_Global_Everything_Demo,item,Chocolate Syrup,100.0,0.4345,23015.0,.
Loot_Global_Everything_Demo,item,Cloth,100.0,0.4345,23015.0,.
Loot_Global_Everything_Demo,item,Coffee,100.0,0.4345,23015.0,.
Loot_Global_Everything_Demo,item,Combat Boot,50.0,0.2172,23015.0,.
Loot_Global_Everything_Demo,item,Corpsemaker,25.0,0.1086,23015.0,.
Loot_Global_Everything_Demo,item,Cotton Candy,100.0,0.4345,23015.0,.
Loot_Global_Everything_Demo,item,Cotton Swabs,100.0,0.4345,23015.0,.
Loot_Global_Everything_Demo,item,Critical Oil,35.0,0.1521,23015.0,.
Loot_Global_Everything_Demo,item,Cryogenic Grenade,400.0,1.738,23015.0,.
Loot_Global_Everything_Demo,item,Cuisses De Grenouille,100.0,0.4345,23015.0,.
Loot_Global_Everything_Demo,item,Damage Oil,35.0,0.1521,23015.0,.
Loot_Global_Everything_Demo,item,Diving Fin,50.0,0.2172,23015.0,.
Loot_Global_Everything_Demo,item,Dolphin 99,25.0,0.1086,23015.0,.
Loot_Global_Everything_Demo,item,Drifter 9,50.0,0.2172,23015.0,.
Loot_Global_Everything_Demo,item,Dumpling,100.0,0.4345,23015.0,.
Loot_Global_Everything_Demo,item,Dynamite,600.0,2.607,23015.0,.
Loot_Global_Everything_Demo,item,Earthworm,150.0,0.6517,23015.0,.
Loot_Global_Everything_Demo,item,Egg,100.0,0.4345,23015.0,.
Loot_Global_Everything_Demo,item,Egg Toddy,100.0,0.4345,23015.0,.
Loot_Global_Everything_Demo,item,Encrypted Hoodie,50.0,0.2172,23015.0,.
Loot_Global_Everything_Demo,item,Energy Gum,100.0,0.4345,23015.0,.
Loot_Global_Everything_Demo,item,Escargot,100.0,0.4345,23015.0,.
Loot_Global_Everything_Demo,item,Eye Patch,50.0,0.2172,23015.0,.
Loot_Global_Everything_Demo,item,False Sulfcap,100.0,0.4345,23015.0,.
Loot_Global_Everything_Demo,item,Fatberg Chunk,100.0,0.4345,23015.0,.
Loot_Global_Everything_Demo,item,Father's Shirt,10.0,0.0434,23015.0,.
Loot_Global_Everything_Demo,item,Ferryman,15.0,0.0652,23015.0,.
Loot_Global_Everything_Demo,item,First Aid Kit,100.0,0.4345,23015.0,.
Loot_Global_Everything_Demo,item,Fish,100.0,0.4345,23015.0,.
Loot_Global_Everything_Demo,item,Flat Sandfish,100.0,0.4345,23015.0,.
Loot_Global_Everything_Demo,item,Flour,100.0,0.4345,23015.0,.
Loot_Global_Everything_Demo,item,Fluffy Hat,50.0,0.2172,23015.0,.
Loot_Global_Everything_Demo,item,Fondue,100.0,0.4345,23015.0,.
Loot_Global_Everything_Demo,item,French Hotdog,100.0,0.4345,23015.0,.
Loot_Global_Everything_Demo,item,French Toast,100.0,0.4345,23015.0,.
Loot_Global_Everything_Demo,item,Fried Mushroom ,100.0,0.4345,23015.0,.
Loot_Global_Everything_Demo,item,Frog Leg,100.0,0.4345,23015.0,.
Loot_Global_Everything_Demo,item,Genie Shoe,50.0,0.2172,23015.0,.
Loot_Global_Everything_Demo,item,Gravekeeper,50.0,0.2172,23015.0,.
Loot_Global_Everything_Demo,item,Green Glob,100.0,0.4345,23015.0,.
Loot_Global_Everything_Demo,item,Green Tea,100.0,0.4345,23015.0,.
Loot_Global_Everything_Demo,item,Green Tea Gum,100.0,0.4345,23015.0,.
Loot_Global_Everything_Demo,item,Green Tunic,50.0,0.2172,23015.0,.
Loot_Global_Everything_Demo,item,Grilled Cactus,100.0,0.4345,23015.0,.
Loot_Global_Everything_Demo,item,Hard Bread,100.0,0.4345,23015.0,.
Loot_Global_Everything_Demo,item,Hardhat,100.0,0.4345,23015.0,.
Loot_Global_Everything_Demo,item,Hardshell Taco,100.0,0.4345,23015.0,.
Loot_Global_Everything_Demo,item,Hazelnut,100.0,0.4345,23015.0,.
Loot_Global_Everything_Demo,item,Health Potion,100.0,0.4345,23015.0,.
Loot_Global_Everything_Demo,item,Herbs,100.0,0.4345,23015.0,.
Loot_Global_Everything_Demo,item,High Grade Oil,35.0,0.1521,23015.0,.
Loot_Global_Everything_Demo,item,Hockey Helmet,50.0,0.2172,23015.0,.
Loot_Global_Everything_Demo,item,Hockey Shoulder Pads,40.0,0.1738,23015.0,.
Loot_Global_Everything_Demo,item,Holy Toast,100.0,0.4345,23015.0,.
Loot_Global_Everything_Demo,item,Holy Water,100.0,0.4345,23015.0,.
Loot_Global_Everything_Demo,item,Hot Sauce,100.0,0.4345,23015.0,.
Loot_Global_Everything_Demo,item,Hot Snacks,100.0,0.4345,23015.0,.
Loot_Global_Everything_Demo,item,Jar of Poison,300.0,1.3035,23015.0,.
Loot_Global_Everything_Demo,item,Julmust,40.0,0.1738,23015.0,.
Loot_Global_Everything_Demo,item,Karl-Oskar,100.0,0.4345,23015.0,.
Loot_Global_Everything_Demo,item,Kidney Pie,100.0,0.4345,23015.0,.
Loot_Global_Everything_Demo,item,Kidney Stone,100.0,0.4345,23015.0,.
Loot_Global_Everything_Demo,item,Knight's Helmet,50.0,0.2172,23015.0,.
Loot_Global_Everything_Demo,item,Knop .22,40.0,0.1738,23015.0,.
Loot_Global_Everything_Demo,item,Kombucha,100.0,0.4345,23015.0,.
Loot_Global_Everything_Demo,item,Lackerol Cactus,100.0,0.4345,23015.0,.
Loot_Global_Everything_Demo,item,Lemonade,100.0,0.4345,23015.0,.
Loot_Global_Everything_Demo,item,Less Recoil Oil,35.0,0.1521,23015.0,.
Loot_Global_Everything_Demo,item,Leverpastej,100.0,0.4345,23015.0,.
Loot_Global_Everything_Demo,item,Liquor,100.0,0.4345,23015.0,.
Loot_Global_Everything_Demo,item,Liver Patty Sandwich,100.0,0.4345,23015.0,.
Loot_Global_Everything_Demo,item,Low Fat Milk,100.0,0.4345,23015.0,.
Loot_Global_Everything_Demo,item,Lussekatt,100.0,0.4345,23015.0,.
Loot_Global_Everything_Demo,item,Mac'n'Cheese,100.0,0.4345,23015.0,.
Loot_Global_Everything_Demo,item,Maki,100.0,0.4345,23015.0,.
Loot_Global_Everything_Demo,item,Mashed Potatoes,100.0,0.4345,23015.0,.
Loot_Global_Everything_Demo,item,Matcha,100.0,0.4345,23015.0,.
Loot_Global_Everything_Demo,item,Meat Skewers,100.0,0.4345,23015.0,.
Loot_Global_Everything_Demo,item,Meringue,100.0,0.4345,23015.0,.
Loot_Global_Everything_Demo,item,Metal Scrap,100.0,0.4345,23015.0,.
Loot_Global_Everything_Demo,item,Mochi,100.0,0.4345,23015.0,.
Loot_Global_Everything_Demo,item,Molotov Cocktail,400.0,1.738,23015.0,.
Loot_Global_Everything_Demo,item,Mossman,50.0,0.2172,23015.0,.
Loot_Global_Everything_Demo,item,Motorcycle Helmet,50.0,0.2172,23015.0,.
Loot_Global_Everything_Demo,item,Multishot Oil,35.0,0.1521,23015.0,.
Loot_Global_Everything_Demo,item,Mushroom Omelette,100.0,0.4345,23015.0,.
Loot_Global_Everything_Demo,item,Mushroom Skewer,100.0,0.4345,23015.0,.
Loot_Global_Everything_Demo,item,Mushroom Soup,100.0,0.4345,23015.0,.
Loot_Global_Everything_Demo,item,Mutagen Bottle,20.0,0.0869,23015.0,.
Loot_Global_Everything_Demo,item,Mycota Squamata,100.0,0.4345,23015.0,.
Loot_Global_Everything_Demo,item,Mystery Meat,100.0,0.4345,23015.0,.
Loot_Global_Everything_Demo,item,Nashville Hot Chicken,100.0,0.4345,23015.0,.
Loot_Global_Everything_Demo,item,Nigiri,100.0,0.4345,23015.0,.
Loot_Global_Everything_Demo,item,Nut Mix,100.0,0.4345,23015.0,.
Loot_Global_Everything_Demo,item,Nut Spread,100.0,0.4345,23015.0,.
Loot_Global_Everything_Demo,item,Oats,100.0,0.4345,23015.0,.
Loot_Global_Everything_Demo,item,Omelette,100.0,0.4345,23015.0,.
Loot_Global_Everything_Demo,item,Onigiri,100.0,0.4345,23015.0,.
Loot_Global_Everything_Demo,item,P38 Dirk,25.0,0.1086,23015.0,.
Loot_Global_Everything_Demo,item,Palehorse Topclipper,35.0,0.1521,23015.0,.
Loot_Global_Everything_Demo,item,Paper,100.0,0.4345,23015.0,.
Loot_Global_Everything_Demo,item,Peanut,100.0,0.4345,23015.0,.
Loot_Global_Everything_Demo,item,Peanut Butter,100.0,0.4345,23015.0,.
Loot_Global_Everything_Demo,item,Peanutbutter Jelly Sandwich,100.0,0.4345,23015.0,.
Loot_Global_Everything_Demo,item,Peanutbutter Sandwich,100.0,0.4345,23015.0,.
Loot_Global_Everything_Demo,item,Perfect Bounce Oil,35.0,0.1521,23015.0,.
Loot_Global_Everything_Demo,item,Pillow Armor,100.0,0.4345,23015.0,.
Loot_Global_Everything_Demo,item,Pine nuts,100.0,0.4345,23015.0,.
Loot_Global_Everything_Demo,item,Pineapple Grenade,800.0,3.476,23015.0,.
Loot_Global_Everything_Demo,item,Pizza,100.0,0.4345,23015.0,.
Loot_Global_Everything_Demo,item,Pizza Slice,100.0,0.4345,23015.0,.
Loot_Global_Everything_Demo,item,Plain White Tee,50.0,0.2172,23015.0,.
Loot_Global_Everything_Demo,item,Ploika Compact,50.0,0.2172,23015.0,.
Loot_Global_Everything_Demo,item,Plop Back Oil,35.0,0.1521,23015.0,.
Loot_Global_Everything_Demo,item,Porridge,100.0,0.4345,23015.0,.
Loot_Global_Everything_Demo,item,Potato,100.0,0.4345,23015.0,.
Loot_Global_Everything_Demo,item,Power Bar,100.0,0.4345,23015.0,.
Loot_Global_Everything_Demo,item,Puffed Rice Cakes,100.0,0.4345,23015.0,.
Loot_Global_Everything_Demo,item,Pölsa,100.0,0.4345,23015.0,.
Loot_Global_Everything_Demo,item,Pølse,100.0,0.4345,23015.0,.
Loot_Global_Everything_Demo,item,Ramen,100.0,0.4345,23015.0,.
Loot_Global_Everything_Demo,item,Recycle Oil,35.0,0.1521,23015.0,.
Loot_Global_Everything_Demo,item,Red Wine,100.0,0.4345,23015.0,.
Loot_Global_Everything_Demo,item,Rektor 100rd,15.0,0.0652,23015.0,.
Loot_Global_Everything_Demo,item,Repair Kit,100.0,0.4345,23015.0,.
Loot_Global_Everything_Demo,item,Rhubarb,100.0,0.4345,23015.0,.
Loot_Global_Everything_Demo,item,Rhubarb Pie,100.0,0.4345,23015.0,.
Loot_Global_Everything_Demo,item,Rhubarb Porridge,100.0,0.4345,23015.0,.
Loot_Global_Everything_Demo,item,Rhubarb Sauce,100.0,0.4345,23015.0,.
Loot_Global_Everything_Demo,item,Rice,100.0,0.4345,23015.0,.
Loot_Global_Everything_Demo,item,Rock,100.0,0.4345,23015.0,.
Loot_Global_Everything_Demo,item,Rokua .308,25.0,0.1086,23015.0,.
Loot_Global_Everything_Demo,item,Rubber,100.0,0.4345,23015.0,.
Loot_Global_Everything_Demo,item,Rubber Boot,50.0,0.2172,23015.0,.
Loot_Global_Everything_Demo,item,Running Shoe,50.0,0.2172,23015.0,.
Loot_Global_Everything_Demo,item,Rödsopp,100.0,0.4345,23015.0,.
Loot_Global_Everything_Demo,item,Rödsopp Paste,100.0,0.4345,23015.0,.
Loot_Global_Everything_Demo,item,SULFUR Hoodie,50.0,0.2172,23015.0,.
Loot_Global_Everything_Demo,item,Salt,100.0,0.4345,23015.0,.
Loot_Global_Everything_Demo,item,Salted Fish,100.0,0.4345,23015.0,.
Loot_Global_Everything_Demo,item,Salted Sandfish,100.0,0.4345,23015.0,.
Loot_Global_Everything_Demo,item,Sashimi,100.0,0.4345,23015.0,.
Loot_Global_Everything_Demo,item,Sausage Omelette,100.0,0.4345,23015.0,.
Loot_Global_Everything_Demo,item,Sawdust,100.0,0.4345,23015.0,.
Loot_Global_Everything_Demo,item,Scroll of Earth,35.0,0.1521,23015.0,.
Loot_Global_Everything_Demo,item,Scroll of Embers,35.0,0.1521,23015.0,.
Loot_Global_Everything_Demo,item,Scroll of Frostbite,35.0,0.1521,23015.0,.
Loot_Global_Everything_Demo,item,Scroll of Nature,35.0,0.1521,23015.0,.
Loot_Global_Everything_Demo,item,Scroll of Plague,35.0,0.1521,23015.0,.
Loot_Global_Everything_Demo,item,Scroll of Surge,35.0,0.1521,23015.0,.
Loot_Global_Everything_Demo,item,Scroll of Water,35.0,0.1521,23015.0,.
Loot_Global_Everything_Demo,item,Seaweed,100.0,0.4345,23015.0,.
Loot_Global_Everything_Demo,item,Sheriff's Badge,60.0,0.2607,23015.0,.
Loot_Global_Everything_Demo,item,Shoe,50.0,0.2172,23015.0,.
Loot_Global_Everything_Demo,item,Skimmed Milk,100.0,0.4345,23015.0,.
Loot_Global_Everything_Demo,item,Slurf,100.0,0.4345,23015.0,.
Loot_Global_Everything_Demo,item,Snail,100.0,0.4345,23015.0,.
Loot_Global_Everything_Demo,item,Sneaker,50.0,0.2172,23015.0,.
Loot_Global_Everything_Demo,item,Snut .38,50.0,0.2172,23015.0,.
Loot_Global_Everything_Demo,item,Socom 9,30.0,0.1303,23015.0,.
Loot_Global_Everything_Demo,item,Solution,100.0,0.4345,23015.0,.
Loot_Global_Everything_Demo,item,Spaghetti,100.0,0.4345,23015.0,.
Loot_Global_Everything_Demo,item,Spaghetti Bolognese,100.0,0.4345,23015.0,.
Loot_Global_Everything_Demo,item,Spice Mix,100.0,0.4345,23015.0,.
Loot_Global_Everything_Demo,item,Spicy Sausage,100.0,0.4345,23015.0,.
Loot_Global_Everything_Demo,item,Sports Drink,100.0,0.4345,23015.0,.
Loot_Global_Everything_Demo,item,Spread Oil,35.0,0.1521,23015.0,.
Loot_Global_Everything_Demo,item,Springcoil Boot,50.0,0.2172,23015.0,.
Loot_Global_Everything_Demo,item,Star & Witness,25.0,0.1086,23015.0,.
Loot_Global_Everything_Demo,item,Stew,100.0,0.4345,23015.0,.
Loot_Global_Everything_Demo,item,Stick,100.0,0.4345,23015.0,.
Loot_Global_Everything_Demo,item,Stick Grenade,800.0,3.476,23015.0,.
Loot_Global_Everything_Demo,item,Stout,100.0,0.4345,23015.0,.
Loot_Global_Everything_Demo,item,Sugar,100.0,0.4345,23015.0,.
Loot_Global_Everything_Demo,item,Sulfur Grenade,300.0,1.3035,23015.0,.
Loot_Global_Everything_Demo,item,Swedish Pancakes,100.0,0.4345,23015.0,.
Loot_Global_Everything_Demo,item,Sweet Gum,100.0,0.4345,23015.0,.
Loot_Global_Everything_Demo,item,Swing-Ding,100.0,0.4345,23015.0,.
Loot_Global_Everything_Demo,item,Throwing Knives,400.0,1.738,23015.0,.
Loot_Global_Everything_Demo,item,Tori Ramen,100.0,0.4345,23015.0,.
Loot_Global_Everything_Demo,item,Tube Caviar,100.0,0.4345,23015.0,.
Loot_Global_Everything_Demo,item,Type 80 Typhoon,20.0,0.0869,23015.0,.
Loot_Global_Everything_Demo,item,Unagi,100.0,0.4345,23015.0,.
Loot_Global_Everything_Demo,item,Used Rubber,100.0,0.4345,23015.0,.
Loot_Global_Everything_Demo,item,Vacuum Cleaner,100.0,0.4345,23015.0,.
Loot_Global_Everything_Demo,item,Velvet Bell,100.0,0.4345,23015.0,.
Loot_Global_Everything_Demo,item,Vrede,35.0,0.1521,23015.0,.
Loot_Global_Everything_Demo,item,Walnut,100.0,0.4345,23015.0,.
Loot_Global_Everything_Demo,item,Whole Milk,100.0,0.4345,23015.0,.
Loot_Global_Everything_Demo,item,Yellow Hoodie,50.0,0.2172,23015.0,.
Loot_Global_Everything_Demo,item,Ygg,50.0,0.2172,23015.0,.
Loot_Scavenge_Canyon,item,Bark,15.0,25.0,60.0,SpecificScavenge
Loot_Scavenge_Canyon,item,Earthworm,15.0,25.0,60.0,SpecificScavenge
Loot_Scavenge_Canyon,item,Rock,15.0,25.0,60.0,SpecificScavenge
Loot_Scavenge_Canyon,item,Stick,15.0,25.0,60.0,SpecificScavenge
Loot_Scavenge_Caves,item,Bottled Water,18.0,8.3333,216.0,SpecificScavenge
Loot_Scavenge_Caves,item,Bread,18.0,8.3333,216.0,SpecificScavenge
Loot_Scavenge_Caves,item,Broth,24.0,11.1111,216.0,SpecificScavenge
Loot_Scavenge_Caves,item,Butter,6.0,2.7778,216.0,SpecificScavenge
Loot_Scavenge_Caves,item,Cheese,6.0,2.7778,216.0,SpecificScavenge
Loot_Scavenge_Caves,item,Egg,18.0,8.3333,216.0,SpecificScavenge
Loot_Scavenge_Caves,item,Mystery Meat,18.0,8.3333,216.0,SpecificScavenge
Loot_Scavenge_Caves,item,Potato,30.0,13.8889,216.0,SpecificScavenge
Loot_Scavenge_Caves,item,Rock,30.0,13.8889,216.0,SpecificScavenge
Loot_Scavenge_Caves,item,Snail,18.0,8.3333,216.0,SpecificScavenge
Loot_Scavenge_Caves,item,Stick,30.0,13.8889,216.0,SpecificScavenge
Loot_Scavenge_Desert,item,Banana,5.0,3.8462,130.0,SpecificScavenge
Loot_Scavenge_Desert,item,Bottled Water,5.0,3.8462,130.0,SpecificScavenge
Loot_Scavenge_Desert,item,Cactus,5.0,3.8462,130.0,SpecificScavenge
Loot_Scavenge_Desert,item,Cactus Softdrink,5.0,3.8462,130.0,SpecificScavenge
Loot_Scavenge_Desert,item,Crypt key,5.0,3.8462,130.0,SpecificScavenge
Loot_Scavenge_Desert,item,Fish,5.0,3.8462,130.0,SpecificScavenge
Loot_Scavenge_Desert,item,Fish and chips,5.0,3.8462,130.0,SpecificScavenge
Loot_Scavenge_Desert,item,Flat Sandfish,5.0,3.8462,130.0,SpecificScavenge
Loot_Scavenge_Desert,item,Grilled Cactus,5.0,3.8462,130.0,SpecificScavenge
Loot_Scavenge_Desert,item,Health Potion,5.0,3.8462,130.0,SpecificScavenge
Loot_Scavenge_Desert,item,Herbs,5.0,3.8462,130.0,SpecificScavenge
Loot_Scavenge_Desert,item,Holy Toast,5.0,3.8462,130.0,SpecificScavenge
Loot_Scavenge_Desert,item,Lackerol Cactus,5.0,3.8462,130.0,SpecificScavenge
Loot_Scavenge_Desert,item,Mystery Meat,5.0,3.8462,130.0,SpecificScavenge
Loot_Scavenge_Desert,item,Potato,5.0,3.8462,130.0,SpecificScavenge
Loot_Scavenge_Desert,item,Potato Salad,5.0,3.8462,130.0,SpecificScavenge
Loot_Scavenge_Desert,item,Red Wine,5.0,3.8462,130.0,SpecificScavenge
Loot_Scavenge_Desert,item,Rock,5.0,3.8462,130.0,SpecificScavenge
Loot_Scavenge_Desert,item,Salt,5.0,3.8462,130.0,SpecificScavenge
Loot_Scavenge_Desert,item,Salted Fish,5.0,3.8462,130.0,SpecificScavenge
Loot_Scavenge_Desert,item,Salted Sandfish,5.0,3.8462,130.0,SpecificScavenge
Loot_Scavenge_Desert,item,Silltallrik,5.0,3.8462,130.0,SpecificScavenge
Loot_Scavenge_Desert,item,Solution,5.0,3.8462,130.0,SpecificScavenge
Loot_Scavenge_Desert,item,Spice Mix,5.0,3.8462,130.0,SpecificScavenge
Loot_Scavenge_Desert,item,Stick,5.0,3.8462,130.0,SpecificScavenge
Loot_Scavenge_Desert,item,Sugar,5.0,3.8462,130.0,SpecificScavenge
Loot_Scavenge_Dungeon,item,Banana,2.0,0.8,250.0,SpecificScavenge
Loot_Scavenge_Dungeon,item,Beans,10.0,4.0,250.0,SpecificScavenge
Loot_Scavenge_Dungeon,item,Berry Jam,7.0,2.8,250.0,SpecificScavenge
Loot_Scavenge_Dungeon,item,Berry Jam (Unsweetened),7.0,2.8,250.0,SpecificScavenge
Loot_Scavenge_Dungeon,item,Black Pepper,5.0,2.0,250.0,SpecificScavenge
Loot_Scavenge_Dungeon,item,Bleach,5.0,2.0,250.0,SpecificScavenge
Loot_Scavenge_Dungeon,item,Bottled Water,15.0,6.0,250.0,SpecificScavenge
Loot_Scavenge_Dungeon,item,Bottled Water,1.0,0.4,250.0,SpecificScavenge
Loot_Scavenge_Dungeon,item,Chocolate Bar,1.0,0.4,250.0,SpecificScavenge
Loot_Scavenge_Dungeon,item,Christmas Spice,15.0,6.0,250.0,SpecificScavenge
Loot_Scavenge_Dungeon,item,Earthworm,15.0,6.0,250.0,SpecificScavenge
Loot_Scavenge_Dungeon,item,Egg,10.0,4.0,250.0,SpecificScavenge
Loot_Scavenge_Dungeon,item,Egg Toddy,2.0,0.8,250.0,SpecificScavenge
Loot_Scavenge_Dungeon,item,Flour,15.0,6.0,250.0,SpecificScavenge
Loot_Scavenge_Dungeon,item,Hard Bread,15.0,6.0,250.0,SpecificScavenge
Loot_Scavenge_Dungeon,item,Jello,3.0,1.2,250.0,SpecificScavenge
Loot_Scavenge_Dungeon,item,Liquor,10.0,4.0,250.0,SpecificScavenge
Loot_Scavenge_Dungeon,item,Lussekatt,5.0,2.0,250.0,SpecificScavenge
Loot_Scavenge_Dungeon,item,Mulled Wine,2.0,0.8,250.0,SpecificScavenge
Loot_Scavenge_Dungeon,item,Mystery Meat,15.0,6.0,250.0,SpecificScavenge
Loot_Scavenge_Dungeon,item,Oats,10.0,4.0,250.0,SpecificScavenge
Loot_Scavenge_Dungeon,item,Peanut Butter,10.0,4.0,250.0,SpecificScavenge
Loot_Scavenge_Dungeon,item,Pizza,1.0,0.4,250.0,SpecificScavenge
Loot_Scavenge_Dungeon,item,Pizza Slice,2.0,0.8,250.0,SpecificScavenge
Loot_Scavenge_Dungeon,item,Potato,15.0,6.0,250.0,SpecificScavenge
Loot_Scavenge_Dungeon,item,Red Wine,10.0,4.0,250.0,SpecificScavenge
Loot_Scavenge_Dungeon,item,Rice,10.0,4.0,250.0,SpecificScavenge
Loot_Scavenge_Dungeon,item,Salt,5.0,2.0,250.0,SpecificScavenge
Loot_Scavenge_Dungeon,item,Slurf,2.0,0.8,250.0,SpecificScavenge
Loot_Scavenge_Dungeon,item,Snail,5.0,2.0,250.0,SpecificScavenge
Loot_Scavenge_Dungeon,item,Spice Mix,10.0,4.0,250.0,SpecificScavenge
Loot_Scavenge_Dungeon,item,Sugar,10.0,4.0,250.0,SpecificScavenge
Loot_Scavenge_Forest,item,Bark,20.0,7.9365,252.0,SpecificScavenge
Loot_Scavenge_Forest,item,Bark bread,1.0,0.3968,252.0,SpecificScavenge
Loot_Scavenge_Forest,item,Berries,20.0,7.9365,252.0,SpecificScavenge
Loot_Scavenge_Forest,item,Berry Jam,1.0,0.3968,252.0,SpecificScavenge
Loot_Scavenge_Forest,item,Berry Jam (Unsweetened),1.0,0.3968,252.0,SpecificScavenge
Loot_Scavenge_Forest,item,Berry Milkshake,1.0,0.3968,252.0,SpecificScavenge
Loot_Scavenge_Forest,item,Bottled Water,1.0,0.3968,252.0,SpecificScavenge
Loot_Scavenge_Forest,item,Buttermilk,2.0,0.7937,252.0,SpecificScavenge
Loot_Scavenge_Forest,item,Chocolate Bar,1.0,0.3968,252.0,SpecificScavenge
Loot_Scavenge_Forest,item,Chocolate Milkshake,1.0,0.3968,252.0,SpecificScavenge
Loot_Scavenge_Forest,item,Chocolate Syrup,1.0,0.3968,252.0,SpecificScavenge
Loot_Scavenge_Forest,item,Earthworm,15.0,5.9524,252.0,SpecificScavenge
Loot_Scavenge_Forest,item,Egg,5.0,1.9841,252.0,SpecificScavenge
Loot_Scavenge_Forest,item,Flour,10.0,3.9683,252.0,SpecificScavenge
Loot_Scavenge_Forest,item,Hazelnut,15.0,5.9524,252.0,SpecificScavenge
Loot_Scavenge_Forest,item,Low Fat Milk,2.0,0.7937,252.0,SpecificScavenge
Loot_Scavenge_Forest,item,Nut Mix,5.0,1.9841,252.0,SpecificScavenge
Loot_Scavenge_Forest,item,Nut Spread,5.0,1.9841,252.0,SpecificScavenge
Loot_Scavenge_Forest,item,Peanut,20.0,7.9365,252.0,SpecificScavenge
Loot_Scavenge_Forest,item,Peanut Butter,1.0,0.3968,252.0,SpecificScavenge
Loot_Scavenge_Forest,item,Peanutbutter Jelly Sandwich,1.0,0.3968,252.0,SpecificScavenge
Loot_Scavenge_Forest,item,Peanutbutter Sandwich,1.0,0.3968,252.0,SpecificScavenge
Loot_Scavenge_Forest,item,Pine nuts,15.0,5.9524,252.0,SpecificScavenge
Loot_Scavenge_Forest,item,Potato,15.0,5.9524,252.0,SpecificScavenge
Loot_Scavenge_Forest,item,Rock,20.0,7.9365,252.0,SpecificScavenge
Loot_Scavenge_Forest,item,Skimmed Milk,2.0,0.7937,252.0,SpecificScavenge
Loot_Scavenge_Forest,item,Skimmed Milk,2.0,0.7937,252.0,SpecificScavenge
Loot_Scavenge_Forest,item,Snail,15.0,5.9524,252.0,SpecificScavenge
Loot_Scavenge_Forest,item,Solution,5.0,1.9841,252.0,SpecificScavenge
Loot_Scavenge_Forest,item,Stick,20.0,7.9365,252.0,SpecificScavenge
Loot_Scavenge_Forest,item,Sugar,10.0,3.9683,252.0,SpecificScavenge
Loot_Scavenge_Forest,item,Walnut,15.0,5.9524,252.0,SpecificScavenge
Loot_Scavenge_Forest,item,Whole Milk,2.0,0.7937,252.0,SpecificScavenge
Loot_Scavenge_Forest,item,Whole Milk,1.0,0.3968,252.0,SpecificScavenge
Loot_Scavenge_ForestTallgrass,item,,1500.0,87.3108,1718.0,.
Loot_Scavenge_ForestTallgrass,item,Bark,20.0,1.1641,1718.0,.
Loot_Scavenge_ForestTallgrass,item,Bark bread,1.0,0.0582,1718.0,.
Loot_Scavenge_ForestTallgrass,item,Berries,20.0,1.1641,1718.0,.
Loot_Scavenge_ForestTallgrass,item,Berry Jam,1.0,0.0582,1718.0,.
Loot_Scavenge_ForestTallgrass,item,Berry Jam (Unsweetened),1.0,0.0582,1718.0,.
Loot_Scavenge_ForestTallgrass,item,Berry Milkshake,1.0,0.0582,1718.0,.
Loot_Scavenge_ForestTallgrass,item,Bottled Water,1.0,0.0582,1718.0,.
Loot_Scavenge_ForestTallgrass,item,Buttermilk,2.0,0.1164,1718.0,.
Loot_Scavenge_ForestTallgrass,item,Chocolate Bar,1.0,0.0582,1718.0,.
Loot_Scavenge_ForestTallgrass,item,Chocolate Milkshake,1.0,0.0582,1718.0,.
Loot_Scavenge_ForestTallgrass,item,Chocolate Syrup,1.0,0.0582,1718.0,.
Loot_Scavenge_ForestTallgrass,item,Earthworm,15.0,0.8731,1718.0,.
Loot_Scavenge_ForestTallgrass,item,Hazelnut,15.0,0.8731,1718.0,.
Loot_Scavenge_ForestTallgrass,item,Low Fat Milk,2.0,0.1164,1718.0,.
Loot_Scavenge_ForestTallgrass,item,Nut Mix,1.0,0.0582,1718.0,.
Loot_Scavenge_ForestTallgrass,item,Peanut,20.0,1.1641,1718.0,.
Loot_Scavenge_ForestTallgrass,item,Peanut Butter,1.0,0.0582,1718.0,.
Loot_Scavenge_ForestTallgrass,item,Peanutbutter Jelly Sandwich,1.0,0.0582,1718.0,.
Loot_Scavenge_ForestTallgrass,item,Peanutbutter Sandwich,1.0,0.0582,1718.0,.
Loot_Scavenge_ForestTallgrass,item,Pine nuts,15.0,0.8731,1718.0,.
Loot_Scavenge_ForestTallgrass,item,Potato,15.0,0.8731,1718.0,.
Loot_Scavenge_ForestTallgrass,item,Rock,15.0,0.8731,1718.0,.
Loot_Scavenge_ForestTallgrass,item,Skimmed Milk,2.0,0.1164,1718.0,.
Loot_Scavenge_ForestTallgrass,item,Skimmed Milk,2.0,0.1164,1718.0,.
Loot_Scavenge_ForestTallgrass,item,Snail,15.0,0.8731,1718.0,.
Loot_Scavenge_ForestTallgrass,item,Stick,15.0,0.8731,1718.0,.
Loot_Scavenge_ForestTallgrass,item,Sugar,15.0,0.8731,1718.0,.
Loot_Scavenge_ForestTallgrass,item,Walnut,15.0,0.8731,1718.0,.
Loot_Scavenge_ForestTallgrass,item,Whole Milk,2.0,0.1164,1718.0,.
Loot_Scavenge_ForestTallgrass,item,Whole Milk,1.0,0.0582,1718.0,.
Loot_Scavenge_Fortress,item,Americano,2.0,0.0374,5341.0,SpecificScavenge
Loot_Scavenge_Fortress,item,Anti-Poison Gum,2.0,0.0374,5341.0,SpecificScavenge
Loot_Scavenge_Fortress,item,Banana Sulfs,2.0,0.0374,5341.0,SpecificScavenge
Loot_Scavenge_Fortress,item,BeGone,2.0,0.0374,5341.0,SpecificScavenge
Loot_Scavenge_Fortress,item,Bleach,2.0,0.0374,5341.0,SpecificScavenge
Loot_Scavenge_Fortress,item,Boba Tea,100.0,1.8723,5341.0,SpecificScavenge
Loot_Scavenge_Fortress,item,Bottled Water,500.0,9.3615,5341.0,SpecificScavenge
Loot_Scavenge_Fortress,item,Earthworm,50.0,0.9362,5341.0,SpecificScavenge
Loot_Scavenge_Fortress,item,Energy Gum,7.0,0.1311,5341.0,SpecificScavenge
Loot_Scavenge_Fortress,item,First Aid Kit,2.0,0.0374,5341.0,SpecificScavenge
Loot_Scavenge_Fortress,item,Fish,500.0,9.3615,5341.0,SpecificScavenge
Loot_Scavenge_Fortress,item,Fish and chips,10.0,0.1872,5341.0,SpecificScavenge
Loot_Scavenge_Fortress,item,Flat Sandfish,200.0,3.7446,5341.0,SpecificScavenge
Loot_Scavenge_Fortress,item,Gravad Lax,60.0,1.1234,5341.0,SpecificScavenge
Loot_Scavenge_Fortress,item,Green Tea,100.0,1.8723,5341.0,SpecificScavenge
Loot_Scavenge_Fortress,item,Green Tea Gum,50.0,0.9362,5341.0,SpecificScavenge
Loot_Scavenge_Fortress,item,Grilled Poultry,5.0,0.0936,5341.0,SpecificScavenge
Loot_Scavenge_Fortress,item,Health Potion,2.0,0.0374,5341.0,SpecificScavenge
Loot_Scavenge_Fortress,item,Herbal Tea,12.0,0.2247,5341.0,SpecificScavenge
Loot_Scavenge_Fortress,item,Herbs,20.0,0.3745,5341.0,SpecificScavenge
Loot_Scavenge_Fortress,item,Hot Pot,12.0,0.2247,5341.0,SpecificScavenge
Loot_Scavenge_Fortress,item,Kidney Stone,150.0,2.8085,5341.0,SpecificScavenge
Loot_Scavenge_Fortress,item,Kombucha,10.0,0.1872,5341.0,SpecificScavenge
Loot_Scavenge_Fortress,item,Latte,1.0,0.0187,5341.0,SpecificScavenge
Loot_Scavenge_Fortress,item,Lemonade,1.0,0.0187,5341.0,SpecificScavenge
Loot_Scavenge_Fortress,item,Liquor,1.0,0.0187,5341.0,SpecificScavenge
Loot_Scavenge_Fortress,item,Lutfisk,2.0,0.0374,5341.0,SpecificScavenge
Loot_Scavenge_Fortress,item,Maki,12.0,0.2247,5341.0,SpecificScavenge
Loot_Scavenge_Fortress,item,Matcha,500.0,9.3615,5341.0,SpecificScavenge
Loot_Scavenge_Fortress,item,Metal Scrap,1.0,0.0187,5341.0,SpecificScavenge
Loot_Scavenge_Fortress,item,Microfiber Dish Cloth,50.0,0.9362,5341.0,SpecificScavenge
Loot_Scavenge_Fortress,item,Mochi,15.0,0.2808,5341.0,SpecificScavenge
Loot_Scavenge_Fortress,item,Mycota Squamata,10.0,0.1872,5341.0,SpecificScavenge
Loot_Scavenge_Fortress,item,Nigiri,15.0,0.2808,5341.0,SpecificScavenge
Loot_Scavenge_Fortress,item,Nut Mix,2.0,0.0374,5341.0,SpecificScavenge
Loot_Scavenge_Fortress,item,Onigiri,15.0,0.2808,5341.0,SpecificScavenge
Loot_Scavenge_Fortress,item,Paper,100.0,1.8723,5341.0,SpecificScavenge
Loot_Scavenge_Fortress,item,Pizza Slice,2.0,0.0374,5341.0,SpecificScavenge
Loot_Scavenge_Fortress,item,Potato,400.0,7.4892,5341.0,SpecificScavenge
Loot_Scavenge_Fortress,item,Power Bar,2.0,0.0374,5341.0,SpecificScavenge
Loot_Scavenge_Fortress,item,Puffed Rice Cakes,15.0,0.2808,5341.0,SpecificScavenge
Loot_Scavenge_Fortress,item,Ramen,12.0,0.2247,5341.0,SpecificScavenge
Loot_Scavenge_Fortress,item,Red Wine,2.0,0.0374,5341.0,SpecificScavenge
Loot_Scavenge_Fortress,item,Repair Kit,10.0,0.1872,5341.0,SpecificScavenge
Loot_Scavenge_Fortress,item,Rice,500.0,9.3615,5341.0,SpecificScavenge
Loot_Scavenge_Fortress,item,Ris à la Malta,10.0,0.1872,5341.0,SpecificScavenge
Loot_Scavenge_Fortress,item,Risgrynsgröt,10.0,0.1872,5341.0,SpecificScavenge
Loot_Scavenge_Fortress,item,Rock,400.0,7.4892,5341.0,SpecificScavenge
Loot_Scavenge_Fortress,item,Rubber,100.0,1.8723,5341.0,SpecificScavenge
Loot_Scavenge_Fortress,item,Salt,200.0,3.7446,5341.0,SpecificScavenge
Loot_Scavenge_Fortress,item,Salted Fish,10.0,0.1872,5341.0,SpecificScavenge
Loot_Scavenge_Fortress,item,Salted Sandfish,10.0,0.1872,5341.0,SpecificScavenge
Loot_Scavenge_Fortress,item,Sashimi,15.0,0.2808,5341.0,SpecificScavenge
Loot_Scavenge_Fortress,item,Seaweed,500.0,9.3615,5341.0,SpecificScavenge
Loot_Scavenge_Fortress,item,Silltallrik,7.0,0.1311,5341.0,SpecificScavenge
Loot_Scavenge_Fortress,item,Slurf,2.0,0.0374,5341.0,SpecificScavenge
Loot_Scavenge_Fortress,item,Snail,2.0,0.0374,5341.0,SpecificScavenge
Loot_Scavenge_Fortress,item,Solution,2.0,0.0374,5341.0,SpecificScavenge
Loot_Scavenge_Fortress,item,Sports Drink,2.0,0.0374,5341.0,SpecificScavenge
Loot_Scavenge_Fortress,item,Stick,500.0,9.3615,5341.0,SpecificScavenge
Loot_Scavenge_Fortress,item,Sweet Gum,7.0,0.1311,5341.0,SpecificScavenge
Loot_Scavenge_Fortress,item,Toast Skagen,15.0,0.2808,5341.0,SpecificScavenge
Loot_Scavenge_Fortress,item,Tongue On Stick,2.0,0.0374,5341.0,SpecificScavenge
Loot_Scavenge_Fortress,item,Tori Ramen,12.0,0.2247,5341.0,SpecificScavenge
Loot_Scavenge_Fortress,item,Unagi,12.0,0.2247,5341.0,SpecificScavenge
Loot_Scavenge_Fortress,item,Used Rubber,15.0,0.2808,5341.0,SpecificScavenge
Loot_Scavenge_Fortress,item,Wet Wipes,40.0,0.7489,5341.0,SpecificScavenge
Loot_Scavenge_LuciasCastle,item,Beans,5.0,1.7301,289.0,SpecificScavenge
Loot_Scavenge_LuciasCastle,item,Berry Jam,5.0,1.7301,289.0,SpecificScavenge
Loot_Scavenge_LuciasCastle,item,Bottled Water,20.0,6.9204,289.0,SpecificScavenge
Loot_Scavenge_LuciasCastle,item,Bread,10.0,3.4602,289.0,SpecificScavenge
Loot_Scavenge_LuciasCastle,item,Butter,10.0,3.4602,289.0,SpecificScavenge
Loot_Scavenge_LuciasCastle,item,Buttermilk,5.0,1.7301,289.0,SpecificScavenge
Loot_Scavenge_LuciasCastle,item,Cheese,10.0,3.4602,289.0,SpecificScavenge
Loot_Scavenge_LuciasCastle,item,Chicken Leg,10.0,3.4602,289.0,SpecificScavenge
Loot_Scavenge_LuciasCastle,item,Chocolate Bar,1.0,0.346,289.0,SpecificScavenge
Loot_Scavenge_LuciasCastle,item,Chocolate Mudcake,1.0,0.346,289.0,SpecificScavenge
Loot_Scavenge_LuciasCastle,item,Cuisses De Grenouille,1.0,0.346,289.0,SpecificScavenge
Loot_Scavenge_LuciasCastle,item,Egg,20.0,6.9204,289.0,SpecificScavenge
Loot_Scavenge_LuciasCastle,item,Flour,20.0,6.9204,289.0,SpecificScavenge
Loot_Scavenge_LuciasCastle,item,French Hotdog,1.0,0.346,289.0,SpecificScavenge
Loot_Scavenge_LuciasCastle,item,Frog Leg,20.0,6.9204,289.0,SpecificScavenge
Loot_Scavenge_LuciasCastle,item,Haggis,1.0,0.346,289.0,SpecificScavenge
Loot_Scavenge_LuciasCastle,item,Hardshell Taco,1.0,0.346,289.0,SpecificScavenge
Loot_Scavenge_LuciasCastle,item,Karl-Oskar,5.0,1.7301,289.0,SpecificScavenge
Loot_Scavenge_LuciasCastle,item,Low Fat Milk,5.0,1.7301,289.0,SpecificScavenge
Loot_Scavenge_LuciasCastle,item,Lussekatt,1.0,0.346,289.0,SpecificScavenge
Loot_Scavenge_LuciasCastle,item,Mochi,1.0,0.346,289.0,SpecificScavenge
Loot_Scavenge_LuciasCastle,item,Mystery Meat,20.0,6.9204,289.0,SpecificScavenge
Loot_Scavenge_LuciasCastle,item,Oats,20.0,6.9204,289.0,SpecificScavenge
Loot_Scavenge_LuciasCastle,item,Peanut,20.0,6.9204,289.0,SpecificScavenge
Loot_Scavenge_LuciasCastle,item,Peanut Butter,5.0,1.7301,289.0,SpecificScavenge
Loot_Scavenge_LuciasCastle,item,Potato,5.0,1.7301,289.0,SpecificScavenge
Loot_Scavenge_LuciasCastle,item,Rödsopp,5.0,1.7301,289.0,SpecificScavenge
Loot_Scavenge_LuciasCastle,item,Salt,10.0,3.4602,289.0,SpecificScavenge
Loot_Scavenge_LuciasCastle,item,Skimmed Milk,5.0,1.7301,289.0,SpecificScavenge
Loot_Scavenge_LuciasCastle,item,Slurf,5.0,1.7301,289.0,SpecificScavenge
Loot_Scavenge_LuciasCastle,item,Spaghetti,10.0,3.4602,289.0,SpecificScavenge
Loot_Scavenge_LuciasCastle,item,Spaghetti Bolognese,1.0,0.346,289.0,SpecificScavenge
Loot_Scavenge_LuciasCastle,item,Spice Mix,20.0,6.9204,289.0,SpecificScavenge
Loot_Scavenge_LuciasCastle,item,Spicy Sausage,5.0,1.7301,289.0,SpecificScavenge
Loot_Scavenge_LuciasCastle,item,Whole Milk,5.0,1.7301,289.0,SpecificScavenge
Loot_Scavenge_RobotHeaven,item,Beef Jerky,3.0,0.7177,418.0,SpecificScavenge
Loot_Scavenge_RobotHeaven,item,Black Pepper,20.0,4.7847,418.0,SpecificScavenge
Loot_Scavenge_RobotHeaven,item,Blood,3.0,0.7177,418.0,SpecificScavenge
Loot_Scavenge_RobotHeaven,item,Blood Pudding,3.0,0.7177,418.0,SpecificScavenge
Loot_Scavenge_RobotHeaven,item,Bottled Water,20.0,4.7847,418.0,SpecificScavenge
Loot_Scavenge_RobotHeaven,item,Bread,20.0,4.7847,418.0,SpecificScavenge
Loot_Scavenge_RobotHeaven,item,Butter,20.0,4.7847,418.0,SpecificScavenge
Loot_Scavenge_RobotHeaven,item,Buttermilk,3.0,0.7177,418.0,SpecificScavenge
Loot_Scavenge_RobotHeaven,item,Buttermilk Pancakes,3.0,0.7177,418.0,SpecificScavenge
Loot_Scavenge_RobotHeaven,item,Cacao,20.0,4.7847,418.0,SpecificScavenge
Loot_Scavenge_RobotHeaven,item,Cereal,3.0,0.7177,418.0,SpecificScavenge
Loot_Scavenge_RobotHeaven,item,Cheese,5.0,1.1962,418.0,SpecificScavenge
Loot_Scavenge_RobotHeaven,item,Cheese Tops,3.0,0.7177,418.0,SpecificScavenge
Loot_Scavenge_RobotHeaven,item,Cheeseburger,3.0,0.7177,418.0,SpecificScavenge
Loot_Scavenge_RobotHeaven,item,Chocolate Ball,3.0,0.7177,418.0,SpecificScavenge
Loot_Scavenge_RobotHeaven,item,Chocolate Mudcake,3.0,0.7177,418.0,SpecificScavenge
Loot_Scavenge_RobotHeaven,item,Chocolate Syrup,3.0,0.7177,418.0,SpecificScavenge
Loot_Scavenge_RobotHeaven,item,Coffee,3.0,0.7177,418.0,SpecificScavenge
Loot_Scavenge_RobotHeaven,item,Cotton Candy,5.0,1.1962,418.0,SpecificScavenge
Loot_Scavenge_RobotHeaven,item,Cotton Swabs,3.0,0.7177,418.0,SpecificScavenge
Loot_Scavenge_RobotHeaven,item,Cuisses De Grenouille,5.0,1.1962,418.0,SpecificScavenge
Loot_Scavenge_RobotHeaven,item,Double Cheeseburger,3.0,0.7177,418.0,SpecificScavenge
Loot_Scavenge_RobotHeaven,item,Egg,20.0,4.7847,418.0,SpecificScavenge
Loot_Scavenge_RobotHeaven,item,Energy Gum,3.0,0.7177,418.0,SpecificScavenge
Loot_Scavenge_RobotHeaven,item,Escargot,5.0,1.1962,418.0,SpecificScavenge
Loot_Scavenge_RobotHeaven,item,Flour,20.0,4.7847,418.0,SpecificScavenge
Loot_Scavenge_RobotHeaven,item,French Hotdog,3.0,0.7177,418.0,SpecificScavenge
Loot_Scavenge_RobotHeaven,item,Frog Leg,3.0,0.7177,418.0,SpecificScavenge
Loot_Scavenge_RobotHeaven,item,Herbs,20.0,4.7847,418.0,SpecificScavenge
Loot_Scavenge_RobotHeaven,item,Herbs,3.0,0.7177,418.0,SpecificScavenge
Loot_Scavenge_RobotHeaven,item,Hot Snacks,3.0,0.7177,418.0,SpecificScavenge
Loot_Scavenge_RobotHeaven,item,Liver Patty Sandwich,3.0,0.7177,418.0,SpecificScavenge
Loot_Scavenge_RobotHeaven,item,Low Fat Milk,5.0,1.1962,418.0,SpecificScavenge
Loot_Scavenge_RobotHeaven,item,Mac'n'Cheese,3.0,0.7177,418.0,SpecificScavenge
Loot_Scavenge_RobotHeaven,item,Mushroom Soup,3.0,0.7177,418.0,SpecificScavenge
Loot_Scavenge_RobotHeaven,item,Mystery Meat,3.0,0.7177,418.0,SpecificScavenge
Loot_Scavenge_RobotHeaven,item,Nashville Hot Chicken,3.0,0.7177,418.0,SpecificScavenge
Loot_Scavenge_RobotHeaven,item,Nut Mix,3.0,0.7177,418.0,SpecificScavenge
Loot_Scavenge_RobotHeaven,item,Nut Spread,3.0,0.7177,418.0,SpecificScavenge
Loot_Scavenge_RobotHeaven,item,Oats,20.0,4.7847,418.0,SpecificScavenge
Loot_Scavenge_RobotHeaven,item,Omelette,5.0,1.1962,418.0,SpecificScavenge
Loot_Scavenge_RobotHeaven,item,Peanutbutter Sandwich,3.0,0.7177,418.0,SpecificScavenge
Loot_Scavenge_RobotHeaven,item,Pizza Slice,3.0,0.7177,418.0,SpecificScavenge
Loot_Scavenge_RobotHeaven,item,Potato,20.0,4.7847,418.0,SpecificScavenge
Loot_Scavenge_RobotHeaven,item,Pölsa,5.0,1.1962,418.0,SpecificScavenge
Loot_Scavenge_RobotHeaven,item,Pølse,5.0,1.1962,418.0,SpecificScavenge
Loot_Scavenge_RobotHeaven,item,Red Wine,3.0,0.7177,418.0,SpecificScavenge
Loot_Scavenge_RobotHeaven,item,Rock,5.0,1.1962,418.0,SpecificScavenge
Loot_Scavenge_RobotHeaven,item,Salt,5.0,1.1962,418.0,SpecificScavenge
Loot_Scavenge_RobotHeaven,item,Salt,3.0,0.7177,418.0,SpecificScavenge
Loot_Scavenge_RobotHeaven,item,Skimmed Milk,5.0,1.1962,418.0,SpecificScavenge
Loot_Scavenge_RobotHeaven,item,Slurf,3.0,0.7177,418.0,SpecificScavenge
Loot_Scavenge_RobotHeaven,item,Snail,5.0,1.1962,418.0,SpecificScavenge
Loot_Scavenge_RobotHeaven,item,Spaghetti,5.0,1.1962,418.0,SpecificScavenge
Loot_Scavenge_RobotHeaven,item,Spaghetti Bolognese,3.0,0.7177,418.0,SpecificScavenge
Loot_Scavenge_RobotHeaven,item,Spicy Sausage,3.0,0.7177,418.0,SpecificScavenge
Loot_Scavenge_RobotHeaven,item,Stew,3.0,0.7177,418.0,SpecificScavenge
Loot_Scavenge_RobotHeaven,item,Stick,20.0,4.7847,418.0,SpecificScavenge
Loot_Scavenge_RobotHeaven,item,Sugar,20.0,4.7847,418.0,SpecificScavenge
Loot_Scavenge_RobotHeaven,item,Swedish Pancakes,3.0,0.7177,418.0,SpecificScavenge
Loot_Scavenge_RobotHeaven,item,Vacuum Cleaner,3.0,0.7177,418.0,SpecificScavenge
Loot_Scavenge_RobotHeaven,item,Whole Milk,5.0,1.1962,418.0,SpecificScavenge
Loot_Scavenge_Sewers,item,Admiral White Extra Strong,3.0,1.1364,264.0,SpecificScavenge
Loot_Scavenge_Sewers,item,Air Duster,2.0,0.7576,264.0,SpecificScavenge
Loot_Scavenge_Sewers,item,Anti-Poison Gum,2.0,0.7576,264.0,SpecificScavenge
Loot_Scavenge_Sewers,item,Aspic,1.0,0.3788,264.0,SpecificScavenge
Loot_Scavenge_Sewers,item,Banana,5.0,1.8939,264.0,SpecificScavenge
Loot_Scavenge_Sewers,item,Banana,10.0,3.7879,264.0,SpecificScavenge
Loot_Scavenge_Sewers,item,Banana Bread,1.0,0.3788,264.0,SpecificScavenge
Loot_Scavenge_Sewers,item,BeGone,1.0,0.3788,264.0,SpecificScavenge
Loot_Scavenge_Sewers,item,Beans,3.0,1.1364,264.0,SpecificScavenge
Loot_Scavenge_Sewers,item,Beef Jerky,2.0,0.7576,264.0,SpecificScavenge
Loot_Scavenge_Sewers,item,Bleach,3.0,1.1364,264.0,SpecificScavenge
Loot_Scavenge_Sewers,item,Blood,1.0,0.3788,264.0,SpecificScavenge
Loot_Scavenge_Sewers,item,Bone,15.0,5.6818,264.0,SpecificScavenge
Loot_Scavenge_Sewers,item,Bottled Caviar,2.0,0.7576,264.0,SpecificScavenge
Loot_Scavenge_Sewers,item,Bottled Water,1.0,0.3788,264.0,SpecificScavenge
Loot_Scavenge_Sewers,item,Bottled Water,15.0,5.6818,264.0,SpecificScavenge
Loot_Scavenge_Sewers,item,Cactus Softdrink,1.0,0.3788,264.0,SpecificScavenge
Loot_Scavenge_Sewers,item,Cereal,1.0,0.3788,264.0,SpecificScavenge
Loot_Scavenge_Sewers,item,Cheese,1.0,0.3788,264.0,SpecificScavenge
Loot_Scavenge_Sewers,item,Chicken Leg,3.0,1.1364,264.0,SpecificScavenge
Loot_Scavenge_Sewers,item,Chocolate Bar,3.0,1.1364,264.0,SpecificScavenge
Loot_Scavenge_Sewers,item,Chocolate Syrup,2.0,0.7576,264.0,SpecificScavenge
Loot_Scavenge_Sewers,item,Christmas Spice,1.0,0.3788,264.0,SpecificScavenge
Loot_Scavenge_Sewers,item,Cotton Swabs,15.0,5.6818,264.0,SpecificScavenge
Loot_Scavenge_Sewers,item,Cuisses De Grenouille,1.0,0.3788,264.0,SpecificScavenge
Loot_Scavenge_Sewers,item,Dish Soap,5.0,1.8939,264.0,SpecificScavenge
Loot_Scavenge_Sewers,item,Energy Gum,2.0,0.7576,264.0,SpecificScavenge
Loot_Scavenge_Sewers,item,Fatberg Chunk,15.0,5.6818,264.0,SpecificScavenge
Loot_Scavenge_Sewers,item,First Aid Kit,3.0,1.1364,264.0,SpecificScavenge
Loot_Scavenge_Sewers,item,Fish,2.0,0.7576,264.0,SpecificScavenge
Loot_Scavenge_Sewers,item,Frog Leg,10.0,3.7879,264.0,SpecificScavenge
Loot_Scavenge_Sewers,item,Green Glob,15.0,5.6818,264.0,SpecificScavenge
Loot_Scavenge_Sewers,item,Green Tea Gum,2.0,0.7576,264.0,SpecificScavenge
Loot_Scavenge_Sewers,item,Health Potion,1.0,0.3788,264.0,SpecificScavenge
Loot_Scavenge_Sewers,item,Hot Sauce,1.0,0.3788,264.0,SpecificScavenge
Loot_Scavenge_Sewers,item,Jello,3.0,1.1364,264.0,SpecificScavenge
Loot_Scavenge_Sewers,item,Kidney Stone,15.0,5.6818,264.0,SpecificScavenge
Loot_Scavenge_Sewers,item,Lackerol Cactus,1.0,0.3788,264.0,SpecificScavenge
Loot_Scavenge_Sewers,item,Leverpastej,2.0,0.7576,264.0,SpecificScavenge
Loot_Scavenge_Sewers,item,Liquor,3.0,1.1364,264.0,SpecificScavenge
Loot_Scavenge_Sewers,item,Matcha,2.0,0.7576,264.0,SpecificScavenge
Loot_Scavenge_Sewers,item,Microfiber Dish Cloth,5.0,1.8939,264.0,SpecificScavenge
Loot_Scavenge_Sewers,item,Mutagen Bottle,1.0,0.3788,264.0,SpecificScavenge
Loot_Scavenge_Sewers,item,Mystery Meat,10.0,3.7879,264.0,SpecificScavenge
Loot_Scavenge_Sewers,item,Nut Mix,2.0,0.7576,264.0,SpecificScavenge
Loot_Scavenge_Sewers,item,Nut Spread,1.0,0.3788,264.0,SpecificScavenge
Loot_Scavenge_Sewers,item,Pizza Slice,1.0,0.3788,264.0,SpecificScavenge
Loot_Scavenge_Sewers,item,Potato,1.0,0.3788,264.0,SpecificScavenge
Loot_Scavenge_Sewers,item,Power Bar,2.0,0.7576,264.0,SpecificScavenge
Loot_Scavenge_Sewers,item,Puffed Rice Cakes,2.0,0.7576,264.0,SpecificScavenge
Loot_Scavenge_Sewers,item,Red Wine,2.0,0.7576,264.0,SpecificScavenge
Loot_Scavenge_Sewers,item,Rock,10.0,3.7879,264.0,SpecificScavenge
Loot_Scavenge_Sewers,item,Rubber,2.0,0.7576,264.0,SpecificScavenge
Loot_Scavenge_Sewers,item,Salt,1.0,0.3788,264.0,SpecificScavenge
Loot_Scavenge_Sewers,item,Slurf,3.0,1.1364,264.0,SpecificScavenge
Loot_Scavenge_Sewers,item,Snail,15.0,5.6818,264.0,SpecificScavenge
Loot_Scavenge_Sewers,item,Soapy Wool,5.0,1.8939,264.0,SpecificScavenge
Loot_Scavenge_Sewers,item,Solution,3.0,1.1364,264.0,SpecificScavenge
Loot_Scavenge_Sewers,item,Spaghetti,1.0,0.3788,264.0,SpecificScavenge
Loot_Scavenge_Sewers,item,Stick,5.0,1.8939,264.0,SpecificScavenge
Loot_Scavenge_Sewers,item,Stout,1.0,0.3788,264.0,SpecificScavenge
Loot_Scavenge_Sewers,item,Surstromming,3.0,1.1364,264.0,SpecificScavenge
Loot_Scavenge_Sewers,item,Sweet Gum,3.0,1.1364,264.0,SpecificScavenge
Loot_Scavenge_Sewers,item,Tube Caviar,2.0,0.7576,264.0,SpecificScavenge
Loot_Scavenge_Sewers,item,Used Rubber,1.0,0.3788,264.0,SpecificScavenge
Loot_Scavenge_Sewers,item,Wet Wipes,5.0,1.8939,264.0,SpecificScavenge
Loot_Scavenge_Shanty,item,Beef Jerky,3.0,0.7177,418.0,SpecificScavenge
Loot_Scavenge_Shanty,item,Black Pepper,20.0,4.7847,418.0,SpecificScavenge
Loot_Scavenge_Shanty,item,Blood,3.0,0.7177,418.0,SpecificScavenge
Loot_Scavenge_Shanty,item,Blood Pudding,3.0,0.7177,418.0,SpecificScavenge
Loot_Scavenge_Shanty,item,Bottled Water,20.0,4.7847,418.0,SpecificScavenge
Loot_Scavenge_Shanty,item,Bread,20.0,4.7847,418.0,SpecificScavenge
Loot_Scavenge_Shanty,item,Butter,20.0,4.7847,418.0,SpecificScavenge
Loot_Scavenge_Shanty,item,Buttermilk,3.0,0.7177,418.0,SpecificScavenge
Loot_Scavenge_Shanty,item,Buttermilk Pancakes,3.0,0.7177,418.0,SpecificScavenge
Loot_Scavenge_Shanty,item,Cacao,20.0,4.7847,418.0,SpecificScavenge
Loot_Scavenge_Shanty,item,Cereal,3.0,0.7177,418.0,SpecificScavenge
Loot_Scavenge_Shanty,item,Cheese,5.0,1.1962,418.0,SpecificScavenge
Loot_Scavenge_Shanty,item,Cheese Tops,3.0,0.7177,418.0,SpecificScavenge
Loot_Scavenge_Shanty,item,Cheeseburger,3.0,0.7177,418.0,SpecificScavenge
Loot_Scavenge_Shanty,item,Chocolate Ball,3.0,0.7177,418.0,SpecificScavenge
Loot_Scavenge_Shanty,item,Chocolate Mudcake,3.0,0.7177,418.0,SpecificScavenge
Loot_Scavenge_Shanty,item,Chocolate Syrup,3.0,0.7177,418.0,SpecificScavenge
Loot_Scavenge_Shanty,item,Coffee,3.0,0.7177,418.0,SpecificScavenge
Loot_Scavenge_Shanty,item,Cotton Candy,5.0,1.1962,418.0,SpecificScavenge
Loot_Scavenge_Shanty,item,Cotton Swabs,3.0,0.7177,418.0,SpecificScavenge
Loot_Scavenge_Shanty,item,Cuisses De Grenouille,5.0,1.1962,418.0,SpecificScavenge
Loot_Scavenge_Shanty,item,Double Cheeseburger,3.0,0.7177,418.0,SpecificScavenge
Loot_Scavenge_Shanty,item,Egg,20.0,4.7847,418.0,SpecificScavenge
Loot_Scavenge_Shanty,item,Energy Gum,3.0,0.7177,418.0,SpecificScavenge
Loot_Scavenge_Shanty,item,Escargot,5.0,1.1962,418.0,SpecificScavenge
Loot_Scavenge_Shanty,item,Flour,20.0,4.7847,418.0,SpecificScavenge
Loot_Scavenge_Shanty,item,French Hotdog,3.0,0.7177,418.0,SpecificScavenge
Loot_Scavenge_Shanty,item,Frog Leg,3.0,0.7177,418.0,SpecificScavenge
Loot_Scavenge_Shanty,item,Herbs,20.0,4.7847,418.0,SpecificScavenge
Loot_Scavenge_Shanty,item,Herbs,3.0,0.7177,418.0,SpecificScavenge
Loot_Scavenge_Shanty,item,Hot Snacks,3.0,0.7177,418.0,SpecificScavenge
Loot_Scavenge_Shanty,item,Liver Patty Sandwich,3.0,0.7177,418.0,SpecificScavenge
Loot_Scavenge_Shanty,item,Low Fat Milk,5.0,1.1962,418.0,SpecificScavenge
Loot_Scavenge_Shanty,item,Mac'n'Cheese,3.0,0.7177,418.0,SpecificScavenge
Loot_Scavenge_Shanty,item,Mushroom Soup,3.0,0.7177,418.0,SpecificScavenge
Loot_Scavenge_Shanty,item,Mystery Meat,3.0,0.7177,418.0,SpecificScavenge
Loot_Scavenge_Shanty,item,Nashville Hot Chicken,3.0,0.7177,418.0,SpecificScavenge
Loot_Scavenge_Shanty,item,Nut Mix,3.0,0.7177,418.0,SpecificScavenge
Loot_Scavenge_Shanty,item,Nut Spread,3.0,0.7177,418.0,SpecificScavenge
Loot_Scavenge_Shanty,item,Oats,20.0,4.7847,418.0,SpecificScavenge
Loot_Scavenge_Shanty,item,Omelette,5.0,1.1962,418.0,SpecificScavenge
Loot_Scavenge_Shanty,item,Peanutbutter Sandwich,3.0,0.7177,418.0,SpecificScavenge
Loot_Scavenge_Shanty,item,Pizza Slice,3.0,0.7177,418.0,SpecificScavenge
Loot_Scavenge_Shanty,item,Potato,20.0,4.7847,418.0,SpecificScavenge
Loot_Scavenge_Shanty,item,Pölsa,5.0,1.1962,418.0,SpecificScavenge
Loot_Scavenge_Shanty,item,Pølse,5.0,1.1962,418.0,SpecificScavenge
Loot_Scavenge_Shanty,item,Red Wine,3.0,0.7177,418.0,SpecificScavenge
Loot_Scavenge_Shanty,item,Rock,5.0,1.1962,418.0,SpecificScavenge
Loot_Scavenge_Shanty,item,Salt,5.0,1.1962,418.0,SpecificScavenge
Loot_Scavenge_Shanty,item,Salt,3.0,0.7177,418.0,SpecificScavenge
Loot_Scavenge_Shanty,item,Skimmed Milk,5.0,1.1962,418.0,SpecificScavenge
Loot_Scavenge_Shanty,item,Slurf,3.0,0.7177,418.0,SpecificScavenge
Loot_Scavenge_Shanty,item,Snail,5.0,1.1962,418.0,SpecificScavenge
Loot_Scavenge_Shanty,item,Spaghetti,5.0,1.1962,418.0,SpecificScavenge
Loot_Scavenge_Shanty,item,Spaghetti Bolognese,3.0,0.7177,418.0,SpecificScavenge
Loot_Scavenge_Shanty,item,Spicy Sausage,3.0,0.7177,418.0,SpecificScavenge
Loot_Scavenge_Shanty,item,Stew,3.0,0.7177,418.0,SpecificScavenge
Loot_Scavenge_Shanty,item,Stick,20.0,4.7847,418.0,SpecificScavenge
Loot_Scavenge_Shanty,item,Sugar,20.0,4.7847,418.0,SpecificScavenge
Loot_Scavenge_Shanty,item,Swedish Pancakes,3.0,0.7177,418.0,SpecificScavenge
Loot_Scavenge_Shanty,item,Vacuum Cleaner,3.0,0.7177,418.0,SpecificScavenge
Loot_Scavenge_Shanty,item,Whole Milk,5.0,1.1962,418.0,SpecificScavenge
Loot_Shanty_Hatboxes,item,Berry Jam,3.0,6.9767,43.0,.
Loot_Shanty_Hatboxes,item,Black Pepper,2.0,4.6512,43.0,.
Loot_Shanty_Hatboxes,item,Butter,3.0,6.9767,43.0,.
Loot_Shanty_Hatboxes,item,Cacao,4.0,9.3023,43.0,.
Loot_Shanty_Hatboxes,item,Chocolate Mudcake,1.0,2.3256,43.0,.
Loot_Shanty_Hatboxes,item,Egg,3.0,6.9767,43.0,.
Loot_Shanty_Hatboxes,item,Flour,5.0,11.6279,43.0,.
Loot_Shanty_Hatboxes,item,Liquor,3.0,6.9767,43.0,.
Loot_Shanty_Hatboxes,item,Oats,5.0,11.6279,43.0,.
Loot_Shanty_Hatboxes,item,Red Wine,3.0,6.9767,43.0,.
Loot_Shanty_Hatboxes,item,Salt,2.0,4.6512,43.0,.
Loot_Shanty_Hatboxes,item,Spice Mix,4.0,9.3023,43.0,.
Loot_Shanty_Hatboxes,item,Sugar,5.0,11.6279,43.0,.
Loot_Stamp,item,Stamp,1.0,100.0,1.0,.
Loot_TallgrassOLD,item,,40.0,50.6329,79.0,.
Loot_TallgrassOLD,item,Egg,1.0,1.2658,79.0,.
Loot_TallgrassOLD,item,Hazelnut,10.0,12.6582,79.0,.
Loot_TallgrassOLD,item,Herbs,3.0,3.7975,79.0,.
Loot_TallgrassOLD,item,Pine nuts,10.0,12.6582,79.0,.
Loot_TallgrassOLD,item,Potato,5.0,6.3291,79.0,.
Loot_TallgrassOLD,item,Walnut,10.0,12.6582,79.0,.
Loot_Valuables_Canyon,item,Desert Cookbook,1.0,100.0,1.0,SpecificValuables
Loot_Valuables_Caves,item,Goblin Cooking,1.0,100.0,1.0,SpecificValuables
Loot_Valuables_Desert,item,Desert Cookbook,1.0,100.0,1.0,SpecificValuables
Loot_Valuables_Dungeon,item,Dungeon cooking,1.0,100.0,1.0,SpecificValuables
Loot_Valuables_Forest,item,Forest Cookbook,1.0,100.0,1.0,SpecificValuables
Loot_Valuables_Fortress,item,Fortress Cookbook,1.0,100.0,1.0,SpecificValuables
Loot_Valuables_LuciasCastle,item,Castle cooking,1.0,100.0,1.0,SpecificValuables
Loot_Valuables_RobotHeaven,item,Robot Cooking,1.0,100.0,1.0,SpecificValuables
Loot_Valuables_Sewers,item,Sewers cooking,1.0,100.0,1.0,SpecificValuables
Loot_Valuables_Shanty,item,Black Guild Cooking,1.0,100.0,1.0,SpecificValuables
Loot_Weapons_CastleandDungeon,item,.357 Balthazar,100.0,2.5214,3966.0,SpecificWeapons
Loot_Weapons_CastleandDungeon,item,1884 Mario,100.0,2.5214,3966.0,SpecificWeapons
Loot_Weapons_CastleandDungeon,item,Arbiter 2,100.0,2.5214,3966.0,SpecificWeapons
Loot_Weapons_CastleandDungeon,item,Augusta,100.0,2.5214,3966.0,SpecificWeapons
Loot_Weapons_CastleandDungeon,item,Beck 8,100.0,2.5214,3966.0,SpecificWeapons
Loot_Weapons_CastleandDungeon,item,Blackwater,100.0,2.5214,3966.0,SpecificWeapons
Loot_Weapons_CastleandDungeon,item,Breacher 8,100.0,2.5214,3966.0,SpecificWeapons
Loot_Weapons_CastleandDungeon,item,Bronco 89,100.0,2.5214,3966.0,SpecificWeapons
Loot_Weapons_CastleandDungeon,item,CYB47,15.0,0.3782,3966.0,SpecificWeapons
Loot_Weapons_CastleandDungeon,item,Catacoil Rapid X,15.0,0.3782,3966.0,SpecificWeapons
Loot_Weapons_CastleandDungeon,item,Cavalier,100.0,2.5214,3966.0,SpecificWeapons
Loot_Weapons_CastleandDungeon,item,Chat-Pardeur 98,100.0,2.5214,3966.0,SpecificWeapons
Loot_Weapons_CastleandDungeon,item,Chimera Rapid,100.0,2.5214,3966.0,SpecificWeapons
Loot_Weapons_CastleandDungeon,item,Corpsemaker,10.0,0.2521,3966.0,SpecificWeapons
Loot_Weapons_CastleandDungeon,item,D4RT,100.0,2.5214,3966.0,SpecificWeapons
Loot_Weapons_CastleandDungeon,item,Death Star,100.0,2.5214,3966.0,SpecificWeapons
Loot_Weapons_CastleandDungeon,item,Death's Toll,15.0,0.3782,3966.0,SpecificWeapons
Loot_Weapons_CastleandDungeon,item,Dolphin 99,100.0,2.5214,3966.0,SpecificWeapons
Loot_Weapons_CastleandDungeon,item,Drifter 9,100.0,2.5214,3966.0,SpecificWeapons
Loot_Weapons_CastleandDungeon,item,Duhar,10.0,0.2521,3966.0,SpecificWeapons
Loot_Weapons_CastleandDungeon,item,Farsight,15.0,0.3782,3966.0,SpecificWeapons
Loot_Weapons_CastleandDungeon,item,Ferryman,10.0,0.2521,3966.0,SpecificWeapons
Loot_Weapons_CastleandDungeon,item,Flicker Zip,100.0,2.5214,3966.0,SpecificWeapons
Loot_Weapons_CastleandDungeon,item,Flock,100.0,2.5214,3966.0,SpecificWeapons
Loot_Weapons_CastleandDungeon,item,Gravekeeper,100.0,2.5214,3966.0,SpecificWeapons
Loot_Weapons_CastleandDungeon,item,HellnBack,100.0,2.5214,3966.0,SpecificWeapons
Loot_Weapons_CastleandDungeon,item,Impala Gravita,100.0,2.5214,3966.0,SpecificWeapons
Loot_Weapons_CastleandDungeon,item,Klein Bauer,100.0,2.5214,3966.0,SpecificWeapons
Loot_Weapons_CastleandDungeon,item,Knop .22,100.0,2.5214,3966.0,SpecificWeapons
Loot_Weapons_CastleandDungeon,item,Longboy,10.0,0.2521,3966.0,SpecificWeapons
Loot_Weapons_CastleandDungeon,item,M11A2 Fisk,10.0,0.2521,3966.0,SpecificWeapons
Loot_Weapons_CastleandDungeon,item,M182 Pierre-Fusil,15.0,0.3782,3966.0,SpecificWeapons
Loot_Weapons_CastleandDungeon,item,M3 Termite,100.0,2.5214,3966.0,SpecificWeapons
Loot_Weapons_CastleandDungeon,item,Majordome,15.0,0.3782,3966.0,SpecificWeapons
Loot_Weapons_CastleandDungeon,item,Mossman,100.0,2.5214,3966.0,SpecificWeapons
Loot_Weapons_CastleandDungeon,item,Mowlock,100.0,2.5214,3966.0,SpecificWeapons
Loot_Weapons_CastleandDungeon,item,Neuraxis F22,15.0,0.3782,3966.0,SpecificWeapons
Loot_Weapons_CastleandDungeon,item,Nightlily,10.0,0.2521,3966.0,SpecificWeapons
Loot_Weapons_CastleandDungeon,item,P38 Dirk,1.0,0.0252,3966.0,SpecificWeapons
Loot_Weapons_CastleandDungeon,item,Palehorse Topclipper,100.0,2.5214,3966.0,SpecificWeapons
Loot_Weapons_CastleandDungeon,item,Ploika Compact,100.0,2.5214,3966.0,SpecificWeapons
Loot_Weapons_CastleandDungeon,item,Rektor 100rd,10.0,0.2521,3966.0,SpecificWeapons
Loot_Weapons_CastleandDungeon,item,Rokua .308,15.0,0.3782,3966.0,SpecificWeapons
Loot_Weapons_CastleandDungeon,item,Salamander,100.0,2.5214,3966.0,SpecificWeapons
Loot_Weapons_CastleandDungeon,item,Snut .38,100.0,2.5214,3966.0,SpecificWeapons
Loot_Weapons_CastleandDungeon,item,Socom 9,100.0,2.5214,3966.0,SpecificWeapons
Loot_Weapons_CastleandDungeon,item,Socom ACR,100.0,2.5214,3966.0,SpecificWeapons
Loot_Weapons_CastleandDungeon,item,Songbird,15.0,0.3782,3966.0,SpecificWeapons
Loot_Weapons_CastleandDungeon,item,Star & Witness,100.0,2.5214,3966.0,SpecificWeapons
Loot_Weapons_CastleandDungeon,item,TailorMarksman,100.0,2.5214,3966.0,SpecificWeapons
Loot_Weapons_CastleandDungeon,item,Terrier URB,100.0,2.5214,3966.0,SpecificWeapons
Loot_Weapons_CastleandDungeon,item,Type 80 Typhoon,15.0,0.3782,3966.0,SpecificWeapons
Loot_Weapons_CastleandDungeon,item,Unknown,100.0,2.5214,3966.0,SpecificWeapons
Loot_Weapons_CastleandDungeon,item,Valet,15.0,0.3782,3966.0,SpecificWeapons
Loot_Weapons_CastleandDungeon,item,Vrede,100.0,2.5214,3966.0,SpecificWeapons
Loot_Weapons_CastleandDungeon,item,Warpig,15.0,0.3782,3966.0,SpecificWeapons
Loot_Weapons_CastleandDungeon,item,Wingman,15.0,0.3782,3966.0,SpecificWeapons
Loot_Weapons_CastleandDungeon,item,Wyatt PULSAR,100.0,2.5214,3966.0,SpecificWeapons
Loot_Weapons_Caves,item,.357 Balthazar,87.0,2.5793,3373.0,SpecificWeapons
Loot_Weapons_Caves,item,1884 Mario,87.0,2.5793,3373.0,SpecificWeapons
Loot_Weapons_Caves,item,Arbiter 2,300.0,8.8942,3373.0,SpecificWeapons
Loot_Weapons_Caves,item,Augusta,15.0,0.4447,3373.0,SpecificWeapons
Loot_Weapons_Caves,item,Beck 8,87.0,2.5793,3373.0,SpecificWeapons
Loot_Weapons_Caves,item,Blackwater,15.0,0.4447,3373.0,SpecificWeapons
Loot_Weapons_Caves,item,Breacher 8,87.0,2.5793,3373.0,SpecificWeapons
Loot_Weapons_Caves,item,Bronco 89,87.0,2.5793,3373.0,SpecificWeapons
Loot_Weapons_Caves,item,CYB47,6.0,0.1779,3373.0,SpecificWeapons
Loot_Weapons_Caves,item,Catacoil Rapid X,6.0,0.1779,3373.0,SpecificWeapons
Loot_Weapons_Caves,item,Cavalier,15.0,0.4447,3373.0,SpecificWeapons
Loot_Weapons_Caves,item,Chat-Pardeur 98,15.0,0.4447,3373.0,SpecificWeapons
Loot_Weapons_Caves,item,Chimera Rapid,87.0,2.5793,3373.0,SpecificWeapons
Loot_Weapons_Caves,item,Corpsemaker,3.0,0.0889,3373.0,SpecificWeapons
Loot_Weapons_Caves,item,D4RT,15.0,0.4447,3373.0,SpecificWeapons
Loot_Weapons_Caves,item,Death Star,87.0,2.5793,3373.0,SpecificWeapons
Loot_Weapons_Caves,item,Death's Toll,6.0,0.1779,3373.0,SpecificWeapons
Loot_Weapons_Caves,item,Dolphin 99,15.0,0.4447,3373.0,SpecificWeapons
Loot_Weapons_Caves,item,Drifter 9,300.0,8.8942,3373.0,SpecificWeapons
Loot_Weapons_Caves,item,Duhar,3.0,0.0889,3373.0,SpecificWeapons
Loot_Weapons_Caves,item,Farsight,6.0,0.1779,3373.0,SpecificWeapons
Loot_Weapons_Caves,item,Ferryman,3.0,0.0889,3373.0,SpecificWeapons
Loot_Weapons_Caves,item,Flicker Zip,87.0,2.5793,3373.0,SpecificWeapons
Loot_Weapons_Caves,item,Flock,15.0,0.4447,3373.0,SpecificWeapons
Loot_Weapons_Caves,item,Gravekeeper,87.0,2.5793,3373.0,SpecificWeapons
Loot_Weapons_Caves,item,HellnBack,15.0,0.4447,3373.0,SpecificWeapons
Loot_Weapons_Caves,item,Impala Gravita,15.0,0.4447,3373.0,SpecificWeapons
Loot_Weapons_Caves,item,Klein Bauer,15.0,0.4447,3373.0,SpecificWeapons
Loot_Weapons_Caves,item,Knop .22,300.0,8.8942,3373.0,SpecificWeapons
Loot_Weapons_Caves,item,Longboy,3.0,0.0889,3373.0,SpecificWeapons
Loot_Weapons_Caves,item,M11A2 Fisk,3.0,0.0889,3373.0,SpecificWeapons
Loot_Weapons_Caves,item,M182 Pierre-Fusil,6.0,0.1779,3373.0,SpecificWeapons
Loot_Weapons_Caves,item,M3 Termite,87.0,2.5793,3373.0,SpecificWeapons
Loot_Weapons_Caves,item,Majordome,6.0,0.1779,3373.0,SpecificWeapons
Loot_Weapons_Caves,item,Mossman,300.0,8.8942,3373.0,SpecificWeapons
Loot_Weapons_Caves,item,Mowlock,300.0,8.8942,3373.0,SpecificWeapons
Loot_Weapons_Caves,item,Neuraxis F22,6.0,0.1779,3373.0,SpecificWeapons
Loot_Weapons_Caves,item,Nightlily,3.0,0.0889,3373.0,SpecificWeapons
Loot_Weapons_Caves,item,P38 Dirk,1.0,0.0296,3373.0,SpecificWeapons
Loot_Weapons_Caves,item,Palehorse Topclipper,15.0,0.4447,3373.0,SpecificWeapons
Loot_Weapons_Caves,item,Ploika Compact,87.0,2.5793,3373.0,SpecificWeapons
Loot_Weapons_Caves,item,Rektor 100rd,3.0,0.0889,3373.0,SpecificWeapons
Loot_Weapons_Caves,item,Rokua .308,6.0,0.1779,3373.0,SpecificWeapons
Loot_Weapons_Caves,item,Salamander,87.0,2.5793,3373.0,SpecificWeapons
Loot_Weapons_Caves,item,Snut .38,300.0,8.8942,3373.0,SpecificWeapons
Loot_Weapons_Caves,item,Socom 9,15.0,0.4447,3373.0,SpecificWeapons
Loot_Weapons_Caves,item,Socom ACR,15.0,0.4447,3373.0,SpecificWeapons
Loot_Weapons_Caves,item,Songbird,6.0,0.1779,3373.0,SpecificWeapons
Loot_Weapons_Caves,item,Star & Witness,15.0,0.4447,3373.0,SpecificWeapons
Loot_Weapons_Caves,item,TailorMarksman,15.0,0.4447,3373.0,SpecificWeapons
Loot_Weapons_Caves,item,Terrier URB,87.0,2.5793,3373.0,SpecificWeapons
Loot_Weapons_Caves,item,Type 80 Typhoon,6.0,0.1779,3373.0,SpecificWeapons
Loot_Weapons_Caves,item,Unknown,87.0,2.5793,3373.0,SpecificWeapons
Loot_Weapons_Caves,item,Valet,6.0,0.1779,3373.0,SpecificWeapons
Loot_Weapons_Caves,item,Vrede,15.0,0.4447,3373.0,SpecificWeapons
Loot_Weapons_Caves,item,Warpig,6.0,0.1779,3373.0,SpecificWeapons
Loot_Weapons_Caves,item,Wingman,6.0,0.1779,3373.0,SpecificWeapons
Loot_Weapons_Caves,item,Wyatt PULSAR,15.0,0.4447,3373.0,SpecificWeapons
Loot_Weapons_Demo,item,.357 Balthazar,30.0,2.0562,1459.0,SpecificWeapons
Loot_Weapons_Demo,item,Arbiter 2,200.0,13.708,1459.0,SpecificWeapons
Loot_Weapons_Demo,item,Augusta,15.0,1.0281,1459.0,SpecificWeapons
Loot_Weapons_Demo,item,Breacher 8,30.0,2.0562,1459.0,SpecificWeapons
Loot_Weapons_Demo,item,Catacoil Rapid X,8.0,0.5483,1459.0,SpecificWeapons
Loot_Weapons_Demo,item,Corpsemaker,8.0,0.5483,1459.0,SpecificWeapons
Loot_Weapons_Demo,item,Dolphin 99,30.0,2.0562,1459.0,SpecificWeapons
Loot_Weapons_Demo,item,Drifter 9,250.0,17.135,1459.0,SpecificWeapons
Loot_Weapons_Demo,item,Gravekeeper,70.0,4.7978,1459.0,SpecificWeapons
Loot_Weapons_Demo,item,Knop .22,200.0,13.708,1459.0,SpecificWeapons
Loot_Weapons_Demo,item,Mossman,200.0,13.708,1459.0,SpecificWeapons
Loot_Weapons_Demo,item,P38 Dirk,25.0,1.7135,1459.0,SpecificWeapons
Loot_Weapons_Demo,item,Palehorse Topclipper,20.0,1.3708,1459.0,SpecificWeapons
Loot_Weapons_Demo,item,Ploika Compact,100.0,6.854,1459.0,SpecificWeapons
Loot_Weapons_Demo,item,Rektor 100rd,8.0,0.5483,1459.0,SpecificWeapons
Loot_Weapons_Demo,item,Rokua .308,10.0,0.6854,1459.0,SpecificWeapons
Loot_Weapons_Demo,item,Snut .38,200.0,13.708,1459.0,SpecificWeapons
Loot_Weapons_Demo,item,Socom 9,15.0,1.0281,1459.0,SpecificWeapons
Loot_Weapons_Demo,item,Star & Witness,15.0,1.0281,1459.0,SpecificWeapons
Loot_Weapons_Demo,item,Type 80 Typhoon,10.0,0.6854,1459.0,SpecificWeapons
Loot_Weapons_Demo,item,Vrede,15.0,1.0281,1459.0,SpecificWeapons
Loot_Weapons_Desert,item,.357 Balthazar,20.0,0.518,3861.0,SpecificWeapons
Loot_Weapons_Desert,item,1884 Mario,20.0,0.518,3861.0,SpecificWeapons
Loot_Weapons_Desert,item,Arbiter 2,20.0,0.518,3861.0,SpecificWeapons
Loot_Weapons_Desert,item,Augusta,90.0,2.331,3861.0,SpecificWeapons
Loot_Weapons_Desert,item,Beck 8,20.0,0.518,3861.0,SpecificWeapons
Loot_Weapons_Desert,item,Blackwater,90.0,2.331,3861.0,SpecificWeapons
Loot_Weapons_Desert,item,Breacher 8,20.0,0.518,3861.0,SpecificWeapons
Loot_Weapons_Desert,item,Bronco 89,20.0,0.518,3861.0,SpecificWeapons
Loot_Weapons_Desert,item,CYB47,100.0,2.59,3861.0,SpecificWeapons
Loot_Weapons_Desert,item,Catacoil Rapid X,100.0,2.59,3861.0,SpecificWeapons
Loot_Weapons_Desert,item,Cavalier,90.0,2.331,3861.0,SpecificWeapons
Loot_Weapons_Desert,item,Chat-Pardeur 98,90.0,2.331,3861.0,SpecificWeapons
Loot_Weapons_Desert,item,Chimera Rapid,20.0,0.518,3861.0,SpecificWeapons
Loot_Weapons_Desert,item,Corpsemaker,90.0,2.331,3861.0,SpecificWeapons
Loot_Weapons_Desert,item,D4RT,90.0,2.331,3861.0,SpecificWeapons
Loot_Weapons_Desert,item,Death Star,20.0,0.518,3861.0,SpecificWeapons
Loot_Weapons_Desert,item,Death's Toll,100.0,2.59,3861.0,SpecificWeapons
Loot_Weapons_Desert,item,Dolphin 99,90.0,2.331,3861.0,SpecificWeapons
Loot_Weapons_Desert,item,Drifter 9,20.0,0.518,3861.0,SpecificWeapons
Loot_Weapons_Desert,item,Duhar,90.0,2.331,3861.0,SpecificWeapons
Loot_Weapons_Desert,item,Farsight,100.0,2.59,3861.0,SpecificWeapons
Loot_Weapons_Desert,item,Ferryman,90.0,2.331,3861.0,SpecificWeapons
Loot_Weapons_Desert,item,Flicker Zip,20.0,0.518,3861.0,SpecificWeapons
Loot_Weapons_Desert,item,Flock,90.0,2.331,3861.0,SpecificWeapons
Loot_Weapons_Desert,item,Gravekeeper,20.0,0.518,3861.0,SpecificWeapons
Loot_Weapons_Desert,item,HellnBack,90.0,2.331,3861.0,SpecificWeapons
Loot_Weapons_Desert,item,Impala Gravita,90.0,2.331,3861.0,SpecificWeapons
Loot_Weapons_Desert,item,Klein Bauer,90.0,2.331,3861.0,SpecificWeapons
Loot_Weapons_Desert,item,Knop .22,20.0,0.518,3861.0,SpecificWeapons
Loot_Weapons_Desert,item,Longboy,90.0,2.331,3861.0,SpecificWeapons
Loot_Weapons_Desert,item,M11A2 Fisk,90.0,2.331,3861.0,SpecificWeapons
Loot_Weapons_Desert,item,M182 Pierre-Fusil,100.0,2.59,3861.0,SpecificWeapons
Loot_Weapons_Desert,item,M3 Termite,20.0,0.518,3861.0,SpecificWeapons
Loot_Weapons_Desert,item,Majordome,100.0,2.59,3861.0,SpecificWeapons
Loot_Weapons_Desert,item,Mossman,20.0,0.518,3861.0,SpecificWeapons
Loot_Weapons_Desert,item,Mowlock,20.0,0.518,3861.0,SpecificWeapons
Loot_Weapons_Desert,item,Neuraxis F22,100.0,2.59,3861.0,SpecificWeapons
Loot_Weapons_Desert,item,Nightlily,90.0,2.331,3861.0,SpecificWeapons
Loot_Weapons_Desert,item,P38 Dirk,1.0,0.0259,3861.0,SpecificWeapons
Loot_Weapons_Desert,item,Palehorse Topclipper,90.0,2.331,3861.0,SpecificWeapons
Loot_Weapons_Desert,item,Ploika Compact,20.0,0.518,3861.0,SpecificWeapons
Loot_Weapons_Desert,item,Rektor 100rd,90.0,2.331,3861.0,SpecificWeapons
Loot_Weapons_Desert,item,Rokua .308,100.0,2.59,3861.0,SpecificWeapons
Loot_Weapons_Desert,item,Salamander,20.0,0.518,3861.0,SpecificWeapons
Loot_Weapons_Desert,item,Snut .38,20.0,0.518,3861.0,SpecificWeapons
Loot_Weapons_Desert,item,Socom 9,90.0,2.331,3861.0,SpecificWeapons
Loot_Weapons_Desert,item,Socom ACR,90.0,2.331,3861.0,SpecificWeapons
Loot_Weapons_Desert,item,Songbird,100.0,2.59,3861.0,SpecificWeapons
Loot_Weapons_Desert,item,Star & Witness,90.0,2.331,3861.0,SpecificWeapons
Loot_Weapons_Desert,item,TailorMarksman,90.0,2.331,3861.0,SpecificWeapons
Loot_Weapons_Desert,item,Terrier URB,20.0,0.518,3861.0,SpecificWeapons
Loot_Weapons_Desert,item,Type 80 Typhoon,100.0,2.59,3861.0,SpecificWeapons
Loot_Weapons_Desert,item,Unknown,20.0,0.518,3861.0,SpecificWeapons
Loot_Weapons_Desert,item,Valet,100.0,2.59,3861.0,SpecificWeapons
Loot_Weapons_Desert,item,Vrede,90.0,2.331,3861.0,SpecificWeapons
Loot_Weapons_Desert,item,Warpig,100.0,2.59,3861.0,SpecificWeapons
Loot_Weapons_Desert,item,Wingman,100.0,2.59,3861.0,SpecificWeapons
Loot_Weapons_Desert,item,Wyatt PULSAR,90.0,2.331,3861.0,SpecificWeapons
Loot_Weapons_Forest,item,.357 Balthazar,70.0,1.6679,4197.0,SpecificWeapons
Loot_Weapons_Forest,item,1884 Mario,70.0,1.6679,4197.0,SpecificWeapons
Loot_Weapons_Forest,item,Arbiter 2,76.0,1.8108,4197.0,SpecificWeapons
Loot_Weapons_Forest,item,Augusta,100.0,2.3827,4197.0,SpecificWeapons
Loot_Weapons_Forest,item,Beck 8,70.0,1.6679,4197.0,SpecificWeapons
Loot_Weapons_Forest,item,Blackwater,100.0,2.3827,4197.0,SpecificWeapons
Loot_Weapons_Forest,item,Breacher 8,70.0,1.6679,4197.0,SpecificWeapons
Loot_Weapons_Forest,item,Bronco 89,70.0,1.6679,4197.0,SpecificWeapons
Loot_Weapons_Forest,item,CYB47,60.0,1.4296,4197.0,SpecificWeapons
Loot_Weapons_Forest,item,Catacoil Rapid X,60.0,1.4296,4197.0,SpecificWeapons
Loot_Weapons_Forest,item,Cavalier,100.0,2.3827,4197.0,SpecificWeapons
Loot_Weapons_Forest,item,Chat-Pardeur 98,100.0,2.3827,4197.0,SpecificWeapons
Loot_Weapons_Forest,item,Chimera Rapid,70.0,1.6679,4197.0,SpecificWeapons
Loot_Weapons_Forest,item,Corpsemaker,40.0,0.9531,4197.0,SpecificWeapons
Loot_Weapons_Forest,item,D4RT,100.0,2.3827,4197.0,SpecificWeapons
Loot_Weapons_Forest,item,Death Star,70.0,1.6679,4197.0,SpecificWeapons
Loot_Weapons_Forest,item,Death's Toll,60.0,1.4296,4197.0,SpecificWeapons
Loot_Weapons_Forest,item,Dolphin 99,100.0,2.3827,4197.0,SpecificWeapons
Loot_Weapons_Forest,item,Drifter 9,76.0,1.8108,4197.0,SpecificWeapons
Loot_Weapons_Forest,item,Duhar,40.0,0.9531,4197.0,SpecificWeapons
Loot_Weapons_Forest,item,Farsight,60.0,1.4296,4197.0,SpecificWeapons
Loot_Weapons_Forest,item,Ferryman,40.0,0.9531,4197.0,SpecificWeapons
Loot_Weapons_Forest,item,Flicker Zip,70.0,1.6679,4197.0,SpecificWeapons
Loot_Weapons_Forest,item,Flock,100.0,2.3827,4197.0,SpecificWeapons
Loot_Weapons_Forest,item,Gravekeeper,70.0,1.6679,4197.0,SpecificWeapons
Loot_Weapons_Forest,item,HellnBack,100.0,2.3827,4197.0,SpecificWeapons
Loot_Weapons_Forest,item,Impala Gravita,100.0,2.3827,4197.0,SpecificWeapons
Loot_Weapons_Forest,item,Klein Bauer,100.0,2.3827,4197.0,SpecificWeapons
Loot_Weapons_Forest,item,Knop .22,76.0,1.8108,4197.0,SpecificWeapons
Loot_Weapons_Forest,item,Longboy,40.0,0.9531,4197.0,SpecificWeapons
Loot_Weapons_Forest,item,M11A2 Fisk,40.0,0.9531,4197.0,SpecificWeapons
Loot_Weapons_Forest,item,M182 Pierre-Fusil,60.0,1.4296,4197.0,SpecificWeapons
Loot_Weapons_Forest,item,M3 Termite,70.0,1.6679,4197.0,SpecificWeapons
Loot_Weapons_Forest,item,Majordome,60.0,1.4296,4197.0,SpecificWeapons
Loot_Weapons_Forest,item,Mossman,76.0,1.8108,4197.0,SpecificWeapons
Loot_Weapons_Forest,item,Mowlock,76.0,1.8108,4197.0,SpecificWeapons
Loot_Weapons_Forest,item,Neuraxis F22,60.0,1.4296,4197.0,SpecificWeapons
Loot_Weapons_Forest,item,Nightlily,40.0,0.9531,4197.0,SpecificWeapons
Loot_Weapons_Forest,item,P38 Dirk,1.0,0.0238,4197.0,SpecificWeapons
Loot_Weapons_Forest,item,Palehorse Topclipper,100.0,2.3827,4197.0,SpecificWeapons
Loot_Weapons_Forest,item,Ploika Compact,70.0,1.6679,4197.0,SpecificWeapons
Loot_Weapons_Forest,item,Rektor 100rd,40.0,0.9531,4197.0,SpecificWeapons
Loot_Weapons_Forest,item,Rokua .308,60.0,1.4296,4197.0,SpecificWeapons
Loot_Weapons_Forest,item,Salamander,70.0,1.6679,4197.0,SpecificWeapons
Loot_Weapons_Forest,item,Snut .38,76.0,1.8108,4197.0,SpecificWeapons
Loot_Weapons_Forest,item,Socom 9,100.0,2.3827,4197.0,SpecificWeapons
Loot_Weapons_Forest,item,Socom ACR,100.0,2.3827,4197.0,SpecificWeapons
Loot_Weapons_Forest,item,Songbird,60.0,1.4296,4197.0,SpecificWeapons
Loot_Weapons_Forest,item,Star & Witness,100.0,2.3827,4197.0,SpecificWeapons
Loot_Weapons_Forest,item,TailorMarksman,100.0,2.3827,4197.0,SpecificWeapons
Loot_Weapons_Forest,item,Terrier URB,70.0,1.6679,4197.0,SpecificWeapons
Loot_Weapons_Forest,item,Type 80 Typhoon,60.0,1.4296,4197.0,SpecificWeapons
Loot_Weapons_Forest,item,Unknown,70.0,1.6679,4197.0,SpecificWeapons
Loot_Weapons_Forest,item,Valet,60.0,1.4296,4197.0,SpecificWeapons
Loot_Weapons_Forest,item,Vrede,100.0,2.3827,4197.0,SpecificWeapons
Loot_Weapons_Forest,item,Warpig,60.0,1.4296,4197.0,SpecificWeapons
Loot_Weapons_Forest,item,Wingman,60.0,1.4296,4197.0,SpecificWeapons
Loot_Weapons_Forest,item,Wyatt PULSAR,100.0,2.3827,4197.0,SpecificWeapons
Loot_Weapons_Fortress,item,.357 Balthazar,40.0,1.1139,3591.0,SpecificWeapons
Loot_Weapons_Fortress,item,1884 Mario,40.0,1.1139,3591.0,SpecificWeapons
Loot_Weapons_Fortress,item,Arbiter 2,40.0,1.1139,3591.0,SpecificWeapons
Loot_Weapons_Fortress,item,Augusta,90.0,2.5063,3591.0,SpecificWeapons
Loot_Weapons_Fortress,item,Beck 8,40.0,1.1139,3591.0,SpecificWeapons
Loot_Weapons_Fortress,item,Blackwater,90.0,2.5063,3591.0,SpecificWeapons
Loot_Weapons_Fortress,item,Breacher 8,40.0,1.1139,3591.0,SpecificWeapons
Loot_Weapons_Fortress,item,Bronco 89,40.0,1.1139,3591.0,SpecificWeapons
Loot_Weapons_Fortress,item,CYB47,70.0,1.9493,3591.0,SpecificWeapons
Loot_Weapons_Fortress,item,Catacoil Rapid X,70.0,1.9493,3591.0,SpecificWeapons
Loot_Weapons_Fortress,item,Cavalier,90.0,2.5063,3591.0,SpecificWeapons
Loot_Weapons_Fortress,item,Chat-Pardeur 98,90.0,2.5063,3591.0,SpecificWeapons
Loot_Weapons_Fortress,item,Chimera Rapid,40.0,1.1139,3591.0,SpecificWeapons
Loot_Weapons_Fortress,item,Corpsemaker,50.0,1.3924,3591.0,SpecificWeapons
Loot_Weapons_Fortress,item,D4RT,90.0,2.5063,3591.0,SpecificWeapons
Loot_Weapons_Fortress,item,Death Star,40.0,1.1139,3591.0,SpecificWeapons
Loot_Weapons_Fortress,item,Death's Toll,70.0,1.9493,3591.0,SpecificWeapons
Loot_Weapons_Fortress,item,Dolphin 99,90.0,2.5063,3591.0,SpecificWeapons
Loot_Weapons_Fortress,item,Drifter 9,40.0,1.1139,3591.0,SpecificWeapons
Loot_Weapons_Fortress,item,Duhar,50.0,1.3924,3591.0,SpecificWeapons
Loot_Weapons_Fortress,item,Farsight,70.0,1.9493,3591.0,SpecificWeapons
Loot_Weapons_Fortress,item,Ferryman,50.0,1.3924,3591.0,SpecificWeapons
Loot_Weapons_Fortress,item,Flicker Zip,40.0,1.1139,3591.0,SpecificWeapons
Loot_Weapons_Fortress,item,Flock,90.0,2.5063,3591.0,SpecificWeapons
Loot_Weapons_Fortress,item,Gravekeeper,40.0,1.1139,3591.0,SpecificWeapons
Loot_Weapons_Fortress,item,HellnBack,90.0,2.5063,3591.0,SpecificWeapons
Loot_Weapons_Fortress,item,Impala Gravita,90.0,2.5063,3591.0,SpecificWeapons
Loot_Weapons_Fortress,item,Klein Bauer,90.0,2.5063,3591.0,SpecificWeapons
Loot_Weapons_Fortress,item,Knop .22,40.0,1.1139,3591.0,SpecificWeapons
Loot_Weapons_Fortress,item,Longboy,50.0,1.3924,3591.0,SpecificWeapons
Loot_Weapons_Fortress,item,M11A2 Fisk,50.0,1.3924,3591.0,SpecificWeapons
Loot_Weapons_Fortress,item,M182 Pierre-Fusil,70.0,1.9493,3591.0,SpecificWeapons
Loot_Weapons_Fortress,item,M3 Termite,40.0,1.1139,3591.0,SpecificWeapons
Loot_Weapons_Fortress,item,Majordome,70.0,1.9493,3591.0,SpecificWeapons
Loot_Weapons_Fortress,item,Mossman,40.0,1.1139,3591.0,SpecificWeapons
Loot_Weapons_Fortress,item,Mowlock,40.0,1.1139,3591.0,SpecificWeapons
Loot_Weapons_Fortress,item,Neuraxis F22,70.0,1.9493,3591.0,SpecificWeapons
Loot_Weapons_Fortress,item,Nightlily,50.0,1.3924,3591.0,SpecificWeapons
Loot_Weapons_Fortress,item,P38 Dirk,1.0,0.0278,3591.0,SpecificWeapons
Loot_Weapons_Fortress,item,Palehorse Topclipper,90.0,2.5063,3591.0,SpecificWeapons
Loot_Weapons_Fortress,item,Ploika Compact,40.0,1.1139,3591.0,SpecificWeapons
Loot_Weapons_Fortress,item,Rektor 100rd,50.0,1.3924,3591.0,SpecificWeapons
Loot_Weapons_Fortress,item,Rokua .308,70.0,1.9493,3591.0,SpecificWeapons
Loot_Weapons_Fortress,item,Salamander,40.0,1.1139,3591.0,SpecificWeapons
Loot_Weapons_Fortress,item,Snut .38,40.0,1.1139,3591.0,SpecificWeapons
Loot_Weapons_Fortress,item,Socom 9,90.0,2.5063,3591.0,SpecificWeapons
Loot_Weapons_Fortress,item,Socom ACR,90.0,2.5063,3591.0,SpecificWeapons
Loot_Weapons_Fortress,item,Songbird,70.0,1.9493,3591.0,SpecificWeapons
Loot_Weapons_Fortress,item,Star & Witness,90.0,2.5063,3591.0,SpecificWeapons
Loot_Weapons_Fortress,item,TailorMarksman,90.0,2.5063,3591.0,SpecificWeapons
Loot_Weapons_Fortress,item,Terrier URB,40.0,1.1139,3591.0,SpecificWeapons
Loot_Weapons_Fortress,item,Type 80 Typhoon,70.0,1.9493,3591.0,SpecificWeapons
Loot_Weapons_Fortress,item,Unknown,40.0,1.1139,3591.0,SpecificWeapons
Loot_Weapons_Fortress,item,Valet,70.0,1.9493,3591.0,SpecificWeapons
Loot_Weapons_Fortress,item,Vrede,90.0,2.5063,3591.0,SpecificWeapons
Loot_Weapons_Fortress,item,Warpig,70.0,1.9493,3591.0,SpecificWeapons
Loot_Weapons_Fortress,item,Wingman,70.0,1.9493,3591.0,SpecificWeapons
Loot_Weapons_Fortress,item,Wyatt PULSAR,90.0,2.5063,3591.0,SpecificWeapons
Loot_Weapons_RobotHeaven,item,.357 Balthazar,20.0,0.9492,2107.0,SpecificWeapons
Loot_Weapons_RobotHeaven,item,1884 Mario,10.0,0.4746,2107.0,SpecificWeapons
Loot_Weapons_RobotHeaven,item,Arbiter 2,10.0,0.4746,2107.0,SpecificWeapons
Loot_Weapons_RobotHeaven,item,Augusta,30.0,1.4238,2107.0,SpecificWeapons
Loot_Weapons_RobotHeaven,item,Beck 8,30.0,1.4238,2107.0,SpecificWeapons
Loot_Weapons_RobotHeaven,item,Bo,8.0,0.3797,2107.0,SpecificWeapons
Loot_Weapons_RobotHeaven,item,Breacher 8,30.0,1.4238,2107.0,SpecificWeapons
Loot_Weapons_RobotHeaven,item,Bronco 89,10.0,0.4746,2107.0,SpecificWeapons
Loot_Weapons_RobotHeaven,item,Catacoil Rapid X,70.0,3.3223,2107.0,SpecificWeapons
Loot_Weapons_RobotHeaven,item,Cavalier,40.0,1.8984,2107.0,SpecificWeapons
Loot_Weapons_RobotHeaven,item,Chat-Pardeur 98,40.0,1.8984,2107.0,SpecificWeapons
Loot_Weapons_RobotHeaven,item,Corpsemaker,70.0,3.3223,2107.0,SpecificWeapons
Loot_Weapons_RobotHeaven,item,D4RT,30.0,1.4238,2107.0,SpecificWeapons
Loot_Weapons_RobotHeaven,item,Death Star,40.0,1.8984,2107.0,SpecificWeapons
Loot_Weapons_RobotHeaven,item,Dolphin 99,30.0,1.4238,2107.0,SpecificWeapons
Loot_Weapons_RobotHeaven,item,Drifter 9,10.0,0.4746,2107.0,SpecificWeapons
Loot_Weapons_RobotHeaven,item,Duhar,70.0,3.3223,2107.0,SpecificWeapons
Loot_Weapons_RobotHeaven,item,Farsight,80.0,3.7969,2107.0,SpecificWeapons
Loot_Weapons_RobotHeaven,item,Ferryman,70.0,3.3223,2107.0,SpecificWeapons
Loot_Weapons_RobotHeaven,item,Flicker Zip,40.0,1.8984,2107.0,SpecificWeapons
Loot_Weapons_RobotHeaven,item,Flock,40.0,1.8984,2107.0,SpecificWeapons
Loot_Weapons_RobotHeaven,item,Gravekeeper,40.0,1.8984,2107.0,SpecificWeapons
Loot_Weapons_RobotHeaven,item,HellnBack,20.0,0.9492,2107.0,SpecificWeapons
Loot_Weapons_RobotHeaven,item,Impala Gravita,40.0,1.8984,2107.0,SpecificWeapons
Loot_Weapons_RobotHeaven,item,Katana,8.0,0.3797,2107.0,SpecificWeapons
Loot_Weapons_RobotHeaven,item,Knop .22,10.0,0.4746,2107.0,SpecificWeapons
Loot_Weapons_RobotHeaven,item,Longboy,70.0,3.3223,2107.0,SpecificWeapons
Loot_Weapons_RobotHeaven,item,M11A2 Fisk,70.0,3.3223,2107.0,SpecificWeapons
Loot_Weapons_RobotHeaven,item,M182 Pierre-Fusil,80.0,3.7969,2107.0,SpecificWeapons
Loot_Weapons_RobotHeaven,item,M3 Termite,40.0,1.8984,2107.0,SpecificWeapons
Loot_Weapons_RobotHeaven,item,Majordome,80.0,3.7969,2107.0,SpecificWeapons
Loot_Weapons_RobotHeaven,item,Mossman,10.0,0.4746,2107.0,SpecificWeapons
Loot_Weapons_RobotHeaven,item,Neuraxis F22,80.0,3.7969,2107.0,SpecificWeapons
Loot_Weapons_RobotHeaven,item,Nunchaku,8.0,0.3797,2107.0,SpecificWeapons
Loot_Weapons_RobotHeaven,item,P38 Dirk,5.0,0.2373,2107.0,SpecificWeapons
Loot_Weapons_RobotHeaven,item,Palehorse Topclipper,40.0,1.8984,2107.0,SpecificWeapons
Loot_Weapons_RobotHeaven,item,Ploika Compact,40.0,1.8984,2107.0,SpecificWeapons
Loot_Weapons_RobotHeaven,item,Rektor 100rd,70.0,3.3223,2107.0,SpecificWeapons
Loot_Weapons_RobotHeaven,item,Rokua .308,80.0,3.7969,2107.0,SpecificWeapons
Loot_Weapons_RobotHeaven,item,Sai,8.0,0.3797,2107.0,SpecificWeapons
Loot_Weapons_RobotHeaven,item,Salamander,40.0,1.8984,2107.0,SpecificWeapons
Loot_Weapons_RobotHeaven,item,Snut .38,10.0,0.4746,2107.0,SpecificWeapons
Loot_Weapons_RobotHeaven,item,Socom 9,20.0,0.9492,2107.0,SpecificWeapons
Loot_Weapons_RobotHeaven,item,Songbird,40.0,1.8984,2107.0,SpecificWeapons
Loot_Weapons_RobotHeaven,item,Star & Witness,20.0,0.9492,2107.0,SpecificWeapons
Loot_Weapons_RobotHeaven,item,TailorMarksman,40.0,1.8984,2107.0,SpecificWeapons
Loot_Weapons_RobotHeaven,item,Type 80 Typhoon,80.0,3.7969,2107.0,SpecificWeapons
Loot_Weapons_RobotHeaven,item,Unknown,40.0,1.8984,2107.0,SpecificWeapons
Loot_Weapons_RobotHeaven,item,Valet,80.0,3.7969,2107.0,SpecificWeapons
Loot_Weapons_RobotHeaven,item,Vrede,20.0,0.9492,2107.0,SpecificWeapons
Loot_Weapons_RobotHeaven,item,Warpig,40.0,1.8984,2107.0,SpecificWeapons
Loot_Weapons_RobotHeaven,item,Wingman,80.0,3.7969,2107.0,SpecificWeapons
Loot_Weapons_RobotHeaven,item,Wyatt PULSAR,20.0,0.9492,2107.0,SpecificWeapons
Loot_Weapons_Sewers,item,.357 Balthazar,150.0,3.6443,4116.0,SpecificWeapons
Loot_Weapons_Sewers,item,1884 Mario,150.0,3.6443,4116.0,SpecificWeapons
Loot_Weapons_Sewers,item,Arbiter 2,150.0,3.6443,4116.0,SpecificWeapons
Loot_Weapons_Sewers,item,Augusta,50.0,1.2148,4116.0,SpecificWeapons
Loot_Weapons_Sewers,item,Beck 8,150.0,3.6443,4116.0,SpecificWeapons
Loot_Weapons_Sewers,item,Blackwater,50.0,1.2148,4116.0,SpecificWeapons
Loot_Weapons_Sewers,item,Breacher 8,150.0,3.6443,4116.0,SpecificWeapons
Loot_Weapons_Sewers,item,Bronco 89,150.0,3.6443,4116.0,SpecificWeapons
Loot_Weapons_Sewers,item,CYB47,15.0,0.3644,4116.0,SpecificWeapons
Loot_Weapons_Sewers,item,Catacoil Rapid X,15.0,0.3644,4116.0,SpecificWeapons
Loot_Weapons_Sewers,item,Cavalier,50.0,1.2148,4116.0,SpecificWeapons
Loot_Weapons_Sewers,item,Chat-Pardeur 98,50.0,1.2148,4116.0,SpecificWeapons
Loot_Weapons_Sewers,item,Chimera Rapid,150.0,3.6443,4116.0,SpecificWeapons
Loot_Weapons_Sewers,item,Corpsemaker,10.0,0.243,4116.0,SpecificWeapons
Loot_Weapons_Sewers,item,D4RT,50.0,1.2148,4116.0,SpecificWeapons
Loot_Weapons_Sewers,item,Death Star,150.0,3.6443,4116.0,SpecificWeapons
Loot_Weapons_Sewers,item,Death's Toll,15.0,0.3644,4116.0,SpecificWeapons
Loot_Weapons_Sewers,item,Dolphin 99,50.0,1.2148,4116.0,SpecificWeapons
Loot_Weapons_Sewers,item,Drifter 9,150.0,3.6443,4116.0,SpecificWeapons
Loot_Weapons_Sewers,item,Duhar,10.0,0.243,4116.0,SpecificWeapons
Loot_Weapons_Sewers,item,Farsight,15.0,0.3644,4116.0,SpecificWeapons
Loot_Weapons_Sewers,item,Ferryman,10.0,0.243,4116.0,SpecificWeapons
Loot_Weapons_Sewers,item,Flicker Zip,150.0,3.6443,4116.0,SpecificWeapons
Loot_Weapons_Sewers,item,Flock,50.0,1.2148,4116.0,SpecificWeapons
Loot_Weapons_Sewers,item,Gravekeeper,150.0,3.6443,4116.0,SpecificWeapons
Loot_Weapons_Sewers,item,HellnBack,50.0,1.2148,4116.0,SpecificWeapons
Loot_Weapons_Sewers,item,Impala Gravita,50.0,1.2148,4116.0,SpecificWeapons
Loot_Weapons_Sewers,item,Klein Bauer,50.0,1.2148,4116.0,SpecificWeapons
Loot_Weapons_Sewers,item,Knop .22,150.0,3.6443,4116.0,SpecificWeapons
Loot_Weapons_Sewers,item,Longboy,10.0,0.243,4116.0,SpecificWeapons
Loot_Weapons_Sewers,item,M11A2 Fisk,10.0,0.243,4116.0,SpecificWeapons
Loot_Weapons_Sewers,item,M182 Pierre-Fusil,15.0,0.3644,4116.0,SpecificWeapons
Loot_Weapons_Sewers,item,M3 Termite,150.0,3.6443,4116.0,SpecificWeapons
Loot_Weapons_Sewers,item,Majordome,15.0,0.3644,4116.0,SpecificWeapons
Loot_Weapons_Sewers,item,Mossman,150.0,3.6443,4116.0,SpecificWeapons
Loot_Weapons_Sewers,item,Mowlock,150.0,3.6443,4116.0,SpecificWeapons
Loot_Weapons_Sewers,item,Neuraxis F22,15.0,0.3644,4116.0,SpecificWeapons
Loot_Weapons_Sewers,item,Nightlily,10.0,0.243,4116.0,SpecificWeapons
Loot_Weapons_Sewers,item,P38 Dirk,1.0,0.0243,4116.0,SpecificWeapons
Loot_Weapons_Sewers,item,Palehorse Topclipper,50.0,1.2148,4116.0,SpecificWeapons
Loot_Weapons_Sewers,item,Ploika Compact,150.0,3.6443,4116.0,SpecificWeapons
Loot_Weapons_Sewers,item,Rektor 100rd,10.0,0.243,4116.0,SpecificWeapons
Loot_Weapons_Sewers,item,Rokua .308,15.0,0.3644,4116.0,SpecificWeapons
Loot_Weapons_Sewers,item,Salamander,150.0,3.6443,4116.0,SpecificWeapons
Loot_Weapons_Sewers,item,Snut .38,150.0,3.6443,4116.0,SpecificWeapons
Loot_Weapons_Sewers,item,Socom 9,50.0,1.2148,4116.0,SpecificWeapons
Loot_Weapons_Sewers,item,Socom ACR,50.0,1.2148,4116.0,SpecificWeapons
Loot_Weapons_Sewers,item,Songbird,15.0,0.3644,4116.0,SpecificWeapons
Loot_Weapons_Sewers,item,Star & Witness,50.0,1.2148,4116.0,SpecificWeapons
Loot_Weapons_Sewers,item,TailorMarksman,50.0,1.2148,4116.0,SpecificWeapons
Loot_Weapons_Sewers,item,Terrier URB,150.0,3.6443,4116.0,SpecificWeapons
Loot_Weapons_Sewers,item,Type 80 Typhoon,15.0,0.3644,4116.0,SpecificWeapons
Loot_Weapons_Sewers,item,Unknown,150.0,3.6443,4116.0,SpecificWeapons
Loot_Weapons_Sewers,item,Valet,15.0,0.3644,4116.0,SpecificWeapons
Loot_Weapons_Sewers,item,Vrede,50.0,1.2148,4116.0,SpecificWeapons
Loot_Weapons_Sewers,item,Warpig,15.0,0.3644,4116.0,SpecificWeapons
Loot_Weapons_Sewers,item,Wingman,15.0,0.3644,4116.0,SpecificWeapons
Loot_Weapons_Sewers,item,Wyatt PULSAR,50.0,1.2148,4116.0,SpecificWeapons
Loot_Weapons_Town,item,.357 Balthazar,150.0,3.4754,4316.0,SpecificWeapons
Loot_Weapons_Town,item,1884 Mario,150.0,3.4754,4316.0,SpecificWeapons
Loot_Weapons_Town,item,Arbiter 2,250.0,5.7924,4316.0,SpecificWeapons
Loot_Weapons_Town,item,Augusta,30.0,0.6951,4316.0,SpecificWeapons
Loot_Weapons_Town,item,Beck 8,150.0,3.4754,4316.0,SpecificWeapons
Loot_Weapons_Town,item,Blackwater,30.0,0.6951,4316.0,SpecificWeapons
Loot_Weapons_Town,item,Breacher 8,150.0,3.4754,4316.0,SpecificWeapons
Loot_Weapons_Town,item,Bronco 89,150.0,3.4754,4316.0,SpecificWeapons
Loot_Weapons_Town,item,CYB47,12.0,0.278,4316.0,SpecificWeapons
Loot_Weapons_Town,item,Catacoil Rapid X,12.0,0.278,4316.0,SpecificWeapons
Loot_Weapons_Town,item,Cavalier,30.0,0.6951,4316.0,SpecificWeapons
Loot_Weapons_Town,item,Chat-Pardeur 98,30.0,0.6951,4316.0,SpecificWeapons
Loot_Weapons_Town,item,Chimera Rapid,150.0,3.4754,4316.0,SpecificWeapons
Loot_Weapons_Town,item,Corpsemaker,7.0,0.1622,4316.0,SpecificWeapons
Loot_Weapons_Town,item,D4RT,30.0,0.6951,4316.0,SpecificWeapons
Loot_Weapons_Town,item,Death Star,150.0,3.4754,4316.0,SpecificWeapons
Loot_Weapons_Town,item,Death's Toll,12.0,0.278,4316.0,SpecificWeapons
Loot_Weapons_Town,item,Dolphin 99,30.0,0.6951,4316.0,SpecificWeapons
Loot_Weapons_Town,item,Drifter 9,250.0,5.7924,4316.0,SpecificWeapons
Loot_Weapons_Town,item,Duhar,7.0,0.1622,4316.0,SpecificWeapons
Loot_Weapons_Town,item,Farsight,12.0,0.278,4316.0,SpecificWeapons
Loot_Weapons_Town,item,Ferryman,7.0,0.1622,4316.0,SpecificWeapons
Loot_Weapons_Town,item,Flicker Zip,150.0,3.4754,4316.0,SpecificWeapons
Loot_Weapons_Town,item,Flock,30.0,0.6951,4316.0,SpecificWeapons
Loot_Weapons_Town,item,Gravekeeper,150.0,3.4754,4316.0,SpecificWeapons
Loot_Weapons_Town,item,HellnBack,30.0,0.6951,4316.0,SpecificWeapons
Loot_Weapons_Town,item,Impala Gravita,30.0,0.6951,4316.0,SpecificWeapons
Loot_Weapons_Town,item,Klein Bauer,30.0,0.6951,4316.0,SpecificWeapons
Loot_Weapons_Town,item,Knop .22,250.0,5.7924,4316.0,SpecificWeapons
Loot_Weapons_Town,item,Longboy,7.0,0.1622,4316.0,SpecificWeapons
Loot_Weapons_Town,item,M11A2 Fisk,7.0,0.1622,4316.0,SpecificWeapons
Loot_Weapons_Town,item,M182 Pierre-Fusil,12.0,0.278,4316.0,SpecificWeapons
Loot_Weapons_Town,item,M3 Termite,150.0,3.4754,4316.0,SpecificWeapons
Loot_Weapons_Town,item,Majordome,12.0,0.278,4316.0,SpecificWeapons
Loot_Weapons_Town,item,Mossman,250.0,5.7924,4316.0,SpecificWeapons
Loot_Weapons_Town,item,Mowlock,250.0,5.7924,4316.0,SpecificWeapons
Loot_Weapons_Town,item,Neuraxis F22,12.0,0.278,4316.0,SpecificWeapons
Loot_Weapons_Town,item,Nightlily,7.0,0.1622,4316.0,SpecificWeapons
Loot_Weapons_Town,item,P38 Dirk,1.0,0.0232,4316.0,SpecificWeapons
Loot_Weapons_Town,item,Palehorse Topclipper,30.0,0.6951,4316.0,SpecificWeapons
Loot_Weapons_Town,item,Ploika Compact,150.0,3.4754,4316.0,SpecificWeapons
Loot_Weapons_Town,item,Rektor 100rd,7.0,0.1622,4316.0,SpecificWeapons
Loot_Weapons_Town,item,Rokua .308,12.0,0.278,4316.0,SpecificWeapons
Loot_Weapons_Town,item,Salamander,150.0,3.4754,4316.0,SpecificWeapons
Loot_Weapons_Town,item,Snut .38,250.0,5.7924,4316.0,SpecificWeapons
Loot_Weapons_Town,item,Socom 9,30.0,0.6951,4316.0,SpecificWeapons
Loot_Weapons_Town,item,Socom ACR,30.0,0.6951,4316.0,SpecificWeapons
Loot_Weapons_Town,item,Songbird,12.0,0.278,4316.0,SpecificWeapons
Loot_Weapons_Town,item,Star & Witness,30.0,0.6951,4316.0,SpecificWeapons
Loot_Weapons_Town,item,TailorMarksman,30.0,0.6951,4316.0,SpecificWeapons
Loot_Weapons_Town,item,Terrier URB,150.0,3.4754,4316.0,SpecificWeapons
Loot_Weapons_Town,item,Type 80 Typhoon,12.0,0.278,4316.0,SpecificWeapons
Loot_Weapons_Town,item,Unknown,150.0,3.4754,4316.0,SpecificWeapons
Loot_Weapons_Town,item,Valet,12.0,0.278,4316.0,SpecificWeapons
Loot_Weapons_Town,item,Vrede,30.0,0.6951,4316.0,SpecificWeapons
Loot_Weapons_Town,item,Warpig,12.0,0.278,4316.0,SpecificWeapons
Loot_Weapons_Town,item,Wingman,12.0,0.278,4316.0,SpecificWeapons
Loot_Weapons_Town,item,Wyatt PULSAR,30.0,0.6951,4316.0,SpecificWeapons
TestGround,item,,1000.0,88.4956,1130.0,Boss
TestGround,item,Ammo Box (12ga),15.0,1.3274,1130.0,Boss
TestGround,item,Ammo Box (5.56mm),5.0,0.4425,1130.0,Boss
TestGround,item,Ammo Box (50 BMG),2.0,0.177,1130.0,Boss
TestGround,item,Ammo Box (9mm),23.0,2.0354,1130.0,Boss
TestGround,item,Ammo Box (Energy Cells),5.0,0.4425,1130.0,Boss
TestGround,item,Porridge,30.0,2.6549,1130.0,Boss
TestGround,item,Pölsa,50.0,4.4248,1130.0,Boss
