name,display,category_top,category,verdict,role,useType,recommendation,is_ingredient,is_food,best_dish,best_dish_per_slot,eat_buff,eat_per_slot,quality,basePrice,sellable
Item_ChickenLeg,Chicken Leg,Consumables,Consumables/Foodstuffs,KEEP-COOK,,None,ingredient → best dish 'Nashville Hot Chicken' @6000.0/slot,1,0,Nashville Hot Chicken,6000.0,,,Rare,60,1
Item_Snail,Snail,Consumables,Consumables/Foodstuffs,KEEP-COOK,,None,ingredient → best dish 'Escargot' @15.0/slot,1,0,Escargot,15.0,,,Common,20,1
Item_SpiceMix,Spice Mix,Consumables,Consumables/Foodstuffs,KEEP-COOK,,None,ingredient → best dish 'Hot Sauce' @12000.0/slot,1,0,Hot Sauce,12000.0,,,Common,30,1
Item_Bleach,Bleach,ConsumablesItems,ConsumablesItems,KEEP-COOK,repair-tool,ItemRepair,ingredient → best dish 'Lutfisk' @12.5/slot,1,0,Lutfisk,12.5,,,Common,120,1
Enchantment_Dark,Scroll of Dark,Enchantments,Enchantments,KEEP-COOK,enchant/oil,Enchantment,ingredient → best dish 'Scroll of Chaos Strike' @0.0/slot,1,0,Scroll of Chaos Strike,0.0,,,Epic,1000,1
Enchantment_Earth,Scroll of Earth,Enchantments,Enchantments,KEEP-COOK,enchant/oil,Enchantment,ingredient → best dish 'Scroll of Sacrifice' @0.0/slot,1,0,Scroll of Sacrifice,0.0,,,Epic,1000,1
Enchantment_Fire,Scroll of Embers,Enchantments,Enchantments,KEEP-COOK,enchant/oil,Enchantment,ingredient → best dish 'Scroll Of Flame Thrower' @0.0/slot,1,0,Scroll Of Flame Thrower,0.0,,,Epic,1000,1
Enchantment_Frost,Scroll of Frostbite,Enchantments,Enchantments,KEEP-COOK,enchant/oil,Enchantment,ingredient → best dish 'Scroll of Prism' @0.0/slot,1,0,Scroll of Prism,0.0,,,Epic,1000,1
Enchantment_Light,Scroll of Light,Enchantments,Enchantments/GunsAndMagic_ItemDefinitions,KEEP-COOK,enchant/oil,Enchantment,ingredient → best dish 'Scroll of Holy Fire' @0.0/slot,1,0,Scroll of Holy Fire,0.0,,,Epic,1000,1
Enchantment_Nature,Scroll of Nature,Enchantments,Enchantments,KEEP-COOK,enchant/oil,Enchantment,ingredient → best dish 'Scroll of Charm' @0.0/slot,1,0,Scroll of Charm,0.0,,,Epic,1000,1
Enchantment_Poison,Scroll of Plague,Enchantments,Enchantments,KEEP-COOK,enchant/oil,Enchantment,ingredient → best dish 'Scroll of Pesticide' @0.0/slot,1,0,Scroll of Pesticide,0.0,,,Epic,1000,1
Enchantment_Electricity,Scroll of Surge,Enchantments,Enchantments,KEEP-COOK,enchant/oil,Enchantment,ingredient → best dish 'Scroll of Chain Lightning' @0.0/slot,1,0,Scroll of Chain Lightning,0.0,,,Epic,1000,1
Enchantment_Water,Scroll of Water,Enchantments,Enchantments,KEEP-COOK,enchant/oil,Enchantment,ingredient → best dish 'Scroll of Pesticide' @0.0/slot,1,0,Scroll of Pesticide,0.0,,,Epic,1000,1
Item_ClergyCollar,Father's Shirt,Equipment,Equipment/Torso,KEEP-COOK,gear,Equippable,ingredient → best dish 'Molotov Cocktail' @0.0/slot,1,0,Molotov Cocktail,0.0,,,Legendary,1,1
Item_Tunic,Green Tunic,Equipment,Equipment/Torso,KEEP-COOK,gear,Equippable,ingredient → best dish 'Molotov Cocktail' @0.0/slot,1,0,Molotov Cocktail,0.0,,,Common,500,1
Item_PlainWhiteTee,Plain White Tee,Equipment,Equipment/Torso,KEEP-COOK,gear,Equippable,ingredient → best dish 'Molotov Cocktail' @0.0/slot,1,0,Molotov Cocktail,0.0,,,Common,150,1
Item_Shoe,Shoe,Equipment,Equipment/Shoes,KEEP-COOK,gear,Equippable,ingredient → best dish 'Springcoil Boot' @0.0/slot,1,0,Springcoil Boot,0.0,,,Uncommon,380,1
Item_Bark,Bark,Misc,Misc,KEEP-COOK,,None,ingredient → best dish 'Bark bread' @5.0/slot,1,0,Bark bread,5.0,,,Common,100,1
Item_Cloth,Cloth,Misc,Misc,KEEP-COOK,,None,ingredient → best dish 'First Aid Kit' @25.0/slot,1,0,First Aid Kit,25.0,,,Common,20,1
Item_GreenGlob,Green Glob,Misc,Misc,KEEP-COOK,,None,ingredient → best dish 'Anti-Poison Gum' @9600.0/slot,1,0,Anti-Poison Gum,9600.0,,,Common,100,1
Item_MetalScrap,Metal Scrap,Misc,Misc,KEEP-COOK,,None,ingredient → best dish 'Tube Caviar' @15.0/slot,1,0,Tube Caviar,15.0,,,Common,100,1
Item_Paper,Paper,Misc,Misc,KEEP-COOK,,None,ingredient → best dish 'Admiral White Extra Strong' @15.0/slot,1,0,Admiral White Extra Strong,15.0,,,Common,4,1
Item_Rock,Rock,Misc,Misc,KEEP-COOK,,None,ingredient → best dish 'Mashed Potatoes' @15.0/slot,1,0,Mashed Potatoes,15.0,,,Common,10,1
Item_Rubber,Rubber,Misc,Misc,KEEP-COOK,,None,ingredient → best dish 'Anti-Poison Gum' @9600.0/slot,1,0,Anti-Poison Gum,9600.0,,,Common,10,1
Item_Sawdust,Sawdust,Misc,Misc,KEEP-COOK,,None,ingredient → best dish 'Power Bar' @60.0/slot,1,0,Power Bar,60.0,,,Common,10,1
Item_Stick,Stick,Misc,Misc,KEEP-COOK,,None,ingredient → best dish 'Fondue' @25.0/slot,1,0,Fondue,25.0,,,Common,4,1
Item_Bladder,Bladder,Organs,Organs/General,KEEP-COOK,,None,ingredient → best dish 'French Hotdog' @15.0/slot,1,0,French Hotdog,15.0,,,Common,100,1
Item_Bone,Bone,Organs,Organs/General,KEEP-COOK,,None,ingredient → best dish 'Meat Skewers' @10.0/slot,1,0,Meat Skewers,10.0,,,Common,35,1
Item_Brain,Brain,Organs,Organs/General,KEEP-COOK,,None,ingredient → best dish 'French Hotdog' @15.0/slot,1,0,French Hotdog,15.0,,,Common,200,1
Item_CrawFlesh,Craw flesh,Organs,Organs/Craw,KEEP-COOK,,None,ingredient → best dish 'Double Cheeseburger' @200.0/slot,1,0,Double Cheeseburger,200.0,,,Common,40,1
Item_CrawSkin,Craw skin,Organs,Organs/Craw,KEEP-COOK,,None,ingredient → best dish 'Hot Snacks' @15.0/slot,1,0,Hot Snacks,15.0,,,Common,30,1
Item_DogSkin,Dog Skin,Organs,Organs/Dog,KEEP-COOK,,None,ingredient → best dish 'Hot Snacks' @15.0/slot,1,0,Hot Snacks,15.0,,,Common,40,1
Item_DogEye,Dog eye,Organs,Organs/Dog,KEEP-COOK,,None,ingredient → best dish 'Buddy Sandwich' @7.5/slot,1,0,Buddy Sandwich,7.5,,,Common,30,1
Item_DogFlesh,Dog flesh,Organs,Organs/Dog,KEEP-COOK,,None,ingredient → best dish 'Double Cheeseburger' @200.0/slot,1,0,Double Cheeseburger,200.0,,,Common,45,1
Item_GoblinFlesh,Goblin flesh,Organs,Organs/Goblin,KEEP-COOK,,None,ingredient → best dish 'Double Cheeseburger' @200.0/slot,1,0,Double Cheeseburger,200.0,,,Common,50,1
Item_GoblinSkin,Goblin skin,Organs,Organs/Goblin,KEEP-COOK,,None,ingredient → best dish 'Hot Snacks' @15.0/slot,1,0,Hot Snacks,15.0,,,Common,30,1
Item_Heart,Heart,Organs,Organs/General,KEEP-COOK,,None,ingredient → best dish 'Omelette' @11.0/slot,1,0,Omelette,11.0,,,Common,200,1
Item_ShrewFlesh,Hellshrew flesh,Organs,Organs/Shrew,KEEP-COOK,,None,ingredient → best dish 'Double Cheeseburger' @200.0/slot,1,0,Double Cheeseburger,200.0,,,Common,70,1
Item_ShrewSkin,Hellshrew skin,Organs,Organs/Shrew,KEEP-COOK,,None,ingredient → best dish 'Hot Snacks' @15.0/slot,1,0,Hot Snacks,15.0,,,Common,20,1
Item_HumanFlesh,Human flesh,Organs,Organs/Human,KEEP-COOK,,None,ingredient → best dish 'Double Cheeseburger' @200.0/slot,1,0,Double Cheeseburger,200.0,,,Common,60,1
Item_HumanSkin,Human skin,Organs,Organs/Human,KEEP-COOK,,None,ingredient → best dish 'Hot Snacks' @15.0/slot,1,0,Hot Snacks,15.0,,,Common,60,1
Item_Intestines,Intestines,Organs,Organs/General,KEEP-COOK,,None,ingredient → best dish 'French Hotdog' @15.0/slot,1,0,French Hotdog,15.0,,,Common,40,1
Item_Kidney,Kidney,Organs,Organs/General,KEEP-COOK,,None,ingredient → best dish 'Kidney Pie' @17.5/slot,1,0,Kidney Pie,17.5,,,Common,100,1
Item_Liver,Liver,Organs,Organs/General,KEEP-COOK,,None,ingredient → best dish 'Liver Patty Sandwich' @20.0/slot,1,0,Liver Patty Sandwich,20.0,,,Common,80,1
Item_Lung,Lung,Organs,Organs/General,KEEP-COOK,,None,ingredient → best dish 'French Hotdog' @15.0/slot,1,0,French Hotdog,15.0,,,Common,60,1
Item_Pancreas,Pancreas,Organs,Organs/General,KEEP-COOK,,None,ingredient → best dish 'French Hotdog' @15.0/slot,1,0,French Hotdog,15.0,,,Common,110,1
Item_RobotHydraul,Robot hydraul,Organs,Organs/Robot,KEEP-COOK,,None,ingredient → best dish 'Metal Scrap' @0.0/slot,1,0,Metal Scrap,0.0,,,Common,240,1
Item_RobotJoint,Robot joint pneumatic,Organs,Organs/Robot,KEEP-COOK,,None,ingredient → best dish 'Metal Scrap' @0.0/slot,1,0,Metal Scrap,0.0,,,Common,230,1
Item_RobotPlate,Robot plate,Organs,Organs/Robot,KEEP-COOK,,None,ingredient → best dish 'Metal Scrap' @0.0/slot,1,0,Metal Scrap,0.0,,,Common,140,1
Item_RobotSeptacoil,Robot septacoil,Organs,Organs/Robot,KEEP-COOK,,None,ingredient → best dish 'Metal Scrap' @0.0/slot,1,0,Metal Scrap,0.0,,,Common,100,1
Item_RobotSoulCapsule,Robot soul capsule,Organs,Organs/Robot,KEEP-COOK,,None,ingredient → best dish 'Metal Scrap' @0.0/slot,1,0,Metal Scrap,0.0,,,Common,800,1
Item_LizardBladder,Shav'Wa bladder,Organs,Organs/Lizard,KEEP-COOK,,None,ingredient → best dish 'SulfCola' @15.0/slot,1,0,SulfCola,15.0,,,Common,300,1
Item_LizardFlesh,Shav'Wa flesh,Organs,Organs/Lizard,KEEP-COOK,,None,ingredient → best dish 'Double Cheeseburger' @200.0/slot,1,0,Double Cheeseburger,200.0,,,Common,50,1
Item_LizardSkin,Shav'Wa skin,Organs,Organs/Lizard,KEEP-COOK,,None,ingredient → best dish 'Hot Snacks' @15.0/slot,1,0,Hot Snacks,15.0,,,Common,100,1
Item_Spleen,Spleen,Organs,Organs/General,KEEP-COOK,,None,ingredient → best dish 'French Hotdog' @15.0/slot,1,0,French Hotdog,15.0,,,Common,40,1
Item_Thyroid,Thyroid,Organs,Organs/General,KEEP-COOK,,None,ingredient → best dish 'Omelette' @11.0/slot,1,0,Omelette,11.0,,,Common,70,1
Item_Tongue,Tongue,Organs,Organs/General,KEEP-COOK,,None,ingredient → best dish 'Omelette' @11.0/slot,1,0,Omelette,11.0,,,Common,100,1
Weapon_StickGrenade,Stick Grenade,Weapons,Weapons,KEEP-COOK,weapon,Equippable,ingredient → best dish 'Mashed Potatoes' @15.0/slot,1,0,Mashed Potatoes,15.0,,,Common,200,1
Item_Snus,Admiral White Extra Strong,Consumables,Consumables/Other,KEEP-COOK/EAT,consumable,Consumable,cook '' (@/slot) or eat (Stat_SlowMotion @15.0/slot),1,1,,,Stat_SlowMotion,15.0,Rare,180,1
Item_Americano,Americano,Consumables,Consumables/Drinks,KEEP-COOK/EAT,consumable,Consumable,cook '' (@/slot) or eat (Stat_HealthRegen @15.0/slot),1,1,,,Stat_HealthRegen,15.0,Rare,35,1
Item_PoisonGum,Anti-Poison Gum,Consumables,Consumables/Foodstuffs,KEEP-COOK/EAT,consumable,Consumable,cook 'Jar of Poison' (@0.0/slot) or eat (Resistance_Poison @9600.0/slot),1,1,Jar of Poison,0.0,Resistance_Poison,9600.0,Common,150,1
Item_Aspic,Aspic,Consumables,Consumables/Foodstuffs,KEEP-COOK/EAT,consumable,Consumable,cook '' (@/slot) or eat (Stat_HealthRegen @7.5/slot),1,1,,,Stat_HealthRegen,7.5,Common,90,1
Item_Banana,Banana,Consumables,Consumables/Foodstuffs,KEEP-COOK/EAT,consumable,Consumable,cook 'Cocktail' (@900.0/slot) or eat (Stat_HealthRegen @5.0/slot),1,1,Cocktail,900.0,Stat_HealthRegen,5.0,Common,30,1
Item_BananaBread,Banana Bread,Consumables,Consumables/Foodstuffs,KEEP-COOK/EAT,consumable,Consumable,cook '' (@/slot) or eat (Stat_HealthRegen @15.0/slot),1,1,,,Stat_HealthRegen,15.0,Common,90,1
Item_BananaSulfs,Banana Sulfs,Consumables,Consumables/Foodstuffs,KEEP-COOK/EAT,consumable,Consumable,cook 'Cocktail' (@900.0/slot) or eat (Stat_HealthRegen @20.0/slot),1,1,Cocktail,900.0,Stat_HealthRegen,20.0,Common,20,1
Item_BarkBread,Bark bread,Consumables,Consumables/Foodstuffs,KEEP-COOK/EAT,consumable,Consumable,cook 'Peanutbutter Jelly Sandwich' (@35.0/slot) or eat (Stat_HealthRegen @5.0/slot),1,1,Peanutbutter Jelly Sandwich,35.0,Stat_HealthRegen,5.0,Common,35,1
Item_Beans,Beans,Consumables,Consumables/Foodstuffs,KEEP-COOK/EAT,consumable,Consumable,cook 'Full English Breakfast' (@17.5/slot) or eat (Stat_HealthRegen @25.0/slot),1,1,Full English Breakfast,17.5,Stat_HealthRegen,25.0,Common,120,1
Item_BeefJerky,Beef Jerky,Consumables,Consumables/Foodstuffs,KEEP-COOK/EAT,consumable,Consumable,cook 'Poutine' (@17.5/slot) or eat (Stat_HealthRegen @10.0/slot),1,1,Poutine,17.5,Stat_HealthRegen,10.0,Common,60,1
Item_Berries,Berries,Consumables,Consumables/Foodstuffs,KEEP-COOK/EAT,consumable,Consumable,cook 'Cocktail' (@900.0/slot) or eat (Stat_HealthRegen @10.0/slot),1,1,Cocktail,900.0,Stat_HealthRegen,10.0,Common,40,1
Item_Jam,Berry Jam,Consumables,Consumables/Foodstuffs,KEEP-COOK/EAT,consumable,Consumable,cook 'Mulled Wine' (@1200.0/slot) or eat (Stat_HealthRegen @15.0/slot),1,1,Mulled Wine,1200.0,Stat_HealthRegen,15.0,Common,90,1
Item_JamUnsweetened,Berry Jam (Unsweetened),Consumables,Consumables/Foodstuffs,KEEP-COOK/EAT,consumable,Consumable,cook 'Peanutbutter Jelly Sandwich' (@35.0/slot) or eat (Stat_HealthRegen @10.0/slot),1,1,Peanutbutter Jelly Sandwich,35.0,Stat_HealthRegen,10.0,Common,50,1
Item_MilkshakeBerries,Berry Milkshake,Consumables,Consumables/Drinks,KEEP-COOK/EAT,consumable,Consumable,cook '' (@/slot) or eat (Stat_HealthRegen @17.5/slot),1,1,,,Stat_HealthRegen,17.5,Common,60,1
Item_BiscuitsAndGravy,Biscuiits and Gravy,Consumables,Consumables/Foodstuffs,KEEP-COOK/EAT,consumable,Consumable,cook '' (@/slot) or eat (Stat_HealthRegen @12.5/slot),1,1,,,Stat_HealthRegen,12.5,Rare,130,1
Item_BlackPepper,Black Pepper,Consumables,Consumables/Foodstuffs,KEEP-COOK/EAT,consumable,Consumable,cook 'Omelette' (@11.0/slot) or eat (Stat_HealthRegen @1.0/slot),1,1,Omelette,11.0,Stat_HealthRegen,1.0,Common,30,1
Item_Blood,Blood,Consumables,Consumables/Other,KEEP-COOK/EAT,consumable,Consumable,cook 'Red Wine' (@1200.0/slot) or eat (Stat_HealthRegen @5.0/slot),1,1,Red Wine,1200.0,Stat_HealthRegen,5.0,Common,60,1
Item_BloodPudding,Blood Pudding,Consumables,Consumables/Foodstuffs,KEEP-COOK/EAT,consumable,Consumable,cook '' (@/slot) or eat (Stat_HealthRegen @15.0/slot),1,1,,,Stat_HealthRegen,15.0,Common,90,1
Item_BobaTea,Boba Tea,Consumables,Consumables/Drinks,KEEP-COOK/EAT,consumable,Consumable,cook '' (@/slot) or eat (Stat_HealthRegen @7.5/slot),1,1,,,Stat_HealthRegen,7.5,Common,60,1
Item_CaviarBottle,Bottled Caviar,Consumables,Consumables/Foodstuffs,KEEP-COOK/EAT,consumable,Consumable,cook 'Onigiri' (@17.5/slot) or eat (Stat_HealthRegen @25.0/slot),1,1,Onigiri,17.5,Stat_HealthRegen,25.0,Common,120,1
Item_BottledWater,Bottled Water,Consumables,Consumables/Drinks,KEEP-COOK/EAT,consumable,Consumable,cook 'Red Wine' (@1200.0/slot) or eat (Stat_HealthRegen @2.5/slot),1,1,Red Wine,1200.0,Stat_HealthRegen,2.5,Common,40,1
Item_MineralWater,Bottled Water,Consumables,Consumables/Drinks,KEEP-COOK/EAT,consumable,Consumable,cook 'Mashed Potatoes' (@15.0/slot) or eat (Stat_AimMovingBonus @45.0/slot),1,1,Mashed Potatoes,15.0,Stat_AimMovingBonus,45.0,Common,120,1
Item_Bread,Bread,Consumables,Consumables/Foodstuffs,KEEP-COOK/EAT,consumable,Consumable,cook 'Double Cheeseburger' (@200.0/slot) or eat (Stat_HealthRegen @7.5/slot),1,1,Double Cheeseburger,200.0,Stat_HealthRegen,7.5,Common,90,1
Item_SandwichBread,Bread Sandwich,Consumables,Consumables/Foodstuffs,KEEP-COOK/EAT,consumable,Consumable,cook '' (@/slot) or eat (Stat_HealthRegen @15.0/slot),1,1,,,Stat_HealthRegen,15.0,Common,80,1
Item_Broth,Broth,Consumables,Consumables/Foodstuffs,KEEP-COOK/EAT,consumable,Consumable,cook 'Fondue' (@25.0/slot) or eat (Stat_HealthRegen @5.0/slot),1,1,Fondue,25.0,Stat_HealthRegen,5.0,Common,40,1
Item_SandwichBuddy,Buddy Sandwich,Consumables,Consumables/Foodstuffs,KEEP-COOK/EAT,consumable,Consumable,cook '' (@/slot) or eat (Stat_HealthRegen @7.5/slot),1,1,,,Stat_HealthRegen,7.5,Common,1000,1
Item_Butter,Butter,Consumables,Consumables/Foodstuffs,KEEP-COOK/EAT,consumable,Consumable,cook 'Chocolate Mudcake' (@50.0/slot) or eat (Stat_HealthRegen @7.5/slot),1,1,Chocolate Mudcake,50.0,Stat_HealthRegen,7.5,Common,60,1
Item_SandwichButter,Butter Sandwich,Consumables,Consumables/Foodstuffs,KEEP-COOK/EAT,consumable,Consumable,cook 'Cheese Sandwich' (@20.0/slot) or eat (Stat_HealthRegen @15.0/slot),1,1,Cheese Sandwich,20.0,Stat_HealthRegen,15.0,Common,60,1
Item_MilkButtermilk,Buttermilk,Consumables,Consumables/Drinks,KEEP-COOK/EAT,consumable,Consumable,cook 'Buttermilk Pancakes' (@15.0/slot) or eat (Stat_AimMovingBonus @7.5/slot),1,1,Buttermilk Pancakes,15.0,Stat_AimMovingBonus,7.5,Common,50,1
Item_ButtermilkPancakes,Buttermilk Pancakes,Consumables,Consumables/Foodstuffs,KEEP-COOK/EAT,consumable,Consumable,cook '' (@/slot) or eat (Stat_HealthRegen @15.0/slot),1,1,,,Stat_HealthRegen,15.0,Common,220,1
Item_Cacao,Cacao,Consumables,Consumables/Foodstuffs,KEEP-COOK/EAT,consumable,Consumable,cook 'Power Bar' (@60.0/slot) or eat (Stat_HealthRegen @5.0/slot),1,1,Power Bar,60.0,Stat_HealthRegen,5.0,Common,40,1
Item_Cactus,Cactus,Consumables,Consumables/Foodstuffs,KEEP-COOK/EAT,consumable,Consumable,cook 'Cocktail' (@900.0/slot) or eat (Stat_HealthRegen @1.5/slot),1,1,Cocktail,900.0,Stat_HealthRegen,1.5,Common,40,1
Item_CactusDrink,Cactus Softdrink,Consumables,Consumables/Drinks,KEEP-COOK/EAT,consumable,Consumable,cook 'Cocktail' (@900.0/slot) or eat (Stat_HealthRegen @7.5/slot),1,1,Cocktail,900.0,Stat_HealthRegen,7.5,Common,60,1
Item_CandyCane,Candy Cane,Consumables,Consumables/Foodstuffs/Christmas,KEEP-COOK/EAT,consumable,Consumable,cook '' (@/slot) or eat (Stat_HealthRegen @20.0/slot),1,1,,,Stat_HealthRegen,20.0,Common,90,1
Item_Cappuccino,Cappuccino,Consumables,Consumables/Drinks,KEEP-COOK/EAT,consumable,Consumable,cook '' (@/slot) or eat (Stat_HealthRegen @35.0/slot),1,1,,,Stat_HealthRegen,35.0,Rare,35,1
Item_Cereal,Cereal,Consumables,Consumables/Foodstuffs,KEEP-COOK/EAT,consumable,Consumable,cook '' (@/slot) or eat (Stat_HealthRegen @8.75/slot),1,1,,,Stat_HealthRegen,8.75,Common,110,1
Item_Cevapi,Cevapi,Consumables,Consumables/Foodstuffs,KEEP-COOK/EAT,consumable,Consumable,cook '' (@/slot) or eat (Stat_HealthRegen @12.5/slot),1,1,,,Stat_HealthRegen,12.5,Rare,220,1
Item_Cheese,Cheese,Consumables,Consumables/Foodstuffs,KEEP-COOK/EAT,consumable,Consumable,cook 'Double Cheeseburger' (@200.0/slot) or eat (Stat_HealthRegen @15.0/slot),1,1,Double Cheeseburger,200.0,Stat_HealthRegen,15.0,Rare,100,1
Item_SandwichCheese,Cheese Sandwich,Consumables,Consumables/Foodstuffs,KEEP-COOK/EAT,consumable,Consumable,cook '' (@/slot) or eat (Stat_HealthRegen @20.0/slot),1,1,,,Stat_HealthRegen,20.0,Common,85,1
Item_CheeseTops,Cheese Tops,Consumables,Consumables/Foodstuffs,KEEP-COOK/EAT,consumable,Consumable,cook '' (@/slot) or eat (Stat_HealthRegen @25.0/slot),1,1,,,Stat_HealthRegen,25.0,Rare,60,1
Item_Cheeseburger,Cheeseburger,Consumables,Consumables/Foodstuffs,KEEP-COOK/EAT,consumable,Consumable,cook '' (@/slot) or eat (Stat_HealthRegen @45.0/slot),1,1,,,Stat_HealthRegen,45.0,Rare,250,1
Item_ChocolateBall,Chocolate Ball,Consumables,Consumables/Foodstuffs,KEEP-COOK/EAT,consumable,Consumable,cook '' (@/slot) or eat (Stat_HealthRegen @20.0/slot),1,1,,,Stat_HealthRegen,20.0,Rare,85,1
Item_ChocolateBar,Chocolate Bar,Consumables,Consumables/Foodstuffs,KEEP-COOK/EAT,consumable,Consumable,cook 'Chocolate Mudcake' (@50.0/slot) or eat (Stat_HealthRegen @12.5/slot),1,1,Chocolate Mudcake,50.0,Stat_HealthRegen,12.5,Rare,180,1
Item_MilkshakeChocolate,Chocolate Milkshake,Consumables,Consumables/Drinks,KEEP-COOK/EAT,consumable,Consumable,cook '' (@/slot) or eat (Stat_HealthRegen @17.5/slot),1,1,,,Stat_HealthRegen,17.5,Common,60,1
Item_Mudcake,Chocolate Mudcake,Consumables,Consumables/Foodstuffs,KEEP-COOK/EAT,consumable,Consumable,cook '' (@/slot) or eat (Stat_HealthRegen @50.0/slot),1,1,,,Stat_HealthRegen,50.0,Common,280,1
Item_ChocolateSyrup,Chocolate Syrup,Consumables,Consumables/Foodstuffs,KEEP-COOK/EAT,consumable,Consumable,cook 'Cocktail' (@900.0/slot) or eat (Stat_HealthRegen @5.0/slot),1,1,Cocktail,900.0,Stat_HealthRegen,5.0,Common,100,1
Item_ChristmasSpice,Christmas Spice,Consumables,Consumables/Foodstuffs,KEEP-COOK/EAT,consumable,Consumable,cook 'Mulled Wine' (@1200.0/slot) or eat (Stat_HealthRegen @1.0/slot),1,1,Mulled Wine,1200.0,Stat_HealthRegen,1.0,Common,10,1
Item_Cocktail,Cocktail,Consumables,Consumables/Drinks,KEEP-COOK/EAT,consumable,Consumable,cook '' (@/slot) or eat (Stat_Charisma @900.0/slot),1,1,,,Stat_Charisma,900.0,Common,400,1
Item_Coffee,Coffee,Consumables,Consumables/Drinks,KEEP-COOK/EAT,consumable,Consumable,cook 'Cocktail' (@900.0/slot) or eat (Stat_HealthRegen @20.0/slot),1,1,Cocktail,900.0,Stat_HealthRegen,20.0,Rare,35,1
Item_CordonBleu,Cordon Bleu,Consumables,Consumables/Foodstuffs,KEEP-COOK/EAT,consumable,Consumable,cook '' (@/slot) or eat (Stat_HealthRegen @12.5/slot),1,1,,,Stat_HealthRegen,12.5,Rare,350,1
Item_CottonCandy,Cotton Candy,Consumables,Consumables/Foodstuffs,KEEP-COOK/EAT,consumable,Consumable,cook '' (@/slot) or eat (Stat_HealthRegen @10.0/slot),1,1,,,Stat_HealthRegen,10.0,Common,130,1
Item_CuissesDeGrenouille,Cuisses De Grenouille,Consumables,Consumables/Foodstuffs,KEEP-COOK/EAT,consumable,Consumable,cook '' (@/slot) or eat (Stat_HealthRegen @17.5/slot),1,1,,,Stat_HealthRegen,17.5,Common,240,1
Item_Curry,Curry,Consumables,Consumables/Foodstuffs,KEEP-COOK/EAT,consumable,Consumable,cook '' (@/slot) or eat (Stat_HealthRegen @17.5/slot),1,1,,,Stat_HealthRegen,17.5,Common,30,1
Item_Currywurst,Currywurst,Consumables,Consumables/Foodstuffs,KEEP-COOK/EAT,consumable,Consumable,cook '' (@/slot) or eat (Stat_HealthRegen @22.5/slot),1,1,,,Stat_HealthRegen,22.5,Common,225,1
Item_Dimmie,Dimmie,Consumables,Consumables/Foodstuffs,KEEP-COOK/EAT,consumable,Consumable,cook '' (@/slot) or eat (Stat_HealthRegen @20.0/slot),1,1,,,Stat_HealthRegen,20.0,Common,50,1
Item_DoppIGrytan,Dopp I Grytan,Consumables,Consumables/Foodstuffs,KEEP-COOK/EAT,consumable,Consumable,cook '' (@/slot) or eat (Stat_HealthRegen @8.75/slot),1,1,,,Stat_HealthRegen,8.75,Common,130,1
Item_DoubleCheeseburger,Double Cheeseburger,Consumables,Consumables/Foodstuffs,KEEP-COOK/EAT,consumable,Consumable,cook '' (@/slot) or eat (Stat_HealthRegen @200.0/slot),1,1,,,Stat_HealthRegen,200.0,Rare,600,1
Item_LiverDumpling,Dumpling,Consumables,Consumables/Foodstuffs,KEEP-COOK/EAT,consumable,Consumable,cook '' (@/slot) or eat (Stat_HealthRegen @20.0/slot),1,1,,,Stat_HealthRegen,20.0,Common,50,1
Item_Worm,Earthworm,Consumables,Consumables/Foodstuffs,KEEP-COOK/EAT,consumable,Consumable,cook '' (@/slot) or eat (Stat_HealthRegen @5.0/slot),1,1,,,Stat_HealthRegen,5.0,Common,10,1
Item_Egg,Egg,Consumables,Consumables/Foodstuffs,KEEP-COOK/EAT,consumable,Consumable,cook 'Egg Toddy' (@7200.0/slot) or eat (Stat_HealthRegen @5.0/slot),1,1,Egg Toddy,7200.0,Stat_HealthRegen,5.0,Common,30,1
Item_EggToddy,Egg Toddy,Consumables,Consumables/Drinks,KEEP-COOK/EAT,consumable,Consumable,cook '' (@/slot) or eat (Stat_Charisma @7200.0/slot),1,1,,,Stat_Charisma,7200.0,Common,180,1
Item_EnergyGum,Energy Gum,Consumables,Consumables/Foodstuffs,KEEP-COOK/EAT,consumable,Consumable,cook '' (@/slot) or eat (Resistance_Fire @4500.0/slot),1,1,,,Resistance_Fire,4500.0,Common,80,1
Item_Escargot,Escargot,Consumables,Consumables/Foodstuffs,KEEP-COOK/EAT,consumable,Consumable,cook '' (@/slot) or eat (Stat_HealthRegen @15.0/slot),1,1,,,Stat_HealthRegen,15.0,Common,300,1
Item_FalseSulfcap,False Sulfcap,Consumables,Consumables/Foodstuffs,KEEP-COOK/EAT,consumable,Consumable,cook 'Mushroom Soup' (@10.0/slot) or eat (NegativeEffect_Poisoned @2.5/slot),1,1,Mushroom Soup,10.0,NegativeEffect_Poisoned,2.5,Common,30,1
Item_FatbergChunk,Fatberg Chunk,Consumables,Consumables/Foodstuffs,KEEP-COOK/EAT,consumable,Consumable,cook 'Unagi' (@50.0/slot) or eat (NegativeEffect_Poisoned @1.25/slot),1,1,Unagi,50.0,NegativeEffect_Poisoned,1.25,Common,50,1
Item_FirstAidKit,First Aid Kit,Consumables,Consumables/Other,KEEP-COOK/EAT,consumable,Consumable,cook '' (@/slot) or eat (Stat_HealthRegen @25.0/slot),1,1,,,Stat_HealthRegen,25.0,Common,60,1
Item_Fish,Fish,Consumables,Consumables/Foodstuffs,KEEP-COOK/EAT,consumable,Consumable,cook 'Surstromming' (@50.0/slot) or eat (Stat_HealthRegen @10.0/slot),1,1,Surstromming,50.0,Stat_HealthRegen,10.0,Common,40,1
Item_FishNChips,Fish and chips,Consumables,Consumables/Foodstuffs,KEEP-COOK/EAT,consumable,Consumable,cook '' (@/slot) or eat (Stat_HealthRegen @25.0/slot),1,1,,,Stat_HealthRegen,25.0,Common,250,1
Item_SandFish,Flat Sandfish,Consumables,Consumables/Foodstuffs,KEEP-COOK/EAT,consumable,Consumable,cook 'Surstromming' (@50.0/slot) or eat (Stat_HealthRegen @10.0/slot),1,1,Surstromming,50.0,Stat_HealthRegen,10.0,Common,40,1
Item_Flour,Flour,Consumables,Consumables/Foodstuffs,KEEP-COOK/EAT,consumable,Consumable,cook 'Chocolate Mudcake' (@50.0/slot) or eat (Stat_HealthRegen @1.25/slot),1,1,Chocolate Mudcake,50.0,Stat_HealthRegen,1.25,Common,60,1
Item_Fondue,Fondue,Consumables,Consumables/Foodstuffs,KEEP-COOK/EAT,consumable,Consumable,cook '' (@/slot) or eat (Stat_HealthRegen @25.0/slot),1,1,,,Stat_HealthRegen,25.0,Common,300,1
Item_FrenchHotdog,French Hotdog,Consumables,Consumables/Foodstuffs,KEEP-COOK/EAT,consumable,Consumable,cook '' (@/slot) or eat (Stat_HealthRegen @15.0/slot),1,1,,,Stat_HealthRegen,15.0,Rare,110,1
Item_FrenchToast,French Toast,Consumables,Consumables/Foodstuffs,KEEP-COOK/EAT,consumable,Consumable,cook '' (@/slot) or eat (Stat_HealthRegen @15.0/slot),1,1,,,Stat_HealthRegen,15.0,Common,150,1
Item_MushroomFried,Fried Mushroom ,Consumables,Consumables/Foodstuffs,KEEP-COOK/EAT,consumable,Consumable,cook '' (@/slot) or eat (Stat_HealthRegen @7.5/slot),1,1,,,Stat_HealthRegen,7.5,Common,130,1
Item_FrogLeg,Frog Leg,Consumables,Consumables/Foodstuffs,KEEP-COOK/EAT,consumable,Consumable,cook 'Cuisses De Grenouille' (@17.5/slot) or eat (Stat_HealthRegen @3.0/slot),1,1,Cuisses De Grenouille,17.5,Stat_HealthRegen,3.0,Rare,60,1
Item_FullEnglishBreakfast,Full English Breakfast,Consumables,Consumables/Foodstuffs,KEEP-COOK/EAT,consumable,Consumable,cook '' (@/slot) or eat (Stat_HealthRegen @17.5/slot),1,1,,,Stat_HealthRegen,17.5,Common,550,1
Item_Gonster,Gonster,Consumables,Consumables/Drinks,KEEP-COOK/EAT,consumable,Consumable,cook '' (@/slot) or eat (Stat_Charisma @600.0/slot),1,1,,,Stat_Charisma,600.0,Common,40,1
Item_GravadLax,Gravad Lax,Consumables,Consumables/Foodstuffs/Christmas,KEEP-COOK/EAT,consumable,Consumable,cook '' (@/slot) or eat (Stat_HealthRegen @10.0/slot),1,1,,,Stat_HealthRegen,10.0,Common,90,1
Item_Gravy,Gravy,Consumables,Consumables/Foodstuffs,KEEP-COOK/EAT,consumable,Consumable,cook 'Poutine' (@17.5/slot) or eat (Stat_HealthRegen @10.0/slot),1,1,Poutine,17.5,Stat_HealthRegen,10.0,Common,60,1
Item_MatchaTeaCup,Green Tea,Consumables,Consumables/Drinks,KEEP-COOK/EAT,consumable,Consumable,cook 'Boba Tea' (@7.5/slot) or eat (ExtraDamage_Melee @90.0/slot),1,1,Boba Tea,7.5,ExtraDamage_Melee,90.0,Common,80,1
Item_MatchaGum,Green Tea Gum,Consumables,Consumables/Foodstuffs,KEEP-COOK/EAT,consumable,Consumable,cook '' (@/slot) or eat (ExtraDamage_Melee @144.0/slot),1,1,,,ExtraDamage_Melee,144.0,Common,80,1
Item_CactusGrilled,Grilled Cactus,Consumables,Consumables/Foodstuffs,KEEP-COOK/EAT,consumable,Consumable,cook '' (@/slot) or eat (Stat_HealthRegen @10.0/slot),1,1,,,Stat_HealthRegen,10.0,Common,80,1
Item_GrilledPoultry,Grilled Poultry,Consumables,Consumables/Foodstuffs,KEEP-COOK/EAT,consumable,Consumable,cook '' (@/slot) or eat (Stat_HealthRegen @50.0/slot),1,1,,,Stat_HealthRegen,50.0,Common,400,1
Item_Haggis,Haggis,Consumables,Consumables/Foodstuffs,KEEP-COOK/EAT,consumable,Consumable,cook '' (@/slot) or eat (Stat_HealthRegen @10.0/slot),1,1,,,Stat_HealthRegen,10.0,Common,30,1
Item_HardBread,Hard Bread,Consumables,Consumables/Foodstuffs,KEEP-COOK/EAT,consumable,Consumable,cook '' (@/slot) or eat (Stat_HealthRegen @8.0/slot),1,1,,,Stat_HealthRegen,8.0,Common,60,1
Item_HardshellTaco,Hardshell Taco,Consumables,Consumables/Foodstuffs,KEEP-COOK/EAT,consumable,Consumable,cook '' (@/slot) or eat (Stat_HealthRegen @25.0/slot),1,1,,,Stat_HealthRegen,25.0,Common,60,1
Item_Hazelnut,Hazelnut,Consumables,Consumables/Foodstuffs,KEEP-COOK/EAT,consumable,Consumable,cook 'Nut Mix' (@25.0/slot) or eat (Stat_HealthRegen @2.0/slot),1,1,Nut Mix,25.0,Stat_HealthRegen,2.0,Common,60,1
Item_HealthPotion,Health Potion,Consumables,Consumables/Drinks,KEEP-COOK/EAT,consumable,Consumable,cook '' (@/slot) or eat (Stat_HealthRegen @80.0/slot),1,1,,,Stat_HealthRegen,80.0,Common,60,1
Item_HerbalTea,Herbal Tea,Consumables,Consumables/Drinks,KEEP-COOK/EAT,consumable,Consumable,cook '' (@/slot) or eat (Stat_SprintBonus @20.0/slot),1,1,,,Stat_SprintBonus,20.0,Common,70,1
Item_Herb,Herbs,Consumables,Consumables/Foodstuffs,KEEP-COOK/EAT,consumable,Consumable,cook 'Health Potion' (@80.0/slot) or eat (Stat_HealthRegen @3.0/slot),1,1,Health Potion,80.0,Stat_HealthRegen,3.0,Common,20,1
Item_HolyToast,Holy Toast,Consumables,Consumables/Foodstuffs,KEEP-COOK/EAT,consumable,Consumable,cook 'Red Wine' (@1200.0/slot) or eat (Stat_CoyoteTime @90.0/slot),1,1,Red Wine,1200.0,Stat_CoyoteTime,90.0,Legendary,250,1
Item_HolyWater,Holy Water,Consumables,Consumables/Drinks,KEEP-COOK/EAT,consumable,Consumable,cook 'Holy Toast' (@90.0/slot) or eat (Stat_CoyoteTime @90.0/slot),1,1,Holy Toast,90.0,Stat_CoyoteTime,90.0,Legendary,500,1
Item_HotPot,Hot Pot,Consumables,Consumables/Foodstuffs,KEEP-COOK/EAT,consumable,Consumable,cook '' (@/slot) or eat (Stat_HealthRegen @8.3333/slot),1,1,,,Stat_HealthRegen,8.3333,Common,300,1
Item_HotSauce,Hot Sauce,Consumables,Consumables/Foodstuffs,KEEP-COOK/EAT,consumable,Consumable,cook 'Nashville Hot Chicken' (@6000.0/slot) or eat (Resistance_Frost @12000.0/slot),1,1,Nashville Hot Chicken,6000.0,Resistance_Frost,12000.0,Common,180,1
Item_HotSnax,Hot Snacks,Consumables,Consumables/Foodstuffs,KEEP-COOK/EAT,consumable,Consumable,cook 'Nashville Hot Chicken' (@6000.0/slot) or eat (Stat_HealthRegen @15.0/slot),1,1,Nashville Hot Chicken,6000.0,Stat_HealthRegen,15.0,Common,60,1
Item_JanssonsTemptation,Jansson's Temptation,Consumables,Consumables/Foodstuffs/Christmas,KEEP-COOK/EAT,consumable,Consumable,cook '' (@/slot) or eat (Stat_HealthRegen @15.0/slot),1,1,,,Stat_HealthRegen,15.0,Common,200,1
Item_Jello,Jello,Consumables,Consumables/Foodstuffs,KEEP-COOK/EAT,consumable,Consumable,cook 'Aspic' (@7.5/slot) or eat (Stat_HealthRegen @7.5/slot),1,1,Aspic,7.5,Stat_HealthRegen,7.5,Common,90,1
Item_Julmust,Julmust,Consumables,Consumables/Foodstuffs/Christmas,KEEP-COOK/EAT,consumable,Consumable,cook '' (@/slot) or eat (Stat_HealthRegen @9.0/slot),1,1,,,Stat_HealthRegen,9.0,Common,90,1
Item_KarlOskar,Karl-Oskar,Consumables,Consumables/Foodstuffs,KEEP-COOK/EAT,consumable,Consumable,cook 'Full English Breakfast' (@17.5/slot) or eat (Stat_HealthRegen @5.0/slot),1,1,Full English Breakfast,17.5,Stat_HealthRegen,5.0,Common,10,1
Item_KidneyPie,Kidney Pie,Consumables,Consumables/Foodstuffs,KEEP-COOK/EAT,consumable,Consumable,cook '' (@/slot) or eat (Stat_HealthRegen @17.5/slot),1,1,,,Stat_HealthRegen,17.5,Common,90,1
Item_KidneyStone,Kidney Stone,Consumables,Consumables/Foodstuffs,KEEP-COOK/EAT,consumable,Consumable,cook 'Leverpastej' (@10.0/slot) or eat (Stat_HealthRegen @5.0/slot),1,1,Leverpastej,10.0,Stat_HealthRegen,5.0,Common,60,1
Item_Kombucha,Kombucha,Consumables,Consumables/Drinks,KEEP-COOK/EAT,consumable,Consumable,cook 'Bark bread' (@5.0/slot) or eat (Stat_CoyoteTime @90.0/slot),1,1,Bark bread,5.0,Stat_CoyoteTime,90.0,Common,60,1
Item_CactusSweets,Lackerol Cactus,Consumables,Consumables/Foodstuffs,KEEP-COOK/EAT,consumable,Consumable,cook '' (@/slot) or eat (Stat_HealthRegen @10.0/slot),1,1,,,Stat_HealthRegen,10.0,Common,30,1
Item_Latte,Latte,Consumables,Consumables/Drinks,KEEP-COOK/EAT,consumable,Consumable,cook '' (@/slot) or eat (Stat_HealthRegen @30.0/slot),1,1,,,Stat_HealthRegen,30.0,Rare,35,1
Item_Lemonade,Lemonade,Consumables,Consumables/Drinks,KEEP-COOK/EAT,consumable,Consumable,cook '' (@/slot) or eat (Stat_SprintBonus @30.0/slot),1,1,,,Stat_SprintBonus,30.0,Common,60,1
Item_Leverpastej,Leverpastej,Consumables,Consumables/Foodstuffs,KEEP-COOK/EAT,consumable,Consumable,cook 'Liver Patty Sandwich' (@20.0/slot) or eat (Stat_HealthRegen @10.0/slot),1,1,Liver Patty Sandwich,20.0,Stat_HealthRegen,10.0,Common,60,1
Item_Liquor,Liquor,Consumables,Consumables/Drinks,KEEP-COOK/EAT,consumable,Consumable,cook 'Egg Toddy' (@7200.0/slot) or eat (Stat_Charisma @900.0/slot),1,1,Egg Toddy,7200.0,Stat_Charisma,900.0,Common,60,1
Item_SandwichLeverpastej,Liver Patty Sandwich,Consumables,Consumables/Foodstuffs,KEEP-COOK/EAT,consumable,Consumable,cook '' (@/slot) or eat (Stat_HealthRegen @20.0/slot),1,1,,,Stat_HealthRegen,20.0,Common,110,1
Item_MilkGreen,Low Fat Milk,Consumables,Consumables/Drinks,KEEP-COOK/EAT,consumable,Consumable,cook 'Pilk' (@90.0/slot) or eat (Stat_AimMovingBonus @22.5/slot),1,1,Pilk,90.0,Stat_AimMovingBonus,22.5,Common,40,1
Item_Lussekatt,Lussekatt,Consumables,Consumables/Foodstuffs,KEEP-COOK/EAT,consumable,Consumable,cook '' (@/slot) or eat (Stat_HealthRegen @15.0/slot),1,1,,,Stat_HealthRegen,15.0,Common,160,1
Item_Lutfisk,Lutfisk,Consumables,Consumables/Foodstuffs/Christmas,KEEP-COOK/EAT,consumable,Consumable,cook '' (@/slot) or eat (Stat_HealthRegen @12.5/slot),1,1,,,Stat_HealthRegen,12.5,Common,90,1
Item_MacNCheese,Mac'n'Cheese,Consumables,Consumables/Foodstuffs,KEEP-COOK/EAT,consumable,Consumable,cook '' (@/slot) or eat (Stat_HealthRegen @15.0/slot),1,1,,,Stat_HealthRegen,15.0,Common,90,1
Item_Maki,Maki,Consumables,Consumables/Foodstuffs,KEEP-COOK/EAT,consumable,Consumable,cook '' (@/slot) or eat (Stat_HealthRegen @15.0/slot),1,1,,,Stat_HealthRegen,15.0,Common,150,1
Item_Marshmallow,Marshmallows,Consumables,Consumables/Foodstuffs,KEEP-COOK/EAT,consumable,Consumable,cook '' (@/slot) or eat (Stat_HealthRegen @20.0/slot),1,1,,,Stat_HealthRegen,20.0,Common,200,1
Item_MashedPotatoes,Mashed Potatoes,Consumables,Consumables/Foodstuffs,KEEP-COOK/EAT,consumable,Consumable,cook '' (@/slot) or eat (Stat_HealthRegen @15.0/slot),1,1,,,Stat_HealthRegen,15.0,Uncommon,100,1
Item_MatchaTeaPowder,Matcha,Consumables,Consumables/Foodstuffs,KEEP-COOK/EAT,consumable,Consumable,cook 'Green Tea Gum' (@144.0/slot) or eat (Stat_HealthRegen @5.0/slot),1,1,Green Tea Gum,144.0,Stat_HealthRegen,5.0,Common,40,1
Item_MeatSkewers,Meat Skewers,Consumables,Consumables/Foodstuffs,KEEP-COOK/EAT,consumable,Consumable,cook '' (@/slot) or eat (Stat_HealthRegen @10.0/slot),1,1,,,Stat_HealthRegen,10.0,Common,80,1
Item_Meringue,Meringue,Consumables,Consumables/Foodstuffs,KEEP-COOK/EAT,consumable,Consumable,cook '' (@/slot) or eat (Stat_HealthRegen @15.0/slot),1,1,,,Stat_HealthRegen,15.0,Common,40,1
Item_Mochi,Mochi,Consumables,Consumables/Foodstuffs,KEEP-COOK/EAT,consumable,Consumable,cook '' (@/slot) or eat (Stat_HealthRegen @25.0/slot),1,1,,,Stat_HealthRegen,25.0,Common,65,1
Item_MulledWine,Mulled Wine,Consumables,Consumables/Drinks,KEEP-COOK/EAT,consumable,Consumable,cook '' (@/slot) or eat (Stat_Charisma @1200.0/slot),1,1,,,Stat_Charisma,1200.0,Common,200,1
Item_MushroomOmelette,Mushroom Omelette,Consumables,Consumables/Foodstuffs,KEEP-COOK/EAT,consumable,Consumable,cook '' (@/slot) or eat (Stat_HealthRegen @10.0/slot),1,1,,,Stat_HealthRegen,10.0,Common,70,1
Item_MushroomSkewer,Mushroom Skewer,Consumables,Consumables/Foodstuffs,KEEP-COOK/EAT,consumable,Consumable,cook '' (@/slot) or eat (Stat_HealthRegen @7.5/slot),1,1,,,Stat_HealthRegen,7.5,Common,100,1
Item_MushroomSoup,Mushroom Soup,Consumables,Consumables/Foodstuffs,KEEP-COOK/EAT,consumable,Consumable,cook '' (@/slot) or eat (Stat_HealthRegen @10.0/slot),1,1,,,Stat_HealthRegen,10.0,Common,70,1
Item_MycotaSquamata,Mycota Squamata,Consumables,Consumables/Foodstuffs,KEEP-COOK/EAT,consumable,Consumable,cook '' (@/slot) or eat (Stat_HealthRegen @2.5/slot),1,1,,,Stat_HealthRegen,2.5,Common,120,1
Item_MysteryMeat,Mystery Meat,Consumables,Consumables/Foodstuffs,KEEP-COOK/EAT,consumable,Consumable,cook 'Spaghetti Bolognese' (@25.0/slot) or eat (Stat_HealthRegen @15.0/slot),1,1,Spaghetti Bolognese,25.0,Stat_HealthRegen,15.0,Common,60,1
Item_ChickenNashvilleHot,Nashville Hot Chicken,Consumables,Consumables/Foodstuffs,KEEP-COOK/EAT,consumable,Consumable,cook 'Stew' (@10.0/slot) or eat (Resistance_Frost @6000.0/slot),1,1,Stew,10.0,Resistance_Frost,6000.0,Rare,220,1
Item_Nigiri,Nigiri,Consumables,Consumables/Foodstuffs,KEEP-COOK/EAT,consumable,Consumable,cook '' (@/slot) or eat (Stat_HealthRegen @10.0/slot),1,1,,,Stat_HealthRegen,10.0,Common,210,1
Item_Nuggets,Nuggets,Consumables,Consumables/Foodstuffs,KEEP-COOK/EAT,consumable,Consumable,cook 'Stew' (@10.0/slot) or eat (Stat_HealthRegen @12.5/slot),1,1,Stew,10.0,Stat_HealthRegen,12.5,Rare,80,1
Item_NutMix,Nut Mix,Consumables,Consumables/Foodstuffs,KEEP-COOK/EAT,consumable,Consumable,cook 'Nut Spread' (@10.0/slot) or eat (Stat_HealthRegen @25.0/slot),1,1,Nut Spread,10.0,Stat_HealthRegen,25.0,Common,200,1
Item_NutSpread,Nut Spread,Consumables,Consumables/Foodstuffs,KEEP-COOK/EAT,consumable,Consumable,cook 'Peanutbutter Sandwich' (@25.0/slot) or eat (Stat_HealthRegen @10.0/slot),1,1,Peanutbutter Sandwich,25.0,Stat_HealthRegen,10.0,Common,220,1
Item_SandwichNutSpread,Nut Spread Sandwich,Consumables,Consumables/Foodstuffs,KEEP-COOK/EAT,consumable,Consumable,cook '' (@/slot) or eat (Stat_HealthRegen @20.0/slot),1,1,,,Stat_HealthRegen,20.0,Common,80,1
Item_Oats,Oats,Consumables,Consumables/Foodstuffs,KEEP-COOK/EAT,consumable,Consumable,cook 'Power Bar' (@60.0/slot) or eat (Stat_HealthRegen @5.0/slot),1,1,Power Bar,60.0,Stat_HealthRegen,5.0,Common,50,1
Item_Omelette,Omelette,Consumables,Consumables/Foodstuffs,KEEP-COOK/EAT,consumable,Consumable,cook '' (@/slot) or eat (Stat_HealthRegen @11.0/slot),1,1,,,Stat_HealthRegen,11.0,Common,50,1
Item_Onigiri,Onigiri,Consumables,Consumables/Foodstuffs,KEEP-COOK/EAT,consumable,Consumable,cook '' (@/slot) or eat (Stat_HealthRegen @17.5/slot),1,1,,,Stat_HealthRegen,17.5,Common,210,1
Item_Peanut,Peanut,Consumables,Consumables/Foodstuffs,KEEP-COOK/EAT,consumable,Consumable,cook 'Nut Mix' (@25.0/slot) or eat (Stat_HealthRegen @5.0/slot),1,1,Nut Mix,25.0,Stat_HealthRegen,5.0,Common,20,1
Item_PeanutButter,Peanut Butter,Consumables,Consumables/Foodstuffs,KEEP-COOK/EAT,consumable,Consumable,cook 'Peanutbutter Jelly Sandwich' (@35.0/slot) or eat (Stat_HealthRegen @11.25/slot),1,1,Peanutbutter Jelly Sandwich,35.0,Stat_HealthRegen,11.25,Common,250,1
Item_SandwichPeanutbutterJelly,Peanutbutter Jelly Sandwich,Consumables,Consumables/Foodstuffs,KEEP-COOK/EAT,consumable,Consumable,cook '' (@/slot) or eat (Stat_HealthRegen @35.0/slot),1,1,,,Stat_HealthRegen,35.0,Common,130,1
Item_SandwichPeanutbutter,Peanutbutter Sandwich,Consumables,Consumables/Foodstuffs,KEEP-COOK/EAT,consumable,Consumable,cook '' (@/slot) or eat (Stat_HealthRegen @25.0/slot),1,1,,,Stat_HealthRegen,25.0,Common,110,1
Item_Pilk,Pilk,Consumables,Consumables/Drinks,KEEP-COOK/EAT,consumable,Consumable,cook '' (@/slot) or eat (Stat_ExtraJumps @90.0/slot),1,1,,,Stat_ExtraJumps,90.0,Common,400,1
Item_PineNut,Pine nuts,Consumables,Consumables/Foodstuffs,KEEP-COOK/EAT,consumable,Consumable,cook 'Nut Mix' (@25.0/slot) or eat (Stat_HealthRegen @5.0/slot),1,1,Nut Mix,25.0,Stat_HealthRegen,5.0,Common,20,1
Item_PizzaLarge,Pizza,Consumables,Consumables/Foodstuffs,KEEP-COOK/EAT,consumable,Consumable,cook 'Pizza Slice' (@100.0/slot) or eat (Stat_HealthRegen @37.5/slot),1,1,Pizza Slice,100.0,Stat_HealthRegen,37.5,Common,400,1
Item_PizzaSlice,Pizza Slice,Consumables,Consumables/Foodstuffs,KEEP-COOK/EAT,consumable,Consumable,cook '' (@/slot) or eat (Stat_HealthRegen @100.0/slot),1,1,,,Stat_HealthRegen,100.0,Common,150,1
Item_Porridge,Porridge,Consumables,Consumables/Foodstuffs,KEEP-COOK/EAT,consumable,Consumable,cook 'Rhubarb Porridge' (@12.5/slot) or eat (Stat_HealthRegen @7.5/slot),1,1,Rhubarb Porridge,12.5,Stat_HealthRegen,7.5,Common,30,1
Item_Potato,Potato,Consumables,Consumables/Foodstuffs,KEEP-COOK/EAT,consumable,Consumable,cook 'Fish and chips' (@25.0/slot) or eat (Stat_HealthRegen @5.0/slot),1,1,Fish and chips,25.0,Stat_HealthRegen,5.0,Common,60,1
Item_PotatoSalad,Potato Salad,Consumables,Consumables/Foodstuffs/Christmas,KEEP-COOK/EAT,consumable,Consumable,cook 'Jansson's Temptation' (@15.0/slot) or eat (Stat_HealthRegen @7.5/slot),1,1,Jansson's Temptation,15.0,Stat_HealthRegen,7.5,Common,90,1
Item_Poutine,Poutine,Consumables,Consumables/Foodstuffs,KEEP-COOK/EAT,consumable,Consumable,cook '' (@/slot) or eat (Stat_HealthRegen @17.5/slot),1,1,,,Stat_HealthRegen,17.5,Common,225,1
Item_PowerBar,Power Bar,Consumables,Consumables/Foodstuffs,KEEP-COOK/EAT,consumable,Consumable,cook '' (@/slot) or eat (Stat_SprintBonus @60.0/slot),1,1,,,Stat_SprintBonus,60.0,Common,30,1
Item_RiceCake,Puffed Rice Cakes,Consumables,Consumables/Foodstuffs,KEEP-COOK/EAT,consumable,Consumable,cook '' (@/slot) or eat (Stat_HealthRegen @15.0/slot),1,1,,,Stat_HealthRegen,15.0,Common,20,1
Item_PyttIPanna,Pyttipanna,Consumables,Consumables/Foodstuffs,KEEP-COOK/EAT,consumable,Consumable,cook '' (@/slot) or eat (Stat_HealthRegen @12.5/slot),1,1,,,Stat_HealthRegen,12.5,Common,200,1
Item_Polsa,Pölsa,Consumables,Consumables/Foodstuffs,KEEP-COOK/EAT,consumable,Consumable,cook 'Spaghetti Bolognese' (@25.0/slot) or eat (Stat_HealthRegen @10.0/slot),1,1,Spaghetti Bolognese,25.0,Stat_HealthRegen,10.0,Common,30,1
Item_Polse,Pølse,Consumables,Consumables/Foodstuffs,KEEP-COOK/EAT,consumable,Consumable,cook '' (@/slot) or eat (Stat_HealthRegen @7.5/slot),1,1,,,Stat_HealthRegen,7.5,Common,50,1
Item_Raclette,Raclette,Consumables,Consumables/Foodstuffs,KEEP-COOK/EAT,consumable,Consumable,cook '' (@/slot) or eat (Stat_HealthRegen @25.0/slot),1,1,,,Stat_HealthRegen,25.0,Common,300,1
Item_Ramen,Ramen,Consumables,Consumables/Foodstuffs,KEEP-COOK/EAT,consumable,Consumable,cook '' (@/slot) or eat (Stat_HealthRegen @20.0/slot),1,1,,,Stat_HealthRegen,20.0,Common,150,1
Item_Wine,Red Wine,Consumables,Consumables/Drinks,KEEP-COOK/EAT,consumable,Consumable,cook 'Mulled Wine' (@1200.0/slot) or eat (Stat_Charisma @1200.0/slot),1,1,Mulled Wine,1200.0,Stat_Charisma,1200.0,Common,200,1
Item_Rhubarb,Rhubarb,Consumables,Consumables/Foodstuffs,KEEP-COOK/EAT,consumable,Consumable,cook 'Rhubarb Pie' (@15.0/slot) or eat (Stat_HealthRegen @3.0/slot),1,1,Rhubarb Pie,15.0,Stat_HealthRegen,3.0,Common,20,1
Item_RhubarbPie,Rhubarb Pie,Consumables,Consumables/Foodstuffs,KEEP-COOK/EAT,consumable,Consumable,cook '' (@/slot) or eat (Stat_HealthRegen @15.0/slot),1,1,,,Stat_HealthRegen,15.0,Common,80,1
Item_RhubarbPorridge,Rhubarb Porridge,Consumables,Consumables/Foodstuffs,KEEP-COOK/EAT,consumable,Consumable,cook '' (@/slot) or eat (Stat_HealthRegen @12.5/slot),1,1,,,Stat_HealthRegen,12.5,Common,20,1
Item_RhubarbSauce,Rhubarb Sauce,Consumables,Consumables/Foodstuffs,KEEP-COOK/EAT,consumable,Consumable,cook 'Rhubarb Porridge' (@12.5/slot) or eat (Stat_HealthRegen @10.0/slot),1,1,Rhubarb Porridge,12.5,Stat_HealthRegen,10.0,Common,40,1
Item_Rice,Rice,Consumables,Consumables/Foodstuffs,KEEP-COOK/EAT,consumable,Consumable,cook 'Unagi' (@50.0/slot) or eat (Stat_HealthRegen @1.25/slot),1,1,Unagi,50.0,Stat_HealthRegen,1.25,Common,30,1
Item_Risalamalta,Ris à la Malta,Consumables,Consumables/Foodstuffs/Christmas,KEEP-COOK/EAT,consumable,Consumable,cook '' (@/slot) or eat (Stat_HealthRegen @25.0/slot),1,1,,,Stat_HealthRegen,25.0,Common,90,1
Item_Risgrynsgrot,Risgrynsgröt,Consumables,Consumables/Foodstuffs/Christmas,KEEP-COOK/EAT,consumable,Consumable,cook 'Ris à la Malta' (@25.0/slot) or eat (Stat_HealthRegen @9.0/slot),1,1,Ris à la Malta,25.0,Stat_HealthRegen,9.0,Common,90,1
Item_Rodsopp,Rödsopp,Consumables,Consumables/Foodstuffs,KEEP-COOK/EAT,consumable,Consumable,cook 'Health Potion' (@80.0/slot) or eat (Stat_HealthRegen @5.0/slot),1,1,Health Potion,80.0,Stat_HealthRegen,5.0,Common,15,1
Item_RodsoppPaste,Rödsopp Paste,Consumables,Consumables/Other,KEEP-COOK/EAT,consumable,Consumable,cook '' (@/slot) or eat (Stat_SlowMotion @4.0/slot),1,1,,,Stat_SlowMotion,4.0,Common,50,1
Item_Salt,Salt,Consumables,Consumables/Foodstuffs,KEEP-COOK/EAT,consumable,Consumable,cook 'Salted Sandfish' (@25.0/slot) or eat (Stat_HealthRegen @1.0/slot),1,1,Salted Sandfish,25.0,Stat_HealthRegen,1.0,Common,10,1
Item_FishSalted,Salted Fish,Consumables,Consumables/Foodstuffs,KEEP-COOK/EAT,consumable,Consumable,cook 'Surstromming' (@50.0/slot) or eat (Stat_HealthRegen @20.0/slot),1,1,Surstromming,50.0,Stat_HealthRegen,20.0,Common,90,1
Item_SaltedSandfish,Salted Sandfish,Consumables,Consumables/Foodstuffs,KEEP-COOK/EAT,consumable,Consumable,cook 'Surstromming' (@50.0/slot) or eat (Stat_HealthRegen @25.0/slot),1,1,Surstromming,50.0,Stat_HealthRegen,25.0,Common,100,1
Item_Sashimi,Sashimi,Consumables,Consumables/Foodstuffs,KEEP-COOK/EAT,consumable,Consumable,cook 'Nigiri' (@10.0/slot) or eat (Stat_HealthRegen @20.0/slot),1,1,Nigiri,10.0,Stat_HealthRegen,20.0,Common,220,1
Item_SausageOmelette,Sausage Omelette,Consumables,Consumables/Foodstuffs,KEEP-COOK/EAT,consumable,Consumable,cook '' (@/slot) or eat (Stat_HealthRegen @21.0/slot),1,1,,,Stat_HealthRegen,21.0,Common,110,1
Item_SausageOnStick,Sausage On Stick,Consumables,Consumables/Foodstuffs,KEEP-COOK/EAT,consumable,Consumable,cook '' (@/slot) or eat (Stat_HealthRegen @20.0/slot),1,1,,,Stat_HealthRegen,20.0,Common,200,1
Item_SausageSoup,Sausage Soup,Consumables,Consumables/Foodstuffs,KEEP-COOK/EAT,consumable,Consumable,cook '' (@/slot) or eat (Stat_HealthRegen @15.0/slot),1,1,,,Stat_HealthRegen,15.0,Common,135,1
Item_Seaweed,Seaweed,Consumables,Consumables/Foodstuffs,KEEP-COOK/EAT,consumable,Consumable,cook 'Maki' (@15.0/slot) or eat (Stat_HealthRegen @5.0/slot),1,1,Maki,15.0,Stat_HealthRegen,5.0,Common,30,1
Item_Silltalrik,Silltallrik,Consumables,Consumables/Foodstuffs/Christmas,KEEP-COOK/EAT,consumable,Consumable,cook '' (@/slot) or eat (Stat_HealthRegen @10.0/slot),1,1,,,Stat_HealthRegen,10.0,Common,90,1
Item_MilkBlue,Skimmed Milk,Consumables,Consumables/Drinks,KEEP-COOK/EAT,consumable,Consumable,cook 'Pilk' (@90.0/slot) or eat (Stat_AimMovingBonus @22.5/slot),1,1,Pilk,90.0,Stat_AimMovingBonus,22.5,Common,40,1
Item_Soda,Slurf,Consumables,Consumables/Drinks,KEEP-COOK/EAT,consumable,Consumable,cook 'Cocktail' (@900.0/slot) or eat (Stat_AimMovingBonus @20.0/slot),1,1,Cocktail,900.0,Stat_AimMovingBonus,20.0,Common,30,1
Item_Solution,Solution,Consumables,Consumables/Other,KEEP-COOK/EAT,consumable,Consumable,cook 'Hot Sauce' (@12000.0/slot) or eat (Stat_HealthRegen @2.5/slot),1,1,Hot Sauce,12000.0,Stat_HealthRegen,2.5,Common,40,1
Item_Spagetti,Spaghetti,Consumables,Consumables/Foodstuffs,KEEP-COOK/EAT,consumable,Consumable,cook 'Spaghetti Bolognese' (@25.0/slot) or eat (Stat_HealthRegen @2.5/slot),1,1,Spaghetti Bolognese,25.0,Stat_HealthRegen,2.5,Common,30,1
Item_PastaBolognese,Spaghetti Bolognese,Consumables,Consumables/Foodstuffs,KEEP-COOK/EAT,consumable,Consumable,cook '' (@/slot) or eat (Stat_HealthRegen @25.0/slot),1,1,,,Stat_HealthRegen,25.0,Common,250,1
Item_SpanishOmelette,Spanish Omelette,Consumables,Consumables/Foodstuffs,KEEP-COOK/EAT,consumable,Consumable,cook '' (@/slot) or eat (Stat_HealthRegen @15.0/slot),1,1,,,Stat_HealthRegen,15.0,Common,220,1
Item_Sausage,Spicy Sausage,Consumables,Consumables/Foodstuffs,KEEP-COOK/EAT,consumable,Consumable,cook 'Pizza' (@37.5/slot) or eat (Stat_HealthRegen @15.0/slot),1,1,Pizza,37.5,Stat_HealthRegen,15.0,Common,60,1
Item_SportsDrink,Sports Drink,Consumables,Consumables/Drinks,KEEP-COOK/EAT,consumable,Consumable,cook 'Gonster' (@600.0/slot) or eat (Stat_AimMovingBonus @63.0/slot),1,1,Gonster,600.0,Stat_AimMovingBonus,63.0,Common,120,1
Item_Stew,Stew,Consumables,Consumables/Foodstuffs,KEEP-COOK/EAT,consumable,Consumable,cook '' (@/slot) or eat (Stat_HealthRegen @10.0/slot),1,1,,,Stat_HealthRegen,10.0,Common,65,1
Item_Stout,Stout,Consumables,Consumables/Drinks,KEEP-COOK/EAT,consumable,Consumable,cook 'Gonster' (@600.0/slot) or eat (Stat_Charisma @600.0/slot),1,1,Gonster,600.0,Stat_Charisma,600.0,Common,40,1
Item_Sugar,Sugar,Consumables,Consumables/Foodstuffs,KEEP-COOK/EAT,consumable,Consumable,cook 'Egg Toddy' (@7200.0/slot) or eat (Stat_HealthRegen @2.5/slot),1,1,Egg Toddy,7200.0,Stat_HealthRegen,2.5,Common,30,1
Item_SulfCola,SulfCola,Consumables,Consumables/Drinks,KEEP-COOK/EAT,consumable,Consumable,cook 'Pilk' (@90.0/slot) or eat (Stat_HealthRegen @15.0/slot),1,1,Pilk,90.0,Stat_HealthRegen,15.0,Common,300,1
Item_Surstromming,Surstromming,Consumables,Consumables/Foodstuffs,KEEP-COOK/EAT,consumable,Consumable,cook '' (@/slot) or eat (Stat_HealthRegen @50.0/slot),1,1,,,Stat_HealthRegen,50.0,Common,350,1
Item_SwedishPancakes,Swedish Pancakes,Consumables,Consumables/Foodstuffs,KEEP-COOK/EAT,consumable,Consumable,cook '' (@/slot) or eat (Stat_HealthRegen @15.0/slot),1,1,,,Stat_HealthRegen,15.0,Common,220,1
Item_GumHubba,Sweet Gum,Consumables,Consumables/Foodstuffs,KEEP-COOK/EAT,consumable,Consumable,cook '' (@/slot) or eat (Stat_HealthRegen @10.0/slot),1,1,,,Stat_HealthRegen,10.0,Common,80,1
Item_SwingDing,Swing-Ding,Consumables,Consumables/Foodstuffs,KEEP-COOK/EAT,consumable,Consumable,cook 'Full English Breakfast' (@17.5/slot) or eat (Stat_HealthRegen @5.0/slot),1,1,Full English Breakfast,17.5,Stat_HealthRegen,5.0,Common,10,1
Item_ToastSkagen,Toast Skagen,Consumables,Consumables/Foodstuffs,KEEP-COOK/EAT,consumable,Consumable,cook '' (@/slot) or eat (Stat_HealthRegen @15.0/slot),1,1,,,Stat_HealthRegen,15.0,Common,150,1
Item_TongueOnStick,Tongue On Stick,Consumables,Consumables/Foodstuffs,KEEP-COOK/EAT,consumable,Consumable,cook '' (@/slot) or eat (Stat_HealthRegen @10.0/slot),1,1,,,Stat_HealthRegen,10.0,Common,120,1
Item_RamenTori,Tori Ramen,Consumables,Consumables/Foodstuffs,KEEP-COOK/EAT,consumable,Consumable,cook '' (@/slot) or eat (Stat_HealthRegen @20.0/slot),1,1,,,Stat_HealthRegen,20.0,Common,150,1
Item_CaviarTubed,Tube Caviar,Consumables,Consumables/Foodstuffs,KEEP-COOK/EAT,consumable,Consumable,cook 'Onigiri' (@17.5/slot) or eat (Stat_HealthRegen @15.0/slot),1,1,Onigiri,17.5,Stat_HealthRegen,15.0,Common,240,1
Item_Unagi,Unagi,Consumables,Consumables/Foodstuffs,KEEP-COOK/EAT,consumable,Consumable,cook '' (@/slot) or eat (Resistance_Electric @50.0/slot),1,1,,,Resistance_Electric,50.0,Common,400,1
Item_VacuumCleaner,Vacuum Cleaner,Consumables,Consumables/Foodstuffs,KEEP-COOK/EAT,consumable,Consumable,cook '' (@/slot) or eat (Stat_HealthRegen @15.0/slot),1,1,,,Stat_HealthRegen,15.0,Common,40,1
Item_VelvetBell,Velvet Bell,Consumables,Consumables/Foodstuffs,KEEP-COOK/EAT,consumable,Consumable,cook 'Full English Breakfast' (@17.5/slot) or eat (Stat_HealthRegen @1.0/slot),1,1,Full English Breakfast,17.5,Stat_HealthRegen,1.0,Common,10,1
Item_Walnut,Walnut,Consumables,Consumables/Foodstuffs,KEEP-COOK/EAT,consumable,Consumable,cook 'Nut Mix' (@25.0/slot) or eat (Stat_HealthRegen @5.0/slot),1,1,Nut Mix,25.0,Stat_HealthRegen,5.0,Common,40,1
Item_MilkRed,Whole Milk,Consumables,Consumables/Drinks,KEEP-COOK/EAT,consumable,Consumable,cook 'Pilk' (@90.0/slot) or eat (Stat_AimMovingBonus @22.5/slot),1,1,Pilk,90.0,Stat_AimMovingBonus,22.5,Common,40,1
Item_UsedRubber,Used Rubber,Misc,Misc,KEEP-COOK/EAT,consumable,Consumable,cook 'Anti-Poison Gum' (@9600.0/slot) or eat (NegativeEffect_Poisoned @5.0/slot),1,1,Anti-Poison Gum,9600.0,NegativeEffect_Poisoned,5.0,Common,150,1
Ammo_12Ga,Ammo Box (12ga),Ammo,Ammo,KEEP-USE,ammo,Consumable,ammo [Consumable],0,0,,,,,Common,70,1
Ammo_556,Ammo Box (5.56mm),Ammo,Ammo,KEEP-USE,ammo,Consumable,ammo [Consumable],0,0,,,,,Common,100,1
Ammo_50BMG,Ammo Box (50 BMG),Ammo,Ammo,KEEP-USE,ammo,Consumable,ammo [Consumable],0,0,,,,,Common,100,1
Ammo_762,Ammo Box (7.62mm),Ammo,Ammo,KEEP-USE,ammo,Consumable,ammo [Consumable],0,0,,,,,Common,120,1
Ammo_9mm,Ammo Box (9mm),Ammo,Ammo,KEEP-USE,ammo,Consumable,ammo [Consumable],0,0,,,,,Common,50,1
Ammo_EnergyCell,Ammo Box (Energy Cells),Ammo,Ammo,KEEP-USE,ammo,Consumable,ammo [Consumable],0,0,,,,,Common,100,1
Attachment_A12CMuzzleBrake,A12C Muzzle Brake,Attachments,Attachments,KEEP-USE,attachment,Attachment,attachment [Attachment],0,0,,,,,Rare,480,1
Attachment_Suppressor762,Aftermarket Haukland Silencer,Attachments,Attachments,KEEP-USE,attachment,Attachment,attachment [Attachment],0,0,,,,,Rare,740,1
Attachment_AssaultScope,Assault Scope,Attachments,Attachments,KEEP-USE,attachment,Attachment,attachment [Attachment],0,0,,,,,Rare,500,1
Attachment_BarrelExtension2i,"Barrel Extension 2""",Attachments,Attachments,KEEP-USE,attachment,Attachment,attachment [Attachment],0,0,,,,,Rare,480,1
Attachment_BarrelExtension4i,"Barrel Extension 4""",Attachments,Attachments,KEEP-USE,attachment,Attachment,attachment [Attachment],0,0,,,,,Rare,480,1
Attachment_BarrelExtension6i,"Barrel Extension 6""",Attachments,Attachments,KEEP-USE,attachment,Attachment,attachment [Attachment],0,0,,,,,Rare,480,1
Attachment_BreznikBMD,Breznik BMD,Attachments,Attachments,KEEP-USE,attachment,Attachment,attachment [Attachment],0,0,,,,,Rare,480,1
Attachment_BreznikBMDTactical,Breznik BMD (Tactical),Attachments,Attachments,KEEP-USE,attachment,Attachment,attachment [Attachment],0,0,,,,,Rare,480,1
Attachment_CompactSight,Compact Sight,Attachments,Attachments,KEEP-USE,attachment,Attachment,attachment [Attachment],0,0,,,,,Rare,500,1
Attachment_GunCrank,Gun Crank,Attachments,Attachments,KEEP-USE,attachment,Attachment,attachment [Attachment],0,0,,,,,Uncommon,680,1
Attachment_HauklandFlashHider,Haukland Flash Hider,Attachments,Attachments,KEEP-USE,attachment,Attachment,attachment [Attachment],0,0,,,,,Rare,480,1
Attachment_Suppressor556,Haukland Silencer,Attachments,Attachments,KEEP-USE,attachment,Attachment,attachment [Attachment],0,0,,,,,Rare,890,1
Attachment_HolographicSight,Holographic Sight,Attachments,Attachments,KEEP-USE,attachment,Attachment,attachment [Attachment],0,0,,,,,Uncommon,230,1
Attachment_HuntingScope,Hunting Scope,Attachments,Attachments,KEEP-USE,attachment,Attachment,attachment [Attachment],0,0,,,,,Rare,550,1
Attachment_ImprovisedBarrelExtension,Improvised Barrel Extension,Attachments,Attachments,KEEP-USE,attachment,Attachment,attachment [Attachment],0,0,,,,,Common,300,1
Attachment_Insurance,Insurance,Attachments,Attachments,KEEP-USE,attachment,Attachment,attachment [Attachment],0,0,,,,,Legendary,10000,1
Attachment_LaserSightBone,Laser Sight,Attachments,Attachments,KEEP-USE,attachment,Attachment,attachment [Attachment],0,0,,,,,Uncommon,500,1
Attachment_LaserSightDenimBlue,Laser Sight,Attachments,Attachments,KEEP-USE,attachment,Attachment,attachment [Attachment],0,0,,,,,Uncommon,500,1
Attachment_LaserSightGold,Laser Sight,Attachments,Attachments,KEEP-USE,attachment,Attachment,attachment [Attachment],0,0,,,,,Uncommon,10000,1
Attachment_LaserSightGreen,Laser Sight,Attachments,Attachments,KEEP-USE,attachment,Attachment,attachment [Attachment],0,0,,,,,Uncommon,280,1
Attachment_LaserSightLightBlue,Laser Sight,Attachments,Attachments,KEEP-USE,attachment,Attachment,attachment [Attachment],0,0,,,,,Uncommon,500,1
Attachment_LaserSightLime,Laser Sight,Attachments,Attachments,KEEP-USE,attachment,Attachment,attachment [Attachment],0,0,,,,,Uncommon,500,1
Attachment_LaserSightMagenta,Laser Sight,Attachments,Attachments,KEEP-USE,attachment,Attachment,attachment [Attachment],0,0,,,,,Uncommon,500,1
Attachment_LaserSightOrange,Laser Sight,Attachments,Attachments,KEEP-USE,attachment,Attachment,attachment [Attachment],0,0,,,,,Uncommon,500,1
Attachment_LaserSightPoop,Laser Sight,Attachments,Attachments,KEEP-USE,attachment,Attachment,attachment [Attachment],0,0,,,,,Uncommon,500,1
Attachment_LaserSightPurple,Laser Sight,Attachments,Attachments,KEEP-USE,attachment,Attachment,attachment [Attachment],0,0,,,,,Uncommon,500,1
Attachment_LaserSightRed,Laser Sight,Attachments,Attachments,KEEP-USE,attachment,Attachment,attachment [Attachment],0,0,,,,,Uncommon,280,1
Attachment_LaserSightRosePink,Laser Sight,Attachments,Attachments,KEEP-USE,attachment,Attachment,attachment [Attachment],0,0,,,,,Uncommon,500,1
Attachment_LaserSightTangerine,Laser Sight,Attachments,Attachments,KEEP-USE,attachment,Attachment,attachment [Attachment],0,0,,,,,Uncommon,500,1
Attachment_LaserSightTeal,Laser Sight,Attachments,Attachments,KEEP-USE,attachment,Attachment,attachment [Attachment],0,0,,,,,Uncommon,500,1
Attachment_LaserSightYellow,Laser Sight,Attachments,Attachments,KEEP-USE,attachment,Attachment,attachment [Attachment],0,0,,,,,Uncommon,500,1
Attachment_SuppressorCan,"M87 ""Albatross"" Silencer",Attachments,Attachments,KEEP-USE,attachment,Attachment,attachment [Attachment],0,0,,,,,Rare,550,1
Attachment_PrimingBolt,Priming Bolt,Attachments,Attachments,KEEP-USE,attachment,Attachment,attachment [Attachment],0,0,,,,,Uncommon,680,1
Attachment_ReconScope,Recon Scope,Attachments,Attachments,KEEP-USE,attachment,Attachment,attachment [Attachment],0,0,,,,,Rare,280,1
Attachment_ReflexSight,Reflex Sight,Attachments,Attachments,KEEP-USE,attachment,Attachment,attachment [Attachment],0,0,,,,,Uncommon,320,1
Attachment_Suppressor9mm,SR-P3 Silencer,Attachments,Attachments,KEEP-USE,attachment,Attachment,attachment [Attachment],0,0,,,,,Rare,580,1
Attachment_ShroudedBarrelExtension,Shrouded Barrel Extension,Attachments,Attachments,KEEP-USE,attachment,Attachment,attachment [Attachment],0,0,,,,,Rare,480,1
Attachment_SniperScope,Sniper Scope,Attachments,Attachments,KEEP-USE,attachment,Attachment,attachment [Attachment],0,0,,,,,Rare,700,1
Attachment_WarmageCompensator,Warmage Compensator,Attachments,Attachments,KEEP-USE,attachment,Attachment,attachment [Attachment],0,0,,,,,Rare,480,1
Item_AirDuster,Air Duster,ConsumablesItems,ConsumablesItems,KEEP-USE,repair-tool,ItemRepair,repair-tool [ItemRepair],0,0,,,,,Common,180,1
Item_BeGone,BeGone,ConsumablesItems,ConsumablesItems,KEEP-USE,repair-tool,ItemRepair,repair-tool [ItemRepair],0,0,,,,,Common,250,1
Consumable_ChamberChisel50BMG,Chamber Chisel (.50 BMG),ConsumablesItems,ConsumablesItems,KEEP-USE,utility-consumable,ItemConsumable,utility-consumable [ItemConsumable],0,0,,,,,Rare,3400,1
Consumable_ChamberChisel12ga,Chamber Chisel (12ga),ConsumablesItems,ConsumablesItems,KEEP-USE,utility-consumable,ItemConsumable,utility-consumable [ItemConsumable],0,0,,,,,Rare,15000,1
Consumable_ChamberChisel556,Chamber Chisel (5.56mm),ConsumablesItems,ConsumablesItems,KEEP-USE,utility-consumable,ItemConsumable,utility-consumable [ItemConsumable],0,0,,,,,Rare,2200,1
Consumable_ChamberChisel762,Chamber Chisel (7.62mm),ConsumablesItems,ConsumablesItems,KEEP-USE,utility-consumable,ItemConsumable,utility-consumable [ItemConsumable],0,0,,,,,Rare,3000,1
Consumable_ChamberChisel9mm,Chamber Chisel (9mm),ConsumablesItems,ConsumablesItems,KEEP-USE,utility-consumable,ItemConsumable,utility-consumable [ItemConsumable],0,0,,,,,Rare,700,1
Item_CottonSwab,Cotton Swabs,ConsumablesItems,ConsumablesItems,KEEP-USE,repair-tool,ItemRepair,repair-tool [ItemRepair],0,0,,,,,Common,25,1
Item_DishSoap,Dish Soap,ConsumablesItems,ConsumablesItems,KEEP-USE,repair-tool,ItemRepair,repair-tool [ItemRepair],0,0,,,,,Common,100,1
Item_MicrofiberDishCloth,Microfiber Dish Cloth,ConsumablesItems,ConsumablesItems,KEEP-USE,repair-tool,ItemRepair,repair-tool [ItemRepair],0,0,,,,,Common,50,1
Item_WeaponRepairKit,Repair Kit,ConsumablesItems,ConsumablesItems,KEEP-USE,repair-tool,ItemRepair,repair-tool [ItemRepair],0,0,,,,,Uncommon,3000,1
Item_Svinto,Soapy Wool,ConsumablesItems,ConsumablesItems,KEEP-USE,repair-tool,ItemRepair,repair-tool [ItemRepair],0,0,,,,,Common,90,1
Item_Toiletpaper,Toilet Paper,ConsumablesItems,ConsumablesItems,KEEP-USE,repair-tool,ItemRepair,repair-tool [ItemRepair],0,0,,,,,Common,100,1
Item_WetWipes,Wet Wipes,ConsumablesItems,ConsumablesItems,KEEP-USE,repair-tool,ItemRepair,repair-tool [ItemRepair],0,0,,,,,Common,100,1
AmuletCharge,Blood of the Earth mother,Currencies,Currencies,KEEP-USE,currency,Consumable,currency [Consumable],0,0,,,,,Common,1000,1
Currency_SulfBill,Cash Money Bill,Currencies,Currencies,KEEP-USE,currency,Consumable,currency [Consumable],0,0,,,,,Common,100,1
Currency_SulfCoin,Cash Money Coin,Currencies,Currencies,KEEP-USE,currency,Consumable,currency [Consumable],0,0,,,,,Common,100,1
Currency_SulfGrand,Cash Money Grand,Currencies,Currencies,KEEP-USE,currency,Consumable,currency [Consumable],0,0,,,,,Common,1000,1
Currency_SulfTwenny,Cash Money Twenny,Currencies,Currencies,KEEP-USE,currency,Consumable,currency [Consumable],0,0,,,,,Common,100,1
Stamp,Stamp,Currencies,Currencies,KEEP-USE,currency,Consumable,currency [Consumable],0,0,,,,,Common,100,1
Enchantment_ActionOil,Action Oil,Enchantments,Enchantments/Oils/New/Reload,KEEP-USE,enchant/oil,Enchantment,enchant/oil [Enchantment],0,0,,,,,Rare,700,1
Enchantment_AddDamageOil,Add Damage Oil,Enchantments,Enchantments/Oils/New/DamageFlat,KEEP-USE,enchant/oil,Enchantment,enchant/oil [Enchantment],0,0,,,,,Rare,500,1
Enchantment_AimlessOil,Aimless Oil,Enchantments,Enchantments/Oils/New/CritChance,KEEP-USE,enchant/oil,Enchantment,enchant/oil [Enchantment],0,0,,,,,Rare,800,1
Enchantment_AirSoftOil,Airsoft Oil,Enchantments,Enchantments/Oils/New/Reload,KEEP-USE,enchant/oil,Enchantment,enchant/oil [Enchantment],0,0,,,,,Rare,650,1
Enchantment_AltruisticOil,Altruistic Oil,Enchantments,Enchantments/Oils/New/Spread,KEEP-USE,enchant/oil,Enchantment,enchant/oil [Enchantment],0,0,,,,,Rare,800,1
Enchantment_ArkanoidOil,Arkanoid Oil,Enchantments,Enchantments/Oils/New/Bounce,KEEP-USE,enchant/oil,Enchantment,enchant/oil [Enchantment],0,0,,,,,Rare,1200,1
Enchantment_ArrowOil,Arrow Oil,Enchantments,Enchantments/Oils/New/BulletSpeed,KEEP-USE,enchant/oil,Enchantment,enchant/oil [Enchantment],0,0,,,,,Rare,200,1
Enchantment_ArteryOil,Artery Oil,Enchantments,Enchantments/Oils/New/CritChance,KEEP-USE,enchant/oil,Enchantment,enchant/oil [Enchantment],0,0,,,,,Rare,300,1
Enchantment_ArtilleryOil,Artillery Oil,Enchantments,Enchantments/Oils/New/Spread,KEEP-USE,enchant/oil,Enchantment,enchant/oil [Enchantment],0,0,,,,,Rare,650,1
Enchantment_AsceticOil,Ascetic Oil,Enchantments,Enchantments/Oils/New/DamageFlat,KEEP-USE,enchant/oil,Enchantment,enchant/oil [Enchantment],0,0,,,,,Rare,350,1
Enchantment_AssassinDartOil,Assassin Dart Oil,Enchantments,Enchantments/Oils/New/BulletSpeed,KEEP-USE,enchant/oil,Enchantment,enchant/oil [Enchantment],0,0,,,,,Rare,250,1
Enchantment_AttackSpeedOil,Attack Speed Oil,Enchantments,Enchantments/Oils/New/RPM,KEEP-USE,enchant/oil,Enchantment,enchant/oil [Enchantment],0,0,,,,,Rare,800,1
Enchantment_AxeOil,Axe Oil,Enchantments,Enchantments/Oils/New/CritChance,KEEP-USE,enchant/oil,Enchantment,enchant/oil [Enchantment],0,0,,,,,Rare,300,1
Enchantment_BBOil,BB Oil,Enchantments,Enchantments/Oils/New/RPM,KEEP-USE,enchant/oil,Enchantment,enchant/oil [Enchantment],0,0,,,,,Rare,650,1
Enchantment_BadPlanetOil,Bad Planet Oil,Enchantments,Enchantments/Oils/New/Penetration,KEEP-USE,enchant/oil,Enchantment,enchant/oil [Enchantment],0,0,,,,,Rare,500,1
Enchantment_BanditOil,Bandit Oil,Enchantments,Enchantments/Oils/New/Bounce,KEEP-USE,enchant/oil,Enchantment,enchant/oil [Enchantment],0,0,,,,,Rare,600,1
Enchantment_Big,Big Oil,Enchantments,Enchantments/Oils,KEEP-USE,enchant/oil,Enchantment,enchant/oil [Enchantment],0,0,,,,,Rare,400,1
Enchantment_BigOil,Big Oil,Enchantments,Enchantments/Oils/New/DamageFlat,KEEP-USE,enchant/oil,Enchantment,enchant/oil [Enchantment],0,0,,,,,Rare,500,1
Enchantment_BigTaxOil,Big Tax Oil,Enchantments,Enchantments/Oils/New/Size,KEEP-USE,enchant/oil,Enchantment,enchant/oil [Enchantment],0,0,,,,,Rare,220,1
Enchantment_BirthOil,Birth Oil,Enchantments,Enchantments/Oils/New/Size,KEEP-USE,enchant/oil,Enchantment,enchant/oil [Enchantment],0,0,,,,,Rare,100,1
Enchantment_BlackFridayOil,Black Friday Oil,Enchantments,Enchantments/Oils/New/Multishot,KEEP-USE,enchant/oil,Enchantment,enchant/oil [Enchantment],0,0,,,,,Rare,300,1
Enchantment_BlindfoldOil,Blindfold Oil,Enchantments,Enchantments/Oils/New/CritChance,KEEP-USE,enchant/oil,Enchantment,enchant/oil [Enchantment],0,0,,,,,Rare,700,1
Enchantment_BlurtOil,Blurt Oil,Enchantments,Enchantments/Oils/New/RPM,KEEP-USE,enchant/oil,Enchantment,enchant/oil [Enchantment],0,0,,,,,Rare,300,1
Enchantment_BombardOil,Bombard Oil,Enchantments,Enchantments/Oils/New/Multishot,KEEP-USE,enchant/oil,Enchantment,enchant/oil [Enchantment],0,0,,,,,Rare,600,1
Enchantment_BoomstickOil,Boomstick Oil,Enchantments,Enchantments/Oils/New/Multishot,KEEP-USE,enchant/oil,Enchantment,enchant/oil [Enchantment],0,0,,,,,Rare,700,1
Enchantment_BoulderOil,Boulder Oil,Enchantments,Enchantments/Oils/New/Weight,KEEP-USE,enchant/oil,Enchantment,enchant/oil [Enchantment],0,0,,,,,Rare,800,1
Enchantment_Bounce,Bounce Oil,Enchantments,Enchantments/Oils,KEEP-USE,enchant/oil,Enchantment,enchant/oil [Enchantment],0,0,,,,,Rare,400,1
Enchantment_BowlOil,Bowl Oil,Enchantments,Enchantments/Oils/New/Spread,KEEP-USE,enchant/oil,Enchantment,enchant/oil [Enchantment],0,0,,,,,Rare,800,1
Enchantment_BracedOil,Braced Oil,Enchantments,Enchantments/Oils/New/Recoil,KEEP-USE,enchant/oil,Enchantment,enchant/oil [Enchantment],0,0,,,,,Rare,800,1
Enchantment_BruteOil,Brute Oil,Enchantments,Enchantments/Oils/New/DamageFlat,KEEP-USE,enchant/oil,Enchantment,enchant/oil [Enchantment],0,0,,,,,Rare,700,1
Enchantment_BulkOil,Bulk Oil,Enchantments,Enchantments/Oils/New/Recycle,KEEP-USE,enchant/oil,Enchantment,enchant/oil [Enchantment],0,0,,,,,Rare,650,1
Enchantment_BystanderOil,Bystander Oil,Enchantments,Enchantments/Oils/New/Penetration,KEEP-USE,enchant/oil,Enchantment,enchant/oil [Enchantment],0,0,,,,,Rare,500,1
Enchantment_CarefreeOil,Carefree Oil,Enchantments,Enchantments/Oils/New/Recycle,KEEP-USE,enchant/oil,Enchantment,enchant/oil [Enchantment],0,0,,,,,Rare,800,1
Enchantment_CarefulOil,Careful Oil,Enchantments,Enchantments/Oils/New/Spread,KEEP-USE,enchant/oil,Enchantment,enchant/oil [Enchantment],0,0,,,,,Rare,800,1
Enchantment_CarelessSplitterOil,Careless Splitter Oil,Enchantments,Enchantments/Oils/New/Multishot,KEEP-USE,enchant/oil,Enchantment,enchant/oil [Enchantment],0,0,,,,,Rare,650,1
Enchantment_CartoonOil,Cartoon Oil,Enchantments,Enchantments/Oils/New/Bounce,KEEP-USE,enchant/oil,Enchantment,enchant/oil [Enchantment],0,0,,,,,Rare,1000,1
Enchantment_CasualOil,Casual Oil,Enchantments,Enchantments/Oils/New/Recoil,KEEP-USE,enchant/oil,Enchantment,enchant/oil [Enchantment],0,0,,,,,Rare,1000,1
Enchantment_CheapOil,Cheap Oil,Enchantments,Enchantments/Oils/New/Recycle,KEEP-USE,enchant/oil,Enchantment,enchant/oil [Enchantment],0,0,,,,,Rare,700,1
Enchantment_ChonkOil,Chonk Oil,Enchantments,Enchantments/Oils/New/Size,KEEP-USE,enchant/oil,Enchantment,enchant/oil [Enchantment],0,0,,,,,Rare,200,1
Enchantment_ChubOil,Chub Oil,Enchantments,Enchantments/Oils/New/Size,KEEP-USE,enchant/oil,Enchantment,enchant/oil [Enchantment],0,0,,,,,Rare,100,1
Enchantment_ClashOil,Clash Oil,Enchantments,Enchantments/Oils/New/Knockback,KEEP-USE,enchant/oil,Enchantment,enchant/oil [Enchantment],0,0,,,,,Rare,300,1
Enchantment_ClumpOil,Clump Oil,Enchantments,Enchantments/Oils/New/Size,KEEP-USE,enchant/oil,Enchantment,enchant/oil [Enchantment],0,0,,,,,Rare,175,1
Enchantment_CollateralOil,Collateral Oil,Enchantments,Enchantments/Oils/New/Penetration,KEEP-USE,enchant/oil,Enchantment,enchant/oil [Enchantment],0,0,,,,,Rare,350,1
Enchantment_ComplicatedOil,Complicated Oil,Enchantments,Enchantments/Oils/New/DamagePercentage,KEEP-USE,enchant/oil,Enchantment,enchant/oil [Enchantment],0,0,,,,,Rare,800,1
Enchantment_CompoOil,Compo Oil,Enchantments,Enchantments/Oils/New/Reload,KEEP-USE,enchant/oil,Enchantment,enchant/oil [Enchantment],0,0,,,,,Rare,1100,1
Enchantment_ConfidenceOil,Confidence Oil,Enchantments,Enchantments/Oils/New/CritChance,KEEP-USE,enchant/oil,Enchantment,enchant/oil [Enchantment],0,0,,,,,Rare,750,1
Enchantment_CongestionOil,Congestion Oil,Enchantments,Enchantments/Oils/New/Size,KEEP-USE,enchant/oil,Enchantment,enchant/oil [Enchantment],0,0,,,,,Rare,300,1
Enchantment_ConsiderateOil,Considerate Oil,Enchantments,Enchantments/Oils/New/Penetration,KEEP-USE,enchant/oil,Enchantment,enchant/oil [Enchantment],0,0,,,,,Rare,300,1
Enchantment_ContainedForceOil,Contained Force Oil,Enchantments,Enchantments/Oils/New/Recoil,KEEP-USE,enchant/oil,Enchantment,enchant/oil [Enchantment],0,0,,,,,Rare,500,1
Enchantment_Slayer,Crit Oil,Enchantments,Enchantments/Oils,KEEP-USE,enchant/oil,Enchantment,enchant/oil [Enchantment],0,0,,,,,Rare,800,1
Enchantment_CriticalOil,Critical Oil,Enchantments,Enchantments/Oils/New/CritChance,KEEP-USE,enchant/oil,Enchantment,enchant/oil [Enchantment],0,0,,,,,Rare,800,1
Enchantment_CycleOil,Cycle Oil,Enchantments,Enchantments/Oils/New/Reload,KEEP-USE,enchant/oil,Enchantment,enchant/oil [Enchantment],0,0,,,,,Rare,800,1
Enchantment_DamageOil,Damage Oil,Enchantments,Enchantments/Oils/New/DamagePercentage,KEEP-USE,enchant/oil,Enchantment,enchant/oil [Enchantment],0,0,,,,,Rare,1300,1
Enchantment_DartOil,Dart Oil,Enchantments,Enchantments/Oils/New/BulletSpeed,KEEP-USE,enchant/oil,Enchantment,enchant/oil [Enchantment],0,0,,,,,Rare,230,1
Enchantment_DeadCenterOil,Dead Center Oil,Enchantments,Enchantments/Oils/New/Spread,KEEP-USE,enchant/oil,Enchantment,enchant/oil [Enchantment],0,0,,,,,Rare,800,1
Enchantment_DelayedHyperTubeOil,Delayed Hyper Tube Oil,Enchantments,Enchantments/Oils/New/BulletSpeed,KEEP-USE,enchant/oil,Enchantment,enchant/oil [Enchantment],0,0,,,,,Rare,400,1
Enchantment_DenseOil,Dense Oil,Enchantments,Enchantments/Oils/New/Durability,KEEP-USE,enchant/oil,Enchantment,enchant/oil [Enchantment],0,0,,,,,Rare,700,1
Enchantment_DetuneOil,Detune Oil,Enchantments,Enchantments/Oils/New/Durability,KEEP-USE,enchant/oil,Enchantment,enchant/oil [Enchantment],0,0,,,,,Rare,800,1
Enchantment_DieselOil,Diesel Oil,Enchantments,Enchantments/Oils/New/BulletSpeed,KEEP-USE,enchant/oil,Enchantment,enchant/oil [Enchantment],0,0,,,,,Rare,225,1
Enchantment_DischargeOil,Discharge Oil,Enchantments,Enchantments/Oils/New/DamageFlat,KEEP-USE,enchant/oil,Enchantment,enchant/oil [Enchantment],0,0,,,,,Rare,800,1
Enchantment_DisposableOil,Disposable Oil,Enchantments,Enchantments/Oils/New/DamageFlat,KEEP-USE,enchant/oil,Enchantment,enchant/oil [Enchantment],0,0,,,,,Rare,650,1
Enchantment_DivisionOil,Division Oil,Enchantments,Enchantments/Oils/New/Multishot,KEEP-USE,enchant/oil,Enchantment,enchant/oil [Enchantment],0,0,,,,,Rare,700,1
Enchantment_DoOverOil,Do-over Oil,Enchantments,Enchantments/Oils/New/Recycle,KEEP-USE,enchant/oil,Enchantment,enchant/oil [Enchantment],0,0,,,,,Rare,800,1
Enchantment_DoubleFireOil,Double Fire Oil,Enchantments,Enchantments/Oils/New/RPM,KEEP-USE,enchant/oil,Enchantment,enchant/oil [Enchantment],0,0,,,,,Rare,800,1
Enchantment_DoubleLockOil,Double Lock Oil,Enchantments,Enchantments/Oils/New/Reload,KEEP-USE,enchant/oil,Enchantment,enchant/oil [Enchantment],0,0,,,,,Rare,800,1
Enchantment_DoubleNothingOil,Double Nothing Oil,Enchantments,Enchantments/Oils/New/Multishot,KEEP-USE,enchant/oil,Enchantment,enchant/oil [Enchantment],0,0,,,,,Rare,700,1
Enchantment_DumDumOil,Dum Dum Oil,Enchantments,Enchantments/Oils/New/DamagePercentage,KEEP-USE,enchant/oil,Enchantment,enchant/oil [Enchantment],0,0,,,,,Rare,1000,1
Enchantment_DynamicOil,Dynamic Oil,Enchantments,Enchantments/Oils/New/Reload,KEEP-USE,enchant/oil,Enchantment,enchant/oil [Enchantment],0,0,,,,,Rare,450,1
Enchantment_EasyOil,Easy Oil,Enchantments,Enchantments/Oils/New/Recoil,KEEP-USE,enchant/oil,Enchantment,enchant/oil [Enchantment],0,0,,,,,Rare,900,1
Enchantment_EasyPlopOil,Easy Plop Oil,Enchantments,Enchantments/Oils/New/Recoil,KEEP-USE,enchant/oil,Enchantment,enchant/oil [Enchantment],0,0,,,,,Rare,300,1
Enchantment_ElephantOil,Elephant Oil,Enchantments,Enchantments/Oils/New/Multishot,KEEP-USE,enchant/oil,Enchantment,enchant/oil [Enchantment],0,0,,,,,Rare,650,1
Enchantment_BoltOil,Enchantment_BoltOil,Enchantments,Enchantments/Oils/New/BulletSpeed,KEEP-USE,enchant/oil,Enchantment,enchant/oil [Enchantment],0,0,,,,,Rare,370,1
Enchantment_SoftBulletOil,Enchantment_SoftBulletOil,Enchantments,Enchantments/Oils/New/Durability,KEEP-USE,enchant/oil,Enchantment,enchant/oil [Enchantment],0,0,,,,,Rare,700,1
Enchantment_EternalOil,Eternal Oil,Enchantments,Enchantments/Oils/New,KEEP-USE,enchant/oil,Enchantment,enchant/oil [Enchantment],0,0,,,,,Rare,4000,1
Enchantment_ExcessiveForceOil,Excessive Force Oil,Enchantments,Enchantments/Oils/New/Knockback,KEEP-USE,enchant/oil,Enchantment,enchant/oil [Enchantment],0,0,,,,,Rare,400,1
Enchantment_ExcessivePowderOil,Excessive Powder Oil,Enchantments,Enchantments/Oils/New/Knockback,KEEP-USE,enchant/oil,Enchantment,enchant/oil [Enchantment],0,0,,,,,Rare,150,1
Enchantment_ExoticBarrelOil,Exotic Barrel Oil,Enchantments,Enchantments/Oils/New/Spread,KEEP-USE,enchant/oil,Enchantment,enchant/oil [Enchantment],0,0,,,,,Rare,500,1
Enchantment_ExpanderOil,Expander Oil,Enchantments,Enchantments/Oils/New/DamageFlat,KEEP-USE,enchant/oil,Enchantment,enchant/oil [Enchantment],0,0,,,,,Rare,500,1
Enchantment_ExtraPowderOil,Extra Powder Oil,Enchantments,Enchantments/Oils/New/BulletSpeed,KEEP-USE,enchant/oil,Enchantment,enchant/oil [Enchantment],0,0,,,,,Rare,400,1
Enchantment_FarsightedOil,Farsighted Oil,Enchantments,Enchantments/Oils/New/Penetration,KEEP-USE,enchant/oil,Enchantment,enchant/oil [Enchantment],0,0,,,,,Rare,200,1
Enchantment_FastBetOil,Fast Bet Oil,Enchantments,Enchantments/Oils/New/BulletSpeed,KEEP-USE,enchant/oil,Enchantment,enchant/oil [Enchantment],0,0,,,,,Rare,450,1
Enchantment_FastForwardOil,Fast Forward Oil,Enchantments,Enchantments/GunsAndMagic_ItemDefinitions,KEEP-USE,enchant/oil,Enchantment,enchant/oil [Enchantment],0,0,,,,,Rare,1000,1
Enchantment_FeatureGun,FeatureGun,Enchantments,Enchantments/Oils/New/Durability,KEEP-USE,enchant/oil,Enchantment,enchant/oil [Enchantment],0,0,,,,,Rare,1200,1
Enchantment_FidgetLordOil,Fidget Lord Oil,Enchantments,Enchantments/Oils/New/Reload,KEEP-USE,enchant/oil,Enchantment,enchant/oil [Enchantment],0,0,,,,,Rare,1000,1
Enchantment_FidgetOil,Fidget Oil,Enchantments,Enchantments/Oils/New/DamageFlat,KEEP-USE,enchant/oil,Enchantment,enchant/oil [Enchantment],0,0,,,,,Rare,450,1
Enchantment_FirstBloodOil,First Blood Oil,Enchantments,Enchantments/Oils/New/DamagePercentage,KEEP-USE,enchant/oil,Enchantment,enchant/oil [Enchantment],0,0,,,,,Rare,1200,1
Enchantment_FlatEnergyOil,Flat Energy Oil,Enchantments,Enchantments/Oils/New/Knockback,KEEP-USE,enchant/oil,Enchantment,enchant/oil [Enchantment],0,0,,,,,Rare,400,1
Enchantment_FleaOil,Flea Oil,Enchantments,Enchantments/Oils/New/Bounce,KEEP-USE,enchant/oil,Enchantment,enchant/oil [Enchantment],0,0,,,,,Rare,800,1
Enchantment_FlopOil,Flop Oil,Enchantments,Enchantments/Oils/New/Size,KEEP-USE,enchant/oil,Enchantment,enchant/oil [Enchantment],0,0,,,,,Rare,400,1
Enchantment_FlowFunnelOil,Flow Funnel Oil,Enchantments,Enchantments/Oils/New/Recoil,KEEP-USE,enchant/oil,Enchantment,enchant/oil [Enchantment],0,0,,,,,Rare,650,1
Enchantment_FoodStampOil,Food Stamp Oil,Enchantments,Enchantments/Oils/New/Recycle,KEEP-USE,enchant/oil,Enchantment,enchant/oil [Enchantment],0,0,,,,,Rare,300,1
Enchantment_ForceOil,Force Oil,Enchantments,Enchantments/GunsAndMagic_ItemDefinitions,KEEP-USE,enchant/oil,Enchantment,enchant/oil [Enchantment],0,0,,,,,Rare,1000,1
Enchantment_FragileSystemOil,Fragile System Oil,Enchantments,Enchantments/Oils/New/RPM,KEEP-USE,enchant/oil,Enchantment,enchant/oil [Enchantment],0,0,,,,,Rare,500,1
Enchantment_FranciscanOil,Franciscan Oil,Enchantments,Enchantments/Oils/New/DamagePercentage,KEEP-USE,enchant/oil,Enchantment,enchant/oil [Enchantment],0,0,,,,,Rare,450,1
Enchantment_FrugalOil,Frugal Oil,Enchantments,Enchantments/Oils/New/DamageFlat,KEEP-USE,enchant/oil,Enchantment,enchant/oil [Enchantment],0,0,,,,,Rare,700,1
Enchantment_GamblerOil,Gambler Oil,Enchantments,Enchantments/Oils/New/CritChance,KEEP-USE,enchant/oil,Enchantment,enchant/oil [Enchantment],0,0,,,,,Rare,650,1
Enchantment_GargantuanOil,Gargantuan Oil,Enchantments,Enchantments/Oils/New/Size,KEEP-USE,enchant/oil,Enchantment,enchant/oil [Enchantment],0,0,,,,,Rare,400,1
Enchantment_GeminiOil,Gemini Oil,Enchantments,Enchantments/Oils/New/Multishot,KEEP-USE,enchant/oil,Enchantment,enchant/oil [Enchantment],0,0,,,,,Rare,800,1
Enchantment_GentleOil,Gentle Oil,Enchantments,Enchantments/Oils/New/Durability,KEEP-USE,enchant/oil,Enchantment,enchant/oil [Enchantment],0,0,,,,,Rare,300,1
Enchantment_GlassCannonOil,Glass Cannon Oil,Enchantments,Enchantments/Oils/New/DamagePercentage,KEEP-USE,enchant/oil,Enchantment,enchant/oil [Enchantment],0,0,,,,,Rare,800,1
Enchantment_Brutality,Grapeseed Oil,Enchantments,Enchantments/Oils,KEEP-USE,enchant/oil,Enchantment,enchant/oil [Enchantment],0,0,,,,,Rare,600,1
Enchantment_GreatOil,Great Oil,Enchantments,Enchantments/Oils/New/DamagePercentage,KEEP-USE,enchant/oil,Enchantment,enchant/oil [Enchantment],0,0,,,,,Rare,450,1
Enchantment_GroundedOil,Grounded Oil,Enchantments,Enchantments/Oils/New/DamagePercentage,KEEP-USE,enchant/oil,Enchantment,enchant/oil [Enchantment],0,0,,,,,Rare,500,1
Enchantment_GunslingerOil,Gunslinger Oil,Enchantments,Enchantments/Oils/New/Reload,KEEP-USE,enchant/oil,Enchantment,enchant/oil [Enchantment],0,0,,,,,Rare,900,1
Enchantment_HappyAccidentOil,Happy Accident Oil,Enchantments,Enchantments/Oils/New/CritChance,KEEP-USE,enchant/oil,Enchantment,enchant/oil [Enchantment],0,0,,,,,Rare,800,1
Enchantment_HeavyLeadOil,Heavy Lead Oil,Enchantments,Enchantments/Oils/New/Penetration,KEEP-USE,enchant/oil,Enchantment,enchant/oil [Enchantment],0,0,,,,,Rare,100,1
Enchantment_HeavyOil,Heavy Oil,Enchantments,Enchantments/Oils/New/DamagePercentage,KEEP-USE,enchant/oil,Enchantment,enchant/oil [Enchantment],0,0,,,,,Rare,650,1
Enchantment_HeavyPocketsOil,Heavy Pockets  Oil,Enchantments,Enchantments/Oils/New/Recycle,KEEP-USE,enchant/oil,Enchantment,enchant/oil [Enchantment],0,0,,,,,Rare,800,1
Enchantment_HeftyOil,Hefty Oil,Enchantments,Enchantments/Oils/New/Durability,KEEP-USE,enchant/oil,Enchantment,enchant/oil [Enchantment],0,0,,,,,Rare,1000,1
Enchantment_HeliumOil,Helium Oil,Enchantments,Enchantments/Oils/New/Recycle,KEEP-USE,enchant/oil,Enchantment,enchant/oil [Enchantment],0,0,,,,,Rare,650,1
Enchantment_HighGradeOil,High Grade Oil,Enchantments,Enchantments/Oils/New/Durability,KEEP-USE,enchant/oil,Enchantment,enchant/oil [Enchantment],0,0,,,,,Rare,1200,1
Enchantment_HipBlasterOil,Hip Blaster Oil,Enchantments,Enchantments/Oils/New/DamagePercentage,KEEP-USE,enchant/oil,Enchantment,enchant/oil [Enchantment],0,0,,,,,Rare,700,1
Enchantment_HipMarksmanOil,Hip Marksman Oil,Enchantments,Enchantments/Oils/New/Spread,KEEP-USE,enchant/oil,Enchantment,enchant/oil [Enchantment],0,0,,,,,Rare,800,1
Enchantment_HoopOil,Hoop Oil,Enchantments,Enchantments/Oils/New/Bounce,KEEP-USE,enchant/oil,Enchantment,enchant/oil [Enchantment],0,0,,,,,Rare,500,1
Enchantment_HunterOil,Hunter Oil,Enchantments,Enchantments/Oils/New/CritChance,KEEP-USE,enchant/oil,Enchantment,enchant/oil [Enchantment],0,0,,,,,Rare,1100,1
Enchantment_HustlerOil,Hustler Oil,Enchantments,Enchantments/Oils/New/CritChance,KEEP-USE,enchant/oil,Enchantment,enchant/oil [Enchantment],0,0,,,,,Rare,500,1
Enchantment_HyperLeadOil,Hyper Lead Oil,Enchantments,Enchantments/Oils/New/Weight,KEEP-USE,enchant/oil,Enchantment,enchant/oil [Enchantment],0,0,,,,,Rare,800,1
Enchantment_ImperfectOil,Imperfect Oil,Enchantments,Enchantments/Oils/New/Bounce,KEEP-USE,enchant/oil,Enchantment,enchant/oil [Enchantment],0,0,,,,,Rare,500,1
Enchantment_InconsiderateOil,Inconsiderate Oil,Enchantments,Enchantments/Oils/New/Penetration,KEEP-USE,enchant/oil,Enchantment,enchant/oil [Enchantment],0,0,,,,,Rare,250,1
Enchantment_InheritedOil,Inherited Oil,Enchantments,Enchantments/Oils/New/Durability,KEEP-USE,enchant/oil,Enchantment,enchant/oil [Enchantment],0,0,,,,,Rare,1500,1
Enchantment_InstantOil,Instant Oil,Enchantments,Enchantments/Oils/New/BulletSpeed,KEEP-USE,enchant/oil,Enchantment,enchant/oil [Enchantment],0,0,,,,,Rare,500,1
Enchantment_JudgementOil,Judgement Oil,Enchantments,Enchantments/Oils/New/DamageFlat,KEEP-USE,enchant/oil,Enchantment,enchant/oil [Enchantment],0,0,,,,,Rare,800,1
Enchantment_JudoOil,Judo Oil,Enchantments,Enchantments/Oils/New/Knockback,KEEP-USE,enchant/oil,Enchantment,enchant/oil [Enchantment],0,0,,,,,Rare,800,1
Enchantment_JungianOil,Jungian Oil,Enchantments,Enchantments/Oils/New/Penetration,KEEP-USE,enchant/oil,Enchantment,enchant/oil [Enchantment],0,0,,,,,Rare,600,1
Enchantment_KeepOil,Keep Oil,Enchantments,Enchantments/Oils/New/Recycle,KEEP-USE,enchant/oil,Enchantment,enchant/oil [Enchantment],0,0,,,,,Rare,700,1
Enchantment_KickerOil,Kicker Oil,Enchantments,Enchantments/Oils/New/DamageFlat,KEEP-USE,enchant/oil,Enchantment,enchant/oil [Enchantment],0,0,,,,,Rare,650,1
Enchantment_KineticOil,Kinetic Oil,Enchantments,Enchantments/Oils/New/BulletSpeed,KEEP-USE,enchant/oil,Enchantment,enchant/oil [Enchantment],0,0,,,,,Rare,350,1
Enchantment_KnockbackOil,Knockback Oil,Enchantments,Enchantments/Oils/New/Knockback,KEEP-USE,enchant/oil,Enchantment,enchant/oil [Enchantment],0,0,,,,,Rare,300,1
Enchantment_KravMagaOil,Krav Maga Oil,Enchantments,Enchantments/Oils/New/Knockback,KEEP-USE,enchant/oil,Enchantment,enchant/oil [Enchantment],0,0,,,,,Rare,500,1
Enchantment_LastDropOil,Last Drop Oil,Enchantments,Enchantments/Oils/New/Recycle,KEEP-USE,enchant/oil,Enchantment,enchant/oil [Enchantment],0,0,,,,,Rare,250,1
Enchantment_LateBoomOil,Late Boom Oil,Enchantments,Enchantments/Oils/New/DamageFlat,KEEP-USE,enchant/oil,Enchantment,enchant/oil [Enchantment],0,0,,,,,Rare,150,1
Enchantment_LauncherOil,Launcher Oil,Enchantments,Enchantments/Oils/New/DamagePercentage,KEEP-USE,enchant/oil,Enchantment,enchant/oil [Enchantment],0,0,,,,,Rare,800,1
Enchantment_LazyOil,Lazy Oil,Enchantments,Enchantments/Oils/New/Bounce,KEEP-USE,enchant/oil,Enchantment,enchant/oil [Enchantment],0,0,,,,,Rare,800,1
Enchantment_LessRecoilOil,Less Recoil Oil,Enchantments,Enchantments/Oils/New/Recoil,KEEP-USE,enchant/oil,Enchantment,enchant/oil [Enchantment],0,0,,,,,Rare,1200,1
Enchantment_LightweightOil,Lightweight Oil,Enchantments,Enchantments/Oils/New/RPM,KEEP-USE,enchant/oil,Enchantment,enchant/oil [Enchantment],0,0,,,,,Rare,700,1
Enchantment_LongshotOil,Longshot Oil,Enchantments,Enchantments/Oils/New/Bounce,KEEP-USE,enchant/oil,Enchantment,enchant/oil [Enchantment],0,0,,,,,Rare,1200,1
Enchantment_LostInFocusOil,Lost In Focus Oil,Enchantments,Enchantments/Oils/New/Spread,KEEP-USE,enchant/oil,Enchantment,enchant/oil [Enchantment],0,0,,,,,Rare,650,1
Enchantment_LowRollerOil,Low Roller Oil,Enchantments,Enchantments/Oils/New/CritChance,KEEP-USE,enchant/oil,Enchantment,enchant/oil [Enchantment],0,0,,,,,Rare,700,1
Enchantment_MachineOil,Machine Oil,Enchantments,Enchantments/Oils/New/RPM,KEEP-USE,enchant/oil,Enchantment,enchant/oil [Enchantment],0,0,,,,,Rare,1000,1
Enchantment_MainDisciplineOil,Main Discipline Oil,Enchantments,Enchantments/Oils/New/Reload,KEEP-USE,enchant/oil,Enchantment,enchant/oil [Enchantment],0,0,,,,,Rare,650,1
Enchantment_MainFocusOil,Main Focus Oil,Enchantments,Enchantments/Oils/New/Reload,KEEP-USE,enchant/oil,Enchantment,enchant/oil [Enchantment],0,0,,,,,Rare,700,1
Enchantment_ManifestationOil,Manifestation Oil,Enchantments,Enchantments/Oils/New/CritChance,KEEP-USE,enchant/oil,Enchantment,enchant/oil [Enchantment],0,0,,,,,Rare,1100,1
Enchantment_MantisShrimpOil,Mantis Shrimp Oil,Enchantments,Enchantments/Oils/New/Knockback,KEEP-USE,enchant/oil,Enchantment,enchant/oil [Enchantment],0,0,,,,,Rare,600,1
Enchantment_MatrixOil,Matrix Oil,Enchantments,Enchantments/Oils/New/Multishot,KEEP-USE,enchant/oil,Enchantment,enchant/oil [Enchantment],0,0,,,,,Rare,300,1
Enchantment_MedicinBallOil,Medicin Ball Oil,Enchantments,Enchantments/Oils/New/Knockback,KEEP-USE,enchant/oil,Enchantment,enchant/oil [Enchantment],0,0,,,,,Rare,800,1
Enchantment_MicroWingOil,Micro Wing Oil,Enchantments,Enchantments/Oils/New/BulletSpeed,KEEP-USE,enchant/oil,Enchantment,enchant/oil [Enchantment],0,0,,,,,Rare,300,1
Enchantment_ModernTechnologyOil,Modern Technology Oil,Enchantments,Enchantments/Oils/New/Recoil,KEEP-USE,enchant/oil,Enchantment,enchant/oil [Enchantment],0,0,,,,,Rare,600,1
Enchantment_MooseOil,Moose Oil,Enchantments,Enchantments/Oils/New/Knockback,KEEP-USE,enchant/oil,Enchantment,enchant/oil [Enchantment],0,0,,,,,Rare,400,1
Enchantment_MosquitoOil,Mosquito Oil,Enchantments,Enchantments/Oils/New/Recycle,KEEP-USE,enchant/oil,Enchantment,enchant/oil [Enchantment],0,0,,,,,Rare,650,1
Enchantment_MuleOil,Mule Oil,Enchantments,Enchantments/Oils/New/Knockback,KEEP-USE,enchant/oil,Enchantment,enchant/oil [Enchantment],0,0,,,,,Rare,800,1
Enchantment_MultichamberOil,Multichamber Oil,Enchantments,Enchantments/Oils/New/Multishot,KEEP-USE,enchant/oil,Enchantment,enchant/oil [Enchantment],0,0,,,,,Rare,1200,1
Enchantment_MultishotOil,Multishot Oil,Enchantments,Enchantments/Oils/New/Multishot,KEEP-USE,enchant/oil,Enchantment,enchant/oil [Enchantment],0,0,,,,,Rare,600,1
Enchantment_NeedleeyeOil,Needleeye Oil,Enchantments,Enchantments/Oils/New/Penetration,KEEP-USE,enchant/oil,Enchantment,enchant/oil [Enchantment],0,0,,,,,Rare,200,1
Enchantment_NerfOil,Nerf Oil,Enchantments,Enchantments/Oils/New/Reload,KEEP-USE,enchant/oil,Enchantment,enchant/oil [Enchantment],0,0,,,,,Rare,650,1
Enchantment_NoLookOil,No Look Oil,Enchantments,Enchantments/Oils/New/RPM,KEEP-USE,enchant/oil,Enchantment,enchant/oil [Enchantment],0,0,,,,,Rare,800,1
Enchantment_NoNeedOil,No Need Oil,Enchantments,Enchantments/Oils/New/CritChance,KEEP-USE,enchant/oil,Enchantment,enchant/oil [Enchantment],0,0,,,,,Rare,1000,1
Enchantment_Duality,Oil of Yin,Enchantments,Enchantments/Oils,KEEP-USE,enchant/oil,Enchantment,enchant/oil [Enchantment],0,0,,,,,Rare,800,1
Enchantment_OutOfTheBoxOil,Out of the Box Oil,Enchantments,Enchantments/Oils/New/CritChance,KEEP-USE,enchant/oil,Enchantment,enchant/oil [Enchantment],0,0,,,,,Rare,400,1
Enchantment_OverOil,Over Oil,Enchantments,Enchantments/Oils/New/Size,KEEP-USE,enchant/oil,Enchantment,enchant/oil [Enchantment],0,0,,,,,Rare,400,1
Enchantment_OverclockOil,Overclock Oil,Enchantments,Enchantments/Oils/New/DamagePercentage,KEEP-USE,enchant/oil,Enchantment,enchant/oil [Enchantment],0,0,,,,,Rare,1000,1
Enchantment_OverdoseOil,Overdose Oil,Enchantments,Enchantments/Oils/New/Penetration,KEEP-USE,enchant/oil,Enchantment,enchant/oil [Enchantment],0,0,,,,,Rare,100,1
Enchantment_ParallelMagOil,Parallel Mag Oil,Enchantments,Enchantments/Oils/New/Multishot,KEEP-USE,enchant/oil,Enchantment,enchant/oil [Enchantment],0,0,,,,,Rare,800,1
Enchantment_PeashooterOil,Peashooter Oil,Enchantments,Enchantments/Oils/New/Recoil,KEEP-USE,enchant/oil,Enchantment,enchant/oil [Enchantment],0,0,,,,,Rare,1000,1
Enchantment_PenetrationOil,Penetration Oil,Enchantments,Enchantments/Oils/New/Penetration,KEEP-USE,enchant/oil,Enchantment,enchant/oil [Enchantment],0,0,,,,,Rare,1000,1
Enchantment_PerfectBounceOil,Perfect Bounce Oil,Enchantments,Enchantments/Oils/New/Bounce,KEEP-USE,enchant/oil,Enchantment,enchant/oil [Enchantment],0,0,,,,,Rare,800,1
Enchantment_PerforateOil,Perforate Oil,Enchantments,Enchantments/Oils/New/RPM,KEEP-USE,enchant/oil,Enchantment,enchant/oil [Enchantment],0,0,,,,,Rare,800,1
Enchantment_PlinkerOil,Plinker Oil,Enchantments,Enchantments/Oils/New/Spread,KEEP-USE,enchant/oil,Enchantment,enchant/oil [Enchantment],0,0,,,,,Rare,800,1
Enchantment_PlopBackOil,Plop Back Oil,Enchantments,Enchantments/Oils/New/Recycle,KEEP-USE,enchant/oil,Enchantment,enchant/oil [Enchantment],0,0,,,,,Rare,800,1
Enchantment_PoolOil,Pool Oil,Enchantments,Enchantments/Oils/New/Bounce,KEEP-USE,enchant/oil,Enchantment,enchant/oil [Enchantment],0,0,,,,,Rare,1200,1
Enchantment_PotatoOil,Potato Oil,Enchantments,Enchantments/Oils/New/Size,KEEP-USE,enchant/oil,Enchantment,enchant/oil [Enchantment],0,0,,,,,Rare,400,1
Enchantment_PotShotOil,Potshot Oil,Enchantments,Enchantments/Oils/New/DamageFlat,KEEP-USE,enchant/oil,Enchantment,enchant/oil [Enchantment],0,0,,,,,Rare,800,1
Enchantment_PuncherOil,Puncher Oil,Enchantments,Enchantments/Oils/New/DamagePercentage,KEEP-USE,enchant/oil,Enchantment,enchant/oil [Enchantment],0,0,,,,,Rare,1200,1
Enchantment_PunctureOil,Puncture Oil,Enchantments,Enchantments/Oils/New/CritChance,KEEP-USE,enchant/oil,Enchantment,enchant/oil [Enchantment],0,0,,,,,Rare,800,1
Enchantment_PurseGunOil,Purse Gun Oil,Enchantments,Enchantments/Oils/New/Recoil,KEEP-USE,enchant/oil,Enchantment,enchant/oil [Enchantment],0,0,,,,,Rare,1200,1
Enchantment_RamOil,Ram Oil,Enchantments,Enchantments/Oils/New/Knockback,KEEP-USE,enchant/oil,Enchantment,enchant/oil [Enchantment],0,0,,,,,Rare,350,1
Enchantment_RapidInternalsOil,Rapid Internals Oil,Enchantments,Enchantments/Oils/New/RPM,KEEP-USE,enchant/oil,Enchantment,enchant/oil [Enchantment],0,0,,,,,Rare,400,1
Enchantment_Flutter,Rate of Fire Oil,Enchantments,Enchantments/Oils,KEEP-USE,enchant/oil,Enchantment,enchant/oil [Enchantment],0,0,,,,,Rare,700,1
Enchantment_ReadyOil,Ready Oil,Enchantments,Enchantments/Oils/New/Recoil,KEEP-USE,enchant/oil,Enchantment,enchant/oil [Enchantment],0,0,,,,,Rare,800,1
Enchantment_ReboundOil,Rebound Oil,Enchantments,Enchantments/Oils/New/Bounce,KEEP-USE,enchant/oil,Enchantment,enchant/oil [Enchantment],0,0,,,,,Rare,500,1
Enchantment_RecycleOil,Recycle Oil,Enchantments,Enchantments/Oils/New/Recycle,KEEP-USE,enchant/oil,Enchantment,enchant/oil [Enchantment],0,0,,,,,Rare,1000,1
Enchantment_RelaxOil,Relax Oil,Enchantments,Enchantments/Oils/New/Recoil,KEEP-USE,enchant/oil,Enchantment,enchant/oil [Enchantment],0,0,,,,,Rare,800,1
Enchantment_ReleaseOil,Release Oil,Enchantments,Enchantments/Oils/New/Durability,KEEP-USE,enchant/oil,Enchantment,enchant/oil [Enchantment],0,0,,,,,Rare,1100,1
Enchantment_ReloadOil,Reload Oil,Enchantments,Enchantments/Oils/New/Reload,KEEP-USE,enchant/oil,Enchantment,enchant/oil [Enchantment],0,0,,,,,Rare,1100,1
Enchantment_RicochetOil,RicochetOil,Enchantments,Enchantments/Oils/New/Bounce,KEEP-USE,enchant/oil,Enchantment,enchant/oil [Enchantment],0,0,,,,,Rare,650,1
Enchantment_RigidSystemOil,Rigid System Oil,Enchantments,Enchantments/Oils/New/Durability,KEEP-USE,enchant/oil,Enchantment,enchant/oil [Enchantment],0,0,,,,,Rare,800,1
Enchantment_RigorOil,Rigor Oil,Enchantments,Enchantments/Oils/New/Penetration,KEEP-USE,enchant/oil,Enchantment,enchant/oil [Enchantment],0,0,,,,,Rare,125,1
Enchantment_RiotOil,Riot Oil,Enchantments,Enchantments/Oils/New/Knockback,KEEP-USE,enchant/oil,Enchantment,enchant/oil [Enchantment],0,0,,,,,Rare,520,1
Enchantment_RobustMechanicsOil,Robust Mechanics Oil,Enchantments,Enchantments/Oils/New/Durability,KEEP-USE,enchant/oil,Enchantment,enchant/oil [Enchantment],0,0,,,,,Rare,800,1
Enchantment_RookieOil,Rookie Oil,Enchantments,Enchantments/Oils/New/RPM,KEEP-USE,enchant/oil,Enchantment,enchant/oil [Enchantment],0,0,,,,,Rare,300,1
Enchantment_RubberOil,Rubber Oil,Enchantments,Enchantments/Oils/New/Durability,KEEP-USE,enchant/oil,Enchantment,enchant/oil [Enchantment],0,0,,,,,Rare,500,1
Enchantment_RushJobOil,Rush Job Oil,Enchantments,Enchantments/Oils/New/Reload,KEEP-USE,enchant/oil,Enchantment,enchant/oil [Enchantment],0,0,,,,,Rare,800,1
Enchantment_SafetyOil,Safety Oil,Enchantments,Enchantments/Oils/New/Recoil,KEEP-USE,enchant/oil,Enchantment,enchant/oil [Enchantment],0,0,,,,,Rare,650,1
Enchantment_SaviourOil,Saviour Oil,Enchantments,Enchantments/Oils/New/Recycle,KEEP-USE,enchant/oil,Enchantment,enchant/oil [Enchantment],0,0,,,,,Rare,900,1
Enchantment_ScatterOil,Scatter Oil,Enchantments,Enchantments/Oils/New/Multishot,KEEP-USE,enchant/oil,Enchantment,enchant/oil [Enchantment],0,0,,,,,Rare,800,1
Enchantment_ScrambleOil,Scramble Oil,Enchantments,Enchantments/Oils/New/Bounce,KEEP-USE,enchant/oil,Enchantment,enchant/oil [Enchantment],0,0,,,,,Rare,600,1
Enchantment_FlameThrower,Scroll Of Flame Thrower,Enchantments,Enchantments/GunsAndMagic_ItemDefinitions,KEEP-USE,enchant/oil,Enchantment,enchant/oil [Enchantment],0,0,,,,,Legendary,5000,1
Enchantment_Aftershock,Scroll of Aftershock,Enchantments,Enchantments/Upgraded,KEEP-USE,enchant/oil,Enchantment,enchant/oil [Enchantment],0,0,,,,,Legendary,5000,1
Enchantment_Beamgun,Scroll of Beamgun,Enchantments,Enchantments/GunsAndMagic_ItemDefinitions,KEEP-USE,enchant/oil,Enchantment,enchant/oil [Enchantment],0,0,,,,,Epic,1000,1
Enchantment_Blizzard,Scroll of Blizzard,Enchantments,Enchantments/Upgraded,KEEP-USE,enchant/oil,Enchantment,enchant/oil [Enchantment],0,0,,,,,Legendary,3500,1
Enchantment_ChainLightning,Scroll of Chain Lightning,Enchantments,Enchantments/Upgraded,KEEP-USE,enchant/oil,Enchantment,enchant/oil [Enchantment],0,0,,,,,Legendary,4000,1
Enchantment_ChaosStrike,Scroll of Chaos Strike,Enchantments,Enchantments/GunsAndMagic_ItemDefinitions,KEEP-USE,enchant/oil,Enchantment,enchant/oil [Enchantment],0,0,,,,,Legendary,2000,1
Enchantment_Charm,Scroll of Charm,Enchantments,Enchantments/Upgraded,KEEP-USE,enchant/oil,Enchantment,enchant/oil [Enchantment],0,0,,,,,Legendary,2000,1
Enchantment_CorpseExplosion,Scroll of Corpse Explosion,Enchantments,Enchantments/Upgraded,KEEP-USE,enchant/oil,Enchantment,enchant/oil [Enchantment],0,0,,,,,Legendary,3000,1
Enchantment_Crusader,Scroll of Crusader,Enchantments,Enchantments/Upgraded,KEEP-USE,enchant/oil,Enchantment,enchant/oil [Enchantment],0,0,,,,,Legendary,1000,1
Enchantment_CryoRocketLauncher,Scroll of Cryo Rocket Launcher,Enchantments,Enchantments/Upgraded,KEEP-USE,enchant/oil,Enchantment,enchant/oil [Enchantment],0,0,,,,,Legendary,2000,1
Enchantment_CryoSnakes,Scroll of Cryo Snakes,Enchantments,Enchantments/Upgraded,KEEP-USE,enchant/oil,Enchantment,enchant/oil [Enchantment],0,0,,,,,Legendary,3500,1
Enchantment_Pyroclasm,Scroll of Explosions,Enchantments,Enchantments/Upgraded,KEEP-USE,enchant/oil,Enchantment,enchant/oil [Enchantment],0,0,,,,,Legendary,2000,1
Enchantment_Fear,Scroll of Fear,Enchantments,Enchantments/Upgraded,KEEP-USE,enchant/oil,Enchantment,enchant/oil [Enchantment],0,0,,,,,Legendary,2500,1
Enchantment_FoulFate,Scroll of Foul Fate,Enchantments,Enchantments/Upgraded,KEEP-USE,enchant/oil,Enchantment,enchant/oil [Enchantment],0,0,,,,,Legendary,3500,1
Enchantment_HolyFire,Scroll of Holy Fire,Enchantments,Enchantments/GunsAndMagic_ItemDefinitions,KEEP-USE,enchant/oil,Enchantment,enchant/oil [Enchantment],0,0,,,,,Legendary,7000,1
Enchantment_HolyPurge,Scroll of Holy Purge,Enchantments,Enchantments/GunsAndMagic_ItemDefinitions,KEEP-USE,enchant/oil,Enchantment,enchant/oil [Enchantment],0,0,,,,,Legendary,6000,1
Enchantment_HolyWater,Scroll of Holy Water,Enchantments,Enchantments/Upgraded,KEEP-USE,enchant/oil,Enchantment,enchant/oil [Enchantment],0,0,,,,,Legendary,3500,1
Enchantment_IceBeam,Scroll of Ice Beam,Enchantments,Enchantments/GunsAndMagic_ItemDefinitions,KEEP-USE,enchant/oil,Enchantment,enchant/oil [Enchantment],0,0,,,,,Epic,1000,1
Enchantment_Lava,Scroll of Lava,Enchantments,Enchantments/Upgraded,KEEP-USE,enchant/oil,Enchantment,enchant/oil [Enchantment],0,0,,,,,Legendary,4000,1
Enchantment_LeastResistance,Scroll of Least Resistance,Enchantments,Enchantments/Upgraded,KEEP-USE,enchant/oil,Enchantment,enchant/oil [Enchantment],0,0,,,,,Legendary,6000,1
Enchantment_SuperSoaker,Scroll of Mega Soaker,Enchantments,Enchantments/Upgraded,KEEP-USE,enchant/oil,Enchantment,enchant/oil [Enchantment],0,0,,,,,Legendary,3500,1
Enchantment_Metamorph,Scroll of Metamorph,Enchantments,Enchantments/Upgraded,KEEP-USE,enchant/oil,Enchantment,enchant/oil [Enchantment],0,0,,,,,Legendary,3500,1
Enchantment_Noxiosa,Scroll of Noxiosa,Enchantments,Enchantments/Upgraded,KEEP-USE,enchant/oil,Enchantment,enchant/oil [Enchantment],0,0,,,,,Legendary,3000,1
Enchantment_Pesticide,Scroll of Pesticide,Enchantments,Enchantments/GunsAndMagic_ItemDefinitions,KEEP-USE,enchant/oil,Enchantment,enchant/oil [Enchantment],0,0,,,,,Legendary,4500,1
Enchantment_Petrification,Scroll of Petrification,Enchantments,Enchantments/Upgraded,KEEP-USE,enchant/oil,Enchantment,enchant/oil [Enchantment],0,0,,,,,Legendary,4000,1
Enchantment_Petroleum,Scroll of Petroleum,Enchantments,Enchantments/Upgraded,KEEP-USE,enchant/oil,Enchantment,enchant/oil [Enchantment],0,0,,,,,Legendary,400,1
Enchantment_CorrosiveBlood,Scroll of Poison Blood,Enchantments,Enchantments/Upgraded,KEEP-USE,enchant/oil,Enchantment,enchant/oil [Enchantment],0,0,,,,,Legendary,3000,1
Enchantment_Pollen,Scroll of Pollen,Enchantments,Enchantments/Upgraded,KEEP-USE,enchant/oil,Enchantment,enchant/oil [Enchantment],0,0,,,,,Legendary,3500,1
Enchantment_Prism,Scroll of Prism,Enchantments,Enchantments/GunsAndMagic_ItemDefinitions,KEEP-USE,enchant/oil,Enchantment,enchant/oil [Enchantment],0,0,,,,,Legendary,3000,1
Enchantment_RocketLauncher,Scroll of Rocket Launcher,Enchantments,Enchantments/Upgraded,KEEP-USE,enchant/oil,Enchantment,enchant/oil [Enchantment],0,0,,,,,Legendary,2000,1
Enchantment_SacredGround,Scroll of Sacred Ground,Enchantments,Enchantments/Upgraded,KEEP-USE,enchant/oil,Enchantment,enchant/oil [Enchantment],0,0,,,,,Legendary,3500,1
Enchantment_Sacrifice,Scroll of Sacrifice,Enchantments,Enchantments/GunsAndMagic_ItemDefinitions,KEEP-USE,enchant/oil,Enchantment,enchant/oil [Enchantment],0,0,,,,,Legendary,3500,1
Enchantment_Slush,Scroll of Slush,Enchantments,Enchantments/GunsAndMagic_ItemDefinitions,KEEP-USE,enchant/oil,Enchantment,enchant/oil [Enchantment],0,0,,,,,Legendary,3000,1
Enchantment_SnowmanHead,Scroll of Snowman Head,Enchantments,Enchantments/Upgraded,KEEP-USE,enchant/oil,Enchantment,enchant/oil [Enchantment],0,0,,,,,Legendary,3500,1
Enchantment_Steam,Scroll of Steam,Enchantments,Enchantments/Upgraded,KEEP-USE,enchant/oil,Enchantment,enchant/oil [Enchantment],0,0,,,,,Legendary,5000,1
Enchantment_StormSurge,Scroll of Storm Surge,Enchantments,Enchantments/Upgraded,KEEP-USE,enchant/oil,Enchantment,enchant/oil [Enchantment],0,0,,,,,Legendary,4000,1
Enchantment_Thunderbolt,Scroll of Thunderbolt,Enchantments,Enchantments/Upgraded,KEEP-USE,enchant/oil,Enchantment,enchant/oil [Enchantment],0,0,,,,,Legendary,6000,1
Enchantment_Titanic,Scroll of Titanic,Enchantments,Enchantments/Upgraded,KEEP-USE,enchant/oil,Enchantment,enchant/oil [Enchantment],0,0,,,,,Legendary,3500,1
Enchantment_ToxicLobotomy,Scroll of Toxic Lobotomy,Enchantments,Enchantments/GunsAndMagic_ItemDefinitions,KEEP-USE,enchant/oil,Enchantment,enchant/oil [Enchantment],0,0,,,,,Legendary,4000,1
Enchantment_Vinesprout,Scroll of Vinesprout,Enchantments,Enchantments/Upgraded,KEEP-USE,enchant/oil,Enchantment,enchant/oil [Enchantment],0,0,,,,,Legendary,3500,1
Enchantment_Voodoo,Scroll of Voodoo,Enchantments,Enchantments/Upgraded,KEEP-USE,enchant/oil,Enchantment,enchant/oil [Enchantment],0,0,,,,,Legendary,1200,1
Enchantment_WaterBomb,Scroll of Water Bomb,Enchantments,Enchantments/Upgraded,KEEP-USE,enchant/oil,Enchantment,enchant/oil [Enchantment],0,0,,,,,Legendary,3500,1
Enchantment_SeatedFitOil,Seated Fit Oil,Enchantments,Enchantments/Oils/New/Durability,KEEP-USE,enchant/oil,Enchantment,enchant/oil [Enchantment],0,0,,,,,Rare,800,1
Enchantment_SeatedOil,Seated Oil,Enchantments,Enchantments/Oils/New/DamageFlat,KEEP-USE,enchant/oil,Enchantment,enchant/oil [Enchantment],0,0,,,,,Rare,500,1
Enchantment_SectOil,Sect Oil,Enchantments,Enchantments/Oils/New/Penetration,KEEP-USE,enchant/oil,Enchantment,enchant/oil [Enchantment],0,0,,,,,Rare,600,1
Enchantment_SenderOil,Sender Oil,Enchantments,Enchantments/Oils/New/DamageFlat,KEEP-USE,enchant/oil,Enchantment,enchant/oil [Enchantment],0,0,,,,,Rare,500,1
Enchantment_SensibleOil,Sensible Oil,Enchantments,Enchantments/Oils/New/Durability,KEEP-USE,enchant/oil,Enchantment,enchant/oil [Enchantment],0,0,,,,,Rare,650,1
Enchantment_ShavedClipOil,Shaved Clip Oil,Enchantments,Enchantments/Oils/New/Reload,KEEP-USE,enchant/oil,Enchantment,enchant/oil [Enchantment],0,0,,,,,Rare,550,1
Enchantment_ShellManOil,Shellman Oil,Enchantments,Enchantments/Oils/New/Spread,KEEP-USE,enchant/oil,Enchantment,enchant/oil [Enchantment],0,0,,,,,Rare,800,1
Enchantment_SherlockOil,Sherlock Oil,Enchantments,Enchantments/Oils/New/Bounce,KEEP-USE,enchant/oil,Enchantment,enchant/oil [Enchantment],0,0,,,,,Rare,800,1
Enchantment_ShoveOil,Shove Oil,Enchantments,Enchantments/Oils/New/Knockback,KEEP-USE,enchant/oil,Enchantment,enchant/oil [Enchantment],0,0,,,,,Rare,500,1
Enchantment_ShowerOil,Shower Oil,Enchantments,Enchantments/Oils/New/RPM,KEEP-USE,enchant/oil,Enchantment,enchant/oil [Enchantment],0,0,,,,,Rare,500,1
Enchantment_ShredderOil,Shredder Oil,Enchantments,Enchantments/Oils/New/Multishot,KEEP-USE,enchant/oil,Enchantment,enchant/oil [Enchantment],0,0,,,,,Rare,700,1
Enchantment_SizeUpOil,Size Up Oil,Enchantments,Enchantments/Oils/New/Size,KEEP-USE,enchant/oil,Enchantment,enchant/oil [Enchantment],0,0,,,,,Rare,500,1
Enchantment_SkipOil,Skip Oil,Enchantments,Enchantments/Oils/New/Bounce,KEEP-USE,enchant/oil,Enchantment,enchant/oil [Enchantment],0,0,,,,,Rare,650,1
Enchantment_SlickOil,Slick Oil,Enchantments,Enchantments/Oils/New/Spread,KEEP-USE,enchant/oil,Enchantment,enchant/oil [Enchantment],0,0,,,,,Rare,1000,1
Enchantment_SlippyCoatingOil,Slippy Coating Oil,Enchantments,Enchantments/Oils/New/Durability,KEEP-USE,enchant/oil,Enchantment,enchant/oil [Enchantment],0,0,,,,,Rare,1200,1
Enchantment_SlotmachineOil,Slotmachine Oil,Enchantments,Enchantments/Oils/New/CritChance,KEEP-USE,enchant/oil,Enchantment,enchant/oil [Enchantment],0,0,,,,,Rare,700,1
Enchantment_SlowMoOil,Slow Mo Oil,Enchantments,Enchantments/GunsAndMagic_ItemDefinitions,KEEP-USE,enchant/oil,Enchantment,enchant/oil [Enchantment],0,0,,,,,Rare,1000,1
Enchantment_SlowPunchOil,Slow Punch Oil,Enchantments,Enchantments/Oils/New/DamagePercentage,KEEP-USE,enchant/oil,Enchantment,enchant/oil [Enchantment],0,0,,,,,Rare,500,1
Enchantment_SmartBulletOil,Smart Bullet Oil,Enchantments,Enchantments/Oils/New/CritChance,KEEP-USE,enchant/oil,Enchantment,enchant/oil [Enchantment],0,0,,,,,Rare,500,1
Enchantment_SmashOil,Smash Oil,Enchantments,Enchantments/Oils/New/Size,KEEP-USE,enchant/oil,Enchantment,enchant/oil [Enchantment],0,0,,,,,Rare,600,1
Enchantment_SolidOil,Solid Oil,Enchantments,Enchantments/Oils/New/DamageFlat,KEEP-USE,enchant/oil,Enchantment,enchant/oil [Enchantment],0,0,,,,,Rare,350,1
Enchantment_SpartanOil,Spartan Oil,Enchantments,Enchantments/Oils/New/DamagePercentage,KEEP-USE,enchant/oil,Enchantment,enchant/oil [Enchantment],0,0,,,,,Rare,1000,1
Enchantment_SpeedTradeOil,Speed Trade Oil,Enchantments,Enchantments/Oils/New/Reload,KEEP-USE,enchant/oil,Enchantment,enchant/oil [Enchantment],0,0,,,,,Rare,400,1
Enchantment_SpitterOil,Spitter Oil,Enchantments,Enchantments/Oils/New/RPM,KEEP-USE,enchant/oil,Enchantment,enchant/oil [Enchantment],0,0,,,,,Rare,700,1
Enchantment_SpreadOil,Spread Oil,Enchantments,Enchantments/Oils/New/Spread,KEEP-USE,enchant/oil,Enchantment,enchant/oil [Enchantment],0,0,,,,,Rare,900,1
Enchantment_StabilityOil,Stability Oil,Enchantments,Enchantments/Oils/New/Recoil,KEEP-USE,enchant/oil,Enchantment,enchant/oil [Enchantment],0,0,,,,,Rare,800,1
Enchantment_StableHipOil,Stable Hip Oil,Enchantments,Enchantments/Oils/New/Recoil,KEEP-USE,enchant/oil,Enchantment,enchant/oil [Enchantment],0,0,,,,,Rare,1100,1
Enchantment_StationaryOil,Stationary Oil,Enchantments,Enchantments/Oils/New/RPM,KEEP-USE,enchant/oil,Enchantment,enchant/oil [Enchantment],0,0,,,,,Rare,1200,1
Enchantment_StiffyFitOil,Stiffy Fit Oil,Enchantments,Enchantments/Oils/New/Durability,KEEP-USE,enchant/oil,Enchantment,enchant/oil [Enchantment],0,0,,,,,Rare,900,1
Enchantment_StoicOil,Stoic Oil,Enchantments,Enchantments/Oils/New/Spread,KEEP-USE,enchant/oil,Enchantment,enchant/oil [Enchantment],0,0,,,,,Rare,1100,1
Enchantment_SturdyOil,Sturdy Oil,Enchantments,Enchantments/Oils/New/Knockback,KEEP-USE,enchant/oil,Enchantment,enchant/oil [Enchantment],0,0,,,,,Rare,450,1
Enchantment_SupressiveOil,Supressive Oil,Enchantments,Enchantments/Oils/New/Multishot,KEEP-USE,enchant/oil,Enchantment,enchant/oil [Enchantment],0,0,,,,,Rare,300,1
Enchantment_SurgicalLaserOil,Surgical Laser Oil,Enchantments,Enchantments/Oils/New/Penetration,KEEP-USE,enchant/oil,Enchantment,enchant/oil [Enchantment],0,0,,,,,Rare,400,1
Enchantment_SynchronicityOil,Synchronicity Oil,Enchantments,Enchantments/Oils/New/Bounce,KEEP-USE,enchant/oil,Enchantment,enchant/oil [Enchantment],0,0,,,,,Rare,800,1
Enchantment_TacticalOil,Tactical Oil,Enchantments,Enchantments/Oils/New/Reload,KEEP-USE,enchant/oil,Enchantment,enchant/oil [Enchantment],0,0,,,,,Rare,650,1
Enchantment_TandemOil,Tandem Oil,Enchantments,Enchantments/Oils/New/Multishot,KEEP-USE,enchant/oil,Enchantment,enchant/oil [Enchantment],0,0,,,,,Rare,800,1
Enchantment_TaskOil,Task Oil,Enchantments,Enchantments/Oils/New/Reload,KEEP-USE,enchant/oil,Enchantment,enchant/oil [Enchantment],0,0,,,,,Rare,900,1
Enchantment_TechSupportOil,Tech Support Oil,Enchantments,Enchantments/Oils/New/Reload,KEEP-USE,enchant/oil,Enchantment,enchant/oil [Enchantment],0,0,,,,,Rare,1100,1
Enchantment_TensionOil,Tension Oil,Enchantments,Enchantments/Oils/New/Recoil,KEEP-USE,enchant/oil,Enchantment,enchant/oil [Enchantment],0,0,,,,,Rare,1100,1
Enchantment_TerminatorOil,Terminator Oil,Enchantments,Enchantments/Oils/New/DamagePercentage,KEEP-USE,enchant/oil,Enchantment,enchant/oil [Enchantment],0,0,,,,,Rare,1000,1
Enchantment_TestOil,Test oil,Enchantments,Enchantments/Oils,KEEP-USE,enchant/oil,Enchantment,enchant/oil [Enchantment],0,0,,,,,Rare,400,1
Enchantment_TestOil2,Test oil 2,Enchantments,Enchantments/Oils,KEEP-USE,enchant/oil,Enchantment,enchant/oil [Enchantment],0,0,,,,,Rare,400,1
Enchantment_TetrisOil,Tetris Oil,Enchantments,Enchantments/Oils/New/Recycle,KEEP-USE,enchant/oil,Enchantment,enchant/oil [Enchantment],0,0,,,,,Rare,1200,1
Enchantment_ThoroughOil,Thorough Oil,Enchantments,Enchantments/Oils/New/Spread,KEEP-USE,enchant/oil,Enchantment,enchant/oil [Enchantment],0,0,,,,,Rare,900,1
Enchantment_TightBarrelOil,Tight Barrel Oil,Enchantments,Enchantments/Oils/New/BulletSpeed,KEEP-USE,enchant/oil,Enchantment,enchant/oil [Enchantment],0,0,,,,,Rare,500,1
Enchantment_TightOil,Tight Oil,Enchantments,Enchantments/Oils/New/Size,KEEP-USE,enchant/oil,Enchantment,enchant/oil [Enchantment],0,0,,,,,Rare,400,1
Enchantment_TooMuchOil,Too Much Oil,Enchantments,Enchantments/Oils/New/Penetration,KEEP-USE,enchant/oil,Enchantment,enchant/oil [Enchantment],0,0,,,,,Rare,900,1
Enchantment_Satiety,Translucent Oil,Enchantments,Enchantments/Oils,KEEP-USE,enchant/oil,Enchantment,enchant/oil [Enchantment],0,0,,,,,Rare,600,1
Enchantment_Trinity,Triple Oil,Enchantments,Enchantments/Oils,KEEP-USE,enchant/oil,Enchantment,enchant/oil [Enchantment],0,0,,,,,Rare,800,1
Enchantment_TrustyOldOil,Trusty Old Oil,Enchantments,Enchantments/Oils/New/Durability,KEEP-USE,enchant/oil,Enchantment,enchant/oil [Enchantment],0,0,,,,,Rare,750,1
Enchantment_TurbulenceOil,Turbulence Oil,Enchantments,Enchantments/Oils/New/BulletSpeed,KEEP-USE,enchant/oil,Enchantment,enchant/oil [Enchantment],0,0,,,,,Rare,600,1
Enchantment_TwiceOil,Twice Oil,Enchantments,Enchantments/Oils/New/Multishot,KEEP-USE,enchant/oil,Enchantment,enchant/oil [Enchantment],0,0,,,,,Rare,1000,1
Enchantment_TwoTimeOil,Two Time Oil,Enchantments,Enchantments/Oils/New/Multishot,KEEP-USE,enchant/oil,Enchantment,enchant/oil [Enchantment],0,0,,,,,Rare,1300,1
Enchantment_UnlabeledOil,Unlabeled Oil,Enchantments,Enchantments/Oils/New,KEEP-USE,enchant/oil,Enchantment,enchant/oil [Enchantment],0,0,,,,,Rare,300,1
Enchantment_UntechnicalOil,Untechnical Oil,Enchantments,Enchantments/Oils/New/Penetration,KEEP-USE,enchant/oil,Enchantment,enchant/oil [Enchantment],0,0,,,,,Rare,300,1
Enchantment_UntightenedScrewOil,Untightened Screw Oil,Enchantments,Enchantments/Oils/New/Knockback,KEEP-USE,enchant/oil,Enchantment,enchant/oil [Enchantment],0,0,,,,,Rare,600,1
Enchantment_VasectomyOil,Vasectomy Oil,Enchantments,Enchantments/Oils/New/Penetration,KEEP-USE,enchant/oil,Enchantment,enchant/oil [Enchantment],0,0,,,,,Rare,700,1
Enchantment_VeganOil,Vegan Oil,Enchantments,Enchantments/Oils/New/Spread,KEEP-USE,enchant/oil,Enchantment,enchant/oil [Enchantment],0,0,,,,,Rare,800,1
Enchantment_VegetableOil,Vegetable Oil,Enchantments,Enchantments/Oils/New/Recoil,KEEP-USE,enchant/oil,Enchantment,enchant/oil [Enchantment],0,0,,,,,Rare,800,1
Enchantment_VelocityOil,Velocity Oil,Enchantments,Enchantments/Oils/New/BulletSpeed,KEEP-USE,enchant/oil,Enchantment,enchant/oil [Enchantment],0,0,,,,,Rare,220,1
Enchantment_WalkEasyOil,Walk Easy Oil,Enchantments,Enchantments/Oils/New/Recycle,KEEP-USE,enchant/oil,Enchantment,enchant/oil [Enchantment],0,0,,,,,Rare,250,1
Enchantment_WasterOil,Waster Oil,Enchantments,Enchantments/Oils/New/RPM,KEEP-USE,enchant/oil,Enchantment,enchant/oil [Enchantment],0,0,,,,,Rare,800,1
Enchantment_WhimOil,Whim Oil,Enchantments,Enchantments/Oils/New/BulletSpeed,KEEP-USE,enchant/oil,Enchantment,enchant/oil [Enchantment],0,0,,,,,Rare,450,1
Enchantment_WhosCountingOil,Whos Counting Oil,Enchantments,Enchantments/Oils/New/Recycle,KEEP-USE,enchant/oil,Enchantment,enchant/oil [Enchantment],0,0,,,,,Rare,500,1
Enchantment_WobbleOil,Wobble Oil,Enchantments,Enchantments/Oils/New/Bounce,KEEP-USE,enchant/oil,Enchantment,enchant/oil [Enchantment],0,0,,,,,Rare,800,1
Enchantment_XanaxOil,Xanax Oil,Enchantments,Enchantments/Oils/New/Size,KEEP-USE,enchant/oil,Enchantment,enchant/oil [Enchantment],0,0,,,,,Rare,500,1
Enchantment_ZeroFucksOil,Zero Fucks Oil,Enchantments,Enchantments/Oils/New/RPM,KEEP-USE,enchant/oil,Enchantment,enchant/oil [Enchantment],0,0,,,,,Rare,800,1
Enchantment_ZoomingOil,Zooming Oil,Enchantments,Enchantments/Oils/New/BulletSpeed,KEEP-USE,enchant/oil,Enchantment,enchant/oil [Enchantment],0,0,,,,,Rare,450,1
Item_AirBat,Air Bat,Equipment,Equipment/Shoes,KEEP-USE,gear,Equippable,gear [Equippable],0,0,,,,,Rare,800,1
Item_BadassVest,Badass Vest,Equipment,Equipment/Torso,KEEP-USE,gear,Equippable,gear [Equippable],0,0,,,,,Rare,700,1
Item_Balaklava,Balaclava,Equipment,Equipment/Head,KEEP-USE,gear,Equippable,gear [Equippable],0,0,,,,,Uncommon,500,1
Item_BallisticHelmet,Ballistic Helmet,Equipment,Equipment/Head,KEEP-USE,gear,Equippable,gear [Equippable],0,0,,,,,Epic,1100,1
Item_BallisticVest,Ballistic Vest,Equipment,Equipment/Torso,KEEP-USE,gear,Equippable,gear [Equippable],0,0,,,,,Epic,2300,1
Item_Bathrobe,Bathrobe,Equipment,Equipment/Torso,KEEP-USE,gear,Equippable,gear [Equippable],0,0,,,,,Rare,700,1
Item_Beanie,Beanie,Equipment,Equipment/Head,KEEP-USE,gear,Equippable,gear [Equippable],0,0,,,,,Common,300,1
Item_BeerHelmet,Beer Helmet,Equipment,Equipment/Head,KEEP-USE,gear,Equippable,gear [Equippable],0,0,,,,,Common,460,1
Item_BlastBoot,Blast Boot,Equipment,Equipment/Shoes,KEEP-USE,gear,Equippable,gear [Equippable],0,0,,,,,Rare,400,1
Item_Blindfold,Blindfold,Equipment,Equipment/Head,KEEP-USE,gear,Equippable,gear [Equippable],0,0,,,,,Common,150,1
Item_BandanaBlue,Blue Bandana,Equipment,Equipment/Head,KEEP-USE,gear,Equippable,gear [Equippable],0,0,,,,,Common,460,1
Item_BlueSlipper,Blue Slipper,Equipment,Equipment/Shoes,KEEP-USE,gear,Equippable,gear [Equippable],0,0,,,,,Common,300,1
Item_Breastplate,Breastplate,Equipment,Equipment/Torso,KEEP-USE,gear,Equippable,gear [Equippable],0,0,,,,,Uncommon,2100,1
Item_CamoJacket,Camo Jacket,Equipment,Equipment/Torso,KEEP-USE,gear,Equippable,gear [Equippable],0,0,,,,,Rare,900,1
Item_Cap,Cap,Equipment,Equipment/Head,KEEP-USE,gear,Equippable,gear [Equippable],0,0,,,,,Common,200,1
Item_ChristmasSock,Christmas Sock,Equipment,Equipment/ChristmasEquipment,KEEP-USE,gear,Equippable,gear [Equippable],0,0,,,,,Common,200,1
Item_ChristmasSweater,Christmas Sweater,Equipment,Equipment/ChristmasEquipment,KEEP-USE,gear,Equippable,gear [Equippable],0,0,,,,,Rare,700,1
Item_SantaCoat,Christmas Sweater,Equipment,Equipment/ChristmasEquipment,KEEP-USE,gear,Equippable,gear [Equippable],0,0,,,,,Rare,700,1
Item_Clog,Clog,Equipment,Equipment/Shoes,KEEP-USE,gear,Equippable,gear [Equippable],0,0,,,,,Uncommon,400,1
Item_CombatBoots,Combat Boot,Equipment,Equipment/Shoes,KEEP-USE,gear,Equippable,gear [Equippable],0,0,,,,,Uncommon,610,1
Item_CowboyBoot,Cowboy Boot,Equipment,Equipment/Shoes,KEEP-USE,gear,Equippable,gear [Equippable],0,0,,,,,Uncommon,330,1
Item_CowboyHat,Cowboy Hat,Equipment,Equipment/Head,KEEP-USE,gear,Equippable,gear [Equippable],0,0,,,,,Uncommon,750,1
Item_CowboyVest,Cowboy Vest,Equipment,Equipment/Torso,KEEP-USE,gear,Equippable,gear [Equippable],0,0,,,,,Rare,700,1
Item_Crown,Crown,Equipment,Equipment/Head,KEEP-USE,gear,Equippable,gear [Equippable],0,0,,,,,Epic,15000,1
Item_DenimJacket,Denim Jacket,Equipment,Equipment/Torso,KEEP-USE,gear,Equippable,gear [Equippable],0,0,,,,,Rare,700,1
Item_DinnerJacket,Dinner Jacket,Equipment,Equipment/Torso,KEEP-USE,gear,Equippable,gear [Equippable],0,0,,,,,Rare,2000,1
Item_FrogmanFoot,Diving Fin,Equipment,Equipment/Shoes,KEEP-USE,gear,Equippable,gear [Equippable],0,0,,,,,Uncommon,230,1
Item_DivingMask,Diving Mask,Equipment,Equipment/Head,KEEP-USE,gear,Equippable,gear [Equippable],0,0,,,,,Common,360,1
Item_DressShoe,Dress Shoe,Equipment,Equipment/Shoes,KEEP-USE,gear,Equippable,gear [Equippable],0,0,,,,,Common,1200,1
Item_DunceCap,Dunce Cap,Equipment,Equipment/Head,KEEP-USE,gear,Equippable,gear [Equippable],0,0,,,,,Common,700,1
Item_EarProtectors,Ear Protectors,Equipment,Equipment/Head,KEEP-USE,gear,Equippable,gear [Equippable],0,0,,,,,Common,460,1
Item_EncryptedHoodie,Encrypted Hoodie,Equipment,Equipment/Torso,KEEP-USE,gear,Equippable,gear [Equippable],0,0,,,,,Rare,400,1
Item_EyePatch,Eye Patch,Equipment,Equipment/Head,KEEP-USE,gear,Equippable,gear [Equippable],0,0,,,,,Rare,800,1
Item_FirefighterHelmet,Firefighter Helmet,Equipment,Equipment/Head,KEEP-USE,gear,Equippable,gear [Equippable],0,0,,,,,Common,700,1
Item_FirefighterJacket,Firefighter Jacket,Equipment,Equipment/Torso,KEEP-USE,gear,Equippable,gear [Equippable],0,0,,,,,Rare,700,1
Item_FluffyHat,Fluffy Hat,Equipment,Equipment/Head,KEEP-USE,gear,Equippable,gear [Equippable],0,0,,,,,Uncommon,380,1
Item_GasMask,Gas Mask,Equipment,Equipment/Head,KEEP-USE,gear,Equippable,gear [Equippable],0,0,,,,,Common,650,1
Item_GenieShoe,Genie Shoe,Equipment,Equipment/Shoes,KEEP-USE,gear,Equippable,gear [Equippable],0,0,,,,,Rare,380,1
Item_Geta,Geta,Equipment,Equipment/Shoes,KEEP-USE,gear,Equippable,gear [Equippable],0,0,,,,,Uncommon,440,1
Item_GhillieSuit,Ghillie Suit,Equipment,Equipment/Torso,KEEP-USE,gear,Equippable,gear [Equippable],0,0,,,,,Rare,1500,1
Item_GoldenSlipper,Golden Slipper,Equipment,Equipment/Shoes,KEEP-USE,gear,Equippable,gear [Equippable],0,0,,,,,Common,5000,1
Item_HardHat,Hardhat,Equipment,Equipment/Head,KEEP-USE,gear,Equippable,gear [Equippable],0,0,,,,,Common,420,1
Item_HazmatSuit,Hazmat Suit,Equipment,Equipment/Torso,KEEP-USE,gear,Equippable,gear [Equippable],0,0,,,,,Rare,1100,1
Item_HedgehogSuit,Hedgehog Suit,Equipment,Equipment/Torso,KEEP-USE,gear,Equippable,gear [Equippable],0,0,,,,,Rare,700,1
Item_HighQualityElfShoe,High Quality Elf Shoe,Equipment,Equipment/Shoes,KEEP-USE,gear,Equippable,gear [Equippable],0,0,,,,,Rare,1200,1
Item_HighHeel,High heel,Equipment,Equipment/Shoes,KEEP-USE,gear,Equippable,gear [Equippable],0,0,,,,,Common,800,1
Item_HockeyHelmet,Hockey Helmet,Equipment,Equipment/Head,KEEP-USE,gear,Equippable,gear [Equippable],0,0,,,,,Common,420,1
Item_HockeyArmor,Hockey Shoulder Pads,Equipment,Equipment/Torso,KEEP-USE,gear,Equippable,gear [Equippable],0,0,,,,,Common,1300,1
Item_HuntingVest,Hunting Vest,Equipment,Equipment/Torso,KEEP-USE,gear,Equippable,gear [Equippable],0,0,,,,,Rare,700,1
Item_IceSkate,Ice Skate,Equipment,Equipment/Shoes,KEEP-USE,gear,Equippable,gear [Equippable],0,0,,,,,Rare,380,1
Item_KneePads,Knee Pads,Equipment,Equipment/Shoes,KEEP-USE,gear,Equippable,gear [Equippable],0,0,,,,,Uncommon,380,1
Item_KnightsHelmet,Knight's Helmet,Equipment,Equipment/Head,KEEP-USE,gear,Equippable,gear [Equippable],0,0,,,,,Uncommon,1000,1
Item_LeatherJacket,Leather Jacket,Equipment,Equipment/Torso,KEEP-USE,gear,Equippable,gear [Equippable],0,0,,,,,Rare,650,1
Item_LifeVest,Life Vest,Equipment,Equipment/Torso,KEEP-USE,gear,Equippable,gear [Equippable],0,0,,,,,Rare,800,1
Item_MilitaryHelmet,Military Helmet,Equipment,Equipment/Head,KEEP-USE,gear,Equippable,gear [Equippable],0,0,,,,,Common,2500,1
Item_MotorcycleHelmet,Motorcycle Helmet,Equipment,Equipment/Head,KEEP-USE,gear,Equippable,gear [Equippable],0,0,,,,,Common,800,1
Item_OfficeShirt,Office Wear,Equipment,Equipment/Torso,KEEP-USE,gear,Equippable,gear [Equippable],0,0,,,,,Rare,500,1
Item_OldTimeySuit,Old-Timey Suit,Equipment,Equipment/Torso,KEEP-USE,gear,Equippable,gear [Equippable],0,0,,,,,Rare,1500,1
Item_Parka,Parka,Equipment,Equipment/Torso,KEEP-USE,gear,Equippable,gear [Equippable],0,0,,,,,Rare,700,1
Item_PegLeg,Peg Leg,Equipment,Equipment/Shoes,KEEP-USE,gear,Equippable,gear [Equippable],0,0,,,,,Common,610,1
Item_PillowArmor,Pillow Armor,Equipment,Equipment/Torso,KEEP-USE,gear,Equippable,gear [Equippable],0,0,,,,,Uncommon,720,1
Item_PithHelmet,Pith Helmet,Equipment,Equipment/Head,KEEP-USE,gear,Equippable,gear [Equippable],0,0,,,,,Common,700,1
Item_PlateCarrier,Plate Carrier,Equipment,Equipment/Torso,KEEP-USE,gear,Equippable,gear [Equippable],0,0,,,,,Rare,4000,1
Item_PlatformShoe,Platform Shoe,Equipment,Equipment/Shoes,KEEP-USE,gear,Equippable,gear [Equippable],0,0,,,,,Uncommon,350,1
Item_PoliceHat,Police Hat,Equipment,Equipment/Head,KEEP-USE,gear,Equippable,gear [Equippable],0,0,,,,,Uncommon,600,1
Item_PoliceUniform,Police Uniform,Equipment,Equipment/Torso,KEEP-USE,gear,Equippable,gear [Equippable],0,0,,,,,Rare,700,1
Item_PopeHat,Pope Hat,Equipment,Equipment/Head,KEEP-USE,gear,Equippable,gear [Equippable],0,0,,,,,Common,2000,1
Item_Pyjama,Pyjama,Equipment,Equipment/Torso,KEEP-USE,gear,Equippable,gear [Equippable],0,0,,,,,Rare,400,1
Item_Raincoat,Raincoat,Equipment,Equipment/Torso,KEEP-USE,gear,Equippable,gear [Equippable],0,0,,,,,Rare,800,1
Item_BandanaRed,Red Bandana,Equipment,Equipment/Head,KEEP-USE,gear,Equippable,gear [Equippable],0,0,,,,,Common,460,1
Item_Rollerblade,Roller Blade,Equipment,Equipment/Shoes,KEEP-USE,gear,Equippable,gear [Equippable],0,0,,,,,Rare,380,1
Item_RoundGlasses,Round Glasses,Equipment,Equipment/Head,KEEP-USE,gear,Equippable,gear [Equippable],0,0,,,,,Common,200,1
Item_RubberBoot,Rubber Boot,Equipment,Equipment/Shoes,KEEP-USE,gear,Equippable,gear [Equippable],0,0,,,,,Uncommon,250,1
Item_RudolfNose,Rudolf Nose,Equipment,Equipment/ChristmasEquipment,KEEP-USE,gear,Equippable,gear [Equippable],0,0,,,,,Common,300,1
Item_RunningShoes,Running Shoe,Equipment,Equipment/Shoes,KEEP-USE,gear,Equippable,gear [Equippable],0,0,,,,,Rare,700,1
Item_SulfurCap,SULFUR Cap,Equipment,Equipment/Head,KEEP-USE,gear,Equippable,gear [Equippable],0,0,,,,,Common,300,1
Item_SulfurHoodie,SULFUR Hoodie,Equipment,Equipment/Torso,KEEP-USE,gear,Equippable,gear [Equippable],0,0,,,,,Rare,1000,1
Item_SafetyVest,Safety Vest,Equipment,Equipment/Torso,KEEP-USE,gear,Equippable,gear [Equippable],0,0,,,,,Rare,400,1
Item_SamuraiArmor,Samurai Armor,Equipment,Equipment/Torso,KEEP-USE,gear,Equippable,gear [Equippable],0,0,,,,,Rare,2000,1
Item_SantaHat,Santa Hat,Equipment,Equipment/ChristmasEquipment,KEEP-USE,gear,Equippable,gear [Equippable],0,0,,,,,Common,600,1
Item_SkiGoggles,Ski Goggles,Equipment,Equipment/Head,KEEP-USE,gear,Equippable,gear [Equippable],0,0,,,,,Common,200,1
Item_Sneaker,Sneaker,Equipment,Equipment/Shoes,KEEP-USE,gear,Equippable,gear [Equippable],0,0,,,,,Common,380,1
Item_Sock,Sock,Equipment,Equipment/Shoes,KEEP-USE,gear,Equippable,gear [Equippable],0,0,,,,,Common,100,1
Item_SpringCoilBoots,Springcoil Boot,Equipment,Equipment/Shoes,KEEP-USE,gear,Equippable,gear [Equippable],0,0,,,,,Rare,1000,1
Item_SquareGlasses,Square Glasses,Equipment,Equipment/Head,KEEP-USE,gear,Equippable,gear [Equippable],0,0,,,,,Common,300,1
Item_SteelHelmet,Steel Helmet,Equipment,Equipment/Head,KEEP-USE,gear,Equippable,gear [Equippable],0,0,,,,,Common,2500,1
Item_StraightJacket,Strait Jacket,Equipment,Equipment/Torso,KEEP-USE,gear,Equippable,gear [Equippable],0,0,,,,,Rare,250,1
Item_Sunglasses,Sunglasses,Equipment,Equipment/Head,KEEP-USE,gear,Equippable,gear [Equippable],0,0,,,,,Common,460,1
Item_SylvesterHat,Sylvester Hat,Equipment,Equipment/Head,KEEP-USE,gear,Equippable,gear [Equippable],0,0,,,,,Common,200,1
Item_TankerHelmet,Tanker Helmet,Equipment,Equipment/Head,KEEP-USE,gear,Equippable,gear [Equippable],0,0,,,,,Common,1000,1
Item_TitaniumHelmet,Titanium Helmet,Equipment,Equipment/Head,KEEP-USE,gear,Equippable,gear [Equippable],0,0,,,,,Common,3400,1
Item_Tracksuit,Tracksuit,Equipment,Equipment/Torso,KEEP-USE,gear,Equippable,gear [Equippable],0,0,,,,,Rare,800,1
Item_TurtleShell,Turtle Shell,Equipment,Equipment/Torso,KEEP-USE,gear,Equippable,gear [Equippable],0,0,,,,,Rare,1500,1
Item_WinterScarf,Winter Scarf,Equipment,Equipment/ChristmasEquipment,KEEP-USE,gear,Equippable,gear [Equippable],0,0,,,,,Common,900,1
Item_WoodenArmor,Wooden Armor,Equipment,Equipment/Torso,KEEP-USE,gear,Equippable,gear [Equippable],0,0,,,,,Rare,950,1
Item_HoodieSklett,Yellow Hoodie,Equipment,Equipment/Torso,KEEP-USE,gear,Equippable,gear [Equippable],0,0,,,,,Rare,330,1
Item_Ygg,Ygg,Equipment,Equipment/Shoes,KEEP-USE,gear,Equippable,gear [Equippable],0,0,,,,,Uncommon,430,1
Item_BottledScream,Bottled Scream,Gadgets,Gadgets/Unfinished,KEEP-USE,gadget,Equippable,gadget [Equippable],0,0,,,,,Epic,100,1
Weapon_BurnerPhone,Burner Phone,Gadgets,Gadgets/Unfinished,KEEP-USE,gadget,Equippable,gadget [Equippable],0,0,,,,,Uncommon,200,1
Item_DisgustingCookbook,Disgusting Cookbook,Gadgets,Gadgets/Unfinished,KEEP-USE,gadget,Equippable,gadget [Equippable],0,0,,,,,Epic,100,1
Item_FishingRod,Fishing Rod,Gadgets,Gadgets/Unfinished,KEEP-USE,gadget,Equippable,gadget [Equippable],0,0,,,,,Epic,100,1
Item_LightningInABottle,Lightning in a Bottle,Gadgets,Gadgets/Unfinished,KEEP-USE,gadget,Equippable,gadget [Equippable],0,0,,,,,Epic,100,1
Item_MetalDetector,Metal Detector,Gadgets,Gadgets/Unfinished,KEEP-USE,gadget,Equippable,gadget [Equippable],0,0,,,,,Epic,100,1
Weapon_MoneyStack,Money Stack,Gadgets,Gadgets/Unfinished,KEEP-USE,gadget,Equippable,gadget [Equippable],0,0,,,,,Uncommon,200,1
Item_MonkeyPaw,Monkey Paw,Gadgets,Gadgets/Unfinished,KEEP-USE,gadget,Equippable,gadget [Equippable],0,0,,,,,Epic,100,1
Item_OilLamp,Oil Lamp,Gadgets,Gadgets/Unfinished,KEEP-USE,gadget,Equippable,gadget [Equippable],0,0,,,,,Epic,100,1
Item_PocketSand,Pocket Sand,Gadgets,Gadgets/Unfinished,KEEP-USE,gadget,Equippable,gadget [Equippable],0,0,,,,,Epic,100,1
Item_RatCage,Rat Cage,Gadgets,Gadgets/Unfinished,KEEP-USE,gadget,Equippable,gadget [Equippable],0,0,,,,,Epic,100,1
Item_Shovel,Shovel,Gadgets,Gadgets/Unfinished,KEEP-USE,gadget,Equippable,gadget [Equippable],0,0,,,,,Epic,100,1
Item_Shurikens,Shurikens,Gadgets,Gadgets/Unfinished,KEEP-USE,gadget,Equippable,gadget [Equippable],0,0,,,,,Epic,100,1
Item_SmokeGrenade,Smoke Grenade,Gadgets,Gadgets/Unfinished,KEEP-USE,gadget,Equippable,gadget [Equippable],0,0,,,,,Epic,100,1
Item_SuspensorShield,Suspensor Shield,Gadgets,Gadgets/Unfinished,KEEP-USE,gadget,Equippable,gadget [Equippable],0,0,,,,,Epic,100,1
Item_Toaster,Toaster,Gadgets,Gadgets/Unfinished,KEEP-USE,gadget,Equippable,gadget [Equippable],0,0,,,,,Epic,100,1
Item_VampireHeart,Vampire Heart,Gadgets,Gadgets/Unfinished,KEEP-USE,gadget,Equippable,gadget [Equippable],0,0,,,,,Epic,100,1
Item_VoodooDoll,Voodoo Doll,Gadgets,Gadgets/Unfinished,KEEP-USE,gadget,Equippable,gadget [Equippable],0,0,,,,,Epic,100,1
Item_WoodenCross,Wooden Cross,Gadgets,Gadgets/Unfinished,KEEP-USE,gadget,Equippable,gadget [Equippable],0,0,,,,,Uncommon,100,1
Item_CryptKey,Crypt key,Keys,Keys,KEEP-USE,key,Key,key [Key],0,0,,,,,Common,5000,1
Item_RampartsKey,Key,Keys,Keys,KEEP-USE,key,Key,key [Key],0,0,,,,,Common,0,1
Item_PrisonKey,Lower Prison Key,Keys,Keys,KEEP-USE,key,Key,key [Key],0,0,,,,,Common,1000000,0
Item_ShopKey,ShopKey,Keys,Keys,KEEP-USE,key,Key,key [Key],0,0,,,,,Common,5000,1
Manual_BlackGuildCooking,Black Guild Cooking,Manuals,Manuals/Collections,KEEP-USE,recipe-book,Consumable,recipe-book [Consumable],0,0,,,,,Rare,15000,1
Manual_CookingCastle,Castle cooking,Manuals,Manuals/Collections,KEEP-USE,recipe-book,Consumable,recipe-book [Consumable],0,0,,,,,Rare,20000,1
Manual_ChequeredCookbook,Chequered Cookbook,Manuals,Manuals/Collections,KEEP-USE,recipe-book,Consumable,recipe-book [Consumable],0,0,,,,,Legendary,30000,1
Manual_DesertCooking,Desert Cookbook,Manuals,Manuals/Collections,KEEP-USE,recipe-book,Consumable,recipe-book [Consumable],0,0,,,,,Epic,15000,1
Manual_CookingDungeon,Dungeon cooking,Manuals,Manuals/Collections,KEEP-USE,recipe-book,Consumable,recipe-book [Consumable],0,0,,,,,Rare,15000,1
Manual_ForestCooking,Forest Cookbook,Manuals,Manuals/Collections,KEEP-USE,recipe-book,Consumable,recipe-book [Consumable],0,0,,,,,Rare,15000,1
Manual_CookingFortress,Fortress Cookbook,Manuals,Manuals/Collections,KEEP-USE,recipe-book,Consumable,recipe-book [Consumable],0,0,,,,,Rare,15000,1
Manual_GoblinCooking,Goblin Cooking,Manuals,Manuals/Collections,KEEP-USE,recipe-book,Consumable,recipe-book [Consumable],0,0,,,,,Rare,10000,1
Manual_Recipe_Snus_1,Recipe: Admiral White Extra Strong,Manuals,Manuals/Singles_Cooking,KEEP-USE,recipe-book,Consumable,recipe-book [Consumable],0,0,,,,,Common,20,1
Manual_Recipe_Aspic 1,Recipe: Aspic,Manuals,Manuals/Singles_Cooking,KEEP-USE,recipe-book,Consumable,recipe-book [Consumable],0,0,,,,,Common,20,1
Manual_Recipe_BananaSulfs,Recipe: Banana Sulfs,Manuals,Manuals/Singles_Cooking,KEEP-USE,recipe-book,Consumable,recipe-book [Consumable],0,0,,,,,Common,20,1
Manual_Recipe_BarkBread,Recipe: Bark bread,Manuals,Manuals/Singles_Cooking,KEEP-USE,recipe-book,Consumable,recipe-book [Consumable],0,0,,,,,Common,20,1
Manual_Recipe_BeefJerky_5 3,Recipe: Beef Jerky,Manuals,Manuals/Singles_Cooking,KEEP-USE,recipe-book,Consumable,recipe-book [Consumable],0,0,,,,,Common,20,1
Manual_Recipe_Jam_1,Recipe: Berry Jam,Manuals,Manuals/Singles_Cooking,KEEP-USE,recipe-book,Consumable,recipe-book [Consumable],0,0,,,,,Common,20,1
Manual_Recipe_BiscuitsAndGravy,Recipe: Biscuiits and Gravy,Manuals,Manuals/Singles_Cooking,KEEP-USE,recipe-book,Consumable,recipe-book [Consumable],0,0,,,,,Common,20,1
Manual_Recipe_BloodPudding_1,Recipe: Blood Pudding,Manuals,Manuals/Singles_Cooking,KEEP-USE,recipe-book,Consumable,recipe-book [Consumable],0,0,,,,,Common,20,1
Manual_Recipe_CactusWater_1,Recipe: Bottled Water,Manuals,Manuals/Singles_Cooking,KEEP-USE,recipe-book,Consumable,recipe-book [Consumable],0,0,,,,,Common,20,1
Manual_Recipe_Bread_1,Recipe: Bread,Manuals,Manuals/Singles_Cooking,KEEP-USE,recipe-book,Consumable,recipe-book [Consumable],0,0,,,,,Common,20,1
Manual_Recipe_Broth_1,Recipe: Broth,Manuals,Manuals/Singles_Cooking,KEEP-USE,recipe-book,Consumable,recipe-book [Consumable],0,0,,,,,Common,20,1
Manual_Recipe_Broth_3,Recipe: Broth,Manuals,Manuals/Singles_Cooking,KEEP-USE,recipe-book,Consumable,recipe-book [Consumable],0,0,,,,,Common,20,1
Manual_Recipe_Butter_1,Recipe: Butter,Manuals,Manuals/Singles_Cooking,KEEP-USE,recipe-book,Consumable,recipe-book [Consumable],0,0,,,,,Common,20,1
Manual_Recipe_Butter_2,Recipe: Butter,Manuals,Manuals/Singles_Cooking,KEEP-USE,recipe-book,Consumable,recipe-book [Consumable],0,0,,,,,Common,20,1
Manual_Recipe_Sandwich_1,Recipe: Butter Sandwich,Manuals,Manuals/Singles_Cooking,KEEP-USE,recipe-book,Consumable,recipe-book [Consumable],0,0,,,,,Common,20,1
Manual_Recipe_CactusDrink_1,Recipe: Cactus Softdrink,Manuals,Manuals/Singles_Cooking,KEEP-USE,recipe-book,Consumable,recipe-book [Consumable],0,0,,,,,Common,20,1
Manual_Recipe_Candycane,Recipe: Candy Cane,Manuals,Manuals/Singles_Cooking,KEEP-USE,recipe-book,Consumable,recipe-book [Consumable],0,0,,,,,Common,20,1
Manual_Recipe_Cereal 1,Recipe: Cereal,Manuals,Manuals/Singles_Cooking,KEEP-USE,recipe-book,Consumable,recipe-book [Consumable],0,0,,,,,Common,20,1
Manual_Recipe_Cheese 9,Recipe: Cheese,Manuals,Manuals/Singles_Cooking,KEEP-USE,recipe-book,Consumable,recipe-book [Consumable],0,0,,,,,Common,20,1
Manual_Recipe_CheeseTops_1,Recipe: Cheese Tops,Manuals,Manuals/Singles_Cooking,KEEP-USE,recipe-book,Consumable,recipe-book [Consumable],0,0,,,,,Common,20,1
Manual_Recipe_Cheeseburger_1 2,Recipe: Cheeseburger,Manuals,Manuals/Singles_Cooking,KEEP-USE,recipe-book,Consumable,recipe-book [Consumable],0,0,,,,,Common,20,1
Manual_Recipe_ChocolateBall_1,Recipe: Chocolate Ball,Manuals,Manuals/Singles_Cooking,KEEP-USE,recipe-book,Consumable,recipe-book [Consumable],0,0,,,,,Common,20,1
Manual_Recipe_Mudcake_1,Recipe: Chocolate Mudcake,Manuals,Manuals/Singles_Cooking,KEEP-USE,recipe-book,Consumable,recipe-book [Consumable],0,0,,,,,Common,20,1
Manual_Recipe_ChocolateSyrup_1,Recipe: Chocolate Syrup,Manuals,Manuals/Singles_Cooking,KEEP-USE,recipe-book,Consumable,recipe-book [Consumable],0,0,,,,,Common,20,1
Manual_Recipe_CordonBleu,Recipe: Cordon Bleu,Manuals,Manuals/Singles_Cooking,KEEP-USE,recipe-book,Consumable,recipe-book [Consumable],0,0,,,,,Common,20,1
Manual_Recipe_CuissesDeGrenouille_1,Recipe: Cuisses De Grenouille,Manuals,Manuals/Singles_Cooking,KEEP-USE,recipe-book,Consumable,recipe-book [Consumable],0,0,,,,,Common,20,1
Manual_Recipe_CurryWurst 4,Recipe: Currywurst,Manuals,Manuals/Singles_Cooking,KEEP-USE,recipe-book,Consumable,recipe-book [Consumable],0,0,,,,,Common,20,1
Manual_Recipe_Dimmies,Recipe: Dimmie,Manuals,Manuals/Singles_Cooking,KEEP-USE,recipe-book,Consumable,recipe-book [Consumable],0,0,,,,,Common,20,1
Manual_Recipe_CheeseburgerDouble_1 2,Recipe: Double Cheeseburger,Manuals,Manuals/Singles_Cooking,KEEP-USE,recipe-book,Consumable,recipe-book [Consumable],0,0,,,,,Common,20,0
Manual_Recipe_LiverDumpling_1,Recipe: Dumpling,Manuals,Manuals/Singles_Cooking,KEEP-USE,recipe-book,Consumable,recipe-book [Consumable],0,0,,,,,Common,20,1
Manual_Recipe_EggToddy_1,Recipe: Egg Toddy,Manuals,Manuals/Singles_Cooking,KEEP-USE,recipe-book,Consumable,recipe-book [Consumable],0,0,,,,,Common,20,1
Manual_Recipe_Escargot_1,Recipe: Escargot,Manuals,Manuals/Singles_Cooking,KEEP-USE,recipe-book,Consumable,recipe-book [Consumable],0,0,,,,,Common,20,1
Manual_Recipe_ExtraLung_1,Recipe: Extra Lung,Manuals,Manuals/Singles_Cooking,KEEP-USE,recipe-book,Consumable,recipe-book [Consumable],0,0,,,,,Common,20,1
Manual_Recipe_ExtraLung_2,Recipe: Extra Lung,Manuals,Manuals/Singles_Cooking,KEEP-USE,recipe-book,Consumable,recipe-book [Consumable],0,0,,,,,Common,20,1
Manual_Recipe_FishNShipsSandFish 2,Recipe: Fish and chips,Manuals,Manuals/Singles_Cooking,KEEP-USE,recipe-book,Consumable,recipe-book [Consumable],0,0,,,,,Common,20,1
Manual_Recipe_FishnChips 1,Recipe: Fish and chips,Manuals,Manuals/Singles_Cooking,KEEP-USE,recipe-book,Consumable,recipe-book [Consumable],0,0,,,,,Common,20,1
Manual_Recipe_Fondue_1,Recipe: Fondue,Manuals,Manuals/Singles_Cooking,KEEP-USE,recipe-book,Consumable,recipe-book [Consumable],0,0,,,,,Common,20,1
Manual_Recipe_FrenchHotdog_2,Recipe: French Hotdog,Manuals,Manuals/Singles_Cooking,KEEP-USE,recipe-book,Consumable,recipe-book [Consumable],0,0,,,,,Common,20,1
Manual_Recipe_FrenchToast_1,Recipe: French Toast,Manuals,Manuals/Singles_Cooking,KEEP-USE,recipe-book,Consumable,recipe-book [Consumable],0,0,,,,,Common,20,1
Manual_Recipe_MushroomsFriedSimple 1,Recipe: Fried Mushroom ,Manuals,Manuals/Singles_Cooking,KEEP-USE,recipe-book,Consumable,recipe-book [Consumable],0,0,,,,,Common,20,1
Manual_Recipe_MushroomsFried_1,Recipe: Fried Mushroom ,Manuals,Manuals/Singles_Cooking,KEEP-USE,recipe-book,Consumable,recipe-book [Consumable],0,0,,,,,Common,20,1
Manual_Recipe_FullEnglishBreakfast_1 1,Recipe: Full English Breakfast,Manuals,Manuals/Singles_Cooking,KEEP-USE,recipe-book,Consumable,recipe-book [Consumable],0,0,,,,,Common,20,1
Manual_Recipe_FullEnglishBreakfast_1 2,Recipe: Full English Breakfast,Manuals,Manuals/Singles_Cooking,KEEP-USE,recipe-book,Consumable,recipe-book [Consumable],0,0,,,,,Common,20,1
Manual_Recipe_Gonster,Recipe: Gonster,Manuals,Manuals/Singles_Cooking,KEEP-USE,recipe-book,Consumable,recipe-book [Consumable],0,0,,,,,Common,20,1
Manual_Recipe_Gravy_1 3,Recipe: Gravy,Manuals,Manuals/Singles_Cooking,KEEP-USE,recipe-book,Consumable,recipe-book [Consumable],0,0,,,,,Common,20,1
Manual_Recipe_GreenGlob,Recipe: Green Glob,Manuals,Manuals/Singles_Cooking,KEEP-USE,recipe-book,Consumable,recipe-book [Consumable],0,0,,,,,Common,20,1
Manual_Recipe_GreenGlob_1,Recipe: Green Glob,Manuals,Manuals/Singles_Cooking,KEEP-USE,recipe-book,Consumable,recipe-book [Consumable],0,0,,,,,Common,20,1
Manual_Recipe_MatchaCup_1,Recipe: Green Tea,Manuals,Manuals/Singles_Cooking,KEEP-USE,recipe-book,Consumable,recipe-book [Consumable],0,0,,,,,Common,20,1
Manual_Recipe_MatchaGum_1,Recipe: Green Tea Gum,Manuals,Manuals/Singles_Cooking,KEEP-USE,recipe-book,Consumable,recipe-book [Consumable],0,0,,,,,Common,20,1
Manual_Recipe_CactusGrilled_1,Recipe: Grilled Cactus,Manuals,Manuals/Singles_Cooking,KEEP-USE,recipe-book,Consumable,recipe-book [Consumable],0,0,,,,,Common,20,1
Manual_Recipe_HardBread_1,Recipe: Hard Bread,Manuals,Manuals/Singles_Cooking,KEEP-USE,recipe-book,Consumable,recipe-book [Consumable],0,0,,,,,Common,20,1
Manual_Recipe_HealthPotion_3,Recipe: Health Potion,Manuals,Manuals/Singles_Cooking,KEEP-USE,recipe-book,Consumable,recipe-book [Consumable],0,0,,,,,Common,20,1
Manual_Recipe_HolyToast_1,Recipe: Holy Toast,Manuals,Manuals/Singles_Cooking,KEEP-USE,recipe-book,Consumable,recipe-book [Consumable],0,0,,,,,Common,20,1
Manual_Recipe_Hotpot,Recipe: Hot Pot,Manuals,Manuals/Singles_Cooking,KEEP-USE,recipe-book,Consumable,recipe-book [Consumable],0,0,,,,,Common,20,1
Manual_Recipe_Hotpot 2,Recipe: Hot Pot,Manuals,Manuals/Singles_Cooking,KEEP-USE,recipe-book,Consumable,recipe-book [Consumable],0,0,,,,,Common,20,1
Manual_Recipe_Hotpot 3,Recipe: Hot Pot,Manuals,Manuals/Singles_Cooking,KEEP-USE,recipe-book,Consumable,recipe-book [Consumable],0,0,,,,,Common,20,1
Manual_Recipe_Hotpot 4,Recipe: Hot Pot,Manuals,Manuals/Singles_Cooking,KEEP-USE,recipe-book,Consumable,recipe-book [Consumable],0,0,,,,,Common,20,1
Manual_Recipe_HotSnacks_2,Recipe: Hot Snacks,Manuals,Manuals/Singles_Cooking,KEEP-USE,recipe-book,Consumable,recipe-book [Consumable],0,0,,,,,Common,20,1
Manual_Recipe_Jello 1,Recipe: Jello,Manuals,Manuals/Singles_Cooking,KEEP-USE,recipe-book,Consumable,recipe-book [Consumable],0,0,,,,,Common,20,1
Manual_Recipe_SodaJulmust,Recipe: Julmust,Manuals,Manuals/Singles_Cooking,KEEP-USE,recipe-book,Consumable,recipe-book [Consumable],0,0,,,,,Common,20,1
Manual_Recipe_KidneyPie_1,Recipe: Kidney Pie,Manuals,Manuals/Singles_Cooking,KEEP-USE,recipe-book,Consumable,recipe-book [Consumable],0,0,,,,,Common,20,1
Manual_Recipe_KidneyStone_1,Recipe: Kidney Stone,Manuals,Manuals/Singles_Cooking,KEEP-USE,recipe-book,Consumable,recipe-book [Consumable],0,0,,,,,Common,20,1
Manual_Recipe_KidneyStone_2,Recipe: Kidney Stone,Manuals,Manuals/Singles_Cooking,KEEP-USE,recipe-book,Consumable,recipe-book [Consumable],0,0,,,,,Common,20,1
Manual_Recipe_CactusSweet_1,Recipe: Lackerol Cactus,Manuals,Manuals/Singles_Cooking,KEEP-USE,recipe-book,Consumable,recipe-book [Consumable],0,0,,,,,Common,20,1
Manual_Recipe_Leverpastej_1,Recipe: Leverpastej,Manuals,Manuals/Singles_Cooking,KEEP-USE,recipe-book,Consumable,recipe-book [Consumable],0,0,,,,,Common,20,1
Manual_Recipe_Leverpastejsmacka 1,Recipe: Liver Patty Sandwich,Manuals,Manuals/Singles_Cooking,KEEP-USE,recipe-book,Consumable,recipe-book [Consumable],0,0,,,,,Common,20,1
Manual_Recipe_MacNCheese 2,Recipe: Mac''n''Cheese,Manuals,Manuals/Singles_Cooking,KEEP-USE,recipe-book,Consumable,recipe-book [Consumable],0,0,,,,,Common,20,1
Manual_Recipe_Maki_1,Recipe: Maki,Manuals,Manuals/Singles_Cooking,KEEP-USE,recipe-book,Consumable,recipe-book [Consumable],0,0,,,,,Common,20,1
Manual_Recipe_Marshmellow 4,Recipe: Marshmallows,Manuals,Manuals/Singles_Cooking,KEEP-USE,recipe-book,Consumable,recipe-book [Consumable],0,0,,,,,Common,20,1
Manual_Recipe_MashedPotatoes_1,Recipe: Mashed Potatoes,Manuals,Manuals/Singles_Cooking,KEEP-USE,recipe-book,Consumable,recipe-book [Consumable],0,0,,,,,Common,20,1
Manual_Recipe_MeatSkewers_1 1,Recipe: Meat Skewers,Manuals,Manuals/Singles_Cooking,KEEP-USE,recipe-book,Consumable,recipe-book [Consumable],0,0,,,,,Common,20,1
Manual_Recipe_Mochi_1,Recipe: Mochi,Manuals,Manuals/Singles_Cooking,KEEP-USE,recipe-book,Consumable,recipe-book [Consumable],0,0,,,,,Common,20,1
Manual_Recipe_MushroomOmelette_2,Recipe: Mushroom Omelette,Manuals,Manuals/Singles_Cooking,KEEP-USE,recipe-book,Consumable,recipe-book [Consumable],0,0,,,,,Common,20,1
Manual_Recipe_MushroomsSkewer_2,Recipe: Mushroom Skewer,Manuals,Manuals/Singles_Cooking,KEEP-USE,recipe-book,Consumable,recipe-book [Consumable],0,0,,,,,Common,20,1
Manual_Recipe_MushroomSoupBroth_6,Recipe: Mushroom Soup,Manuals,Manuals/Singles_Cooking,KEEP-USE,recipe-book,Consumable,recipe-book [Consumable],0,0,,,,,Common,20,1
Manual_Recipe_MushroomSoup_1 1,Recipe: Mushroom Soup,Manuals,Manuals/Singles_Cooking,KEEP-USE,recipe-book,Consumable,recipe-book [Consumable],0,0,,,,,Common,20,1
Manual_Recipe_MushroomSoup_4,Recipe: Mushroom Soup,Manuals,Manuals/Singles_Cooking,KEEP-USE,recipe-book,Consumable,recipe-book [Consumable],0,0,,,,,Common,20,1
Manual_Recipe_MysteryMeat_2 2,Recipe: Mystery Meat,Manuals,Manuals/Singles_Cooking,KEEP-USE,recipe-book,Consumable,recipe-book [Consumable],0,0,,,,,Common,20,1
Manual_Recipe_MysteryMeat_2 3,Recipe: Mystery Meat,Manuals,Manuals/Singles_Cooking,KEEP-USE,recipe-book,Consumable,recipe-book [Consumable],0,0,,,,,Common,20,1
Manual_Recipe_NashvilleHotChicken 3,Recipe: Nashville Hot Chicken,Manuals,Manuals/Singles_Cooking,KEEP-USE,recipe-book,Consumable,recipe-book [Consumable],0,0,,,,,Common,20,1
Manual_Recipe_Nigiri_1,Recipe: Nigiri,Manuals,Manuals/Singles_Cooking,KEEP-USE,recipe-book,Consumable,recipe-book [Consumable],0,0,,,,,Common,20,1
Manual_Recipe_ChickenNuggets,Recipe: Nuggets,Manuals,Manuals/Singles_Cooking,KEEP-USE,recipe-book,Consumable,recipe-book [Consumable],0,0,,,,,Common,20,1
Manual_Recipe_NutMix_1 1,Recipe: Nut Mix,Manuals,Manuals/Singles_Cooking,KEEP-USE,recipe-book,Consumable,recipe-book [Consumable],0,0,,,,,Common,20,1
Manual_Recipe_NutSpread_5,Recipe: Nut Spread,Manuals,Manuals/Singles_Cooking,KEEP-USE,recipe-book,Consumable,recipe-book [Consumable],0,0,,,,,Common,20,1
Manual_Recipe_OmeletteButter,Recipe: Omelette,Manuals,Manuals/Singles_Cooking,KEEP-USE,recipe-book,Consumable,recipe-book [Consumable],0,0,,,,,Common,20,1
Manual_Recipe_OmeletteCheese_1,Recipe: Omelette,Manuals,Manuals/Singles_Cooking,KEEP-USE,recipe-book,Consumable,recipe-book [Consumable],0,0,,,,,Common,20,1
Manual_Recipe_Omelette_1,Recipe: Omelette,Manuals,Manuals/Singles_Cooking,KEEP-USE,recipe-book,Consumable,recipe-book [Consumable],0,0,,,,,Common,20,1
Manual_Recipe_OnigiriFlesh_1,Recipe: Onigiri,Manuals,Manuals/Singles_Cooking,KEEP-USE,recipe-book,Consumable,recipe-book [Consumable],0,0,,,,,Common,20,1
Manual_Recipe_OnigiriFlesh_5,Recipe: Onigiri,Manuals,Manuals/Singles_Cooking,KEEP-USE,recipe-book,Consumable,recipe-book [Consumable],0,0,,,,,Common,20,1
Manual_Recipe_PeanutButter_2 1,Recipe: Peanut Butter,Manuals,Manuals/Singles_Cooking,KEEP-USE,recipe-book,Consumable,recipe-book [Consumable],0,0,,,,,Common,20,1
Manual_Recipe_PeanutButterJellySandwitch_1,Recipe: Peanutbutter Jelly Sandwich,Manuals,Manuals/Singles_Cooking,KEEP-USE,recipe-book,Consumable,recipe-book [Consumable],0,0,,,,,Common,20,1
Manual_Recipe_PizzaLarge,Recipe: Pizza,Manuals,Manuals/Singles_Cooking,KEEP-USE,recipe-book,Consumable,recipe-book [Consumable],0,0,,,,,Common,20,1
Manual_Recipe_Porridge_1,Recipe: Porridge,Manuals,Manuals/Singles_Cooking,KEEP-USE,recipe-book,Consumable,recipe-book [Consumable],0,0,,,,,Common,20,1
Manual_Recipe_PotatoSalad,Recipe: Potato Salad,Manuals,Manuals/Singles_Cooking,KEEP-USE,recipe-book,Consumable,recipe-book [Consumable],0,0,,,,,Common,20,1
Manual_Recipe_Poutine,Recipe: Poutine,Manuals,Manuals/Singles_Cooking,KEEP-USE,recipe-book,Consumable,recipe-book [Consumable],0,0,,,,,Common,20,1
Manual_Recipe_RiceCakes_2,Recipe: Puffed Rice Cakes,Manuals,Manuals/Singles_Cooking,KEEP-USE,recipe-book,Consumable,recipe-book [Consumable],0,0,,,,,Common,20,1
Manual_Recipe_Pyttipanna,Recipe: Pyttipanna,Manuals,Manuals/Singles_Cooking,KEEP-USE,recipe-book,Consumable,recipe-book [Consumable],0,0,,,,,Common,20,1
Manual_Recipe_Polsa_1,Recipe: Pölsa,Manuals,Manuals/Singles_Cooking,KEEP-USE,recipe-book,Consumable,recipe-book [Consumable],0,0,,,,,Common,20,1
Manual_Recipe_Polsa_10,Recipe: Pölsa,Manuals,Manuals/Singles_Cooking,KEEP-USE,recipe-book,Consumable,recipe-book [Consumable],0,0,,,,,Common,20,1
Manual_Recipe_Raqlette,Recipe: Raclette,Manuals,Manuals/Singles_Cooking,KEEP-USE,recipe-book,Consumable,recipe-book [Consumable],0,0,,,,,Common,20,1
Manual_Recipe_Ramen_2,Recipe: Ramen,Manuals,Manuals/Singles_Cooking,KEEP-USE,recipe-book,Consumable,recipe-book [Consumable],0,0,,,,,Common,20,1
Manual_Recipe_ToriRamen_1,Recipe: Ramen,Manuals,Manuals/Singles_Cooking,KEEP-USE,recipe-book,Consumable,recipe-book [Consumable],0,0,,,,,Common,20,1
Manual_Recipe_Wine_1,Recipe: Red Wine,Manuals,Manuals/Singles_Cooking,KEEP-USE,recipe-book,Consumable,recipe-book [Consumable],0,0,,,,,Common,20,1
Manual_Recipe_RhubarbPie_1,Recipe: Rhubarb Pie,Manuals,Manuals/Singles_Cooking,KEEP-USE,recipe-book,Consumable,recipe-book [Consumable],0,0,,,,,Common,20,1
Manual_Recipe_RhubarbPorridge_1,Recipe: Rhubarb Porridge,Manuals,Manuals/Singles_Cooking,KEEP-USE,recipe-book,Consumable,recipe-book [Consumable],0,0,,,,,Common,20,1
Manual_Recipe_RedsoppPaste,Recipe: Rödsopp Paste,Manuals,Manuals/Singles_Cooking,KEEP-USE,recipe-book,Consumable,recipe-book [Consumable],0,0,,,,,Common,20,1
Manual_Recipe_SaltedSandFish 0,Recipe: Salted Sandfish,Manuals,Manuals/Singles_Cooking,KEEP-USE,recipe-book,Consumable,recipe-book [Consumable],0,0,,,,,Common,20,1
Manual_Recipe_SashimiSandFish_1,Recipe: Sashimi,Manuals,Manuals/Singles_Cooking,KEEP-USE,recipe-book,Consumable,recipe-book [Consumable],0,0,,,,,Common,20,1
Manual_Recipe_Sashimi_1,Recipe: Sashimi,Manuals,Manuals/Singles_Cooking,KEEP-USE,recipe-book,Consumable,recipe-book [Consumable],0,0,,,,,Common,20,1
Manual_Recipe_SausageOnStick 1,Recipe: Sausage On Stick,Manuals,Manuals/Singles_Cooking,KEEP-USE,recipe-book,Consumable,recipe-book [Consumable],0,0,,,,,Common,20,1
Manual_Recipe_Bolognese_1,Recipe: Spaghetti Bolognese,Manuals,Manuals/Singles_Cooking,KEEP-USE,recipe-book,Consumable,recipe-book [Consumable],0,0,,,,,Common,20,1
Manual_Recipe_SpiceMix,Recipe: Spice Mix,Manuals,Manuals/Singles_Cooking,KEEP-USE,recipe-book,Consumable,recipe-book [Consumable],0,0,,,,,Common,20,1
Manual_Recipe_Sausage 3,Recipe: Spicy Sausage,Manuals,Manuals/Singles_Cooking,KEEP-USE,recipe-book,Consumable,recipe-book [Consumable],0,0,,,,,Common,20,1
Manual_Recipe_Sausage 4,Recipe: Spicy Sausage,Manuals,Manuals/Singles_Cooking,KEEP-USE,recipe-book,Consumable,recipe-book [Consumable],0,0,,,,,Common,20,1
Manual_Recipe_Sausage 7,Recipe: Spicy Sausage,Manuals,Manuals/Singles_Cooking,KEEP-USE,recipe-book,Consumable,recipe-book [Consumable],0,0,,,,,Common,20,1
Manual_Recipe_Surstromming 2,Recipe: Surstromming,Manuals,Manuals/Singles_Cooking,KEEP-USE,recipe-book,Consumable,recipe-book [Consumable],0,0,,,,,Common,20,1
Manual_Recipe_Gum_2,Recipe: Sweet Gum,Manuals,Manuals/Singles_Cooking,KEEP-USE,recipe-book,Consumable,recipe-book [Consumable],0,0,,,,,Common,20,1
Manual_Recipe_Gum_3,Recipe: Sweet Gum,Manuals,Manuals/Singles_Cooking,KEEP-USE,recipe-book,Consumable,recipe-book [Consumable],0,0,,,,,Common,20,1
Manual_Recipe_Unagi 1,Recipe: Unagi,Manuals,Manuals/Singles_Cooking,KEEP-USE,recipe-book,Consumable,recipe-book [Consumable],0,0,,,,,Common,20,1
Manual_Recipe_Dammsugare,Recipe: Vacuum Cleaner,Manuals,Manuals/Singles_Cooking,KEEP-USE,recipe-book,Consumable,recipe-book [Consumable],0,0,,,,,Common,20,1
Manual_RobotCooking,Robot Cooking,Manuals,Manuals/Collections,KEEP-USE,recipe-book,Consumable,recipe-book [Consumable],0,0,,,,,Epic,30000,1
Manual_CookingSewers,Sewers cooking,Manuals,Manuals/Collections,KEEP-USE,recipe-book,Consumable,recipe-book [Consumable],0,0,,,,,Rare,15000,1
Item_AssWheel,AssWheel,Passives,Passives/DesertPassives,KEEP-USE,passive,Equippable,passive [Equippable],0,0,,,,,Epic,9000,1
Item_Darklamp,Dark Lamp,Passives,Passives/DesertPassives,KEEP-USE,passive,Equippable,passive [Equippable],0,0,,,,,Epic,10000,1
Item_DetectivePipe,Detective Pipe,Passives,Passives/DesertPassives,KEEP-USE,passive,Equippable,passive [Equippable],0,0,,,,,Epic,15000,1
Item_DogWhistle,Dog Whistle,Passives,Passives/DesertPassives,KEEP-USE,passive,Equippable,passive [Equippable],0,0,,,,,Epic,10000,1
Item_Dogtags,Dogtags,Passives,Passives,KEEP-USE,passive,Equippable,passive [Equippable],0,0,,,,,Epic,1450,1
Item_ExtraLung,Extra Lung,Passives,Passives,KEEP-USE,passive,Equippable,passive [Equippable],0,0,,,,,Uncommon,500,1
Item_FourLeafClover,Four-leaf Clover,Passives,Passives,KEEP-USE,passive,Equippable,passive [Equippable],0,0,,,,,Epic,1450,1
Item_InstantDefibrilator,Instant Defibrilator,Passives,Passives/DesertPassives,KEEP-USE,passive,Equippable,passive [Equippable],0,0,,,,,Epic,10000,1
Item_IronFeather,Iron Feather,Passives,Passives/DesertPassives,KEEP-USE,passive,Equippable,passive [Equippable],0,0,,,,,Epic,3000,1
Item_LibraryCard,Library Card,Passives,Passives/DesertPassives,KEEP-USE,passive,Equippable,passive [Equippable],0,0,,,,,Epic,4000,1
Item_LoadedDice,Loaded Dice,Passives,Passives/DesertPassives,KEEP-USE,passive,Equippable,passive [Equippable],0,0,,,,,Epic,15000,1
Item_LockOfTheMagus,Lock Of The Magus,Passives,Passives/DesertPassives,KEEP-USE,passive,Equippable,passive [Equippable],0,0,,,,,Epic,7000,1
Item_MetabulatorPump,Metabulator Pump,Passives,Passives/DesertPassives,KEEP-USE,passive,Equippable,passive [Equippable],0,0,,,,,Epic,8000,1
Item_ScubaTank,Oxygen Tank,Passives,Passives,KEEP-USE,passive,Equippable,passive [Equippable],0,0,,,,,Epic,1450,1
Item_RangeFinder,Range Finder,Passives,Passives/DesertPassives,KEEP-USE,passive,Equippable,passive [Equippable],0,0,,,,,Epic,1450,1
Item_SheriffBadge,Sheriff's Badge,Passives,Passives,KEEP-USE,passive,Equippable,passive [Equippable],0,0,,,,,Epic,1450,1
Item_YaketySax,Yakety Sax,Passives,Passives/DesertPassives,KEEP-USE,passive,Equippable,passive [Equippable],0,0,,,,,Epic,1200,1
Item_Amulet,Amulet,Specials,Specials,KEEP-USE,special,Equippable,special [Equippable],0,0,,,,,Legendary,0,0
Item_HauklandMembershipCard,Haukland Membership Card,Specials,Specials,KEEP-USE,special,None,special,0,0,,,,,Rare,1,0
Item_BaptismalFont,Baptismal Font,Storage,Storage,KEEP-USE,backpack,Storage,backpack [Storage],0,0,,,,,Legendary,10,0
Item_BulkAmmoBox,Bulk Ammo Box,Storage,Storage,KEEP-USE,backpack,Storage,backpack [Storage],0,0,,,,,Legendary,10,0
Item_Painting3,Cherry Wood Wall Frame,Storage,Storage,KEEP-USE,backpack,Storage,backpack [Storage],0,0,,,,,Legendary,5,0
Item_ChestOfDrawers,Chest of Drawers,Storage,Storage,KEEP-USE,backpack,Storage,backpack [Storage],0,0,,,,,Epic,10,0
Item_Chrismatory,Chrismatory,Storage,Storage,KEEP-USE,backpack,Storage,backpack [Storage],0,0,,,,,Legendary,30,0
Item_ChristmatoryRefresh,Chrismatory Cost Reset,Storage,Storage,KEEP-USE,backpack,Storage,backpack [Storage],0,0,,,,,Legendary,32000,1
Item_Coffin,Coffin,Storage,Storage,KEEP-USE,backpack,Storage,backpack [Storage],0,0,,,,,Legendary,20,0
Item_DeliveryDemon,Delivery Demon,Storage,Storage,KEEP-USE,backpack,Storage,backpack [Storage],0,0,,,,,Legendary,35,1
Item_DeliveryDemonRefresh,Delivery Demon Cost Reset,Storage,Storage,KEEP-USE,backpack,Storage,backpack [Storage],0,0,,,,,Legendary,32000,1
Item_GunCabinet,Gun Cabinet,Storage,Storage,KEEP-USE,backpack,Storage,backpack [Storage],0,0,,,,,Legendary,25,0
Item_HolorealityProjector,Holoreality Projector,Storage,Storage,KEEP-USE,backpack,Storage,backpack [Storage],0,0,,,,,Legendary,50,0
Item_WallMount0,Left Wall Mount,Storage,Storage,KEEP-USE,backpack,Storage,backpack [Storage],0,0,,,,,Legendary,10,0
Item_Painting4,Luxurious Wall Frame,Storage,Storage,KEEP-USE,backpack,Storage,backpack [Storage],0,0,,,,,Legendary,5,0
Item_WallMount1,Middle Wall Mount,Storage,Storage,KEEP-USE,backpack,Storage,backpack [Storage],0,0,,,,,Legendary,10,0
Item_Refrigerator,Refrigerator,Storage,Storage,KEEP-USE,backpack,Storage,backpack [Storage],0,0,,,,,Epic,10,0
Item_WallMount2,Right Wall Mount,Storage,Storage,KEEP-USE,backpack,Storage,backpack [Storage],0,0,,,,,Legendary,10,0
Item_Safe,Safe,Storage,Storage,KEEP-USE,backpack,Storage,backpack [Storage],0,0,,,,,Legendary,10,0
Item_Painting1,Small Golden Wall Frame,Storage,Storage,KEEP-USE,backpack,Storage,backpack [Storage],0,0,,,,,Legendary,5,0
Item_SnakeBasket,Snake Basket,Storage,Storage,KEEP-USE,backpack,Storage,backpack [Storage],0,0,,,,,Legendary,10,0
Item_Suitcase,Suitcase,Storage,Storage,KEEP-USE,backpack,Storage,backpack [Storage],0,0,,,,,Epic,10,0
Item_TargetDummy,Target Dummy,Storage,Storage,KEEP-USE,backpack,Storage,backpack [Storage],0,0,,,,,Legendary,30,0
Item_Toilet,Toilet,Storage,Storage,KEEP-USE,backpack,Storage,backpack [Storage],0,0,,,,,Legendary,18,0
Item_Wardrobe,Wardrobe,Storage,Storage,KEEP-USE,backpack,Storage,backpack [Storage],0,0,,,,,Legendary,20,0
Item_WeaponRack0,Weapon Rack,Storage,Storage,KEEP-USE,backpack,Storage,backpack [Storage],0,0,,,,,Epic,30,0
Item_WeaponRack1,Weapon Rack,Storage,Storage,KEEP-USE,backpack,Storage,backpack [Storage],0,0,,,,,Epic,30,0
Item_WeaponRack2,Weapon Rack,Storage,Storage,KEEP-USE,backpack,Storage,backpack [Storage],0,0,,,,,Epic,30,0
Item_Painting2,Withered Wood Wall Frame,Storage,Storage,KEEP-USE,backpack,Storage,backpack [Storage],0,0,,,,,Legendary,5,0
ValuableDiamondRing,Diamond Ring,Valuables,Valuables,KEEP-USE,effect,Equippable,effect [Equippable],0,0,,,,,Common,6000,1
ValuableFancyWatch,Fancy Watch,Valuables,Valuables,KEEP-USE,effect,Equippable,effect [Equippable],0,0,,,,,Common,6000,1
ValuableGoldChain,Gold Chain,Valuables,Valuables,KEEP-USE,effect,Equippable,effect [Equippable],0,0,,,,,Common,2300,1
Weapon_Balthazar,.357 Balthazar,Weapons,Weapons,KEEP-USE,weapon,Equippable,weapon [Equippable],0,0,,,,,Epic,3200,1
Weapon_Mario,1884 Mario,Weapons,Weapons,KEEP-USE,weapon,Equippable,weapon [Equippable],0,0,,,,,Common,1200,1
Weapon_Arbiter2,Arbiter 2,Weapons,Weapons,KEEP-USE,weapon,Equippable,weapon [Equippable],0,0,,,,,Common,600,1
Weapon_Augusta,Augusta,Weapons,Weapons,KEEP-USE,weapon,Equippable,weapon [Equippable],0,0,,,,,Rare,3000,1
Weapon_Beck,Beck 8,Weapons,Weapons,KEEP-USE,weapon,Equippable,weapon [Equippable],0,0,,,,,Uncommon,1800,1
Weapon_Blackwater,Blackwater,Weapons,Weapons,KEEP-USE,weapon,Equippable,weapon [Equippable],0,0,,,,,Epic,3200,1
Weapon_Bo,Bo,Weapons,Weapons,KEEP-USE,weapon,Equippable,weapon [Equippable],0,0,,,,,Common,4000,1
Weapon_Breacher8,Breacher 8,Weapons,Weapons,KEEP-USE,weapon,Equippable,weapon [Equippable],0,0,,,,,Rare,1900,1
Weapon_Bronco,Bronco 89,Weapons,Weapons,KEEP-USE,weapon,Equippable,weapon [Equippable],0,0,,,,,Uncommon,1500,1
Weapon_CYB47,CYB47,Weapons,Weapons,KEEP-USE,weapon,Equippable,weapon [Equippable],0,0,,,,,Rare,4500,1
Weapon_Catacoil,Catacoil Rapid X,Weapons,Weapons,KEEP-USE,weapon,Equippable,weapon [Equippable],0,0,,,,,Epic,8000,1
Weapon_Cavalier,Cavalier,Weapons,Weapons,KEEP-USE,weapon,Equippable,weapon [Equippable],0,0,,,,,Uncommon,4000,1
Weapon_Chat-Pardeur98,Chat-Pardeur 98,Weapons,Weapons,KEEP-USE,weapon,Equippable,weapon [Equippable],0,0,,,,,Epic,3500,1
Weapon_ChimeraRapid,Chimera Rapid,Weapons,Weapons,KEEP-USE,weapon,Equippable,weapon [Equippable],0,0,,,,,Rare,4000,1
Weapon_Corpsemaker,Corpsemaker,Weapons,Weapons,KEEP-USE,weapon,Equippable,weapon [Equippable],0,0,,,,,Rare,4000,1
Weapon_CryoGrenade,Cryogenic Grenade,Weapons,Weapons,KEEP-USE,weapon,Equippable,weapon [Equippable],0,0,,,,,Common,150,1
Weapon_D4RT,D4RT,Weapons,Weapons,KEEP-USE,weapon,Equippable,weapon [Equippable],0,0,,,,,Epic,3200,1
Weapon_DeathStar,Death Star,Weapons,Weapons,KEEP-USE,weapon,Equippable,weapon [Equippable],0,0,,,,,Epic,3200,1
Weapon_DeathsToll,Death's Toll,Weapons,Weapons,KEEP-USE,weapon,Equippable,weapon [Equippable],0,0,,,,,Epic,7000,1
Weapon_Dolphin99,Dolphin 99,Weapons,Weapons,KEEP-USE,weapon,Equippable,weapon [Equippable],0,0,,,,,Uncommon,3200,1
Weapon_Drifter9,Drifter 9,Weapons,Weapons,KEEP-USE,weapon,Equippable,weapon [Equippable],0,0,,,,,Common,500,1
Weapon_Duhar,Duhar,Weapons,Weapons,KEEP-USE,weapon,Equippable,weapon [Equippable],0,0,,,,,Rare,8000,1
Weapon_Dynamite,Dynamite,Weapons,Weapons,KEEP-USE,weapon,Equippable,weapon [Equippable],0,0,,,,,Uncommon,200,1
Weapon_Farsight,Farsight,Weapons,Weapons,KEEP-USE,weapon,Equippable,weapon [Equippable],0,0,,,,,Epic,5500,1
Weapon_Ferryman,Ferryman,Weapons,Weapons,KEEP-USE,weapon,Equippable,weapon [Equippable],0,0,,,,,Rare,9000,1
Weapon_FlickerZip,Flicker Zip,Weapons,Weapons,KEEP-USE,weapon,Equippable,weapon [Equippable],0,0,,,,,Rare,2000,1
Weapon_Flock,Flock,Weapons,Weapons,KEEP-USE,weapon,Equippable,weapon [Equippable],0,0,,,,,Rare,3500,1
Weapon_Gravekeeper,Gravekeeper,Weapons,Weapons,KEEP-USE,weapon,Equippable,weapon [Equippable],0,0,,,,,Common,1000,1
Weapon_HellnBack,HellnBack,Weapons,Weapons,KEEP-USE,weapon,Equippable,weapon [Equippable],0,0,,,,,Rare,3000,1
Weapon_ImpalaGravita,Impala Gravita,Weapons,Weapons,KEEP-USE,weapon,Equippable,weapon [Equippable],0,0,,,,,Rare,3200,1
Weapon_PoisonGrenade,Jar of Poison,Weapons,Weapons,KEEP-USE,weapon,Equippable,weapon [Equippable],0,0,,,,,Common,100,1
Weapon_JarOfLove,Jar of love notes,Weapons,Weapons,KEEP-USE,weapon,Equippable,weapon [Equippable],0,0,,,,,Common,100,1
Weapon_Katana,Katana,Weapons,Weapons,KEEP-USE,weapon,Equippable,weapon [Equippable],0,0,,,,,Common,4200,1
Weapon_KleinBauer,Klein Bauer,Weapons,Weapons,KEEP-USE,weapon,Equippable,weapon [Equippable],0,0,,,,,Epic,4000,1
Weapon_Knop,Knop .22,Weapons,Weapons,KEEP-USE,weapon,Equippable,weapon [Equippable],0,0,,,,,Common,1500,1
Weapon_Longboy,Longboy,Weapons,Weapons,KEEP-USE,weapon,Equippable,weapon [Equippable],0,0,,,,,Uncommon,9000,1
Weapon_M11Ramshack,M11A2 Fisk,Weapons,Weapons,KEEP-USE,weapon,Equippable,weapon [Equippable],0,0,,,,,Epic,7700,1
Weapon_PierreFusil,M182 Pierre-Fusil,Weapons,Weapons,KEEP-USE,weapon,Equippable,weapon [Equippable],0,0,,,,,Uncommon,5000,1
Weapon_Termite,M3 Termite,Weapons,Weapons,KEEP-USE,weapon,Equippable,weapon [Equippable],0,0,,,,,Uncommon,1400,1
Weapon_Majordome,Majordome,Weapons,Weapons,KEEP-USE,weapon,Equippable,weapon [Equippable],0,0,,,,,Rare,8000,1
Weapon_MolotovCocktail,Molotov Cocktail,Weapons,Weapons,KEEP-USE,weapon,Equippable,weapon [Equippable],0,0,,,,,Common,100,1
Weapon_Mossman,Mossman,Weapons,Weapons,KEEP-USE,weapon,Equippable,weapon [Equippable],0,0,,,,,Uncommon,1500,1
Weapon_Mowlock,Mowlock,Weapons,Weapons,KEEP-USE,weapon,Equippable,weapon [Equippable],0,0,,,,,Rare,2200,1
Weapon_NeuraxisF22,Neuraxis F22,Weapons,Weapons,KEEP-USE,weapon,Equippable,weapon [Equippable],0,0,,,,,Legendary,5000,1
Weapon_LilyOfTheNight,Nightlily,Weapons,Weapons,KEEP-USE,weapon,Equippable,weapon [Equippable],0,0,,,,,Rare,9000,1
Weapon_Nunchaku,Nunchaku,Weapons,Weapons,KEEP-USE,weapon,Equippable,weapon [Equippable],0,0,,,,,Common,3500,1
Weapon_Dirk,P38 Dirk,Weapons,Weapons,KEEP-USE,weapon,Equippable,weapon [Equippable],0,0,,,,,Common,1,1
Weapon_PalehorseTopclipper,Palehorse Topclipper,Weapons,Weapons,KEEP-USE,weapon,Equippable,weapon [Equippable],0,0,,,,,Epic,3000,1
Weapon_PineappleGrenade,Pineapple Grenade,Weapons,Weapons,KEEP-USE,weapon,Equippable,weapon [Equippable],0,0,,,,,Common,200,1
Weapon_PloikaC,Ploika Compact,Weapons,Weapons,KEEP-USE,weapon,Equippable,weapon [Equippable],0,0,,,,,Common,910,1
Weapon_ProximityMine,Proximity Mine,Weapons,Weapons,KEEP-USE,weapon,Equippable,weapon [Equippable],0,0,,,,,Rare,400,1
Weapon_Rektor,Rektor 100rd,Weapons,Weapons,KEEP-USE,weapon,Equippable,weapon [Equippable],0,0,,,,,Legendary,8000,1
Weapon_Rokua,Rokua .308,Weapons,Weapons,KEEP-USE,weapon,Equippable,weapon [Equippable],0,0,,,,,Legendary,7000,1
Weapon_Sai,Sai,Weapons,Weapons,KEEP-USE,weapon,Equippable,weapon [Equippable],0,0,,,,,Common,3800,1
Weapon_Salamander,Salamander,Weapons,Weapons,KEEP-USE,weapon,Equippable,weapon [Equippable],0,0,,,,,Rare,5000,1
Weapon_Snowball,Snowball,Weapons,Weapons,KEEP-USE,weapon,Equippable,weapon [Equippable],0,0,,,,,Common,50,0
Weapon_Snut38,Snut .38,Weapons,Weapons,KEEP-USE,weapon,Equippable,weapon [Equippable],0,0,,,,,Common,500,1
Weapon_Socom9,Socom 9,Weapons,Weapons,KEEP-USE,weapon,Equippable,weapon [Equippable],0,0,,,,,Rare,1900,1
Weapon_SocomACR,Socom ACR,Weapons,Weapons,KEEP-USE,weapon,Equippable,weapon [Equippable],0,0,,,,,Common,3500,1
Weapon_Songbird,Songbird,Weapons,Weapons,KEEP-USE,weapon,Equippable,weapon [Equippable],0,0,,,,,Common,6500,1
Weapon_StarAndWitness,Star & Witness,Weapons,Weapons,KEEP-USE,weapon,Equippable,weapon [Equippable],0,0,,,,,Rare,2500,1
Weapon_SulfurGrenade,Sulfur Grenade,Weapons,Weapons,KEEP-USE,weapon,Equippable,weapon [Equippable],0,0,,,,,Common,50,1
Weapon_TailorMarksman,TailorMarksman,Weapons,Weapons,KEEP-USE,weapon,Equippable,weapon [Equippable],0,0,,,,,Uncommon,3500,1
Weapon_TerrierURB,Terrier URB,Weapons,Weapons,KEEP-USE,weapon,Equippable,weapon [Equippable],0,0,,,,,Common,3000,1
Weapon_ThrowingKnives,Throwing Knives,Weapons,Weapons,KEEP-USE,weapon,Equippable,weapon [Equippable],0,0,,,,,Common,50,1
Weapon_Typhoon,Type 80 Typhoon,Weapons,Weapons,KEEP-USE,weapon,Equippable,weapon [Equippable],0,0,,,,,Epic,5000,1
Weapon_Unknown,Unknown,Weapons,Weapons,KEEP-USE,weapon,Equippable,weapon [Equippable],0,0,,,,,Rare,2400,1
Weapon_Valet,Valet,Weapons,Weapons,KEEP-USE,weapon,Equippable,weapon [Equippable],0,0,,,,,Rare,4800,1
Weapon_Vrede,Vrede,Weapons,Weapons,KEEP-USE,weapon,Equippable,weapon [Equippable],0,0,,,,,Rare,3000,1
Weapon_Wakizashi,Wakizashi,Weapons,Weapons,KEEP-USE,weapon,Equippable,weapon [Equippable],0,0,,,,,Common,1,1
Weapon_Warpig,Warpig,Weapons,Weapons,KEEP-USE,weapon,Equippable,weapon [Equippable],0,0,,,,,Epic,7000,1
Weapon_Wingman,Wingman,Weapons,Weapons,KEEP-USE,weapon,Equippable,weapon [Equippable],0,0,,,,,Rare,6000,1
Weapon_WyattPulsar,Wyatt PULSAR,Weapons,Weapons,KEEP-USE,weapon,Equippable,weapon [Equippable],0,0,,,,,Rare,2000,1
Item_AddBanish,Additional Banish for Endless,Abstract,Abstract,META,consumable,Consumable,endless-mode meta upgrade (not a physical pickup),0,0,,,,,Legendary,2,0
Item_AddChoiceDraw,Additional Choice Draw for Endless,Abstract,Abstract,META,consumable,Consumable,endless-mode meta upgrade (not a physical pickup),0,0,,,,,Legendary,20,0
Item_AddReroll,Additional Re-roll for Endless,Abstract,Abstract,META,consumable,Consumable,endless-mode meta upgrade (not a physical pickup),0,0,,,,,Legendary,5,0
Item_Mutagen,Mutagen Bottle,Consumables,Consumables/Other,SELL,,None,vendor value ~4000 (no other use),0,0,,,,,Common,4000,1
ValuableCarStereo,Car Stereo,Valuables,Valuables,SELL,,None,vendor value ~1600 (no other use),0,0,,,,,Common,1600,1
ValuableCrawGuano,Craw Guano,Valuables,Valuables,SELL,,None,vendor value ~1600 (no other use),0,0,,,,,Common,1600,1
ValuableDVDPlayer,DVD Player,Valuables,Valuables,SELL,,None,vendor value ~2400 (no other use),0,0,,,,,Common,2400,1
ValuableDriversLicense,Driving License,Valuables,Valuables,SELL,,None,vendor value ~1000 (no other use),0,0,,,,,Common,1000,1
ValuableFamousPainting,Famous Painting,Valuables,Valuables,SELL,,None,vendor value ~16000 (no other use),0,0,,,,,Common,16000,1
ValuableFineChina,Fine China,Valuables,Valuables,SELL,,None,vendor value ~3500 (no other use),0,0,,,,,Common,3500,1
ValuableFlatscreenTV,Flatscreen TV,Valuables,Valuables,SELL,,None,vendor value ~14000 (no other use),0,0,,,,,Common,14000,1
ValuableGamingLaptop,Gaming Laptop,Valuables,Valuables,SELL,,None,vendor value ~4000 (no other use),0,0,,,,,Common,4000,1
ValuableGoldenFigurine,Golden Figurine,Valuables,Valuables,SELL,,None,vendor value ~5000 (no other use),0,0,,,,,Common,5000,1
ValuableGoldenTicket,Golden Ticket,Valuables,Valuables,SELL,,None,vendor value ~10000 (no other use),0,0,,,,,Common,10000,1
ValuableMP3Player,MP3 Player,Valuables,Valuables,SELL,,None,vendor value ~1100 (no other use),0,0,,,,,Common,1100,1
ValuableMinidisc,Minidisc,Valuables,Valuables,SELL,,None,vendor value ~1500 (no other use),0,0,,,,,Common,1500,1
ValuableOldVintage,Old Vintage,Valuables,Valuables,SELL,,None,vendor value ~3800 (no other use),0,0,,,,,Common,3800,1
ValuableOrnamentalVase,Ornamental Vase,Valuables,Valuables,SELL,,None,vendor value ~4000 (no other use),0,0,,,,,Common,4000,1
ValuablePokerChips,Poker Chips,Valuables,Valuables,SELL,,None,vendor value ~800 (no other use),0,0,,,,,Common,800,1
ValuableQuaintLittleSpoon,Quaint Little Spoon,Valuables,Valuables,SELL,,None,vendor value ~800 (no other use),0,0,,,,,Common,800,1
ValuableShavwaSoap,Shav'Wa Soap,Valuables,Valuables,SELL,,None,vendor value ~1000 (no other use),0,0,,,,,Common,1000,1
ValuableSmartphone,Smartphone,Valuables,Valuables,SELL,,None,vendor value ~2000 (no other use),0,0,,,,,Common,2000,1
ValuableSoulResin,Soul Resin,Valuables,Valuables,SELL,,None,vendor value ~900 (no other use),0,0,,,,,Common,900,1
ValuableTheCost,The Cost,Valuables,Valuables,SELL,,None,vendor value ~800 (no other use),0,0,,,,,Common,800,1
Item_BananaPeel,Banana,Misc,Misc,SELL-LOW,,None,minor vendor value ~10,0,0,,,,,Common,10,1
Item_CrawEye,Craw eye,Organs,Organs/Craw,SELL-LOW,,None,minor vendor value ~50,0,0,,,,,Common,50,1
Item_CultistHeart,Cultist heart,Organs,Organs/Cultist,SELL-LOW,,None,minor vendor value ~150,0,0,,,,,Common,150,1
Item_GoblinEye,Goblin eye,Organs,Organs/Goblin,SELL-LOW,,None,minor vendor value ~30,0,0,,,,,Common,30,1
Item_ShrewEye,Hellshrew eye,Organs,Organs/Shrew,SELL-LOW,,None,minor vendor value ~40,0,0,,,,,Common,40,1
Item_HumanEye,Human eye,Organs,Organs/Human,SELL-LOW,,None,minor vendor value ~120,0,0,,,,,Common,120,1
Item_RobotBrain,Robot brain,Organs,Organs/Robot,SELL-LOW,,None,minor vendor value ~500,0,0,,,,,Common,500,1
Item_RobotControlUnit,Robot control unit,Organs,Organs/Robot,SELL-LOW,,None,minor vendor value ~250,0,0,,,,,Common,250,1
Item_RobotEye,Robot eye,Organs,Organs/Robot,SELL-LOW,,None,minor vendor value ~170,0,0,,,,,Common,170,1
Item_RobotFlesh,Robot flesh,Organs,Organs/Robot,SELL-LOW,,None,minor vendor value ~125,0,0,,,,,Common,125,1
Item_RobotHeart,Robot heart,Organs,Organs/Robot,SELL-LOW,,None,minor vendor value ~350,0,0,,,,,Common,350,1
Item_LizardEye,Shav'Wa eye,Organs,Organs/Lizard,SELL-LOW,,None,minor vendor value ~35,0,0,,,,,Common,35,1
