name,type_name,output_name,output_display,qty_created,craftable,num_inputs,inputs_readable,inputs_raw
Recipe_Enchantment_ChainLightning,enchantment,Enchantment_ChainLightning,Scroll of Chain Lightning,1,1,1,Scroll of Surge x2,123:2
Recipe_Enchantment_ChaosStrike,enchantment,Enchantment_ChaosStrike,Scroll of Chaos Strike,1,1,2,Scroll of Surge x1; Scroll of Dark x1,123:1;103:1
Recipe_Enchantment_FlameThrower,enchantment,Enchantment_FlameThrower,Scroll Of Flame Thrower,1,1,2,Scroll of Embers x1; Scroll of Dark x1,136:1;103:1
Recipe_Enchantment_HolyFire,enchantment,Enchantment_HolyFire,Scroll of Holy Fire,1,1,2,Scroll of Light x1; Scroll of Embers x1,188:1;136:1
Recipe_Enchantment_HolyPurge,enchantment,Enchantment_HolyPurge,Scroll of Holy Purge,1,1,1,Scroll of Light x2,188:2
Recipe_Enchantment_Pesticide,enchantment,Enchantment_Pesticide,Scroll of Pesticide,1,1,2,Scroll of Water x1; Scroll of Plague x1,319:1;223:1
Recipe_Enchantment_Prism,enchantment,Enchantment_Prism,Scroll of Prism,1,1,2,Scroll of Light x1; Scroll of Frostbite x1,188:1;147:1
Recipe_Enchantment_Sacrifice,enchantment,Enchantment_Sacrifice,Scroll of Sacrifice,1,1,2,Scroll of Earth x1; Scroll of Dark x1,120:1;103:1
Recipe_Enchantment_Slush,enchantment,Enchantment_Slush,Scroll of Slush,1,1,2,Scroll of Water x1; Scroll of Frostbite x1,319:1;147:1
Recipe_Enchantment_ToxicLobotomy,enchantment,Enchantment_ToxicLobotomy,Scroll of Toxic Lobotomy,1,1,2,Scroll of Surge x1; Scroll of Plague x1,123:1;223:1
Recipe_Enchantment_Aftershock,enchantment,Enchantment_Aftershock,Scroll of Aftershock,1,1,1,Scroll of Earth x2,120:2
Recipe_Enchantment_Charm,enchantment,Enchantment_Charm,Scroll of Charm,1,1,2,Scroll of Light x1; Scroll of Nature x1,188:1;203:1
Recipe_Enchantment_CorpseExplosion,enchantment,Enchantment_CorpseExplosion,Scroll of Corpse Explosion,1,1,2,Scroll of Embers x1; Scroll of Plague x1,136:1;223:1
Recipe_Enchantment_CorrosiveBlood,enchantment,Enchantment_CorrosiveBlood,Scroll of Poison Blood,1,1,1,Scroll of Plague x2,223:2
Recipe_Enchantment_Crusader,enchantment,Enchantment_Crusader,Scroll of Crusader,1,1,2,Scroll of Plague x1; Scroll of Light x1,223:1;188:1
Recipe_Enchantment_Fear,enchantment,Enchantment_Fear,Scroll of Fear,1,1,2,Scroll of Dark x1; Scroll of Nature x1,103:1;203:1
Recipe_Enchantment_Lava,enchantment,Enchantment_Lava,Scroll of Lava,1,1,2,Scroll of Earth x1; Scroll of Embers x1,120:1;136:1
Recipe_Enchantment_LeastRestistance,enchantment,Enchantment_LeastResistance,Scroll of Least Resistance,1,1,2,Scroll of Nature x1; Scroll of Surge x1,203:1;123:1
Recipe_Enchantment_Noxiosa,enchantment,Enchantment_Noxiosa,Scroll of Noxiosa,1,1,2,Scroll of Plague x1; Scroll of Earth x1,223:1;120:1
Recipe_Enchantment_Oil,enchantment,Enchantment_Petroleum,Scroll of Petroleum,1,1,2,Scroll of Nature x1; Scroll of Embers x1,203:1;136:1
Recipe_Enchantment_Petrification,enchantment,Enchantment_Petrification,Scroll of Petrification,1,1,2,Scroll of Nature x1; Scroll of Earth x1,203:1;120:1
Recipe_Enchantment_Pyroclasm,enchantment,Enchantment_Pyroclasm,Scroll of Explosions,1,1,1,Scroll of Embers x2,136:2
Recipe_Enchantment_RocketLauncher,enchantment,Enchantment_RocketLauncher,Scroll of Rocket Launcher,1,1,2,Scroll of Embers x1; Scroll of Surge x1,136:1;123:1
Recipe_Enchantment_StormSurge,enchantment,Enchantment_StormSurge,Scroll of Storm Surge,1,1,2,Scroll of Earth x1; Scroll of Surge x1,120:1;123:1
Recipe_Enchantment_ThunderBolt,enchantment,Enchantment_Thunderbolt,Scroll of Thunderbolt,1,1,2,Scroll of Water x1; Scroll of Surge x1,319:1;123:1
Recipe_Enchantment_Voodoo,enchantment,Enchantment_Voodoo,Scroll of Voodoo,1,1,2,Scroll of Dark x1; Scroll of Plague x1,103:1;223:1
Recipe_Enchantment_Water,enchantment,Enchantment_Water,Scroll of Water,1,1,2,Scroll of Embers x1; Scroll of Frostbite x1,136:1;147:1
Recipe_Aspic 1,cooking,Item_Aspic,Aspic,1,1,2,Mystery Meat x1; Fatberg Chunk x1,576:1;448:1
Recipe_Aspic 2,cooking,Item_Aspic,Aspic,3,1,2,Mystery Meat x2; Fatberg Chunk x1,576:2;448:1
Recipe_Aspic 3,cooking,Item_Aspic,Aspic,2,1,2,Mystery Meat x1; Fatberg Chunk x2,576:1;448:2
Recipe_Aspic,cooking,Item_Aspic,Aspic,1,1,2,Mystery Meat x1; Jello x1,576:1;514:1
Recipe_BananaSulfs 1,cooking,Item_BananaSulfs,Banana Sulfs,3,1,2,Banana x2; Sugar x1,336:2;708:1
Recipe_BananaSulfs 2,cooking,Item_BananaSulfs,Banana Sulfs,3,1,2,Banana x1; Sugar x2,336:1;708:2
Recipe_BananaSulfs 3,cooking,Item_BananaSulfs,Banana Sulfs,5,1,2,Banana x2; Sugar x2,336:2;708:2
Recipe_BananaSulfs 4,cooking,Item_BananaSulfs,Banana Sulfs,5,1,3,Banana x1; Sugar x1; Solution x1,336:1;708:1;695:1
Recipe_BananaSulfs 5,cooking,Item_BananaSulfs,Banana Sulfs,7,1,3,Banana x2; Sugar x1; Solution x1,336:2;708:1;695:1
Recipe_BananaSulfs 6,cooking,Item_BananaSulfs,Banana Sulfs,7,1,3,Banana x1; Sugar x2; Solution x2,336:1;708:2;695:2
Recipe_BananaSulfs 7,cooking,Item_BananaSulfs,Banana Sulfs,9,1,3,Banana x2; Sugar x2; Solution x2,336:2;708:2;695:2
Recipe_BananaSulfs 8,cooking,Item_BananaSulfs,Banana Sulfs,7,1,3,Banana x1; Sugar x2; Solution x1,336:1;708:2;695:1
Recipe_BananaSulfs 9,cooking,Item_BananaSulfs,Banana Sulfs,7,1,3,Banana x1; Sugar x1; Solution x2,336:1;708:1;695:2
Recipe_BananaSulfs 10,cooking,Item_BananaSulfs,Banana Sulfs,8,1,3,Banana x2; Sugar x2; Solution x1,336:2;708:2;695:1
Recipe_BananaSulfs 11,cooking,Item_BananaSulfs,Banana Sulfs,8,1,3,Banana x2; Sugar x1; Solution x2,336:2;708:1;695:2
Recipe_BananaSulfs 12,cooking,Item_BananaSulfs,Banana Sulfs,2,1,2,Banana x1; Solution x1,336:1;695:1
Recipe_BananaSulfs 13,cooking,Item_BananaSulfs,Banana Sulfs,3,1,2,Banana x2; Solution x1,336:2;695:1
Recipe_BananaSulfs 14,cooking,Item_BananaSulfs,Banana Sulfs,3,1,2,Banana x1; Solution x2,336:1;695:2
Recipe_BananaSulfs 15,cooking,Item_BananaSulfs,Banana Sulfs,5,1,2,Banana x2; Solution x2,336:2;695:2
Recipe_BananaSulfs,cooking,Item_BananaSulfs,Banana Sulfs,2,1,2,Banana x1; Sugar x1,336:1;708:1
Recipe_BarkBread 1,cooking,Item_BarkBread,Bark bread,1,1,2,Bark x1; Holy Water x1,342:1;497:1
Recipe_BarkBread 2,cooking,Item_BarkBread,Bark bread,1,1,2,Bark x1; Bottled Water x1,342:1;564:1
Recipe_BarkBread 3,cooking,Item_BarkBread,Bark bread,1,1,2,Bark x1; Slurf x1,342:1;694:1
Recipe_BarkBread 4,cooking,Item_BarkBread,Bark bread,1,1,2,Bark x1; Skimmed Milk x1,342:1;558:1
Recipe_BarkBread 5,cooking,Item_BarkBread,Bark bread,1,1,2,Bark x1; Buttermilk x1,342:1;559:1
Recipe_BarkBread 6,cooking,Item_BarkBread,Bark bread,1,1,2,Bark x1; Low Fat Milk x1,342:1;560:1
Recipe_BarkBread 7,cooking,Item_BarkBread,Bark bread,1,1,2,Bark x1; Whole Milk x1,342:1;561:1
Recipe_BarkBread 8,cooking,Item_BarkBread,Bark bread,1,1,2,Bark x1; Cactus Softdrink x1,342:1;377:1
Recipe_BarkBread 9,cooking,Item_BarkBread,Bark bread,1,1,2,Bark x1; Sports Drink x1,342:1;700:1
Recipe_BarkBread 10,cooking,Item_BarkBread,Bark bread,1,1,2,Bark x1; Kombucha x1,342:1;524:1
Recipe_BarkBread 11,cooking,Item_BarkBread,Bark bread,1,1,2,Bark x2; Bottled Water x1,342:2;368:1
Recipe_BarkBread 12,cooking,Item_BarkBread,Bark bread,1,1,2,Bark x2; Bottled Water x1,342:2;564:1
Recipe_BarkBread 13,cooking,Item_BarkBread,Bark bread,1,1,2,Bark x2; Slurf x1,342:2;694:1
Recipe_BarkBread 14,cooking,Item_BarkBread,Bark bread,1,1,2,Bark x2; Skimmed Milk x1,342:2;558:1
Recipe_BarkBread 15,cooking,Item_BarkBread,Bark bread,1,1,2,Bark x2; Buttermilk x1,342:2;559:1
Recipe_BarkBread 16,cooking,Item_BarkBread,Bark bread,1,1,2,Bark x2; Low Fat Milk x1,342:2;560:1
Recipe_BarkBread 17,cooking,Item_BarkBread,Bark bread,1,1,2,Bark x2; Whole Milk x1,342:2;561:1
Recipe_BarkBread 18,cooking,Item_BarkBread,Bark bread,1,1,2,Bark x2; Cactus Softdrink x1,342:2;377:1
Recipe_BarkBread 19,cooking,Item_BarkBread,Bark bread,1,1,2,Bark x2; Sports Drink x1,342:2;700:1
Recipe_BarkBread 20,cooking,Item_BarkBread,Bark bread,1,1,2,Bark x2; Kombucha x1,342:2;524:1
Recipe_BarkBread 21,cooking,Item_BarkBread,Bark bread,2,1,2,Bark x3; Bottled Water x1,342:3;368:1
Recipe_BarkBread 22,cooking,Item_BarkBread,Bark bread,2,1,2,Bark x3; Bottled Water x1,342:3;564:1
Recipe_BarkBread 23,cooking,Item_BarkBread,Bark bread,2,1,2,Bark x3; Slurf x1,342:3;694:1
Recipe_BarkBread 24,cooking,Item_BarkBread,Bark bread,2,1,2,Bark x3; Skimmed Milk x1,342:3;558:1
Recipe_BarkBread 25,cooking,Item_BarkBread,Bark bread,2,1,2,Bark x3; Buttermilk x1,342:3;559:1
Recipe_BarkBread 26,cooking,Item_BarkBread,Bark bread,2,1,2,Bark x3; Low Fat Milk x1,342:3;560:1
Recipe_BarkBread 27,cooking,Item_BarkBread,Bark bread,2,1,2,Bark x3; Whole Milk x1,342:3;561:1
Recipe_BarkBread 28,cooking,Item_BarkBread,Bark bread,2,1,2,Bark x3; Cactus Softdrink x1,342:3;377:1
Recipe_BarkBread 29,cooking,Item_BarkBread,Bark bread,2,1,2,Bark x3; Sports Drink x1,342:3;700:1
Recipe_BarkBread 30,cooking,Item_BarkBread,Bark bread,2,1,2,Bark x3; Kombucha x1,342:3;524:1
Recipe_BarkBread 31,cooking,Item_BarkBread,Bark bread,3,1,2,Bark x3; Bottled Water x2,342:3;368:2
Recipe_BarkBread 32,cooking,Item_BarkBread,Bark bread,3,1,2,Bark x3; Bottled Water x2,342:3;564:2
Recipe_BarkBread 33,cooking,Item_BarkBread,Bark bread,3,1,2,Bark x3; Slurf x2,342:3;694:2
Recipe_BarkBread 34,cooking,Item_BarkBread,Bark bread,3,1,2,Bark x3; Skimmed Milk x2,342:3;558:2
Recipe_BarkBread 35,cooking,Item_BarkBread,Bark bread,3,1,2,Bark x3; Buttermilk x2,342:3;559:2
Recipe_BarkBread 36,cooking,Item_BarkBread,Bark bread,3,1,2,Bark x3; Low Fat Milk x2,342:3;560:2
Recipe_BarkBread 37,cooking,Item_BarkBread,Bark bread,3,1,2,Bark x3; Whole Milk x2,342:3;561:2
Recipe_BarkBread 38,cooking,Item_BarkBread,Bark bread,3,1,2,Bark x3; Cactus Softdrink x2,342:3;377:2
Recipe_BarkBread 39,cooking,Item_BarkBread,Bark bread,3,1,2,Bark x3; Sports Drink x2,342:3;700:2
Recipe_BarkBread 40,cooking,Item_BarkBread,Bark bread,3,1,2,Bark x3; Kombucha x2,342:3;524:2
Recipe_BarkBread 41,cooking,Item_BarkBread,Bark bread,3,1,2,Bark x4; Bottled Water x2,342:4;368:2
Recipe_BarkBread 42,cooking,Item_BarkBread,Bark bread,3,1,2,Bark x4; Bottled Water x2,342:4;564:2
Recipe_BarkBread 43,cooking,Item_BarkBread,Bark bread,3,1,2,Bark x4; Slurf x2,342:4;694:2
Recipe_BarkBread 44,cooking,Item_BarkBread,Bark bread,3,1,2,Bark x4; Skimmed Milk x2,342:4;558:2
Recipe_BarkBread 45,cooking,Item_BarkBread,Bark bread,3,1,2,Bark x4; Buttermilk x2,342:4;559:2
Recipe_BarkBread 46,cooking,Item_BarkBread,Bark bread,3,1,2,Bark x4; Low Fat Milk x2,342:4;560:2
Recipe_BarkBread 47,cooking,Item_BarkBread,Bark bread,3,1,2,Bark x4; Whole Milk x2,342:4;561:2
Recipe_BarkBread 48,cooking,Item_BarkBread,Bark bread,3,1,2,Bark x4; Cactus Softdrink x2,342:4;377:2
Recipe_BarkBread 49,cooking,Item_BarkBread,Bark bread,3,1,2,Bark x4; Sports Drink x2,342:4;700:2
Recipe_BarkBread 50,cooking,Item_BarkBread,Bark bread,3,1,2,Bark x4; Kombucha x2,342:4;524:2
Recipe_BarkBread 51,cooking,Item_BarkBread,Bark bread,3,1,2,Bark x5; Bottled Water x2,342:5;368:2
Recipe_BarkBread 52,cooking,Item_BarkBread,Bark bread,3,1,2,Bark x5; Bottled Water x2,342:5;564:2
Recipe_BarkBread 53,cooking,Item_BarkBread,Bark bread,3,1,2,Bark x5; Slurf x2,342:5;694:2
Recipe_BarkBread 54,cooking,Item_BarkBread,Bark bread,3,1,2,Bark x5; Skimmed Milk x2,342:5;558:2
Recipe_BarkBread 55,cooking,Item_BarkBread,Bark bread,3,1,2,Bark x5; Buttermilk x2,342:5;559:2
Recipe_BarkBread 56,cooking,Item_BarkBread,Bark bread,3,1,2,Bark x5; Low Fat Milk x2,342:5;560:2
Recipe_BarkBread 57,cooking,Item_BarkBread,Bark bread,3,1,2,Bark x5; Whole Milk x2,342:5;561:2
Recipe_BarkBread 58,cooking,Item_BarkBread,Bark bread,3,1,2,Bark x5; Cactus Softdrink x2,342:5;377:2
Recipe_BarkBread 59,cooking,Item_BarkBread,Bark bread,3,1,2,Bark x5; Sports Drink x2,342:5;700:2
Recipe_BarkBread 60,cooking,Item_BarkBread,Bark bread,3,1,2,Bark x5; Kombucha x2,342:5;524:2
Recipe_BarkBread 61,cooking,Item_BarkBread,Bark bread,4,1,2,Bark x6; Bottled Water x2,342:6;368:2
Recipe_BarkBread 62,cooking,Item_BarkBread,Bark bread,4,1,2,Bark x6; Bottled Water x2,342:6;564:2
Recipe_BarkBread 63,cooking,Item_BarkBread,Bark bread,4,1,2,Bark x6; Slurf x2,342:6;694:2
Recipe_BarkBread 64,cooking,Item_BarkBread,Bark bread,4,1,2,Bark x6; Skimmed Milk x2,342:6;558:2
Recipe_BarkBread 65,cooking,Item_BarkBread,Bark bread,4,1,2,Bark x6; Buttermilk x2,342:6;559:2
Recipe_BarkBread 66,cooking,Item_BarkBread,Bark bread,4,1,2,Bark x6; Low Fat Milk x2,342:6;560:2
Recipe_BarkBread 67,cooking,Item_BarkBread,Bark bread,4,1,2,Bark x6; Whole Milk x2,342:6;561:2
Recipe_BarkBread 68,cooking,Item_BarkBread,Bark bread,4,1,2,Bark x6; Cactus Softdrink x2,342:6;377:2
Recipe_BarkBread 69,cooking,Item_BarkBread,Bark bread,4,1,2,Bark x6; Sports Drink x2,342:6;700:2
Recipe_BarkBread 70,cooking,Item_BarkBread,Bark bread,4,1,2,Bark x6; Kombucha x2,342:6;524:2
Recipe_BarkBread 71,cooking,Item_BarkBread,Bark bread,4,1,2,Bark x7; Bottled Water x2,342:7;368:2
Recipe_BarkBread 72,cooking,Item_BarkBread,Bark bread,4,1,2,Bark x7; Bottled Water x2,342:7;564:2
Recipe_BarkBread 73,cooking,Item_BarkBread,Bark bread,4,1,2,Bark x7; Slurf x2,342:7;694:2
Recipe_BarkBread 74,cooking,Item_BarkBread,Bark bread,4,1,2,Bark x7; Skimmed Milk x2,342:7;558:2
Recipe_BarkBread 75,cooking,Item_BarkBread,Bark bread,4,1,2,Bark x7; Buttermilk x2,342:7;559:2
Recipe_BarkBread 76,cooking,Item_BarkBread,Bark bread,4,1,2,Bark x7; Low Fat Milk x2,342:7;560:2
Recipe_BarkBread 77,cooking,Item_BarkBread,Bark bread,4,1,2,Bark x7; Whole Milk x2,342:7;561:2
Recipe_BarkBread 78,cooking,Item_BarkBread,Bark bread,4,1,2,Bark x7; Cactus Softdrink x2,342:7;377:2
Recipe_BarkBread 79,cooking,Item_BarkBread,Bark bread,4,1,2,Bark x7; Sports Drink x2,342:7;700:2
Recipe_BarkBread 80,cooking,Item_BarkBread,Bark bread,4,1,2,Bark x7; Kombucha x2,342:7;524:2
Recipe_BarkBread 81,cooking,Item_BarkBread,Bark bread,4,1,2,Bark x8; Bottled Water x2,342:8;368:2
Recipe_BarkBread 82,cooking,Item_BarkBread,Bark bread,4,1,2,Bark x8; Bottled Water x2,342:8;564:2
Recipe_BarkBread 83,cooking,Item_BarkBread,Bark bread,4,1,2,Bark x8; Slurf x2,342:8;694:2
Recipe_BarkBread 84,cooking,Item_BarkBread,Bark bread,4,1,2,Bark x8; Skimmed Milk x2,342:8;558:2
Recipe_BarkBread 85,cooking,Item_BarkBread,Bark bread,4,1,2,Bark x8; Buttermilk x2,342:8;559:2
Recipe_BarkBread 86,cooking,Item_BarkBread,Bark bread,4,1,2,Bark x8; Low Fat Milk x2,342:8;560:2
Recipe_BarkBread 87,cooking,Item_BarkBread,Bark bread,4,1,2,Bark x8; Whole Milk x2,342:8;561:2
Recipe_BarkBread 88,cooking,Item_BarkBread,Bark bread,4,1,2,Bark x8; Cactus Softdrink x2,342:8;377:2
Recipe_BarkBread 89,cooking,Item_BarkBread,Bark bread,4,1,2,Bark x8; Kombucha x2,342:8;524:2
Recipe_BarkBread 90,cooking,Item_BarkBread,Bark bread,4,1,2,Bark x8; Sports Drink x2,342:8;700:2
Recipe_BarkBread,cooking,Item_BarkBread,Bark bread,1,1,2,Bark x1; Bottled Water x1,342:1;368:1
Recipe_BeefJerky_1 1,cooking,Item_BeefJerky,Beef Jerky,1,1,1,Human skin x2,505:2
Recipe_BeefJerky_1,cooking,Item_BeefJerky,Beef Jerky,1,1,1,Craw skin x2,416:2
Recipe_BeefJerky_2,cooking,Item_BeefJerky,Beef Jerky,1,1,1,Dog Skin x2,433:2
Recipe_BeefJerky_3,cooking,Item_BeefJerky,Beef Jerky,1,1,1,Goblin skin x2,472:2
Recipe_BeefJerky_4,cooking,Item_BeefJerky,Beef Jerky,1,1,1,Craw skin x2,416:2
Recipe_BeefJerky_5 1,cooking,Item_BeefJerky,Beef Jerky,1,1,2,Craw skin x1; Salt x1,416:1;656:1
Recipe_BeefJerky_5 2,cooking,Item_BeefJerky,Beef Jerky,1,1,2,Dog Skin x1; Salt x1,433:1;656:1
Recipe_BeefJerky_5 3,cooking,Item_BeefJerky,Beef Jerky,1,1,2,Goblin skin x1; Salt x1,472:1;656:1
Recipe_BeefJerky_5 4,cooking,Item_BeefJerky,Beef Jerky,1,1,2,Human skin x1; Salt x1,505:1;656:1
Recipe_BeefJerky_5 5,cooking,Item_BeefJerky,Beef Jerky,1,1,2,Shav'Wa skin x1; Salt x1,538:1;656:1
Recipe_BeefJerky_5 6,cooking,Item_BeefJerky,Beef Jerky,1,1,2,Hellshrew skin x1; Salt x1,684:1;656:1
Recipe_BeefJerky_5 7,cooking,Item_BeefJerky,Beef Jerky,1,1,2,Hellshrew skin x1; Black Pepper x1,684:1;352:1
Recipe_BeefJerky_5 8,cooking,Item_BeefJerky,Beef Jerky,1,1,2,Shav'Wa skin x1; Black Pepper x1,538:1;352:1
Recipe_BeefJerky_5 9,cooking,Item_BeefJerky,Beef Jerky,1,1,2,Human skin x1; Black Pepper x1,505:1;352:1
Recipe_BeefJerky_5 10,cooking,Item_BeefJerky,Beef Jerky,1,1,2,Goblin skin x1; Black Pepper x1,472:1;352:1
Recipe_BeefJerky_5 11,cooking,Item_BeefJerky,Beef Jerky,1,1,2,Dog Skin x1; Black Pepper x1,433:1;352:1
Recipe_BeefJerky_5 12,cooking,Item_BeefJerky,Beef Jerky,1,1,2,Craw skin x1; Black Pepper x1,416:1;352:1
Recipe_BeefJerky_5,cooking,Item_BeefJerky,Beef Jerky,1,1,1,Hellshrew skin x2,684:2
,generic,,,0,0,0,,
Recipe_BiscuitsAndGravy 1,cooking,Item_BiscuitsAndGravy,Biscuiits and Gravy,3,1,2,Bread x2; Gravy x1,370:2;476:1
Recipe_BiscuitsAndGravy 2,cooking,Item_BiscuitsAndGravy,Biscuiits and Gravy,3,1,2,Bread x1; Gravy x2,370:1;476:2
Recipe_BiscuitsAndGravy 3,cooking,Item_BiscuitsAndGravy,Biscuiits and Gravy,4,1,2,Bread x2; Gravy x2,370:2;476:2
Recipe_BiscuitsAndGravy,cooking,Item_BiscuitsAndGravy,Biscuiits and Gravy,2,1,2,Bread x1; Gravy x1,370:1;476:1
Recipe_BloodPudding_1,cooking,Item_BloodPudding,Blood Pudding,2,1,2,Blood x1; Flour x1,357:1;456:1
Recipe_BloodPudding_2,cooking,Item_BloodPudding,Blood Pudding,2,1,2,Blood x1; Sugar x1,357:1;708:1
Recipe_BloodPudding_3,cooking,Item_BloodPudding,Blood Pudding,3,1,3,Blood x1; Sugar x1; Flour x1,357:1;708:1;456:1
Recipe_BobaTea 1,cooking,Item_BobaTea,Boba Tea,2,1,2,Green Tea x2; Rice x1,549:2;631:1
Recipe_BobaTea 2,cooking,Item_BobaTea,Boba Tea,2,1,2,Green Tea x1; Rice x2,549:1;631:2
Recipe_BobaTea 3,cooking,Item_BobaTea,Boba Tea,4,1,2,Green Tea x2; Rice x2,549:2;631:2
Recipe_BobaTea 4,cooking,Item_BobaTea,Boba Tea,5,1,2,Green Tea x3; Rice x2,549:3;631:2
Recipe_BobaTea 5,cooking,Item_BobaTea,Boba Tea,5,1,2,Green Tea x2; Rice x3,549:2;631:3
Recipe_BobaTea 6,cooking,Item_BobaTea,Boba Tea,6,1,2,Green Tea x3; Rice x3,549:3;631:3
Recipe_BobaTea,cooking,Item_BobaTea,Boba Tea,1,1,2,Green Tea x1; Rice x1,549:1;631:1
Recipe_Bolognese_1,cooking,Item_PastaBolognese,Spaghetti Bolognese,1,1,2,Mystery Meat x1; Spaghetti x1,576:1;696:1
Recipe_Bolognese_2 1,cooking,Item_PastaBolognese,Spaghetti Bolognese,1,1,2,Craw flesh x1; Spaghetti x1,415:1;696:1
Recipe_Bolognese_2 2,cooking,Item_PastaBolognese,Spaghetti Bolognese,1,1,2,Dog flesh x1; Spaghetti x1,432:1;696:1
Recipe_Bolognese_2 3,cooking,Item_PastaBolognese,Spaghetti Bolognese,1,1,2,Shav'Wa flesh x1; Spaghetti x1,537:1;696:1
Recipe_Bolognese_2 4,cooking,Item_PastaBolognese,Spaghetti Bolognese,1,1,2,Human flesh x1; Spaghetti x1,504:1;696:1
Recipe_Bolognese_2 6,cooking,Item_PastaBolognese,Spaghetti Bolognese,1,1,2,Hellshrew flesh x1; Spaghetti x1,683:1;696:1
Recipe_Bolognese_2 7,cooking,Item_PastaBolognese,Spaghetti Bolognese,1,1,2,Pölsa x1; Spaghetti x1,606:1;696:1
Recipe_Bolognese_2,cooking,Item_PastaBolognese,Spaghetti Bolognese,1,1,2,Goblin flesh x1; Spaghetti x1,471:1;696:1
Recipe_Bread_1 1,cooking,Item_Bread,Bread,3,1,2,Bottled Water x2; Flour x1,368:2;456:1
Recipe_Bread_1 2,cooking,Item_Bread,Bread,3,1,2,Bottled Water x1; Flour x2,368:1;456:2
Recipe_Bread_1 3,cooking,Item_Bread,Bread,4,1,2,Bottled Water x2; Flour x2,368:2;456:2
Recipe_Bread_1,cooking,Item_Bread,Bread,1,1,2,Bottled Water x1; Flour x1,368:1;456:1
Recipe_Bread_2 1,cooking,Item_Bread,Bread,3,1,2,Whole Milk x2; Flour x1,561:2;456:1
Recipe_Bread_2 2,cooking,Item_Bread,Bread,3,1,2,Whole Milk x1; Flour x2,561:1;456:2
Recipe_Bread_2 3,cooking,Item_Bread,Bread,4,1,2,Whole Milk x2; Flour x2,561:2;456:2
Recipe_Bread_2,cooking,Item_Bread,Bread,1,1,2,Whole Milk x1; Flour x1,561:1;456:1
Recipe_Bread_3 1,cooking,Item_Bread,Bread,3,1,2,Low Fat Milk x2; Flour x1,560:2;456:1
Recipe_Bread_3 2,cooking,Item_Bread,Bread,3,1,2,Low Fat Milk x1; Flour x2,560:1;456:2
Recipe_Bread_3 3,cooking,Item_Bread,Bread,4,1,2,Low Fat Milk x2; Flour x2,560:2;456:2
Recipe_Bread_3,cooking,Item_Bread,Bread,1,1,2,Low Fat Milk x1; Flour x1,560:1;456:1
Recipe_Bread_4 1,cooking,Item_Bread,Bread,3,1,2,Skimmed Milk x2; Flour x1,558:2;456:1
Recipe_Bread_4 2,cooking,Item_Bread,Bread,3,1,2,Skimmed Milk x1; Flour x2,558:1;456:2
Recipe_Bread_4 3,cooking,Item_Bread,Bread,4,1,2,Skimmed Milk x2; Flour x2,558:2;456:2
Recipe_Bread_4,cooking,Item_Bread,Bread,1,1,2,Skimmed Milk x1; Flour x1,558:1;456:1
Recipe_Bread_5 1,cooking,Item_Bread,Bread,3,1,2,Buttermilk x2; Flour x1,559:2;456:1
Recipe_Bread_5 2,cooking,Item_Bread,Bread,3,1,2,Buttermilk x1; Flour x2,559:1;456:2
Recipe_Bread_5 3,cooking,Item_Bread,Bread,4,1,2,Buttermilk x2; Flour x2,559:2;456:2
Recipe_Bread_5,cooking,Item_Bread,Bread,1,1,2,Buttermilk x1; Flour x1,559:1;456:1
Recipe_BreadBanana_1 1,cooking,Item_BananaBread,Banana Bread,2,1,2,Bread x1; Banana x2,370:1;336:2
Recipe_BreadBanana_1 2,cooking,Item_BananaBread,Banana Bread,4,1,2,Bread x2; Banana x2,370:2;336:2
Recipe_BreadBanana_1 3,cooking,Item_BananaBread,Banana Bread,2,1,2,Bread x2; Banana x1,370:2;336:1
Recipe_BreadBanana_1,cooking,Item_BananaBread,Banana Bread,1,1,2,Bread x1; Banana x1,370:1;336:1
Recipe_Broth_1,cooking,Item_Broth,Broth,1,1,2,Kidney Stone x1; Bottled Water x1,521:1;368:1
Recipe_Broth_2,cooking,Item_Broth,Broth,1,1,2,Salt x1; Bottled Water x1,656:1;368:1
Recipe_Broth_3,cooking,Item_Broth,Broth,1,1,2,Bone x1; Bottled Water x1,363:1;368:1
Recipe_BuddySandwich,cooking,Item_SandwichBuddy,Buddy Sandwich,1,1,2,Bread x1; Dog eye x4,370:1;431:4
Recipe_BuddySandwich_1,cooking,Item_Broth,Broth,1,1,2,<id924> x1; Bottled Water x1,924:1;368:1
Recipe_Butter_1,cooking,Item_Butter,Butter,1,1,1,Whole Milk x2,561:2
Recipe_Butter_2,cooking,Item_Butter,Butter,3,1,1,Fatberg Chunk x2,448:2
Recipe_ButterMilk_1 1,cooking,Item_MilkButtermilk,Buttermilk,3,1,2,Butter x1; Whole Milk x1,373:1;561:1
Recipe_ButterMilk_1 2,cooking,Item_MilkButtermilk,Buttermilk,3,1,2,Butter x1; Low Fat Milk x1,373:1;560:1
Recipe_ButterMilk_1,cooking,Item_MilkButtermilk,Buttermilk,3,1,2,Butter x1; Skimmed Milk x1,373:1;558:1
Recipe_ButterMilkPancakes 1,cooking,Item_ButtermilkPancakes,Buttermilk Pancakes,5,1,5,Butter x1; Buttermilk x1; Egg x1; Flour x1; Salt x1,373:1;559:1;440:1;456:1;656:1
Recipe_ButterMilkPancakes 2,cooking,Item_ButtermilkPancakes,Buttermilk Pancakes,4,1,4,Butter x1; Buttermilk x1; Egg x1; Flour x1,373:1;559:1;440:1;456:1
Recipe_ButterMilkPancakes 3,cooking,Item_ButtermilkPancakes,Buttermilk Pancakes,2,1,3,Buttermilk x1; Egg x1; Flour x1,559:1;440:1;456:1
Recipe_ButterMilkPancakes 4,cooking,Item_ButtermilkPancakes,Buttermilk Pancakes,7,1,3,Buttermilk x2; Egg x2; Flour x2,559:2;440:2;456:2
Recipe_CactusDrink_1,cooking,Item_CactusDrink,Cactus Softdrink,2,1,3,Cactus x1; Bottled Water x1; Sugar x1,376:1;368:1;708:1
Recipe_CactusFestis_1,cooking,Item_BottledWater,Bottled Water,2,1,1,Cactus x3,376:3
Recipe_CactusGrilled_1,cooking,Item_CactusGrilled,Grilled Cactus,2,1,1,Cactus x2,376:2
Recipe_CactusSweet_1,cooking,Item_CactusSweets,Lackerol Cactus,2,1,2,Cactus x1; Sugar x1,376:1;708:1
Recipe_CactusWater_1,cooking,Item_BottledWater,Bottled Water,2,1,1,Cactus x3,376:3
Recipe_Candycane,cooking,Item_CandyCane,Candy Cane,1,1,3,Sugar x1; Herbs x1; Solution x1,708:1;490:1;695:1
Recipe_CaviarTubed_1,cooking,Item_CaviarTubed,Tube Caviar,3,1,2,Butter x1; Bottled Caviar x1,373:1;385:1
Recipe_CaviarTubed_2,cooking,Item_CaviarTubed,Tube Caviar,3,1,1,Bottled Caviar x2,385:2
Recipe_CaviarTubed_3,cooking,Item_CaviarTubed,Tube Caviar,3,1,2,Bottled Caviar x1; Metal Scrap x1,385:1;555:1
Recipe_Cereal 1,cooking,Item_Cereal,Cereal,2,1,2,Oats x1; Rice x1,581:1;631:1
Recipe_Cereal 2,cooking,Item_Cereal,Cereal,3,1,2,Oats x2; Rice x1,581:2;631:1
Recipe_Cereal 3,cooking,Item_Cereal,Cereal,2,1,1,Oats x2,581:2
Recipe_Cereal 4,cooking,Item_Cereal,Cereal,3,1,2,Oats x1; Rice x2,581:1;631:2
Recipe_Cevapi_1 1,cooking,Item_Cevapi,Cevapi,2,1,3,Craw flesh x1; Spice Mix x1; Bread x1,415:1;698:1;370:1
Recipe_Cevapi_1 2,cooking,Item_Cevapi,Cevapi,2,1,3,Dog flesh x1; Spice Mix x1; Bread x1,432:1;698:1;370:1
Recipe_Cevapi_1 3,cooking,Item_Cevapi,Cevapi,2,1,3,Human flesh x1; Spice Mix x1; Bread x1,504:1;698:1;370:1
Recipe_Cevapi_1 4,cooking,Item_Cevapi,Cevapi,2,1,3,Shav'Wa flesh x1; Spice Mix x1; Bread x1,537:1;698:1;370:1
Recipe_Cevapi_1 5,cooking,Item_Cevapi,Cevapi,2,1,3,Hellshrew flesh x1; Spice Mix x1; Bread x1,683:1;698:1;370:1
Recipe_Cevapi_1,cooking,Item_Cevapi,Cevapi,2,1,3,Goblin flesh x1; Spice Mix x1; Bread x1,471:1;698:1;370:1
Recipe_Cheese 1,cooking,Item_Cheese,Cheese,4,1,4,Skimmed Milk x2; Low Fat Milk x1; Whole Milk x1; Buttermilk x1,558:2;560:1;561:1;559:1
Recipe_Cheese 2,cooking,Item_Cheese,Cheese,4,1,4,Skimmed Milk x1; Low Fat Milk x2; Whole Milk x1; Buttermilk x1,558:1;560:2;561:1;559:1
Recipe_Cheese 3,cooking,Item_Cheese,Cheese,4,1,4,Skimmed Milk x1; Low Fat Milk x1; Whole Milk x2; Buttermilk x1,558:1;560:1;561:2;559:1
Recipe_Cheese 4,cooking,Item_Cheese,Cheese,4,1,4,Skimmed Milk x1; Low Fat Milk x1; Whole Milk x1; Buttermilk x2,558:1;560:1;561:1;559:2
Recipe_Cheese 5,cooking,Item_Cheese,Cheese,1,1,1,Skimmed Milk x3,558:3
Recipe_Cheese 6,cooking,Item_Cheese,Cheese,2,1,1,Low Fat Milk x2,560:2
Recipe_Cheese 7,cooking,Item_Cheese,Cheese,3,1,1,Whole Milk x3,561:3
Recipe_Cheese 8,cooking,Item_Cheese,Cheese,3,1,1,Buttermilk x3,559:3
Recipe_Cheese 9,cooking,Item_Cheese,Cheese,2,1,1,Whole Milk x2,561:2
Recipe_Cheese,cooking,Item_Cheese,Cheese,3,1,4,Skimmed Milk x1; Low Fat Milk x1; Whole Milk x1; Buttermilk x1,558:1;560:1;561:1;559:1
Recipe_Cheeseburger_1 1,cooking,Item_Cheeseburger,Cheeseburger,1,1,3,Cheese x1; Bread x1; Craw flesh x1,390:1;370:1;415:1
Recipe_Cheeseburger_1 2,cooking,Item_Cheeseburger,Cheeseburger,1,1,3,Cheese x1; Bread x1; Goblin flesh x1,390:1;370:1;471:1
Recipe_Cheeseburger_1 3,cooking,Item_Cheeseburger,Cheeseburger,1,1,3,Cheese x1; Bread x1; Human flesh x1,390:1;370:1;504:1
Recipe_Cheeseburger_1 4,cooking,Item_Cheeseburger,Cheeseburger,1,1,3,Cheese x1; Bread x1; Shav'Wa flesh x1,390:1;370:1;537:1
Recipe_Cheeseburger_1 5,cooking,Item_Cheeseburger,Cheeseburger,1,1,3,Cheese x1; Bread x1; Dog flesh x1,390:1;370:1;432:1
Recipe_Cheeseburger_1 6,cooking,Item_Cheeseburger,Cheeseburger,1,1,3,Cheese x1; Bread x1; Hellshrew flesh x1,390:1;370:1;683:1
Recipe_Cheeseburger_1 7,cooking,Item_Cheeseburger,Cheeseburger,2,1,3,Cheese x1; Bread x2; Goblin flesh x1,390:1;370:2;471:1
Recipe_Cheeseburger_1 8,cooking,Item_Cheeseburger,Cheeseburger,2,1,3,Cheese x1; Bread x2; Human flesh x1,390:1;370:2;504:1
Recipe_Cheeseburger_1 9,cooking,Item_Cheeseburger,Cheeseburger,2,1,3,Cheese x1; Bread x2; Shav'Wa flesh x1,390:1;370:2;537:1
Recipe_Cheeseburger_1 10,cooking,Item_Cheeseburger,Cheeseburger,2,1,3,Cheese x1; Bread x2; Dog flesh x1,390:1;370:2;432:1
Recipe_Cheeseburger_1 11,cooking,Item_Cheeseburger,Cheeseburger,2,1,3,Cheese x1; Bread x2; Hellshrew flesh x1,390:1;370:2;683:1
Recipe_Cheeseburger_1 12,cooking,Item_Cheeseburger,Cheeseburger,2,1,3,Cheese x1; Bread x2; Craw flesh x1,390:1;370:2;415:1
Recipe_Cheeseburger_1 13,cooking,Item_Cheeseburger,Cheeseburger,2,1,3,Cheese x2; Bread x1; Goblin flesh x1,390:2;370:1;471:1
Recipe_Cheeseburger_1 14,cooking,Item_Cheeseburger,Cheeseburger,2,1,3,Cheese x2; Bread x1; Human flesh x1,390:2;370:1;504:1
Recipe_Cheeseburger_1 15,cooking,Item_Cheeseburger,Cheeseburger,2,1,3,Cheese x2; Bread x1; Shav'Wa flesh x1,390:2;370:1;537:1
Recipe_Cheeseburger_1 16,cooking,Item_Cheeseburger,Cheeseburger,2,1,3,Cheese x2; Bread x1; Dog flesh x1,390:2;370:1;432:1
Recipe_Cheeseburger_1 17,cooking,Item_Cheeseburger,Cheeseburger,2,1,3,Cheese x2; Bread x1; Hellshrew flesh x1,390:2;370:1;683:1
Recipe_Cheeseburger_1 18,cooking,Item_Cheeseburger,Cheeseburger,2,1,3,Cheese x2; Bread x1; Craw flesh x1,390:2;370:1;415:1
Recipe_Cheeseburger_1 19,cooking,Item_DoubleCheeseburger,Double Cheeseburger,2,1,3,Cheese x2; Bread x2; Goblin flesh x2,390:2;370:2;471:2
Recipe_Cheeseburger_1 20,cooking,Item_DoubleCheeseburger,Double Cheeseburger,2,1,3,Cheese x2; Bread x2; Human flesh x2,390:2;370:2;504:2
Recipe_Cheeseburger_1 21,cooking,Item_DoubleCheeseburger,Double Cheeseburger,2,1,3,Cheese x2; Bread x2; Shav'Wa flesh x2,390:2;370:2;537:2
Recipe_Cheeseburger_1 22,cooking,Item_DoubleCheeseburger,Double Cheeseburger,2,1,3,Cheese x2; Bread x2; Dog flesh x2,390:2;370:2;432:2
Recipe_Cheeseburger_1 23,cooking,Item_DoubleCheeseburger,Double Cheeseburger,2,1,3,Cheese x2; Bread x2; Hellshrew flesh x2,390:2;370:2;683:2
Recipe_Cheeseburger_1 24,cooking,Item_DoubleCheeseburger,Double Cheeseburger,2,1,3,Cheese x2; Bread x2; Craw flesh x2,390:2;370:2;415:2
Recipe_Cheeseburger_1 25,cooking,Item_DoubleCheeseburger,Double Cheeseburger,3,1,3,Cheese x3; Bread x2; Goblin flesh x2,390:3;370:2;471:2
Recipe_Cheeseburger_1 26,cooking,Item_DoubleCheeseburger,Double Cheeseburger,3,1,3,Cheese x3; Bread x2; Human flesh x2,390:3;370:2;504:2
Recipe_Cheeseburger_1 27,cooking,Item_DoubleCheeseburger,Double Cheeseburger,3,1,3,Cheese x3; Bread x2; Shav'Wa flesh x2,390:3;370:2;537:2
Recipe_Cheeseburger_1 28,cooking,Item_DoubleCheeseburger,Double Cheeseburger,3,1,3,Cheese x3; Bread x2; Dog flesh x2,390:3;370:2;432:2
Recipe_Cheeseburger_1 29,cooking,Item_DoubleCheeseburger,Double Cheeseburger,3,1,3,Cheese x3; Bread x2; Hellshrew flesh x2,390:3;370:2;683:2
Recipe_Cheeseburger_1 30,cooking,Item_DoubleCheeseburger,Double Cheeseburger,3,1,3,Cheese x3; Bread x2; Craw flesh x2,390:3;370:2;415:2
Recipe_Cheeseburger_1 31,cooking,Item_DoubleCheeseburger,Double Cheeseburger,3,1,3,Cheese x2; Bread x3; Goblin flesh x2,390:2;370:3;471:2
Recipe_Cheeseburger_1 32,cooking,Item_DoubleCheeseburger,Double Cheeseburger,3,1,3,Cheese x2; Bread x3; Human flesh x2,390:2;370:3;504:2
Recipe_Cheeseburger_1 33,cooking,Item_DoubleCheeseburger,Double Cheeseburger,3,1,3,Cheese x2; Bread x3; Shav'Wa flesh x2,390:2;370:3;537:2
Recipe_Cheeseburger_1 34,cooking,Item_DoubleCheeseburger,Double Cheeseburger,3,1,3,Cheese x2; Bread x3; Dog flesh x2,390:2;370:3;432:2
Recipe_Cheeseburger_1 35,cooking,Item_DoubleCheeseburger,Double Cheeseburger,3,1,3,Cheese x2; Bread x3; Hellshrew flesh x2,390:2;370:3;683:2
Recipe_Cheeseburger_1 36,cooking,Item_DoubleCheeseburger,Double Cheeseburger,3,1,3,Cheese x2; Bread x3; Craw flesh x2,390:2;370:3;415:2
Recipe_Cheeseburger_1 37,cooking,Item_DoubleCheeseburger,Double Cheeseburger,4,1,3,Cheese x3; Bread x3; Goblin flesh x3,390:3;370:3;471:3
Recipe_Cheeseburger_1 38,cooking,Item_DoubleCheeseburger,Double Cheeseburger,4,1,3,Cheese x3; Bread x3; Human flesh x3,390:3;370:3;504:3
Recipe_Cheeseburger_1 39,cooking,Item_DoubleCheeseburger,Double Cheeseburger,4,1,3,Cheese x3; Bread x3; Shav'Wa flesh x3,390:3;370:3;537:3
Recipe_Cheeseburger_1 40,cooking,Item_DoubleCheeseburger,Double Cheeseburger,4,1,3,Cheese x3; Bread x3; Dog flesh x3,390:3;370:3;432:3
Recipe_Cheeseburger_1 41,cooking,Item_DoubleCheeseburger,Double Cheeseburger,4,1,3,Cheese x3; Bread x3; Hellshrew flesh x3,390:3;370:3;683:3
Recipe_Cheeseburger_1 42,cooking,Item_DoubleCheeseburger,Double Cheeseburger,4,1,3,Cheese x3; Bread x3; Craw flesh x3,390:3;370:3;415:3
Recipe_CheeseburgerDouble_1 1,cooking,Item_DoubleCheeseburger,Double Cheeseburger,1,1,3,Cheese x1; Bread x1; Craw flesh x2,390:1;370:1;415:2
Recipe_CheeseburgerDouble_1 2,cooking,Item_DoubleCheeseburger,Double Cheeseburger,1,1,3,Cheese x1; Bread x1; Goblin flesh x2,390:1;370:1;471:2
Recipe_CheeseburgerDouble_1 3,cooking,Item_DoubleCheeseburger,Double Cheeseburger,1,1,3,Cheese x1; Bread x1; Human flesh x2,390:1;370:1;504:2
Recipe_CheeseburgerDouble_1 4,cooking,Item_DoubleCheeseburger,Double Cheeseburger,1,1,3,Cheese x1; Bread x1; Shav'Wa flesh x2,390:1;370:1;537:2
Recipe_CheeseburgerDouble_1 5,cooking,Item_DoubleCheeseburger,Double Cheeseburger,1,1,3,Cheese x1; Bread x1; Hellshrew flesh x2,390:1;370:1;683:2
Recipe_CheeseburgerDouble_1,cooking,Item_DoubleCheeseburger,Double Cheeseburger,1,1,3,Cheese x1; Bread x1; Dog flesh x2,390:1;370:1;432:2
Recipe_CheeseTops_1 1,cooking,Item_CheeseTops,Cheese Tops,5,1,2,Cheese x2; Flour x1,390:2;456:1
Recipe_CheeseTops_1 2,cooking,Item_CheeseTops,Cheese Tops,5,1,2,Cheese x1; Flour x2,390:1;456:2
Recipe_CheeseTops_1 3,cooking,Item_CheeseTops,Cheese Tops,7,1,2,Cheese x2; Flour x2,390:2;456:2
Recipe_CheeseTops_1,cooking,Item_CheeseTops,Cheese Tops,3,1,2,Cheese x1; Flour x1,390:1;456:1
Recipe_ChickenNuggets 1,cooking,Item_Nuggets,Nuggets,3,1,2,Chicken Leg x2; Fatberg Chunk x1,394:2;448:1
Recipe_ChickenNuggets 2,cooking,Item_Nuggets,Nuggets,5,1,2,Chicken Leg x3; Fatberg Chunk x1,394:3;448:1
Recipe_ChickenNuggets 3,cooking,Item_Nuggets,Nuggets,5,1,2,Craw flesh x3; Fatberg Chunk x1,415:3;448:1
Recipe_ChickenNuggets 4,cooking,Item_Nuggets,Nuggets,3,1,2,Craw flesh x2; Fatberg Chunk x1,415:2;448:1
Recipe_ChickenNuggets 5,cooking,Item_Nuggets,Nuggets,2,1,2,Craw flesh x1; Fatberg Chunk x1,415:1;448:1
Recipe_ChickenNuggets,cooking,Item_Nuggets,Nuggets,2,1,2,Chicken Leg x1; Fatberg Chunk x1,394:1;448:1
Recipe_ChocolateBall_1 1,cooking,Item_ChocolateBall,Chocolate Ball,6,1,5,Cacao x1; Sugar x1; Oats x1; Coffee x1; Butter x1,375:1;708:1;581:1;406:1;373:1
Recipe_ChocolateBall_1 2,cooking,Item_ChocolateBall,Chocolate Ball,6,1,4,Cacao x1; Sugar x1; Sawdust x1; Coffee x1,375:1;708:1;675:1;406:1
Recipe_ChocolateBall_1,cooking,Item_ChocolateBall,Chocolate Ball,6,1,4,Cacao x1; Sugar x1; Oats x1; Coffee x1,375:1;708:1;581:1;406:1
Recipe_ChocolateBall_2 1,cooking,Item_ChocolateBall,Chocolate Ball,4,1,4,Cacao x1; Sugar x1; Oats x1; Butter x1,375:1;708:1;581:1;373:1
Recipe_ChocolateBall_2 2,cooking,Item_ChocolateBall,Chocolate Ball,4,1,4,Cacao x1; Sugar x1; Sawdust x1; Butter x1,375:1;708:1;675:1;373:1
Recipe_ChocolateBall_2,cooking,Item_ChocolateBall,Chocolate Ball,4,1,3,Cacao x1; Sugar x1; Oats x1,375:1;708:1;581:1
Recipe_ChocolateBall_3 1,cooking,Item_ChocolateBall,Chocolate Ball,7,1,6,Cacao x1; Sugar x1; Oats x1; Coffee x1; Salt x1; Butter x1,375:1;708:1;581:1;406:1;656:1;373:1
Recipe_ChocolateBall_3 2,cooking,Item_ChocolateBall,Chocolate Ball,7,1,5,Cacao x1; Sugar x1; Sawdust x1; Coffee x1; Salt x1,375:1;708:1;675:1;406:1;656:1
Recipe_ChocolateBall_3,cooking,Item_ChocolateBall,Chocolate Ball,7,1,5,Cacao x1; Sugar x1; Oats x1; Coffee x1; Salt x1,375:1;708:1;581:1;406:1;656:1
Recipe_ChocolateBall_4 1,cooking,Item_ChocolateBall,Chocolate Ball,6,1,5,Cacao x1; Sugar x1; Oats x1; Salt x1; Butter x1,375:1;708:1;581:1;656:1;373:1
Recipe_ChocolateBall_4 2,cooking,Item_ChocolateBall,Chocolate Ball,6,1,4,Cacao x1; Sugar x1; Sawdust x1; Salt x1,375:1;708:1;675:1;656:1
Recipe_ChocolateBall_4,cooking,Item_ChocolateBall,Chocolate Ball,6,1,4,Cacao x1; Sugar x1; Oats x1; Salt x1,375:1;708:1;581:1;656:1
Recipe_ChocolateBall_5 1,cooking,Item_ChocolateBall,Chocolate Ball,4,1,4,Chocolate Syrup x1; Sugar x1; Oats x1; Butter x1,398:1;708:1;581:1;373:1
Recipe_ChocolateBall_5 2,cooking,Item_ChocolateBall,Chocolate Ball,4,1,3,Chocolate Syrup x1; Sugar x1; Sawdust x1,398:1;708:1;675:1
Recipe_ChocolateBall_5,cooking,Item_ChocolateBall,Chocolate Ball,4,1,3,Chocolate Syrup x1; Sugar x1; Oats x1,398:1;708:1;581:1
Recipe_ChocolateSyrup_1,cooking,Item_ChocolateSyrup,Chocolate Syrup,2,1,3,Cacao x1; Sugar x1; Bottled Water x1,375:1;708:1;368:1
Recipe_ChocolateSyrup_2,cooking,Item_ChocolateSyrup,Chocolate Syrup,2,1,3,Cacao x1; Sugar x1; Solution x1,375:1;708:1;695:1
Recipe_ChocolateSyrup_3,cooking,Item_ChocolateSyrup,Chocolate Syrup,2,1,2,Chocolate Bar x1; Bottled Water x1,397:1;368:1
Recipe_ChocolateSyrup_4,cooking,Item_ChocolateSyrup,Chocolate Syrup,2,1,2,Chocolate Bar x1; Solution x1,397:1;695:1
Recipe_CordonBleu 1,cooking,Item_CordonBleu,Cordon Bleu,1,1,3,Craw flesh x1; Flour x1; Cheese x1,415:1;456:1;390:1
Recipe_CordonBleu 2,cooking,Item_CordonBleu,Cordon Bleu,1,1,3,Dog flesh x1; Flour x1; Cheese x1,432:1;456:1;390:1
Recipe_CordonBleu 3,cooking,Item_CordonBleu,Cordon Bleu,1,1,3,Goblin flesh x1; Flour x1; Cheese x1,471:1;456:1;390:1
Recipe_CordonBleu 4,cooking,Item_CordonBleu,Cordon Bleu,1,1,3,Human flesh x1; Flour x1; Cheese x1,504:1;456:1;390:1
Recipe_CordonBleu 5,cooking,Item_CordonBleu,Cordon Bleu,1,1,3,Shav'Wa flesh x1; Flour x1; Cheese x1,537:1;456:1;390:1
Recipe_CordonBleu 6,cooking,Item_CordonBleu,Cordon Bleu,1,1,3,Hellshrew flesh x1; Flour x1; Cheese x1,683:1;456:1;390:1
Recipe_CordonBleu,cooking,Item_CordonBleu,Cordon Bleu,1,1,3,Chicken Leg x1; Flour x1; Cheese x1,394:1;456:1;390:1
Recipe_CottonCandy 1,cooking,Item_CottonCandy,Cotton Candy,2,1,1,Sugar x3,708:3
Recipe_CottonCandy 2,cooking,Item_CottonCandy,Cotton Candy,1,1,2,Sugar x1; Stick x1,708:1;705:1
Recipe_CottonCandy 3,cooking,Item_CottonCandy,Cotton Candy,2,1,2,Sugar x2; Stick x1,708:2;705:1
Recipe_CottonCandy,cooking,Item_CottonCandy,Cotton Candy,1,1,1,Sugar x2,708:2
Recipe_CottonSwab_1,cooking,Item_CottonSwab,Cotton Swabs,4,1,2,Fatberg Chunk x1; Rock x1,448:1;645:1
Recipe_CottonSwab_2,cooking,Item_CottonSwab,Cotton Swabs,8,1,2,Fatberg Chunk x2; Rock x1,448:2;645:1
Recipe_CuissesDeGrenouille_1,cooking,Item_CuissesDeGrenouille,Cuisses De Grenouille,1,1,1,Frog Leg x2,462:2
Recipe_CuissesDeGrenouille_2,cooking,Item_CuissesDeGrenouille,Cuisses De Grenouille,1,1,2,Frog Leg x1; Broth x1,462:1;372:1
Recipe_CuissesDeGrenouille_3,cooking,Item_CuissesDeGrenouille,Cuisses De Grenouille,1,1,2,Frog Leg x1; Butter x1,462:1;373:1
Recipe_CuissesDeGrenouille_4,cooking,Item_CuissesDeGrenouille,Cuisses De Grenouille,1,1,2,Frog Leg x1; Herbs x1,462:1;490:1
Recipe_CurryWurst 1,cooking,Item_Currywurst,Currywurst,1,1,2,Spicy Sausage x1; Christmas Spice x1,671:1;400:1
Recipe_CurryWurst 2,cooking,Item_Currywurst,Currywurst,1,1,3,Spicy Sausage x1; Christmas Spice x1; Solution x1,671:1;400:1;695:1
Recipe_CurryWurst 3,cooking,Item_Currywurst,Currywurst,1,1,2,Spicy Sausage x1; Herbs x1,671:1;490:1
Recipe_CurryWurst 4,cooking,Item_Currywurst,Currywurst,1,1,3,Spicy Sausage x1; Herbs x1; Solution x1,671:1;490:1;695:1
Recipe_Dammsugare 1,cooking,Item_VacuumCleaner,Vacuum Cleaner,3,1,2,Liquor x2; Sugar x1,532:2;708:1
Recipe_Dammsugare 2,cooking,Item_VacuumCleaner,Vacuum Cleaner,4,1,2,Liquor x1; Sugar x2,532:1;708:2
Recipe_Dammsugare 3,cooking,Item_VacuumCleaner,Vacuum Cleaner,5,1,2,Liquor x2; Sugar x2,532:2;708:2
Recipe_Dammsugare 4,cooking,Item_VacuumCleaner,Vacuum Cleaner,7,1,2,Liquor x2; Sugar x3,532:2;708:3
Recipe_Dammsugare 5,cooking,Item_VacuumCleaner,Vacuum Cleaner,8,1,2,Liquor x3; Sugar x3,532:3;708:3
Recipe_Dammsugare,cooking,Item_VacuumCleaner,Vacuum Cleaner,2,1,2,Liquor x1; Sugar x1,532:1;708:1
Recipe_Dimmies 1,cooking,Item_Dimmie,Dimmie,4,1,3,Flour x1; Fatberg Chunk x1; Craw flesh x1,456:1;448:1;415:1
Recipe_Dimmies 2,cooking,Item_Dimmie,Dimmie,4,1,3,Flour x1; Fatberg Chunk x1; Dog flesh x1,456:1;448:1;432:1
Recipe_Dimmies 3,cooking,Item_Dimmie,Dimmie,4,1,3,Flour x1; Fatberg Chunk x1; Goblin flesh x1,456:1;448:1;471:1
Recipe_Dimmies 4,cooking,Item_Dimmie,Dimmie,4,1,3,Flour x1; Fatberg Chunk x1; Human flesh x1,456:1;448:1;504:1
Recipe_Dimmies 5,cooking,Item_Dimmie,Dimmie,4,1,3,Flour x1; Fatberg Chunk x1; Shav'Wa flesh x1,456:1;448:1;537:1
Recipe_Dimmies 6,cooking,Item_Dimmie,Dimmie,4,1,3,Flour x1; Fatberg Chunk x1; Hellshrew flesh x1,456:1;448:1;683:1
Recipe_Dimmies,cooking,Item_Dimmie,Dimmie,4,1,3,Flour x1; Fatberg Chunk x1; Mystery Meat x1,456:1;448:1;576:1
Recipe_DoppiGrytan 1,cooking,Item_DoppIGrytan,Dopp I Grytan,2,1,2,Broth x1; Bread x1,372:1;370:1
Recipe_DoppiGrytan 2,cooking,Item_DoppIGrytan,Dopp I Grytan,4,1,2,Broth x2; Bread x1,372:2;370:1
Recipe_DoppiGrytan 3,cooking,Item_DoppIGrytan,Dopp I Grytan,3,1,2,Broth x1; Bread x2,372:1;370:2
Recipe_EggToddy_1 1,cooking,Item_EggToddy,Egg Toddy,4,1,3,Liquor x1; Egg x1; Sugar x2,532:1;440:1;708:2
Recipe_EggToddy_1 2,cooking,Item_EggToddy,Egg Toddy,4,1,3,Liquor x1; Egg x2; Sugar x1,532:1;440:2;708:1
Recipe_EggToddy_1 3,cooking,Item_EggToddy,Egg Toddy,4,1,3,Liquor x2; Egg x1; Sugar x1,532:2;440:1;708:1
Recipe_EggToddy_1 4,cooking,Item_EggToddy,Egg Toddy,6,1,3,Liquor x2; Egg x2; Sugar x1,532:2;440:2;708:1
Recipe_EggToddy_1 5,cooking,Item_EggToddy,Egg Toddy,6,1,3,Liquor x2; Egg x1; Sugar x2,532:2;440:1;708:2
Recipe_EggToddy_1 6,cooking,Item_EggToddy,Egg Toddy,6,1,3,Liquor x1; Egg x2; Sugar x2,532:1;440:2;708:2
Recipe_EggToddy_1 7,cooking,Item_EggToddy,Egg Toddy,8,1,3,Liquor x2; Egg x2; Sugar x2,532:2;440:2;708:2
Recipe_EggToddy_1,cooking,Item_EggToddy,Egg Toddy,3,1,3,Liquor x1; Egg x1; Sugar x1,532:1;440:1;708:1
Recipe_EnergyGum_1,cooking,Item_EnergyGum,Energy Gum,1,1,2,Spice Mix x1; Rubber x1,698:1;650:1
Recipe_EnergyGum_2,cooking,Item_EnergyGum,Energy Gum,1,1,2,Spice Mix x1; Used Rubber x1,698:1;731:1
Recipe_Escargot_1,cooking,Item_Escargot,Escargot,1,1,2,Snail x1; Herbs x1,690:1;490:1
Recipe_Escargot_2,cooking,Item_Escargot,Escargot,1,1,2,Snail x1; Butter x1,690:1;373:1
Recipe_Escargot_3,cooking,Item_Escargot,Escargot,1,1,2,Snail x1; Broth x1,690:1;372:1
Recipe_Escargot_4,cooking,Item_Escargot,Escargot,1,1,1,Snail x2,690:2
Recipe_ExtraLung_1,cooking,Item_ExtraLung,Extra Lung,1,1,2,Lung x1; Rubber x1,541:1;650:1
Recipe_ExtraLung_2,cooking,Item_ExtraLung,Extra Lung,1,1,2,Lung x1; Used Rubber x1,541:1;731:1
Recipe_FirstAidKit_1 1,cooking,Item_FirstAidKit,First Aid Kit,2,1,2,Cloth x2; Blood x1,405:2;357:1
Recipe_FirstAidKit_1 2,cooking,Item_FirstAidKit,First Aid Kit,2,1,2,Cloth x1; Blood x2,405:1;357:2
Recipe_FirstAidKit_1,cooking,Item_FirstAidKit,First Aid Kit,1,1,2,Cloth x1; Blood x1,405:1;357:1
Recipe_FishnChips 1,cooking,Item_FishNChips,Fish and chips,1,1,2,Fish x1; Potato x1,452:1;610:1
Recipe_FishnChips 2,cooking,Item_FishNChips,Fish and chips,1,1,2,Flat Sandfish x1; Potato x1,659:1;610:1
Recipe_FishnChips 3,cooking,Item_FishNChips,Fish and chips,1,1,2,Salted Sandfish x1; Potato x1,657:1;610:1
Recipe_FishnChips 4,cooking,Item_FishNChips,Fish and chips,1,1,2,Salted Fish x1; Potato x1,455:1;610:1
Recipe_FishNShipsSandFish 0,cooking,Item_FishNChips,Fish and chips,1,1,2,Flat Sandfish x1; Potato x1,659:1;610:1
Recipe_FishNShipsSandFish 1,cooking,Item_FishNChips,Fish and chips,3,1,2,Flat Sandfish x2; Potato x1,659:2;610:1
Recipe_FishNShipsSandFish 2,cooking,Item_FishNChips,Fish and chips,2,1,2,Flat Sandfish x1; Potato x2,659:1;610:2
Recipe_FishNShipsSandFish 3,cooking,Item_FishNChips,Fish and chips,5,1,2,Flat Sandfish x2; Potato x2,659:2;610:2
Recipe_Fondue_1,cooking,Item_Fondue,Fondue,1,1,1,Cheese x2,390:2
Recipe_Fondue_2 1,cooking,Item_Fondue,Fondue,1,1,2,Cheese x1; Stick x1,390:1;705:1
Recipe_Fondue_2,cooking,Item_Fondue,Fondue,2,1,2,Cheese x2; Stick x1,390:2;705:1
Recipe_Fondue_3,cooking,Item_Fondue,Fondue,2,1,1,Cheese x3,390:3
Recipe_Fondue_4,cooking,Item_Fondue,Fondue,2,1,2,Cheese x1; Broth x1,390:1;372:1
Recipe_Fondue_5,cooking,Item_Fondue,Fondue,2,1,2,Cheese x1; Red Wine x1,390:1;743:1
Recipe_FrenchHotdog_1,cooking,Item_FrenchHotdog,French Hotdog,1,1,2,Dog flesh x1; Bread x1,432:1;370:1
Recipe_FrenchHotdog_2,cooking,Item_FrenchHotdog,French Hotdog,1,1,2,Mystery Meat x1; Bread x1,576:1;370:1
Recipe_FrenchHotdog_3,cooking,Item_FrenchHotdog,French Hotdog,2,1,2,Intestines x1; Bread x1,509:1;370:1
Recipe_FrenchHotdog_4,cooking,Item_FrenchHotdog,French Hotdog,2,1,2,Lung x1; Bread x1,541:1;370:1
Recipe_FrenchHotdog_5,cooking,Item_FrenchHotdog,French Hotdog,2,1,2,Pancreas x1; Bread x1,587:1;370:1
Recipe_FrenchHotdog_6,cooking,Item_FrenchHotdog,French Hotdog,2,1,2,Brain x1; Bread x1,369:1;370:1
Recipe_FrenchHotdog_7,cooking,Item_FrenchHotdog,French Hotdog,2,1,2,Bladder x1; Bread x1,353:1;370:1
Recipe_FrenchHotdog_8,cooking,Item_FrenchHotdog,French Hotdog,2,1,2,Spleen x1; Bread x1,699:1;370:1
Recipe_FrenchHotdog_9,cooking,Item_FrenchHotdog,French Hotdog,2,1,2,Frog Leg x1; Bread x1,462:1;370:1
Recipe_FrenchToast_1 1,cooking,Item_FrenchToast,French Toast,5,1,3,Sugar x2; Bread x1; Egg x1,708:2;370:1;440:1
Recipe_FrenchToast_1 2,cooking,Item_FrenchToast,French Toast,5,1,3,Sugar x1; Bread x2; Egg x1,708:1;370:2;440:1
Recipe_FrenchToast_1 3,cooking,Item_FrenchToast,French Toast,5,1,3,Sugar x1; Bread x1; Egg x2,708:1;370:1;440:2
Recipe_FrenchToast_1 4,cooking,Item_FrenchToast,French Toast,6,1,3,Sugar x2; Bread x1; Egg x2,708:2;370:1;440:2
Recipe_FrenchToast_1 5,cooking,Item_FrenchToast,French Toast,6,1,3,Sugar x2; Bread x2; Egg x1,708:2;370:2;440:1
Recipe_FrenchToast_1 6,cooking,Item_FrenchToast,French Toast,6,1,3,Sugar x1; Bread x2; Egg x2,708:1;370:2;440:2
Recipe_FrenchToast_1 7,cooking,Item_FrenchToast,French Toast,8,1,3,Sugar x2; Bread x2; Egg x2,708:2;370:2;440:2
Recipe_FrenchToast_1,cooking,Item_FrenchToast,French Toast,4,1,3,Sugar x1; Bread x1; Egg x1,708:1;370:1;440:1
Recipe_FrenchToast_2 1,cooking,Item_FrenchToast,French Toast,3,1,2,Sugar x2; Bread x1,708:2;370:1
Recipe_FrenchToast_2 2,cooking,Item_FrenchToast,French Toast,3,1,2,Sugar x1; Bread x2,708:1;370:2
Recipe_FrenchToast_2 3,cooking,Item_FrenchToast,French Toast,5,1,2,Sugar x2; Bread x2,708:2;370:2
Recipe_FrenchToast_2,cooking,Item_FrenchToast,French Toast,2,1,2,Sugar x1; Bread x1,708:1;370:1
Recipe_FullEnglishBreakfast_1 1,cooking,Item_FullEnglishBreakfast,Full English Breakfast,1,1,4,Spicy Sausage x1; Egg x1; Beans x1; Karl-Oskar x1,671:1;440:1;346:1;518:1
Recipe_FullEnglishBreakfast_1 2,cooking,Item_FullEnglishBreakfast,Full English Breakfast,1,1,4,Spicy Sausage x1; Egg x1; Beans x1; Rödsopp x1,671:1;440:1;346:1;646:1
Recipe_FullEnglishBreakfast_1 3,cooking,Item_FullEnglishBreakfast,Full English Breakfast,1,1,4,Spicy Sausage x1; Egg x1; Beans x1; Swing-Ding x1,671:1;440:1;346:1;717:1
Recipe_FullEnglishBreakfast_1 4,cooking,Item_FullEnglishBreakfast,Full English Breakfast,1,1,4,Spicy Sausage x1; Egg x1; Beans x1; Velvet Bell x1,671:1;440:1;346:1;734:1
Recipe_FullEnglishBreakfast_1 5,cooking,Item_FullEnglishBreakfast,Full English Breakfast,1,1,4,Spicy Sausage x1; Egg x1; Beans x1; Karl-Oskar x2,671:1;440:1;346:1;518:2
Recipe_FullEnglishBreakfast_1 6,cooking,Item_FullEnglishBreakfast,Full English Breakfast,1,1,4,Spicy Sausage x1; Egg x1; Beans x1; Rödsopp x2,671:1;440:1;346:1;646:2
Recipe_FullEnglishBreakfast_1 7,cooking,Item_FullEnglishBreakfast,Full English Breakfast,1,1,4,Spicy Sausage x1; Egg x1; Beans x1; Swing-Ding x2,671:1;440:1;346:1;717:2
Recipe_FullEnglishBreakfast_1 8,cooking,Item_FullEnglishBreakfast,Full English Breakfast,1,1,4,Spicy Sausage x1; Egg x1; Beans x1; Velvet Bell x2,671:1;440:1;346:1;734:2
Recipe_FullEnglishBreakfast_1 9,cooking,Item_FullEnglishBreakfast,Full English Breakfast,1,1,4,Spicy Sausage x1; Egg x2; Beans x1; Karl-Oskar x1,671:1;440:2;346:1;518:1
Recipe_FullEnglishBreakfast_1 10,cooking,Item_FullEnglishBreakfast,Full English Breakfast,1,1,4,Spicy Sausage x1; Egg x2; Beans x1; Rödsopp x1,671:1;440:2;346:1;646:1
Recipe_FullEnglishBreakfast_1 11,cooking,Item_FullEnglishBreakfast,Full English Breakfast,1,1,4,Spicy Sausage x1; Egg x2; Beans x1; Swing-Ding x1,671:1;440:2;346:1;717:1
Recipe_FullEnglishBreakfast_1 12,cooking,Item_FullEnglishBreakfast,Full English Breakfast,1,1,4,Spicy Sausage x1; Egg x2; Beans x1; Velvet Bell x1,671:1;440:2;346:1;734:1
Recipe_FullEnglishBreakfast_1 13,cooking,Item_FullEnglishBreakfast,Full English Breakfast,2,1,4,Spicy Sausage x1; Egg x2; Beans x1; Karl-Oskar x2,671:1;440:2;346:1;518:2
Recipe_FullEnglishBreakfast_1 14,cooking,Item_FullEnglishBreakfast,Full English Breakfast,2,1,4,Spicy Sausage x1; Egg x2; Beans x1; Rödsopp x2,671:1;440:2;346:1;646:2
Recipe_FullEnglishBreakfast_1 15,cooking,Item_FullEnglishBreakfast,Full English Breakfast,2,1,4,Spicy Sausage x1; Egg x2; Beans x1; Swing-Ding x2,671:1;440:2;346:1;717:2
Recipe_FullEnglishBreakfast_1 16,cooking,Item_FullEnglishBreakfast,Full English Breakfast,2,1,4,Spicy Sausage x1; Egg x2; Beans x1; Velvet Bell x2,671:1;440:2;346:1;734:2
Recipe_FullEnglishBreakfast_1 17,cooking,Item_FullEnglishBreakfast,Full English Breakfast,2,1,4,Spicy Sausage x1; Egg x2; Beans x2; Karl-Oskar x2,671:1;440:2;346:2;518:2
Recipe_FullEnglishBreakfast_1 18,cooking,Item_FullEnglishBreakfast,Full English Breakfast,2,1,4,Spicy Sausage x1; Egg x2; Beans x2; Rödsopp x2,671:1;440:2;346:2;646:2
Recipe_FullEnglishBreakfast_1 19,cooking,Item_FullEnglishBreakfast,Full English Breakfast,2,1,4,Spicy Sausage x1; Egg x2; Beans x2; Swing-Ding x2,671:1;440:2;346:2;717:2
Recipe_FullEnglishBreakfast_1 20,cooking,Item_FullEnglishBreakfast,Full English Breakfast,2,1,4,Spicy Sausage x1; Egg x2; Beans x2; Velvet Bell x2,671:1;440:2;346:2;734:2
Recipe_FullEnglishBreakfast_1 21,cooking,Item_FullEnglishBreakfast,Full English Breakfast,3,1,4,Spicy Sausage x2; Egg x2; Beans x2; Karl-Oskar x2,671:2;440:2;346:2;518:2
Recipe_FullEnglishBreakfast_1 22,cooking,Item_FullEnglishBreakfast,Full English Breakfast,3,1,4,Spicy Sausage x2; Egg x2; Beans x2; Rödsopp x2,671:2;440:2;346:2;646:2
Recipe_FullEnglishBreakfast_1 23,cooking,Item_FullEnglishBreakfast,Full English Breakfast,3,1,4,Spicy Sausage x2; Egg x2; Beans x2; Swing-Ding x2,671:2;440:2;346:2;717:2
Recipe_FullEnglishBreakfast_1 24,cooking,Item_FullEnglishBreakfast,Full English Breakfast,3,1,4,Spicy Sausage x2; Egg x2; Beans x2; Velvet Bell x2,671:2;440:2;346:2;734:2
Recipe_FullEnglishBreakfast_1 25,cooking,Item_FullEnglishBreakfast,Full English Breakfast,3,1,4,Spicy Sausage x2; Egg x3; Beans x2; Karl-Oskar x2,671:2;440:3;346:2;518:2
Recipe_FullEnglishBreakfast_1 26,cooking,Item_FullEnglishBreakfast,Full English Breakfast,3,1,4,Spicy Sausage x2; Egg x3; Beans x2; Rödsopp x2,671:2;440:3;346:2;646:2
Recipe_FullEnglishBreakfast_1 27,cooking,Item_FullEnglishBreakfast,Full English Breakfast,3,1,4,Spicy Sausage x2; Egg x3; Beans x2; Swing-Ding x2,671:2;440:3;346:2;717:2
Recipe_FullEnglishBreakfast_1 28,cooking,Item_FullEnglishBreakfast,Full English Breakfast,3,1,4,Spicy Sausage x2; Egg x3; Beans x2; Velvet Bell x2,671:2;440:3;346:2;734:2
Recipe_FullEnglishBreakfast_1 29,cooking,Item_FullEnglishBreakfast,Full English Breakfast,3,1,4,Spicy Sausage x2; Egg x2; Beans x2; Karl-Oskar x3,671:2;440:2;346:2;518:3
Recipe_FullEnglishBreakfast_1 30,cooking,Item_FullEnglishBreakfast,Full English Breakfast,3,1,4,Spicy Sausage x2; Egg x2; Beans x2; Rödsopp x3,671:2;440:2;346:2;646:3
Recipe_FullEnglishBreakfast_1 31,cooking,Item_FullEnglishBreakfast,Full English Breakfast,3,1,4,Spicy Sausage x2; Egg x2; Beans x2; Swing-Ding x3,671:2;440:2;346:2;717:3
Recipe_FullEnglishBreakfast_1 32,cooking,Item_FullEnglishBreakfast,Full English Breakfast,3,1,4,Spicy Sausage x2; Egg x2; Beans x2; Velvet Bell x3,671:2;440:2;346:2;734:3
Recipe_FullEnglishBreakfast_1 33,cooking,Item_FullEnglishBreakfast,Full English Breakfast,3,1,4,Spicy Sausage x2; Egg x3; Beans x2; Karl-Oskar x3,671:2;440:3;346:2;518:3
Recipe_FullEnglishBreakfast_1 34,cooking,Item_FullEnglishBreakfast,Full English Breakfast,3,1,4,Spicy Sausage x2; Egg x3; Beans x2; Rödsopp x3,671:2;440:3;346:2;646:3
Recipe_FullEnglishBreakfast_1 35,cooking,Item_FullEnglishBreakfast,Full English Breakfast,3,1,4,Spicy Sausage x2; Egg x3; Beans x2; Swing-Ding x3,671:2;440:3;346:2;717:3
Recipe_FullEnglishBreakfast_1 36,cooking,Item_FullEnglishBreakfast,Full English Breakfast,3,1,4,Spicy Sausage x2; Egg x3; Beans x2; Velvet Bell x3,671:2;440:3;346:2;734:3
Recipe_FullEnglishBreakfast_1 37,cooking,Item_FullEnglishBreakfast,Full English Breakfast,3,1,4,Spicy Sausage x2; Egg x3; Beans x3; Karl-Oskar x3,671:2;440:3;346:3;518:3
Recipe_FullEnglishBreakfast_1 38,cooking,Item_FullEnglishBreakfast,Full English Breakfast,3,1,4,Spicy Sausage x2; Egg x3; Beans x3; Rödsopp x3,671:2;440:3;346:3;646:3
Recipe_FullEnglishBreakfast_1 39,cooking,Item_FullEnglishBreakfast,Full English Breakfast,3,1,4,Spicy Sausage x2; Egg x3; Beans x3; Swing-Ding x3,671:2;440:3;346:3;717:3
Recipe_FullEnglishBreakfast_1 40,cooking,Item_FullEnglishBreakfast,Full English Breakfast,3,1,4,Spicy Sausage x2; Egg x3; Beans x3; Velvet Bell x3,671:2;440:3;346:3;734:3
Recipe_FullEnglishBreakfast_1 41,cooking,Item_FullEnglishBreakfast,Full English Breakfast,4,1,4,Spicy Sausage x3; Egg x3; Beans x3; Karl-Oskar x3,671:3;440:3;346:3;518:3
Recipe_FullEnglishBreakfast_1 42,cooking,Item_FullEnglishBreakfast,Full English Breakfast,4,1,4,Spicy Sausage x3; Egg x3; Beans x3; Rödsopp x3,671:3;440:3;346:3;646:3
Recipe_FullEnglishBreakfast_1 43,cooking,Item_FullEnglishBreakfast,Full English Breakfast,4,1,4,Spicy Sausage x3; Egg x3; Beans x3; Swing-Ding x3,671:3;440:3;346:3;717:3
Recipe_FullEnglishBreakfast_1 44,cooking,Item_FullEnglishBreakfast,Full English Breakfast,4,1,4,Spicy Sausage x3; Egg x3; Beans x3; Velvet Bell x3,671:3;440:3;346:3;734:3
Recipe_FullEnglishBreakfast_1 45,cooking,Item_FullEnglishBreakfast,Full English Breakfast,3,1,4,Spicy Sausage x2; Egg x2; Beans x3; Karl-Oskar x2,671:2;440:2;346:3;518:2
Recipe_FullEnglishBreakfast_1 46,cooking,Item_FullEnglishBreakfast,Full English Breakfast,3,1,4,Spicy Sausage x2; Egg x2; Beans x3; Rödsopp x2,671:2;440:2;346:3;646:2
Recipe_FullEnglishBreakfast_1 47,cooking,Item_FullEnglishBreakfast,Full English Breakfast,3,1,4,Spicy Sausage x2; Egg x2; Beans x3; Swing-Ding x2,671:2;440:2;346:3;717:2
Recipe_FullEnglishBreakfast_1 48,cooking,Item_FullEnglishBreakfast,Full English Breakfast,3,1,4,Spicy Sausage x2; Egg x2; Beans x3; Velvet Bell x2,671:2;440:2;346:3;734:2
Recipe_FullEnglishBreakfast_1 49,cooking,Item_FullEnglishBreakfast,Full English Breakfast,3,1,4,Spicy Sausage x3; Egg x2; Beans x2; Karl-Oskar x2,671:3;440:2;346:2;518:2
Recipe_FullEnglishBreakfast_1 50,cooking,Item_FullEnglishBreakfast,Full English Breakfast,3,1,4,Spicy Sausage x3; Egg x2; Beans x2; Rödsopp x2,671:3;440:2;346:2;646:2
Recipe_FullEnglishBreakfast_1 51,cooking,Item_FullEnglishBreakfast,Full English Breakfast,3,1,4,Spicy Sausage x3; Egg x2; Beans x2; Swing-Ding x2,671:3;440:2;346:2;717:2
Recipe_FullEnglishBreakfast_1 52,cooking,Item_FullEnglishBreakfast,Full English Breakfast,3,1,4,Spicy Sausage x3; Egg x2; Beans x2; Velvet Bell x2,671:3;440:2;346:2;734:2
Recipe_FullEnglishBreakfast_1,cooking,Item_FullEnglishBreakfast,Full English Breakfast,1,1,4,Spicy Sausage x1; Egg x1; Beans x1; Velvet Bell x1,671:1;440:1;346:1;734:1
Recipe_Glogg 1,cooking,Item_MulledWine,Mulled Wine,4,1,3,Red Wine x1; Sugar x1; Christmas Spice x1,743:1;708:1;400:1
Recipe_Glogg 2,cooking,Item_MulledWine,Mulled Wine,1,1,2,Red Wine x1; Christmas Spice x1,743:1;400:1
Recipe_Glogg 3,cooking,Item_MulledWine,Mulled Wine,4,1,3,Red Wine x1; Christmas Spice x1; Berry Jam x1,743:1;400:1;511:1
Recipe_Glogg 4,cooking,Item_MulledWine,Mulled Wine,3,1,2,Red Wine x2; Christmas Spice x1,743:2;400:1
Recipe_Glogg 5,cooking,Item_MulledWine,Mulled Wine,2,1,2,Red Wine x1; Christmas Spice x2,743:1;400:2
Recipe_Glogg 6,cooking,Item_MulledWine,Mulled Wine,2,1,2,Red Wine x1; Sugar x1,743:1;708:1
Recipe_Glogg 7,cooking,Item_MulledWine,Mulled Wine,3,1,2,Red Wine x2; Sugar x1,743:2;708:1
Recipe_Glogg 8,cooking,Item_MulledWine,Mulled Wine,4,1,2,Red Wine x1; Sugar x2,743:1;708:2
Recipe_Glogg 9,cooking,Item_MulledWine,Mulled Wine,5,1,2,Red Wine x2; Sugar x2,743:2;708:2
Recipe_Gonster 1,cooking,Item_Gonster,Gonster,1,1,2,Stout x1; Sports Drink x1,706:1;700:1
Recipe_Gonster 2,cooking,Item_Gonster,Gonster,1,1,2,Stout x1; Cactus Softdrink x1,706:1;377:1
Recipe_Gonster,cooking,Item_Gonster,Gonster,1,1,2,Stout x1; Slurf x1,706:1;694:1
Recipe_Gravadlax 1,cooking,Item_GravadLax,Gravad Lax,4,1,3,Flat Sandfish x1; Herbs x1; Sugar x1,659:1;490:1;708:1
Recipe_Gravadlax,cooking,Item_GravadLax,Gravad Lax,4,1,3,Fish x1; Herbs x1; Sugar x1,452:1;490:1;708:1
Recipe_Gravy_1 1,cooking,Item_Gravy,Gravy,1,1,2,Broth x1; Low Fat Milk x1,372:1;560:1
Recipe_Gravy_1 2,cooking,Item_Gravy,Gravy,1,1,2,Broth x1; Skimmed Milk x1,372:1;558:1
Recipe_Gravy_1 3,cooking,Item_Gravy,Gravy,1,1,2,Broth x1; Butter x1,372:1;373:1
Recipe_Gravy_1 4,cooking,Item_Gravy,Gravy,1,1,2,Broth x1; Buttermilk x1,372:1;559:1
Recipe_Gravy_1,cooking,Item_Gravy,Gravy,1,1,2,Broth x1; Whole Milk x1,372:1;561:1
Recipe_GreenGlob,cooking,Item_GreenGlob,Green Glob,1,1,2,Snail x1; Rock x1,690:1;645:1
Recipe_GreenGlob_1,cooking,Item_GreenGlob,Green Glob,1,1,2,Snail x1; Salt x1,690:1;656:1
Recipe_Gum_1,cooking,Item_GumHubba,Sweet Gum,1,1,2,Rubber x1; Berries x1,650:1;350:1
Recipe_Gum_2 1,cooking,Item_GumHubba,Sweet Gum,1,1,2,Rubber x1; Slurf x1,650:1;694:1
Recipe_Gum_2,cooking,Item_GumHubba,Sweet Gum,1,1,2,Rubber x1; Sugar x1,650:1;708:1
Recipe_Gum_3,cooking,Item_GumHubba,Sweet Gum,1,1,2,Used Rubber x1; Sugar x1,731:1;708:1
Recipe_Gum_4,cooking,Item_GumHubba,Sweet Gum,1,1,2,Used Rubber x1; Berries x1,731:1;350:1
Recipe_Haggis_1A,cooking,Item_Haggis,Haggis,1,1,2,Lung x1; Oats x1,541:1;581:1
Recipe_Haggis_1B,cooking,Item_Haggis,Haggis,1,1,3,Lung x1; Oats x1; Heart x1,541:1;581:1;488:1
Recipe_Haggis_1C,cooking,Item_Haggis,Haggis,1,1,3,Lung x1; Oats x1; Liver x1,541:1;581:1;533:1
Recipe_Haggis_2A,cooking,Item_Haggis,Haggis,1,1,2,Craw skin x1; Oats x1,416:1;581:1
Recipe_Haggis_2B,cooking,Item_Haggis,Haggis,1,1,3,Craw skin x1; Oats x1; Liver x1,416:1;581:1;533:1
Recipe_Haggis_2C,cooking,Item_Haggis,Haggis,1,1,3,Craw skin x1; Oats x1; Heart x1,416:1;581:1;488:1
Recipe_Haggis_3A,cooking,Item_Haggis,Haggis,1,1,2,Dog Skin x1; Oats x1,433:1;581:1
Recipe_Haggis_3B,cooking,Item_Haggis,Haggis,1,1,3,Dog Skin x1; Oats x1; Liver x1,433:1;581:1;533:1
Recipe_Haggis_3C,cooking,Item_Haggis,Haggis,1,1,3,Dog Skin x1; Oats x1; Heart x1,433:1;581:1;488:1
Recipe_Haggis_4A,cooking,Item_Haggis,Haggis,1,1,2,Goblin skin x1; Oats x1,472:1;581:1
Recipe_Haggis_4B,cooking,Item_Haggis,Haggis,1,1,3,Goblin skin x1; Oats x1; Liver x1,472:1;581:1;533:1
Recipe_Haggis_4C,cooking,Item_Haggis,Haggis,1,1,3,Goblin skin x1; Oats x1; Heart x1,472:1;581:1;488:1
Recipe_Haggis_5A,cooking,Item_Haggis,Haggis,1,1,2,Human skin x1; Oats x1,505:1;581:1
Recipe_Haggis_5B,cooking,Item_Haggis,Haggis,1,1,3,Human skin x1; Oats x1; Liver x1,505:1;581:1;533:1
Recipe_Haggis_5C,cooking,Item_Haggis,Haggis,1,1,3,Human skin x1; Oats x1; Heart x1,505:1;581:1;488:1
Recipe_Haggis_6A,cooking,Item_Haggis,Haggis,1,1,2,Shav'Wa skin x1; Oats x1,538:1;581:1
Recipe_Haggis_6B,cooking,Item_Haggis,Haggis,1,1,3,Shav'Wa skin x1; Oats x1; Liver x1,538:1;581:1;533:1
Recipe_Haggis_6C,cooking,Item_Haggis,Haggis,1,1,3,Shav'Wa skin x1; Oats x1; Heart x1,538:1;581:1;488:1
Recipe_Haggis_7A,cooking,Item_Haggis,Haggis,1,1,2,Hellshrew skin x1; Oats x1,684:1;581:1
Recipe_Haggis_7B,cooking,Item_Haggis,Haggis,1,1,3,Hellshrew skin x1; Oats x1; Liver x1,684:1;581:1;533:1
Recipe_Haggis_7C,cooking,Item_Haggis,Haggis,1,1,3,Hellshrew skin x1; Oats x1; Heart x1,684:1;581:1;488:1
Recipe_HardBread_1 1,cooking,Item_HardBread,Hard Bread,4,1,2,Flour x1; Sawdust x2,456:1;675:2
Recipe_HardBread_1 2,cooking,Item_HardBread,Hard Bread,4,1,2,Flour x2; Sawdust x1,456:2;675:1
Recipe_HardBread_1 3,cooking,Item_HardBread,Hard Bread,5,1,2,Flour x2; Sawdust x3,456:2;675:3
Recipe_HardBread_1,cooking,Item_HardBread,Hard Bread,3,1,2,Flour x1; Sawdust x1,456:1;675:1
Recipe_HealthPotion_1,cooking,Item_HealthPotion,Health Potion,1,1,2,Blood x1; Berry Jam x1,357:1;511:1
Recipe_HealthPotion_2,cooking,Item_HealthPotion,Health Potion,1,1,1,Herbs x4,490:4
Recipe_HealthPotion_3,cooking,Item_HealthPotion,Health Potion,1,1,1,Rödsopp x9,646:9
Recipe_HealthPotion_4,cooking,Item_HealthPotion,Health Potion,1,1,2,Herbs x1; Rödsopp x3,490:1;646:3
Recipe_HealthPotion_5,cooking,Item_HealthPotion,Health Potion,1,1,2,Blood x1; Rödsopp x1,357:1;646:1
Recipe_HealthPotion_6,cooking,Item_HealthPotion,Health Potion,1,1,2,Slurf x1; Blood x1,694:1;357:1
Recipe_HealthPotion_7,cooking,Item_HealthPotion,Health Potion,1,1,1,Blood x2,357:2
Recipe_HolyToast_1,cooking,Item_HolyToast,Holy Toast,3,1,2,Holy Water x1; Bread x1,497:1;370:1
Recipe_HolyToast_2,cooking,Item_HolyToast,Holy Toast,3,1,2,Red Wine x1; Bread x1,743:1;370:1
Recipe_Hotpot 1,cooking,Item_HotPot,Hot Pot,2,1,6,Broth x1; Rödsopp x1; Velvet Bell x1; Swing-Ding x1; Karl-Oskar x1; Dog flesh x1,372:1;646:1;734:1;717:1;518:1;432:1
Recipe_Hotpot 2,cooking,Item_HotPot,Hot Pot,2,1,6,Broth x1; Rödsopp x1; Velvet Bell x1; Swing-Ding x1; Karl-Oskar x1; Goblin flesh x1,372:1;646:1;734:1;717:1;518:1;471:1
Recipe_Hotpot 3,cooking,Item_HotPot,Hot Pot,2,1,6,Broth x1; Rödsopp x1; Velvet Bell x1; Swing-Ding x1; Karl-Oskar x1; Human flesh x1,372:1;646:1;734:1;717:1;518:1;504:1
Recipe_Hotpot 4,cooking,Item_HotPot,Hot Pot,2,1,6,Broth x1; Rödsopp x1; Velvet Bell x1; Swing-Ding x1; Karl-Oskar x1; Shav'Wa flesh x1,372:1;646:1;734:1;717:1;518:1;537:1
Recipe_Hotpot 5,cooking,Item_HotPot,Hot Pot,2,1,6,Broth x1; Rödsopp x1; Velvet Bell x1; Swing-Ding x1; Karl-Oskar x1; Hellshrew flesh x1,372:1;646:1;734:1;717:1;518:1;683:1
Recipe_Hotpot 6,cooking,Item_HotPot,Hot Pot,2,1,6,Broth x1; Rödsopp x1; Velvet Bell x1; Swing-Ding x1; Karl-Oskar x2; Craw flesh x1,372:1;646:1;734:1;717:1;518:2;415:1
Recipe_Hotpot 7,cooking,Item_HotPot,Hot Pot,2,1,6,Broth x1; Rödsopp x1; Velvet Bell x1; Swing-Ding x1; Karl-Oskar x2; Dog flesh x1,372:1;646:1;734:1;717:1;518:2;432:1
Recipe_Hotpot 8,cooking,Item_HotPot,Hot Pot,2,1,6,Broth x1; Rödsopp x1; Velvet Bell x1; Swing-Ding x1; Karl-Oskar x2; Goblin flesh x1,372:1;646:1;734:1;717:1;518:2;471:1
Recipe_Hotpot 9,cooking,Item_HotPot,Hot Pot,2,1,6,Broth x1; Rödsopp x1; Velvet Bell x1; Swing-Ding x1; Karl-Oskar x2; Human flesh x1,372:1;646:1;734:1;717:1;518:2;504:1
Recipe_Hotpot 10,cooking,Item_HotPot,Hot Pot,2,1,6,Broth x1; Rödsopp x1; Velvet Bell x1; Swing-Ding x1; Karl-Oskar x2; Shav'Wa flesh x1,372:1;646:1;734:1;717:1;518:2;537:1
Recipe_Hotpot 11,cooking,Item_HotPot,Hot Pot,2,1,6,Broth x1; Rödsopp x1; Velvet Bell x1; Swing-Ding x1; Karl-Oskar x2; Hellshrew flesh x1,372:1;646:1;734:1;717:1;518:2;683:1
Recipe_Hotpot 12,cooking,Item_HotPot,Hot Pot,2,1,6,Broth x1; Rödsopp x1; Velvet Bell x1; Swing-Ding x2; Karl-Oskar x1; Craw flesh x1,372:1;646:1;734:1;717:2;518:1;415:1
Recipe_Hotpot 13,cooking,Item_HotPot,Hot Pot,2,1,6,Broth x1; Rödsopp x1; Velvet Bell x1; Swing-Ding x2; Karl-Oskar x1; Dog flesh x1,372:1;646:1;734:1;717:2;518:1;432:1
Recipe_Hotpot 14,cooking,Item_HotPot,Hot Pot,2,1,6,Broth x1; Rödsopp x1; Velvet Bell x1; Swing-Ding x2; Karl-Oskar x1; Goblin flesh x1,372:1;646:1;734:1;717:2;518:1;471:1
Recipe_Hotpot 15,cooking,Item_HotPot,Hot Pot,2,1,6,Broth x1; Rödsopp x1; Velvet Bell x1; Swing-Ding x2; Karl-Oskar x1; Human flesh x1,372:1;646:1;734:1;717:2;518:1;504:1
Recipe_Hotpot 16,cooking,Item_HotPot,Hot Pot,2,1,6,Broth x1; Rödsopp x1; Velvet Bell x1; Swing-Ding x2; Karl-Oskar x1; Shav'Wa flesh x1,372:1;646:1;734:1;717:2;518:1;537:1
Recipe_Hotpot 17,cooking,Item_HotPot,Hot Pot,2,1,6,Broth x1; Rödsopp x1; Velvet Bell x1; Swing-Ding x2; Karl-Oskar x1; Hellshrew flesh x1,372:1;646:1;734:1;717:2;518:1;683:1
Recipe_Hotpot 18,cooking,Item_HotPot,Hot Pot,2,1,6,Broth x1; Rödsopp x1; Velvet Bell x2; Swing-Ding x1; Karl-Oskar x1; Craw flesh x1,372:1;646:1;734:2;717:1;518:1;415:1
Recipe_Hotpot 19,cooking,Item_HotPot,Hot Pot,2,1,6,Broth x1; Rödsopp x1; Velvet Bell x2; Swing-Ding x1; Karl-Oskar x1; Dog flesh x1,372:1;646:1;734:2;717:1;518:1;432:1
Recipe_Hotpot 20,cooking,Item_HotPot,Hot Pot,2,1,6,Broth x1; Rödsopp x1; Velvet Bell x2; Swing-Ding x1; Karl-Oskar x1; Goblin flesh x1,372:1;646:1;734:2;717:1;518:1;471:1
Recipe_Hotpot 21,cooking,Item_HotPot,Hot Pot,2,1,6,Broth x1; Rödsopp x1; Velvet Bell x2; Swing-Ding x1; Karl-Oskar x1; Human flesh x1,372:1;646:1;734:2;717:1;518:1;504:1
Recipe_Hotpot 22,cooking,Item_HotPot,Hot Pot,2,1,6,Broth x1; Rödsopp x1; Velvet Bell x2; Swing-Ding x1; Karl-Oskar x1; Shav'Wa flesh x1,372:1;646:1;734:2;717:1;518:1;537:1
Recipe_Hotpot 23,cooking,Item_HotPot,Hot Pot,2,1,6,Broth x1; Rödsopp x1; Velvet Bell x2; Swing-Ding x1; Karl-Oskar x1; Hellshrew flesh x1,372:1;646:1;734:2;717:1;518:1;683:1
Recipe_Hotpot 24,cooking,Item_HotPot,Hot Pot,2,1,6,Broth x1; Rödsopp x2; Velvet Bell x1; Swing-Ding x1; Karl-Oskar x1; Craw flesh x1,372:1;646:2;734:1;717:1;518:1;415:1
Recipe_Hotpot 25,cooking,Item_HotPot,Hot Pot,2,1,6,Broth x1; Rödsopp x2; Velvet Bell x1; Swing-Ding x1; Karl-Oskar x1; Dog flesh x1,372:1;646:2;734:1;717:1;518:1;432:1
Recipe_Hotpot 26,cooking,Item_HotPot,Hot Pot,2,1,6,Broth x1; Rödsopp x2; Velvet Bell x1; Swing-Ding x1; Karl-Oskar x1; Goblin flesh x1,372:1;646:2;734:1;717:1;518:1;471:1
Recipe_Hotpot 27,cooking,Item_HotPot,Hot Pot,2,1,6,Broth x1; Rödsopp x2; Velvet Bell x1; Swing-Ding x1; Karl-Oskar x1; Human flesh x1,372:1;646:2;734:1;717:1;518:1;504:1
Recipe_Hotpot 28,cooking,Item_HotPot,Hot Pot,2,1,6,Broth x1; Rödsopp x2; Velvet Bell x1; Swing-Ding x1; Karl-Oskar x1; Shav'Wa flesh x1,372:1;646:2;734:1;717:1;518:1;537:1
Recipe_Hotpot 29,cooking,Item_HotPot,Hot Pot,2,1,6,Broth x1; Rödsopp x2; Velvet Bell x1; Swing-Ding x1; Karl-Oskar x1; Hellshrew flesh x1,372:1;646:2;734:1;717:1;518:1;683:1
Recipe_Hotpot 30,cooking,Item_HotPot,Hot Pot,2,1,6,Broth x2; Rödsopp x1; Velvet Bell x1; Swing-Ding x1; Karl-Oskar x1; Craw flesh x1,372:2;646:1;734:1;717:1;518:1;415:1
Recipe_Hotpot 31,cooking,Item_HotPot,Hot Pot,2,1,6,Broth x2; Rödsopp x1; Velvet Bell x1; Swing-Ding x1; Karl-Oskar x1; Dog flesh x1,372:2;646:1;734:1;717:1;518:1;432:1
Recipe_Hotpot 32,cooking,Item_HotPot,Hot Pot,2,1,6,Broth x2; Rödsopp x1; Velvet Bell x1; Swing-Ding x1; Karl-Oskar x1; Goblin flesh x1,372:2;646:1;734:1;717:1;518:1;471:1
Recipe_Hotpot 33,cooking,Item_HotPot,Hot Pot,2,1,6,Broth x2; Rödsopp x1; Velvet Bell x1; Swing-Ding x1; Karl-Oskar x1; Human flesh x1,372:2;646:1;734:1;717:1;518:1;504:1
Recipe_Hotpot 34,cooking,Item_HotPot,Hot Pot,2,1,6,Broth x2; Rödsopp x1; Velvet Bell x1; Swing-Ding x1; Karl-Oskar x1; Shav'Wa flesh x1,372:2;646:1;734:1;717:1;518:1;537:1
Recipe_Hotpot 35,cooking,Item_HotPot,Hot Pot,2,1,6,Broth x2; Rödsopp x1; Velvet Bell x1; Swing-Ding x1; Karl-Oskar x1; Hellshrew flesh x1,372:2;646:1;734:1;717:1;518:1;683:1
Recipe_Hotpot 36,cooking,Item_HotPot,Hot Pot,2,1,6,Broth x2; Rödsopp x2; Velvet Bell x1; Swing-Ding x1; Karl-Oskar x1; Craw flesh x1,372:2;646:2;734:1;717:1;518:1;415:1
Recipe_Hotpot 37,cooking,Item_HotPot,Hot Pot,2,1,6,Broth x2; Rödsopp x2; Velvet Bell x1; Swing-Ding x1; Karl-Oskar x1; Dog flesh x1,372:2;646:2;734:1;717:1;518:1;432:1
Recipe_Hotpot 38,cooking,Item_HotPot,Hot Pot,2,1,6,Broth x2; Rödsopp x2; Velvet Bell x1; Swing-Ding x1; Karl-Oskar x1; Goblin flesh x1,372:2;646:2;734:1;717:1;518:1;471:1
Recipe_Hotpot 39,cooking,Item_HotPot,Hot Pot,2,1,6,Broth x2; Rödsopp x2; Velvet Bell x1; Swing-Ding x1; Karl-Oskar x1; Human flesh x1,372:2;646:2;734:1;717:1;518:1;504:1
Recipe_Hotpot 40,cooking,Item_HotPot,Hot Pot,2,1,6,Broth x2; Rödsopp x2; Velvet Bell x1; Swing-Ding x1; Karl-Oskar x1; Shav'Wa flesh x1,372:2;646:2;734:1;717:1;518:1;537:1
Recipe_Hotpot 41,cooking,Item_HotPot,Hot Pot,2,1,6,Broth x2; Rödsopp x2; Velvet Bell x1; Swing-Ding x1; Karl-Oskar x1; Hellshrew flesh x1,372:2;646:2;734:1;717:1;518:1;683:1
Recipe_Hotpot 42,cooking,Item_HotPot,Hot Pot,2,1,6,Broth x2; Rödsopp x1; Velvet Bell x2; Swing-Ding x1; Karl-Oskar x1; Craw flesh x1,372:2;646:1;734:2;717:1;518:1;415:1
Recipe_Hotpot 43,cooking,Item_HotPot,Hot Pot,2,1,6,Broth x2; Rödsopp x1; Velvet Bell x2; Swing-Ding x1; Karl-Oskar x1; Dog flesh x1,372:2;646:1;734:2;717:1;518:1;432:1
Recipe_Hotpot 44,cooking,Item_HotPot,Hot Pot,2,1,6,Broth x2; Rödsopp x1; Velvet Bell x2; Swing-Ding x1; Karl-Oskar x1; Goblin flesh x1,372:2;646:1;734:2;717:1;518:1;471:1
Recipe_Hotpot 45,cooking,Item_HotPot,Hot Pot,2,1,6,Broth x2; Rödsopp x1; Velvet Bell x2; Swing-Ding x1; Karl-Oskar x1; Human flesh x1,372:2;646:1;734:2;717:1;518:1;504:1
Recipe_Hotpot 46,cooking,Item_HotPot,Hot Pot,2,1,6,Broth x2; Rödsopp x1; Velvet Bell x2; Swing-Ding x1; Karl-Oskar x1; Shav'Wa flesh x1,372:2;646:1;734:2;717:1;518:1;537:1
Recipe_Hotpot 47,cooking,Item_HotPot,Hot Pot,2,1,6,Broth x2; Rödsopp x1; Velvet Bell x2; Swing-Ding x1; Karl-Oskar x1; Hellshrew flesh x1,372:2;646:1;734:2;717:1;518:1;683:1
Recipe_Hotpot 48,cooking,Item_HotPot,Hot Pot,2,1,6,Broth x2; Rödsopp x1; Velvet Bell x1; Swing-Ding x2; Karl-Oskar x1; Craw flesh x1,372:2;646:1;734:1;717:2;518:1;415:1
Recipe_Hotpot 49,cooking,Item_HotPot,Hot Pot,2,1,6,Broth x2; Rödsopp x1; Velvet Bell x1; Swing-Ding x2; Karl-Oskar x1; Dog flesh x1,372:2;646:1;734:1;717:2;518:1;432:1
Recipe_Hotpot 50,cooking,Item_HotPot,Hot Pot,2,1,6,Broth x2; Rödsopp x1; Velvet Bell x1; Swing-Ding x2; Karl-Oskar x1; Goblin flesh x1,372:2;646:1;734:1;717:2;518:1;471:1
Recipe_Hotpot 51,cooking,Item_HotPot,Hot Pot,2,1,6,Broth x2; Rödsopp x1; Velvet Bell x1; Swing-Ding x2; Karl-Oskar x1; Human flesh x1,372:2;646:1;734:1;717:2;518:1;504:1
Recipe_Hotpot 52,cooking,Item_HotPot,Hot Pot,2,1,6,Broth x2; Rödsopp x1; Velvet Bell x1; Swing-Ding x2; Karl-Oskar x1; Shav'Wa flesh x1,372:2;646:1;734:1;717:2;518:1;537:1
Recipe_Hotpot 53,cooking,Item_HotPot,Hot Pot,2,1,6,Broth x2; Rödsopp x1; Velvet Bell x1; Swing-Ding x2; Karl-Oskar x1; Hellshrew flesh x1,372:2;646:1;734:1;717:2;518:1;683:1
Recipe_Hotpot 54,cooking,Item_HotPot,Hot Pot,2,1,6,Broth x2; Rödsopp x1; Velvet Bell x1; Swing-Ding x1; Karl-Oskar x2; Craw flesh x1,372:2;646:1;734:1;717:1;518:2;415:1
Recipe_Hotpot 55,cooking,Item_HotPot,Hot Pot,2,1,6,Broth x2; Rödsopp x1; Velvet Bell x1; Swing-Ding x1; Karl-Oskar x2; Dog flesh x1,372:2;646:1;734:1;717:1;518:2;432:1
Recipe_Hotpot 56,cooking,Item_HotPot,Hot Pot,2,1,6,Broth x2; Rödsopp x1; Velvet Bell x1; Swing-Ding x1; Karl-Oskar x2; Goblin flesh x1,372:2;646:1;734:1;717:1;518:2;471:1
Recipe_Hotpot 57,cooking,Item_HotPot,Hot Pot,2,1,6,Broth x2; Rödsopp x1; Velvet Bell x1; Swing-Ding x1; Karl-Oskar x2; Human flesh x1,372:2;646:1;734:1;717:1;518:2;504:1
Recipe_Hotpot 58,cooking,Item_HotPot,Hot Pot,2,1,6,Broth x2; Rödsopp x1; Velvet Bell x1; Swing-Ding x1; Karl-Oskar x2; Shav'Wa flesh x1,372:2;646:1;734:1;717:1;518:2;537:1
Recipe_Hotpot 59,cooking,Item_HotPot,Hot Pot,2,1,6,Broth x2; Rödsopp x1; Velvet Bell x1; Swing-Ding x1; Karl-Oskar x2; Hellshrew flesh x1,372:2;646:1;734:1;717:1;518:2;683:1
Recipe_Hotpot 60,cooking,Item_HotPot,Hot Pot,2,1,6,Broth x2; Rödsopp x1; Velvet Bell x1; Swing-Ding x2; Karl-Oskar x2; Craw flesh x1,372:2;646:1;734:1;717:2;518:2;415:1
Recipe_Hotpot 61,cooking,Item_HotPot,Hot Pot,2,1,6,Broth x2; Rödsopp x1; Velvet Bell x1; Swing-Ding x2; Karl-Oskar x2; Dog flesh x1,372:2;646:1;734:1;717:2;518:2;432:1
Recipe_Hotpot 62,cooking,Item_HotPot,Hot Pot,2,1,6,Broth x2; Rödsopp x1; Velvet Bell x1; Swing-Ding x2; Karl-Oskar x2; Goblin flesh x1,372:2;646:1;734:1;717:2;518:2;471:1
Recipe_Hotpot 63,cooking,Item_HotPot,Hot Pot,2,1,6,Broth x2; Rödsopp x1; Velvet Bell x1; Swing-Ding x2; Karl-Oskar x2; Human flesh x1,372:2;646:1;734:1;717:2;518:2;504:1
Recipe_Hotpot 64,cooking,Item_HotPot,Hot Pot,2,1,6,Broth x2; Rödsopp x1; Velvet Bell x1; Swing-Ding x2; Karl-Oskar x2; Shav'Wa flesh x1,372:2;646:1;734:1;717:2;518:2;537:1
Recipe_Hotpot 65,cooking,Item_HotPot,Hot Pot,2,1,6,Broth x2; Rödsopp x1; Velvet Bell x1; Swing-Ding x2; Karl-Oskar x2; Hellshrew flesh x1,372:2;646:1;734:1;717:2;518:2;683:1
Recipe_Hotpot 66,cooking,Item_HotPot,Hot Pot,2,1,6,Broth x2; Rödsopp x1; Velvet Bell x2; Swing-Ding x1; Karl-Oskar x2; Craw flesh x1,372:2;646:1;734:2;717:1;518:2;415:1
Recipe_Hotpot 67,cooking,Item_HotPot,Hot Pot,2,1,6,Broth x2; Rödsopp x1; Velvet Bell x2; Swing-Ding x1; Karl-Oskar x2; Dog flesh x1,372:2;646:1;734:2;717:1;518:2;432:1
Recipe_Hotpot 68,cooking,Item_HotPot,Hot Pot,2,1,6,Broth x2; Rödsopp x1; Velvet Bell x2; Swing-Ding x1; Karl-Oskar x2; Goblin flesh x1,372:2;646:1;734:2;717:1;518:2;471:1
Recipe_Hotpot 69,cooking,Item_HotPot,Hot Pot,2,1,6,Broth x2; Rödsopp x1; Velvet Bell x2; Swing-Ding x1; Karl-Oskar x2; Human flesh x1,372:2;646:1;734:2;717:1;518:2;504:1
Recipe_Hotpot 70,cooking,Item_HotPot,Hot Pot,2,1,6,Broth x2; Rödsopp x1; Velvet Bell x2; Swing-Ding x1; Karl-Oskar x2; Shav'Wa flesh x1,372:2;646:1;734:2;717:1;518:2;537:1
Recipe_Hotpot 71,cooking,Item_HotPot,Hot Pot,2,1,6,Broth x2; Rödsopp x1; Velvet Bell x2; Swing-Ding x1; Karl-Oskar x2; Hellshrew flesh x1,372:2;646:1;734:2;717:1;518:2;683:1
Recipe_Hotpot 72,cooking,Item_HotPot,Hot Pot,2,1,6,Broth x2; Rödsopp x2; Velvet Bell x1; Swing-Ding x1; Karl-Oskar x2; Craw flesh x1,372:2;646:2;734:1;717:1;518:2;415:1
Recipe_Hotpot 73,cooking,Item_HotPot,Hot Pot,2,1,6,Broth x2; Rödsopp x2; Velvet Bell x1; Swing-Ding x1; Karl-Oskar x2; Dog flesh x1,372:2;646:2;734:1;717:1;518:2;432:1
Recipe_Hotpot 74,cooking,Item_HotPot,Hot Pot,2,1,6,Broth x2; Rödsopp x2; Velvet Bell x1; Swing-Ding x1; Karl-Oskar x2; Goblin flesh x1,372:2;646:2;734:1;717:1;518:2;471:1
Recipe_Hotpot 75,cooking,Item_HotPot,Hot Pot,2,1,6,Broth x2; Rödsopp x2; Velvet Bell x1; Swing-Ding x1; Karl-Oskar x2; Human flesh x1,372:2;646:2;734:1;717:1;518:2;504:1
Recipe_Hotpot 76,cooking,Item_HotPot,Hot Pot,2,1,6,Broth x2; Rödsopp x2; Velvet Bell x1; Swing-Ding x1; Karl-Oskar x2; Shav'Wa flesh x1,372:2;646:2;734:1;717:1;518:2;537:1
Recipe_Hotpot 77,cooking,Item_HotPot,Hot Pot,2,1,6,Broth x2; Rödsopp x2; Velvet Bell x1; Swing-Ding x1; Karl-Oskar x2; Hellshrew flesh x1,372:2;646:2;734:1;717:1;518:2;683:1
Recipe_Hotpot 78,cooking,Item_HotPot,Hot Pot,2,1,6,Broth x2; Rödsopp x2; Velvet Bell x1; Swing-Ding x2; Karl-Oskar x2; Craw flesh x1,372:2;646:2;734:1;717:2;518:2;415:1
Recipe_Hotpot 79,cooking,Item_HotPot,Hot Pot,2,1,6,Broth x2; Rödsopp x2; Velvet Bell x1; Swing-Ding x2; Karl-Oskar x2; Dog flesh x1,372:2;646:2;734:1;717:2;518:2;432:1
Recipe_Hotpot 80,cooking,Item_HotPot,Hot Pot,2,1,6,Broth x2; Rödsopp x2; Velvet Bell x1; Swing-Ding x2; Karl-Oskar x2; Goblin flesh x1,372:2;646:2;734:1;717:2;518:2;471:1
Recipe_Hotpot 81,cooking,Item_HotPot,Hot Pot,2,1,6,Broth x2; Rödsopp x2; Velvet Bell x1; Swing-Ding x2; Karl-Oskar x2; Human flesh x1,372:2;646:2;734:1;717:2;518:2;504:1
Recipe_Hotpot 82,cooking,Item_HotPot,Hot Pot,2,1,6,Broth x2; Rödsopp x2; Velvet Bell x1; Swing-Ding x2; Karl-Oskar x2; Shav'Wa flesh x1,372:2;646:2;734:1;717:2;518:2;537:1
Recipe_Hotpot 83,cooking,Item_HotPot,Hot Pot,2,1,6,Broth x2; Rödsopp x2; Velvet Bell x1; Swing-Ding x2; Karl-Oskar x2; Hellshrew flesh x1,372:2;646:2;734:1;717:2;518:2;683:1
Recipe_Hotpot 84,cooking,Item_HotPot,Hot Pot,2,1,6,Broth x2; Rödsopp x2; Velvet Bell x2; Swing-Ding x2; Karl-Oskar x2; Craw flesh x1,372:2;646:2;734:2;717:2;518:2;415:1
Recipe_Hotpot 85,cooking,Item_HotPot,Hot Pot,2,1,6,Broth x2; Rödsopp x2; Velvet Bell x2; Swing-Ding x2; Karl-Oskar x2; Dog flesh x1,372:2;646:2;734:2;717:2;518:2;432:1
Recipe_Hotpot 86,cooking,Item_HotPot,Hot Pot,2,1,6,Broth x2; Rödsopp x2; Velvet Bell x2; Swing-Ding x2; Karl-Oskar x2; Goblin flesh x1,372:2;646:2;734:2;717:2;518:2;471:1
Recipe_Hotpot 87,cooking,Item_HotPot,Hot Pot,2,1,6,Broth x2; Rödsopp x2; Velvet Bell x2; Swing-Ding x2; Karl-Oskar x2; Human flesh x1,372:2;646:2;734:2;717:2;518:2;504:1
Recipe_Hotpot 88,cooking,Item_HotPot,Hot Pot,2,1,6,Broth x2; Rödsopp x2; Velvet Bell x2; Swing-Ding x2; Karl-Oskar x2; Shav'Wa flesh x1,372:2;646:2;734:2;717:2;518:2;537:1
Recipe_Hotpot 89,cooking,Item_HotPot,Hot Pot,2,1,6,Broth x2; Rödsopp x2; Velvet Bell x2; Swing-Ding x2; Karl-Oskar x2; Hellshrew flesh x1,372:2;646:2;734:2;717:2;518:2;683:1
Recipe_Hotpot 90,cooking,Item_HotPot,Hot Pot,4,1,6,Broth x2; Rödsopp x2; Velvet Bell x2; Swing-Ding x2; Karl-Oskar x2; Craw flesh x2,372:2;646:2;734:2;717:2;518:2;415:2
Recipe_Hotpot 91,cooking,Item_HotPot,Hot Pot,4,1,6,Broth x2; Rödsopp x2; Velvet Bell x2; Swing-Ding x2; Karl-Oskar x2; Dog flesh x2,372:2;646:2;734:2;717:2;518:2;432:2
Recipe_Hotpot 92,cooking,Item_HotPot,Hot Pot,4,1,6,Broth x2; Rödsopp x2; Velvet Bell x2; Swing-Ding x2; Karl-Oskar x2; Goblin flesh x2,372:2;646:2;734:2;717:2;518:2;471:2
Recipe_Hotpot 93,cooking,Item_HotPot,Hot Pot,4,1,6,Broth x2; Rödsopp x2; Velvet Bell x2; Swing-Ding x2; Karl-Oskar x2; Human flesh x2,372:2;646:2;734:2;717:2;518:2;504:2
Recipe_Hotpot 94,cooking,Item_HotPot,Hot Pot,4,1,6,Broth x2; Rödsopp x2; Velvet Bell x2; Swing-Ding x2; Karl-Oskar x2; Shav'Wa flesh x2,372:2;646:2;734:2;717:2;518:2;537:2
Recipe_Hotpot 95,cooking,Item_HotPot,Hot Pot,4,1,6,Broth x2; Rödsopp x2; Velvet Bell x2; Swing-Ding x2; Karl-Oskar x2; Hellshrew flesh x2,372:2;646:2;734:2;717:2;518:2;683:2
Recipe_Hotpot,cooking,Item_HotPot,Hot Pot,2,1,6,Broth x1; Rödsopp x1; Velvet Bell x1; Swing-Ding x1; Karl-Oskar x1; Craw flesh x1,372:1;646:1;734:1;717:1;518:1;415:1
Recipe_HotSauce_1,cooking,Item_HotSauce,Hot Sauce,1,1,2,Solution x1; Spice Mix x1,695:1;698:1
Recipe_HotSnacks_1,cooking,Item_HotSnax,Hot Snacks,1,1,2,Craw skin x1; Spice Mix x1,416:1;698:1
Recipe_HotSnacks_2,cooking,Item_HotSnax,Hot Snacks,1,1,2,Dog Skin x1; Spice Mix x1,433:1;698:1
Recipe_HotSnacks_3,cooking,Item_HotSnax,Hot Snacks,1,1,2,Goblin skin x1; Spice Mix x1,472:1;698:1
Recipe_HotSnacks_4,cooking,Item_HotSnax,Hot Snacks,1,1,2,Human skin x1; Spice Mix x1,505:1;698:1
Recipe_HotSnacks_5,cooking,Item_HotSnax,Hot Snacks,1,1,2,Shav'Wa skin x1; Spice Mix x1,538:1;698:1
Recipe_HotSnacks_6,cooking,Item_HotSnax,Hot Snacks,1,1,2,Hellshrew skin x1; Spice Mix x1,684:1;698:1
Recipe_Jam_1,cooking,Item_Jam,Berry Jam,1,1,2,Berries x1; Sugar x1,350:1;708:1
Recipe_Jam_2,cooking,Item_JamUnsweetened,Berry Jam (Unsweetened),1,1,1,Berries x2,350:2
Recipe_Jam_3,cooking,Item_JamUnsweetened,Berry Jam (Unsweetened),2,1,1,Berries x3,350:3
Recipe_Jam_4,cooking,Item_Jam,Berry Jam,4,1,2,Berries x2; Sugar x2,350:2;708:2
Recipe_Jam_5 1,cooking,Item_Jam,Berry Jam,1,1,2,Berries x2; Sugar x1,350:2;708:1
Recipe_Jam_5 2,cooking,Item_Jam,Berry Jam,1,1,2,Berries x3; Sugar x1,350:3;708:1
Recipe_Jam_5 3,cooking,Item_Jam,Berry Jam,2,1,2,Berries x4; Sugar x1,350:4;708:1
Recipe_Jam_5 4,cooking,Item_Jam,Berry Jam,2,1,2,Berries x5; Sugar x1,350:5;708:1
Recipe_Jam_5 5,cooking,Item_Jam,Berry Jam,3,1,2,Berries x6; Sugar x1,350:6;708:1
Recipe_Jam_5 6,cooking,Item_Jam,Berry Jam,3,1,2,Berries x7; Sugar x1,350:7;708:1
Recipe_Jam_5 7,cooking,Item_Jam,Berry Jam,4,1,2,Berries x8; Sugar x2,350:8;708:2
Recipe_Jam_5 8,cooking,Item_Jam,Berry Jam,4,1,2,Berries x9; Sugar x2,350:9;708:2
Recipe_Jam_5 9,cooking,Item_Jam,Berry Jam,4,1,2,Berries x10; Sugar x2,350:10;708:2
Recipe_Jam_5 10,cooking,Item_Jam,Berry Jam,2,1,2,Berries x7; Sugar x1,350:7;708:1
Recipe_Jam_5 11,cooking,Item_Jam,Berry Jam,3,1,2,Berries x8; Sugar x1,350:8;708:1
Recipe_Jam_5 12,cooking,Item_Jam,Berry Jam,3,1,2,Berries x9; Sugar x1,350:9;708:1
Recipe_Jam_5 13,cooking,Item_Jam,Berry Jam,2,1,2,Berries x3; Sugar x2,350:3;708:2
Recipe_Jam_5 14,cooking,Item_Jam,Berry Jam,2,1,2,Berries x4; Sugar x2,350:4;708:2
Recipe_Jam_5 15,cooking,Item_Jam,Berry Jam,3,1,2,Berries x5; Sugar x2,350:5;708:2
Recipe_Jam_5 16,cooking,Item_Jam,Berry Jam,3,1,2,Berries x6; Sugar x2,350:6;708:2
Recipe_Jam_5 17,cooking,Item_Jam,Berry Jam,4,1,2,Berries x7; Sugar x2,350:7;708:2
Recipe_Jam_5 18,cooking,Item_Jam,Berry Jam,4,1,2,Berries x8; Sugar x2,350:8;708:2
Recipe_Jam_5 19,cooking,Item_Jam,Berry Jam,4,1,2,Berries x9; Sugar x2,350:9;708:2
Recipe_Jam_6,cooking,Item_Jam,Berry Jam,2,1,2,Berries x5; Sugar x2,350:5;708:2
Recipe_Jam_7 1,cooking,Item_Jam,Berry Jam,3,1,2,Berry Jam (Unsweetened) x2; Sugar x1,512:2;708:1
Recipe_Jam_7 2,cooking,Item_Jam,Berry Jam,3,1,2,Berry Jam (Unsweetened) x1; Sugar x2,512:1;708:2
Recipe_Jam_7 3,cooking,Item_Jam,Berry Jam,5,1,2,Berry Jam (Unsweetened) x2; Sugar x2,512:2;708:2
Recipe_Jam_7,cooking,Item_Jam,Berry Jam,2,1,2,Berry Jam (Unsweetened) x1; Sugar x1,512:1;708:1
Recipe_Jansson 1,cooking,Item_JanssonsTemptation,Jansson's Temptation,1,1,3,Potato x1; Flat Sandfish x1; Low Fat Milk x1,610:1;659:1;560:1
Recipe_Jansson 2,cooking,Item_JanssonsTemptation,Jansson's Temptation,2,1,3,Potato x1; Flat Sandfish x1; Whole Milk x1,610:1;659:1;561:1
Recipe_Jansson 3,cooking,Item_JanssonsTemptation,Jansson's Temptation,1,1,3,Potato x1; Flat Sandfish x1; Buttermilk x1,610:1;659:1;559:1
Recipe_Jansson 4,cooking,Item_JanssonsTemptation,Jansson's Temptation,1,1,3,Potato x1; Fish x1; Skimmed Milk x1,610:1;452:1;558:1
Recipe_Jansson 5,cooking,Item_JanssonsTemptation,Jansson's Temptation,1,1,3,Potato x1; Fish x1; Low Fat Milk x1,610:1;452:1;560:1
Recipe_Jansson 6,cooking,Item_JanssonsTemptation,Jansson's Temptation,2,1,3,Potato x1; Fish x1; Whole Milk x1,610:1;452:1;561:1
Recipe_Jansson 7,cooking,Item_JanssonsTemptation,Jansson's Temptation,1,1,3,Potato x1; Fish x1; Buttermilk x1,610:1;452:1;559:1
Recipe_Jansson 8,cooking,Item_JanssonsTemptation,Jansson's Temptation,1,1,2,Potato Salad x1; Fish x1,611:1;452:1
Recipe_Jansson 9,cooking,Item_JanssonsTemptation,Jansson's Temptation,2,1,2,Potato Salad x2; Fish x1,611:2;452:1
Recipe_Jansson 10,cooking,Item_JanssonsTemptation,Jansson's Temptation,2,1,2,Potato Salad x2; Fish x1,611:2;452:1
Recipe_Jansson 11,cooking,Item_JanssonsTemptation,Jansson's Temptation,3,1,2,Potato Salad x2; Fish x2,611:2;452:2
Recipe_Jansson,cooking,Item_JanssonsTemptation,Jansson's Temptation,1,1,3,Potato x1; Flat Sandfish x1; Skimmed Milk x1,610:1;659:1;558:1
Recipe_Jello 1,cooking,Item_Jello,Jello,1,1,2,Fatberg Chunk x1; Sugar x1,448:1;708:1
Recipe_Jello 2,cooking,Item_Jello,Jello,2,1,2,Fatberg Chunk x1; Sugar x2,448:1;708:2
Recipe_Jello 3,cooking,Item_Jello,Jello,2,1,2,Fatberg Chunk x2; Sugar x1,448:2;708:1
Recipe_Jello 4,cooking,Item_Jello,Jello,3,1,2,Fatberg Chunk x2; Sugar x2,448:2;708:2
Recipe_Jello 5,cooking,Item_Jello,Jello,5,1,2,Fatberg Chunk x3; Sugar x2,448:3;708:2
Recipe_Jello 6,cooking,Item_Jello,Jello,5,1,2,Fatberg Chunk x2; Sugar x3,448:2;708:3
Recipe_Jello 7,cooking,Item_Jello,Jello,6,1,2,Fatberg Chunk x3; Sugar x3,448:3;708:3
Recipe_KidneyPie_1 1,cooking,Item_KidneyPie,Kidney Pie,2,1,2,Kidney x2; Flour x1,519:2;456:1
Recipe_KidneyPie_1 2,cooking,Item_KidneyPie,Kidney Pie,4,1,2,Kidney x2; Flour x2,519:2;456:2
Recipe_KidneyPie_1 3,cooking,Item_KidneyPie,Kidney Pie,2,1,2,Kidney x1; Flour x2,519:1;456:2
Recipe_KidneyPie_1,cooking,Item_KidneyPie,Kidney Pie,1,1,2,Kidney x1; Flour x1,519:1;456:1
Recipe_KidneyStone_1,cooking,Item_KidneyStone,Kidney Stone,5,1,2,Kidney x1; Salt x1,519:1;656:1
Recipe_KidneyStone_2,cooking,Item_KidneyStone,Kidney Stone,3,1,2,Kidney x1; Rock x1,519:1;645:1
Recipe_Leverpastej_1,cooking,Item_Leverpastej,Leverpastej,2,1,1,Liver x2,533:2
Recipe_Leverpastej_2,cooking,Item_Leverpastej,Leverpastej,2,1,2,Butter x1; Liver x1,373:1;533:1
Recipe_Leverpastej_3,cooking,Item_Leverpastej,Leverpastej,1,1,2,Kidney Stone x1; Liver x1,521:1;533:1
Recipe_Leverpastej_4,cooking,Item_Leverpastej,Leverpastej,1,1,2,Rock x1; Liver x1,645:1;533:1
Recipe_Leverpastej_5,cooking,Item_Leverpastej,Leverpastej,1,1,2,Salt x1; Liver x1,656:1;533:1
Recipe_Leverpastej_6,cooking,Item_Leverpastej,Leverpastej,1,1,2,Black Pepper x1; Liver x1,352:1;533:1
Recipe_Leverpastej_7,cooking,Item_Leverpastej,Leverpastej,1,1,2,Herbs x1; Liver x1,490:1;533:1
Recipe_Leverpastejsmacka 1,cooking,Item_SandwichLeverpastej,Liver Patty Sandwich,2,1,2,Bread x1; Liver x1,370:1;533:1
Recipe_Leverpastejsmacka 2,cooking,Item_SandwichLeverpastej,Liver Patty Sandwich,3,1,2,Bread x1; Leverpastej x1,370:1;528:1
Recipe_LiverDumpling_1,cooking,Item_LiverDumpling,Dumpling,4,1,2,Liver x1; Flour x1,533:1;456:1
Recipe_Lussekatt_1,cooking,Item_Lussekatt,Lussekatt,1,1,2,Spice Mix x1; Bread x1,698:1;370:1
Recipe_Lussekatt_2,cooking,Item_Lussekatt,Lussekatt,2,1,2,Spice Mix x1; Bread x2,698:1;370:2
Recipe_Lutfisk 1,cooking,Item_Lutfisk,Lutfisk,4,1,2,Bleach x1; Flat Sandfish x1,355:1;659:1
Recipe_Lutfisk 2,cooking,Item_Lutfisk,Lutfisk,5,1,3,Bleach x1; Fish x1; Potato x1,355:1;452:1;610:1
Recipe_Lutfisk 3,cooking,Item_Lutfisk,Lutfisk,5,1,3,Bleach x1; Flat Sandfish x1; Potato x1,355:1;659:1;610:1
Recipe_Lutfisk,cooking,Item_Lutfisk,Lutfisk,4,1,2,Bleach x1; Fish x1,355:1;452:1
Recipe_MacNCheese 1,cooking,Item_MacNCheese,Mac'n'Cheese,2,1,2,Cheese x2; Spaghetti x1,390:2;696:1
Recipe_MacNCheese 2,cooking,Item_MacNCheese,Mac'n'Cheese,1,1,2,Cheese x1; Spaghetti x1,390:1;696:1
Recipe_Maki_1 1,cooking,Item_Maki,Maki,3,1,2,Seaweed x2; Rice x1,677:2;631:1
Recipe_Maki_1 2,cooking,Item_Maki,Maki,3,1,2,Seaweed x1; Rice x2,677:1;631:2
Recipe_Maki_1 3,cooking,Item_Maki,Maki,4,1,2,Seaweed x2; Rice x2,677:2;631:2
Recipe_Maki_1,cooking,Item_Maki,Maki,2,1,2,Seaweed x1; Rice x1,677:1;631:1
Recipe_Maki_2 1,cooking,Item_Maki,Maki,5,1,3,Seaweed x2; Rice x1; Fish x1,677:2;631:1;452:1
Recipe_Maki_2 2,cooking,Item_Maki,Maki,5,1,3,Seaweed x1; Rice x2; Fish x1,677:1;631:2;452:1
Recipe_Maki_2 3,cooking,Item_Maki,Maki,5,1,3,Seaweed x1; Rice x1; Fish x2,677:1;631:1;452:2
Recipe_Maki_2 4,cooking,Item_Maki,Maki,6,1,3,Seaweed x2; Rice x1; Fish x2,677:2;631:1;452:2
Recipe_Maki_2 5,cooking,Item_Maki,Maki,7,1,3,Seaweed x2; Rice x2; Fish x2,677:2;631:2;452:2
Recipe_Maki_2,cooking,Item_Maki,Maki,4,1,3,Seaweed x1; Rice x1; Fish x1,677:1;631:1;452:1
Recipe_Maki_3 1,cooking,Item_Maki,Maki,5,1,3,Seaweed x2; Rice x1; Flat Sandfish x1,677:2;631:1;659:1
Recipe_Maki_3 2,cooking,Item_Maki,Maki,5,1,3,Seaweed x1; Rice x2; Flat Sandfish x1,677:1;631:2;659:1
Recipe_Maki_3 3,cooking,Item_Maki,Maki,5,1,3,Seaweed x1; Rice x1; Flat Sandfish x2,677:1;631:1;659:2
Recipe_Maki_3 4,cooking,Item_Maki,Maki,6,1,3,Seaweed x2; Rice x1; Flat Sandfish x2,677:2;631:1;659:2
Recipe_Maki_3 5,cooking,Item_Maki,Maki,7,1,3,Seaweed x2; Rice x2; Flat Sandfish x2,677:2;631:2;659:2
Recipe_Maki_3,cooking,Item_Maki,Maki,4,1,3,Seaweed x1; Rice x1; Flat Sandfish x1,677:1;631:1;659:1
Recipe_Maki_4 1,cooking,Item_Maki,Maki,5,1,3,Seaweed x2; Rice x1; Bottled Caviar x1,677:2;631:1;385:1
Recipe_Maki_4 2,cooking,Item_Maki,Maki,5,1,3,Seaweed x1; Rice x2; Bottled Caviar x1,677:1;631:2;385:1
Recipe_Maki_4 3,cooking,Item_Maki,Maki,5,1,3,Seaweed x1; Rice x1; Bottled Caviar x2,677:1;631:1;385:2
Recipe_Maki_4 4,cooking,Item_Maki,Maki,6,1,3,Seaweed x2; Rice x1; Bottled Caviar x2,677:2;631:1;385:2
Recipe_Maki_4 5,cooking,Item_Maki,Maki,7,1,3,Seaweed x2; Rice x2; Bottled Caviar x2,677:2;631:2;385:2
Recipe_Maki_4,cooking,Item_Maki,Maki,4,1,3,Seaweed x1; Rice x1; Bottled Caviar x1,677:1;631:1;385:1
Recipe_Marshmellow 4,cooking,Item_Marshmallow,Marshmallows,1,1,3,Sugar x1; Stick x1; Egg x1,708:1;705:1;440:1
Recipe_Marshmellow 5,cooking,Item_Marshmallow,Marshmallows,2,1,3,Sugar x2; Stick x1; Egg x1,708:2;705:1;440:1
Recipe_Marshmellow 6,cooking,Item_Marshmallow,Marshmallows,2,1,3,Sugar x1; Stick x2; Egg x1,708:1;705:2;440:1
Recipe_Marshmellow 7,cooking,Item_Marshmallow,Marshmallows,2,1,3,Sugar x1; Stick x1; Egg x2,708:1;705:1;440:2
Recipe_Marshmellow 8,cooking,Item_Marshmallow,Marshmallows,3,1,3,Sugar x2; Stick x2; Egg x1,708:2;705:2;440:1
Recipe_Marshmellow 9,cooking,Item_Marshmallow,Marshmallows,3,1,3,Sugar x1; Stick x2; Egg x2,708:1;705:2;440:2
Recipe_Marshmellow 10,cooking,Item_Marshmallow,Marshmallows,4,1,3,Sugar x2; Stick x2; Egg x2,708:2;705:2;440:2
Recipe_Marshmellow 11,cooking,Item_Marshmallow,Marshmallows,5,1,3,Sugar x2; Stick x2; Egg x3,708:2;705:2;440:3
Recipe_Marshmellow 12,cooking,Item_Marshmallow,Marshmallows,5,1,3,Sugar x3; Stick x2; Egg x2,708:3;705:2;440:2
Recipe_Marshmellow 13,cooking,Item_Marshmallow,Marshmallows,1,1,3,Sugar x1; Stick x1; Solution x1,708:1;705:1;695:1
Recipe_Marshmellow 14,cooking,Item_Marshmallow,Marshmallows,2,1,3,Sugar x2; Stick x1; Solution x1,708:2;705:1;695:1
Recipe_Marshmellow 15,cooking,Item_Marshmallow,Marshmallows,2,1,3,Sugar x1; Stick x2; Solution x1,708:1;705:2;695:1
Recipe_Marshmellow 16,cooking,Item_Marshmallow,Marshmallows,2,1,3,Sugar x1; Stick x1; Solution x2,708:1;705:1;695:2
Recipe_Marshmellow 17,cooking,Item_Marshmallow,Marshmallows,3,1,3,Sugar x2; Stick x2; Solution x1,708:2;705:2;695:1
Recipe_Marshmellow 18,cooking,Item_Marshmallow,Marshmallows,3,1,3,Sugar x1; Stick x2; Solution x2,708:1;705:2;695:2
Recipe_Marshmellow 19,cooking,Item_Marshmallow,Marshmallows,4,1,3,Sugar x2; Stick x2; Solution x2,708:2;705:2;695:2
Recipe_Marshmellow 20,cooking,Item_Marshmallow,Marshmallows,5,1,3,Sugar x2; Stick x2; Solution x3,708:2;705:2;695:3
Recipe_Marshmellow 21,cooking,Item_Marshmallow,Marshmallows,5,1,3,Sugar x3; Stick x2; Solution x2,708:3;705:2;695:2
Recipe_Marshmellow 22,cooking,Item_Marshmallow,Marshmallows,2,1,4,Sugar x1; Stick x1; Solution x1; Egg x1,708:1;705:1;695:1;440:1
Recipe_Marshmellow 23,cooking,Item_Marshmallow,Marshmallows,3,1,4,Sugar x2; Stick x1; Solution x1; Egg x1,708:2;705:1;695:1;440:1
Recipe_Marshmellow 24,cooking,Item_Marshmallow,Marshmallows,3,1,4,Sugar x1; Stick x2; Solution x1; Egg x1,708:1;705:2;695:1;440:1
Recipe_Marshmellow 25,cooking,Item_Marshmallow,Marshmallows,3,1,4,Sugar x1; Stick x1; Solution x2; Egg x1,708:1;705:1;695:2;440:1
Recipe_Marshmellow 26,cooking,Item_Marshmallow,Marshmallows,4,1,4,Sugar x2; Stick x2; Solution x1; Egg x1,708:2;705:2;695:1;440:1
Recipe_Marshmellow 27,cooking,Item_Marshmallow,Marshmallows,4,1,4,Sugar x1; Stick x2; Solution x2; Egg x1,708:1;705:2;695:2;440:1
Recipe_Marshmellow 28,cooking,Item_Marshmallow,Marshmallows,5,1,4,Sugar x2; Stick x2; Solution x2; Egg x1,708:2;705:2;695:2;440:1
Recipe_Marshmellow 29,cooking,Item_Marshmallow,Marshmallows,6,1,4,Sugar x2; Stick x2; Solution x3; Egg x1,708:2;705:2;695:3;440:1
Recipe_Marshmellow 30,cooking,Item_Marshmallow,Marshmallows,6,1,4,Sugar x3; Stick x2; Solution x2; Egg x1,708:3;705:2;695:2;440:1
Recipe_Marshmellow 31,cooking,Item_Marshmallow,Marshmallows,3,1,4,Sugar x1; Stick x1; Solution x1; Egg x2,708:1;705:1;695:1;440:2
Recipe_Marshmellow 32,cooking,Item_Marshmallow,Marshmallows,3,1,4,Sugar x2; Stick x1; Solution x1; Egg x2,708:2;705:1;695:1;440:2
Recipe_Marshmellow 33,cooking,Item_Marshmallow,Marshmallows,3,1,4,Sugar x1; Stick x2; Solution x1; Egg x2,708:1;705:2;695:1;440:2
Recipe_Marshmellow 34,cooking,Item_Marshmallow,Marshmallows,3,1,4,Sugar x1; Stick x1; Solution x2; Egg x2,708:1;705:1;695:2;440:2
Recipe_Marshmellow 35,cooking,Item_Marshmallow,Marshmallows,4,1,4,Sugar x2; Stick x2; Solution x1; Egg x2,708:2;705:2;695:1;440:2
Recipe_Marshmellow 36,cooking,Item_Marshmallow,Marshmallows,4,1,4,Sugar x1; Stick x2; Solution x2; Egg x2,708:1;705:2;695:2;440:2
Recipe_Marshmellow 37,cooking,Item_Marshmallow,Marshmallows,5,1,4,Sugar x2; Stick x2; Solution x2; Egg x2,708:2;705:2;695:2;440:2
Recipe_Marshmellow 38,cooking,Item_Marshmallow,Marshmallows,6,1,4,Sugar x2; Stick x2; Solution x3; Egg x2,708:2;705:2;695:3;440:2
Recipe_Marshmellow 39,cooking,Item_Marshmallow,Marshmallows,6,1,4,Sugar x3; Stick x2; Solution x2; Egg x2,708:3;705:2;695:2;440:2
Recipe_MashedPotatoes,cooking,Item_MashedPotatoes,Mashed Potatoes,1,1,2,Stick Grenade x1; Potato x1,946:1;610:1
Recipe_MashedPotatoes_1,cooking,Item_MashedPotatoes,Mashed Potatoes,1,1,2,Potato x1; Rock x1,610:1;645:1
Recipe_MashedPotatoes_2,cooking,Item_MashedPotatoes,Mashed Potatoes,1,1,1,Potato x2,610:2
Recipe_MashedPotatoes_3,cooking,Item_MashedPotatoes,Mashed Potatoes,1,1,2,Potato x1; Bottled Water x1,610:1;368:1
Recipe_MashedPotatoes_4,cooking,Item_MashedPotatoes,Mashed Potatoes,2,1,2,Potato x1; Whole Milk x1,610:1;561:1
Recipe_MatchaCup_1 1,cooking,Item_MatchaTeaCup,Green Tea,4,1,2,Matcha x2; Bottled Water x1,550:2;368:1
Recipe_MatchaCup_1 2,cooking,Item_MatchaTeaCup,Green Tea,4,1,2,Matcha x1; Bottled Water x2,550:1;368:2
Recipe_MatchaCup_1 3,cooking,Item_MatchaTeaCup,Green Tea,6,1,2,Matcha x2; Bottled Water x2,550:2;368:2
Recipe_MatchaCup_1,cooking,Item_MatchaTeaCup,Green Tea,2,1,2,Matcha x1; Bottled Water x1,550:1;368:1
Recipe_MatchaCup_2 1,cooking,Item_MatchaTeaCup,Green Tea,2,1,2,Matcha x2; Solution x1,550:2;695:1
Recipe_MatchaCup_2 2,cooking,Item_MatchaTeaCup,Green Tea,2,1,2,Matcha x1; Solution x2,550:1;695:2
Recipe_MatchaCup_2 3,cooking,Item_MatchaTeaCup,Green Tea,3,1,2,Matcha x2; Solution x2,550:2;695:2
Recipe_MatchaCup_2,cooking,Item_MatchaTeaCup,Green Tea,1,1,2,Matcha x1; Solution x1,550:1;695:1
Recipe_MatchaGum_1 1,cooking,Item_MatchaGum,Green Tea Gum,3,1,2,Matcha x2; Rubber x1,550:2;650:1
Recipe_MatchaGum_1 2,cooking,Item_MatchaGum,Green Tea Gum,3,1,2,Matcha x1; Rubber x2,550:1;650:2
Recipe_MatchaGum_1 3,cooking,Item_MatchaGum,Green Tea Gum,4,1,2,Matcha x2; Rubber x2,550:2;650:2
Recipe_MatchaGum_1,cooking,Item_MatchaGum,Green Tea Gum,1,1,2,Matcha x1; Rubber x1,550:1;650:1
Recipe_MatchaGum_2 1,cooking,Item_MatchaGum,Green Tea Gum,3,1,2,Matcha x2; Used Rubber x1,550:2;731:1
Recipe_MatchaGum_2 2,cooking,Item_MatchaGum,Green Tea Gum,3,1,2,Matcha x1; Used Rubber x2,550:1;731:2
Recipe_MatchaGum_2 3,cooking,Item_MatchaGum,Green Tea Gum,4,1,2,Matcha x2; Used Rubber x2,550:2;731:2
Recipe_MatchaGum_2,cooking,Item_MatchaGum,Green Tea Gum,1,1,2,Matcha x1; Used Rubber x1,550:1;731:1
Recipe_MeatSkewers_1 1,cooking,Item_MeatSkewers,Meat Skewers,1,1,2,Goblin flesh x1; Stick x1,471:1;705:1
Recipe_MeatSkewers_1 2,cooking,Item_MeatSkewers,Meat Skewers,1,1,2,Craw flesh x1; Stick x1,415:1;705:1
Recipe_MeatSkewers_1 3,cooking,Item_MeatSkewers,Meat Skewers,1,1,2,Dog flesh x1; Stick x1,432:1;705:1
Recipe_MeatSkewers_1 4,cooking,Item_MeatSkewers,Meat Skewers,1,1,2,Human flesh x1; Stick x1,504:1;705:1
Recipe_MeatSkewers_1 5,cooking,Item_MeatSkewers,Meat Skewers,1,1,2,Shav'Wa flesh x1; Stick x1,537:1;705:1
Recipe_MeatSkewers_1 6,cooking,Item_MeatSkewers,Meat Skewers,1,1,2,Hellshrew flesh x1; Stick x1,683:1;705:1
Recipe_MeatSkewers_1,cooking,Item_MeatSkewers,Meat Skewers,2,1,2,Goblin flesh x2; Stick x1,471:2;705:1
Recipe_MeatSkewers_2,cooking,Item_MeatSkewers,Meat Skewers,2,1,2,Mystery Meat x1; Stick x1,576:1;705:1
Recipe_MeatSkewersBone 1,cooking,Item_MeatSkewers,Meat Skewers,1,1,2,Craw flesh x1; Bone x1,415:1;363:1
Recipe_MeatSkewersBone 2,cooking,Item_MeatSkewers,Meat Skewers,1,1,2,Dog flesh x1; Bone x1,432:1;363:1
Recipe_MeatSkewersBone 3,cooking,Item_MeatSkewers,Meat Skewers,1,1,2,Goblin flesh x1; Bone x1,471:1;363:1
Recipe_MeatSkewersBone 4,cooking,Item_MeatSkewers,Meat Skewers,1,1,2,Human flesh x1; Bone x1,504:1;363:1
Recipe_MeatSkewersBone 5,cooking,Item_MeatSkewers,Meat Skewers,1,1,2,Shav'Wa flesh x1; Bone x1,537:1;363:1
Recipe_MeatSkewersBone 6,cooking,Item_MeatSkewers,Meat Skewers,1,1,2,Hellshrew flesh x1; Bone x1,683:1;363:1
Recipe_Meringue_1,cooking,Item_Meringue,Meringue,2,1,2,Egg x1; Sugar x1,440:1;708:1
Recipe_Meringue_2 1,cooking,Item_Meringue,Meringue,3,1,2,Egg x1; Sugar x2,440:1;708:2
Recipe_Meringue_2,cooking,Item_Meringue,Meringue,5,1,2,Egg x2; Sugar x2,440:2;708:2
Recipe_Meringue_3 1,cooking,Item_Meringue,Meringue,12,1,2,Egg x3; Sugar x3,440:3;708:3
Recipe_Meringue_3,cooking,Item_Meringue,Meringue,9,1,2,Egg x2; Sugar x3,440:2;708:3
Recipe_Milkshake_1 1,cooking,Item_MilkshakeChocolate,Chocolate Milkshake,2,1,2,Skimmed Milk x1; Chocolate Syrup x2,558:1;398:2
Recipe_Milkshake_1 2,cooking,Item_MilkshakeChocolate,Chocolate Milkshake,2,1,2,Skimmed Milk x2; Chocolate Syrup x1,558:2;398:1
Recipe_Milkshake_1 3,cooking,Item_MilkshakeChocolate,Chocolate Milkshake,3,1,2,Skimmed Milk x2; Chocolate Syrup x2,558:2;398:2
Recipe_Milkshake_1,cooking,Item_MilkshakeChocolate,Chocolate Milkshake,1,1,2,Skimmed Milk x1; Chocolate Syrup x1,558:1;398:1
Recipe_Milkshake_2 1,cooking,Item_MilkshakeChocolate,Chocolate Milkshake,2,1,2,Low Fat Milk x1; Chocolate Syrup x2,560:1;398:2
Recipe_Milkshake_2 2,cooking,Item_MilkshakeChocolate,Chocolate Milkshake,2,1,2,Low Fat Milk x2; Chocolate Syrup x1,560:2;398:1
Recipe_Milkshake_2 3,cooking,Item_MilkshakeChocolate,Chocolate Milkshake,3,1,2,Low Fat Milk x2; Chocolate Syrup x2,560:2;398:2
Recipe_Milkshake_2,cooking,Item_MilkshakeChocolate,Chocolate Milkshake,1,1,2,Low Fat Milk x1; Chocolate Syrup x1,560:1;398:1
Recipe_Milkshake_3 1,cooking,Item_MilkshakeChocolate,Chocolate Milkshake,3,1,2,Whole Milk x1; Chocolate Syrup x2,561:1;398:2
Recipe_Milkshake_3 2,cooking,Item_MilkshakeChocolate,Chocolate Milkshake,3,1,2,Whole Milk x2; Chocolate Syrup x1,561:2;398:1
Recipe_Milkshake_3 3,cooking,Item_MilkshakeChocolate,Chocolate Milkshake,4,1,2,Whole Milk x2; Chocolate Syrup x2,561:2;398:2
Recipe_Milkshake_3,cooking,Item_MilkshakeChocolate,Chocolate Milkshake,2,1,2,Whole Milk x1; Chocolate Syrup x1,561:1;398:1
Recipe_Milkshake_4 1,cooking,Item_MilkshakeBerries,Berry Milkshake,2,1,2,Skimmed Milk x2; Berries x1,558:2;350:1
Recipe_Milkshake_4 2,cooking,Item_MilkshakeBerries,Berry Milkshake,2,1,2,Skimmed Milk x1; Berries x2,558:1;350:2
Recipe_Milkshake_4 3,cooking,Item_MilkshakeBerries,Berry Milkshake,3,1,2,Skimmed Milk x2; Berries x2,558:2;350:2
Recipe_Milkshake_4 4,cooking,Item_MilkshakeBerries,Berry Milkshake,1,1,2,Skimmed Milk x1; Berry Jam x1,558:1;511:1
Recipe_Milkshake_4 5,cooking,Item_MilkshakeBerries,Berry Milkshake,2,1,2,Skimmed Milk x2; Berry Jam x1,558:2;511:1
Recipe_Milkshake_4 6,cooking,Item_MilkshakeBerries,Berry Milkshake,2,1,2,Skimmed Milk x1; Berry Jam x2,558:1;511:2
Recipe_Milkshake_4 7,cooking,Item_MilkshakeBerries,Berry Milkshake,3,1,2,Skimmed Milk x2; Berry Jam x2,558:2;511:2
Recipe_Milkshake_4 8,cooking,Item_MilkshakeBerries,Berry Milkshake,1,1,3,Skimmed Milk x1; Berry Jam (Unsweetened) x1; Sugar x1,558:1;512:1;708:1
Recipe_Milkshake_4 9,cooking,Item_MilkshakeBerries,Berry Milkshake,2,1,3,Skimmed Milk x2; Berry Jam (Unsweetened) x1; Sugar x1,558:2;512:1;708:1
Recipe_Milkshake_4 10,cooking,Item_MilkshakeBerries,Berry Milkshake,2,1,3,Skimmed Milk x1; Berry Jam (Unsweetened) x2; Sugar x2,558:1;512:2;708:2
Recipe_Milkshake_4 11,cooking,Item_MilkshakeBerries,Berry Milkshake,3,1,3,Skimmed Milk x2; Berry Jam (Unsweetened) x2; Sugar x2,558:2;512:2;708:2
Recipe_Milkshake_4,cooking,Item_MilkshakeBerries,Berry Milkshake,1,1,2,Skimmed Milk x1; Berries x1,558:1;350:1
Recipe_Milkshake_5 1,cooking,Item_MilkshakeBerries,Berry Milkshake,2,1,2,Low Fat Milk x2; Berries x1,560:2;350:1
Recipe_Milkshake_5 2,cooking,Item_MilkshakeBerries,Berry Milkshake,2,1,2,Low Fat Milk x1; Berries x2,560:1;350:2
Recipe_Milkshake_5 3,cooking,Item_MilkshakeBerries,Berry Milkshake,3,1,2,Low Fat Milk x2; Berries x2,560:2;350:2
Recipe_Milkshake_5 4,cooking,Item_MilkshakeBerries,Berry Milkshake,1,1,2,Low Fat Milk x1; Berry Jam x1,560:1;511:1
Recipe_Milkshake_5 5,cooking,Item_MilkshakeBerries,Berry Milkshake,2,1,2,Low Fat Milk x2; Berry Jam x1,560:2;511:1
Recipe_Milkshake_5 6,cooking,Item_MilkshakeBerries,Berry Milkshake,2,1,2,Low Fat Milk x1; Berry Jam x2,560:1;511:2
Recipe_Milkshake_5 7,cooking,Item_MilkshakeBerries,Berry Milkshake,3,1,2,Low Fat Milk x2; Berry Jam x2,560:2;511:2
Recipe_Milkshake_5 8,cooking,Item_MilkshakeBerries,Berry Milkshake,1,1,3,Low Fat Milk x1; Berry Jam (Unsweetened) x1; Sugar x1,560:1;512:1;708:1
Recipe_Milkshake_5 9,cooking,Item_MilkshakeBerries,Berry Milkshake,2,1,3,Low Fat Milk x2; Berry Jam (Unsweetened) x1; Sugar x1,560:2;512:1;708:1
Recipe_Milkshake_5 10,cooking,Item_MilkshakeBerries,Berry Milkshake,2,1,3,Low Fat Milk x1; Berry Jam (Unsweetened) x2; Sugar x2,560:1;512:2;708:2
Recipe_Milkshake_5 11,cooking,Item_MilkshakeBerries,Berry Milkshake,3,1,3,Low Fat Milk x2; Berry Jam (Unsweetened) x2; Sugar x2,560:2;512:2;708:2
Recipe_Milkshake_5,cooking,Item_MilkshakeBerries,Berry Milkshake,1,1,2,Low Fat Milk x1; Berries x1,560:1;350:1
Recipe_Milkshake_6 1,cooking,Item_MilkshakeBerries,Berry Milkshake,3,1,2,Whole Milk x2; Berries x1,561:2;350:1
Recipe_Milkshake_6 2,cooking,Item_MilkshakeBerries,Berry Milkshake,3,1,2,Whole Milk x1; Berries x2,561:1;350:2
Recipe_Milkshake_6 3,cooking,Item_MilkshakeBerries,Berry Milkshake,4,1,2,Whole Milk x2; Berries x2,561:2;350:2
Recipe_Milkshake_6 4,cooking,Item_MilkshakeBerries,Berry Milkshake,2,1,2,Whole Milk x1; Berry Jam x1,561:1;511:1
Recipe_Milkshake_6 5,cooking,Item_MilkshakeBerries,Berry Milkshake,3,1,2,Whole Milk x2; Berry Jam x1,561:2;511:1
Recipe_Milkshake_6 6,cooking,Item_MilkshakeBerries,Berry Milkshake,3,1,2,Whole Milk x1; Berry Jam x2,561:1;511:2
Recipe_Milkshake_6 7,cooking,Item_MilkshakeBerries,Berry Milkshake,4,1,2,Whole Milk x2; Berry Jam x2,561:2;511:2
Recipe_Milkshake_6 8,cooking,Item_MilkshakeBerries,Berry Milkshake,2,1,3,Whole Milk x1; Berry Jam (Unsweetened) x1; Sugar x1,561:1;512:1;708:1
Recipe_Milkshake_6 9,cooking,Item_MilkshakeBerries,Berry Milkshake,3,1,3,Whole Milk x2; Berry Jam (Unsweetened) x1; Sugar x1,561:2;512:1;708:1
Recipe_Milkshake_6 10,cooking,Item_MilkshakeBerries,Berry Milkshake,3,1,3,Whole Milk x1; Berry Jam (Unsweetened) x2; Sugar x2,561:1;512:2;708:2
Recipe_Milkshake_6 11,cooking,Item_MilkshakeBerries,Berry Milkshake,4,1,3,Whole Milk x2; Berry Jam (Unsweetened) x2; Sugar x2,561:2;512:2;708:2
Recipe_Milkshake_6,cooking,Item_MilkshakeBerries,Berry Milkshake,2,1,2,Whole Milk x1; Berries x1,561:1;350:1
Recipe_Milkshake_7 1,cooking,Item_MilkshakeChocolate,Chocolate Milkshake,2,1,3,Skimmed Milk x1; Cacao x2; Sugar x1,558:1;375:2;708:1
Recipe_Milkshake_7 2,cooking,Item_MilkshakeChocolate,Chocolate Milkshake,2,1,3,Skimmed Milk x2; Cacao x1; Sugar x1,558:2;375:1;708:1
Recipe_Milkshake_7 3,cooking,Item_MilkshakeChocolate,Chocolate Milkshake,3,1,3,Skimmed Milk x2; Cacao x2; Sugar x1,558:2;375:2;708:1
Recipe_Milkshake_7,cooking,Item_MilkshakeChocolate,Chocolate Milkshake,1,1,3,Skimmed Milk x1; Cacao x1; Sugar x1,558:1;375:1;708:1
Recipe_Milkshake_8 1,cooking,Item_MilkshakeChocolate,Chocolate Milkshake,2,1,3,Low Fat Milk x1; Cacao x2; Sugar x1,560:1;375:2;708:1
Recipe_Milkshake_8 2,cooking,Item_MilkshakeChocolate,Chocolate Milkshake,2,1,3,Low Fat Milk x2; Cacao x1; Sugar x1,560:2;375:1;708:1
Recipe_Milkshake_8 3,cooking,Item_MilkshakeChocolate,Chocolate Milkshake,3,1,3,Low Fat Milk x2; Cacao x2; Sugar x1,560:2;375:2;708:1
Recipe_Milkshake_8,cooking,Item_MilkshakeChocolate,Chocolate Milkshake,1,1,3,Low Fat Milk x1; Cacao x1; Sugar x1,560:1;375:1;708:1
Recipe_Milkshake_9 1,cooking,Item_MilkshakeChocolate,Chocolate Milkshake,3,1,3,Whole Milk x1; Cacao x2; Sugar x1,561:1;375:2;708:1
Recipe_Milkshake_9 2,cooking,Item_MilkshakeChocolate,Chocolate Milkshake,3,1,3,Whole Milk x2; Cacao x1; Sugar x1,561:2;375:1;708:1
Recipe_Milkshake_9 3,cooking,Item_MilkshakeChocolate,Chocolate Milkshake,4,1,3,Whole Milk x2; Cacao x2; Sugar x1,561:2;375:2;708:1
Recipe_Milkshake_9,cooking,Item_MilkshakeChocolate,Chocolate Milkshake,2,1,3,Whole Milk x1; Cacao x1; Sugar x1,561:1;375:1;708:1
Recipe_Mochi_1 1,cooking,Item_Mochi,Mochi,2,1,2,Slurf x2; Flour x1,694:2;456:1
Recipe_Mochi_1 2,cooking,Item_Mochi,Mochi,2,1,2,Slurf x1; Flour x2,694:1;456:2
Recipe_Mochi_1 3,cooking,Item_Mochi,Mochi,4,1,2,Slurf x2; Flour x2,694:2;456:2
Recipe_Mochi_1,cooking,Item_Mochi,Mochi,1,1,2,Slurf x1; Flour x1,694:1;456:1
Recipe_Mudcake_1 1,cooking,Item_Mudcake,Chocolate Mudcake,3,1,5,Egg x1; Low Fat Milk x1; Cacao x1; Sugar x1; Flour x1,440:1;560:1;375:1;708:1;456:1
Recipe_Mudcake_1 2,cooking,Item_Mudcake,Chocolate Mudcake,3,1,5,Egg x1; Skimmed Milk x1; Cacao x1; Sugar x1; Flour x1,440:1;558:1;375:1;708:1;456:1
Recipe_Mudcake_1 3,cooking,Item_Mudcake,Chocolate Mudcake,3,1,5,Egg x1; Whole Milk x1; Cacao x1; Sugar x1; Flour x1,440:1;561:1;375:1;708:1;456:1
Recipe_Mudcake_1,cooking,Item_Mudcake,Chocolate Mudcake,5,1,5,Egg x1; Butter x1; Cacao x1; Sugar x1; Flour x1,440:1;373:1;375:1;708:1;456:1
Recipe_Mudcake_2,cooking,Item_Mudcake,Chocolate Mudcake,5,1,5,Egg x1; Butter x1; Chocolate Bar x1; Sugar x1; Flour x1,440:1;373:1;397:1;708:1;456:1
Recipe_Mudcake_3,cooking,Item_Mudcake,Chocolate Mudcake,5,1,4,Egg x1; Butter x1; Chocolate Bar x1; Flour x1,440:1;373:1;397:1;456:1
Recipe_Mudcake_4,cooking,Item_Mudcake,Chocolate Mudcake,5,1,5,Egg x1; Butter x1; Chocolate Syrup x1; Sugar x1; Flour x1,440:1;373:1;398:1;708:1;456:1
Recipe_Mudcake_5,cooking,Item_Mudcake,Chocolate Mudcake,5,1,4,Egg x1; Butter x1; Chocolate Syrup x1; Flour x1,440:1;373:1;398:1;456:1
Recipe_MushroomOmelette_2,cooking,Item_MushroomOmelette,Mushroom Omelette,1,1,2,Velvet Bell x3; Egg x1,734:3;440:1
Recipe_MushroomOmelette_3 1,cooking,Item_MushroomOmelette,Mushroom Omelette,1,1,2,Swing-Ding x3; Egg x1,717:3;440:1
Recipe_MushroomOmelette_3,cooking,Item_MushroomOmelette,Mushroom Omelette,1,1,2,Rödsopp x3; Egg x1,646:3;440:1
Recipe_MushroomsFried_1 1,cooking,Item_MushroomFried,'Fried Mushroom ',2,1,2,Velvet Bell x4; Butter x1,734:4;373:1
Recipe_MushroomsFried_1 2,cooking,Item_MushroomFried,'Fried Mushroom ',2,1,2,Velvet Bell x5; Butter x1,734:5;373:1
Recipe_MushroomsFried_1,cooking,Item_MushroomFried,'Fried Mushroom ',2,1,2,Velvet Bell x3; Butter x1,734:3;373:1
Recipe_MushroomsFried_2 1,cooking,Item_MushroomFried,'Fried Mushroom ',2,1,2,Swing-Ding x3; Butter x1,717:3;373:1
Recipe_MushroomsFried_2 2,cooking,Item_MushroomFried,'Fried Mushroom ',2,1,2,Karl-Oskar x3; Butter x1,518:3;373:1
Recipe_MushroomsFried_2 3,cooking,Item_MushroomFried,'Fried Mushroom ',2,1,2,Rödsopp x4; Butter x1,646:4;373:1
Recipe_MushroomsFried_2 4,cooking,Item_MushroomFried,'Fried Mushroom ',2,1,2,Swing-Ding x4; Butter x1,717:4;373:1
Recipe_MushroomsFried_2 5,cooking,Item_MushroomFried,'Fried Mushroom ',2,1,2,Karl-Oskar x4; Butter x1,518:4;373:1
Recipe_MushroomsFried_2 6,cooking,Item_MushroomFried,'Fried Mushroom ',2,1,2,Rödsopp x5; Butter x1,646:5;373:1
Recipe_MushroomsFried_2 7,cooking,Item_MushroomFried,'Fried Mushroom ',2,1,2,Swing-Ding x5; Butter x1,717:5;373:1
Recipe_MushroomsFried_2 8,cooking,Item_MushroomFried,'Fried Mushroom ',2,1,2,Karl-Oskar x5; Butter x1,518:5;373:1
Recipe_MushroomsFried_2,cooking,Item_MushroomFried,'Fried Mushroom ',2,1,2,Rödsopp x3; Butter x1,646:3;373:1
Recipe_MushroomsFried_3 1,cooking,Item_MushroomFried,'Fried Mushroom ',2,1,3,Swing-Ding x2; Velvet Bell x1; Butter x1,717:2;734:1;373:1
Recipe_MushroomsFried_3 2,cooking,Item_MushroomFried,'Fried Mushroom ',2,1,3,Karl-Oskar x2; Velvet Bell x1; Butter x1,518:2;734:1;373:1
Recipe_MushroomsFried_3 3,cooking,Item_MushroomFried,'Fried Mushroom ',2,1,3,Rödsopp x2; Karl-Oskar x1; Butter x1,646:2;518:1;373:1
Recipe_MushroomsFried_3 4,cooking,Item_MushroomFried,'Fried Mushroom ',2,1,3,Swing-Ding x2; Karl-Oskar x1; Butter x1,717:2;518:1;373:1
Recipe_MushroomsFried_3,cooking,Item_MushroomFried,'Fried Mushroom ',2,1,3,Rödsopp x2; Velvet Bell x1; Butter x1,646:2;734:1;373:1
Recipe_MushroomsFried_4 1,cooking,Item_MushroomFried,'Fried Mushroom ',2,1,3,Swing-Ding x1; Velvet Bell x2; Butter x1,717:1;734:2;373:1
Recipe_MushroomsFried_4 2,cooking,Item_MushroomFried,'Fried Mushroom ',2,1,3,Karl-Oskar x1; Velvet Bell x2; Butter x1,518:1;734:2;373:1
Recipe_MushroomsFried_4,cooking,Item_MushroomFried,'Fried Mushroom ',2,1,3,Rödsopp x1; Velvet Bell x2; Butter x1,646:1;734:2;373:1
Recipe_MushroomsFried_5 1,cooking,Item_MushroomFried,'Fried Mushroom ',4,1,3,Swing-Ding x3; Velvet Bell x3; Butter x1,717:3;734:3;373:1
Recipe_MushroomsFried_5 2,cooking,Item_MushroomFried,'Fried Mushroom ',4,1,3,Rödsopp x3; Swing-Ding x3; Butter x1,646:3;717:3;373:1
Recipe_MushroomsFried_5 3,cooking,Item_MushroomFried,'Fried Mushroom ',4,1,3,Karl-Oskar x3; Velvet Bell x3; Butter x1,518:3;734:3;373:1
Recipe_MushroomsFried_5 4,cooking,Item_MushroomFried,'Fried Mushroom ',4,1,3,Rödsopp x3; Karl-Oskar x3; Butter x1,646:3;518:3;373:1
Recipe_MushroomsFried_5 5,cooking,Item_MushroomFried,'Fried Mushroom ',4,1,3,Swing-Ding x3; Karl-Oskar x3; Butter x1,717:3;518:3;373:1
Recipe_MushroomsFried_5 6,cooking,Item_MushroomFried,'Fried Mushroom ',2,1,3,Rödsopp x2; Velvet Bell x2; Butter x1,646:2;734:2;373:1
Recipe_MushroomsFried_5 7,cooking,Item_MushroomFried,'Fried Mushroom ',2,1,3,Swing-Ding x2; Velvet Bell x2; Butter x1,717:2;734:2;373:1
Recipe_MushroomsFried_5 8,cooking,Item_MushroomFried,'Fried Mushroom ',2,1,3,Rödsopp x2; Swing-Ding x2; Butter x1,646:2;717:2;373:1
Recipe_MushroomsFried_5 9,cooking,Item_MushroomFried,'Fried Mushroom ',2,1,3,Karl-Oskar x2; Velvet Bell x2; Butter x1,518:2;734:2;373:1
Recipe_MushroomsFried_5 10,cooking,Item_MushroomFried,'Fried Mushroom ',2,1,3,Rödsopp x2; Karl-Oskar x2; Butter x1,646:2;518:2;373:1
Recipe_MushroomsFried_5 11,cooking,Item_MushroomFried,'Fried Mushroom ',2,1,3,Swing-Ding x2; Karl-Oskar x2; Butter x1,717:2;518:2;373:1
Recipe_MushroomsFried_5,cooking,Item_MushroomFried,'Fried Mushroom ',4,1,3,Rödsopp x3; Velvet Bell x3; Butter x1,646:3;734:3;373:1
Recipe_MushroomsFriedSimple 1,cooking,Item_MushroomFried,'Fried Mushroom ',1,1,1,Velvet Bell x8,734:8
Recipe_MushroomsFriedSimple 2,cooking,Item_MushroomFried,'Fried Mushroom ',1,1,2,Velvet Bell x7; Rödsopp x1,734:7;646:1
Recipe_MushroomsFriedSimple 3,cooking,Item_MushroomFried,'Fried Mushroom ',1,1,2,Velvet Bell x7; Karl-Oskar x1,734:7;518:1
Recipe_MushroomsFriedSimple 4,cooking,Item_MushroomFried,'Fried Mushroom ',1,1,2,Velvet Bell x7; Swing-Ding x1,734:7;717:1
Recipe_MushroomsFriedSimple 5,cooking,Item_MushroomFried,'Fried Mushroom ',1,1,2,Velvet Bell x7; False Sulfcap x1,734:7;447:1
Recipe_MushroomsFriedSimple 6,cooking,Item_MushroomFried,'Fried Mushroom ',1,1,2,Velvet Bell x6; Rödsopp x2,734:6;646:2
Recipe_MushroomsFriedSimple 7,cooking,Item_MushroomFried,'Fried Mushroom ',1,1,2,Velvet Bell x6; Karl-Oskar x2,734:6;518:2
Recipe_MushroomsFriedSimple 8,cooking,Item_MushroomFried,'Fried Mushroom ',1,1,2,Velvet Bell x6; Swing-Ding x2,734:6;717:2
Recipe_MushroomsFriedSimple 9,cooking,Item_MushroomFried,'Fried Mushroom ',1,1,2,Velvet Bell x6; False Sulfcap x2,734:6;447:2
Recipe_MushroomsFriedSimple 10,cooking,Item_MushroomFried,'Fried Mushroom ',1,1,2,Velvet Bell x5; Rödsopp x3,734:5;646:3
Recipe_MushroomsFriedSimple 11,cooking,Item_MushroomFried,'Fried Mushroom ',1,1,2,Velvet Bell x5; Karl-Oskar x3,734:5;518:3
Recipe_MushroomsFriedSimple 12,cooking,Item_MushroomFried,'Fried Mushroom ',1,1,2,Velvet Bell x5; Swing-Ding x3,734:5;717:3
Recipe_MushroomsFriedSimple 13,cooking,Item_MushroomFried,'Fried Mushroom ',1,1,2,Velvet Bell x5; False Sulfcap x3,734:5;447:3
Recipe_MushroomsFriedSimple 14,cooking,Item_MushroomFried,'Fried Mushroom ',1,1,2,Velvet Bell x4; Rödsopp x4,734:4;646:4
Recipe_MushroomsFriedSimple 15,cooking,Item_MushroomFried,'Fried Mushroom ',1,1,2,Velvet Bell x4; Karl-Oskar x4,734:4;518:4
Recipe_MushroomsFriedSimple 16,cooking,Item_MushroomFried,'Fried Mushroom ',1,1,2,Velvet Bell x4; Swing-Ding x4,734:4;717:4
Recipe_MushroomsFriedSimple 17,cooking,Item_MushroomFried,'Fried Mushroom ',1,1,2,Velvet Bell x4; False Sulfcap x4,734:4;447:4
Recipe_MushroomsFriedSimple 18,cooking,Item_MushroomFried,'Fried Mushroom ',1,1,2,Velvet Bell x3; Rödsopp x5,734:3;646:5
Recipe_MushroomsFriedSimple 19,cooking,Item_MushroomFried,'Fried Mushroom ',1,1,2,Velvet Bell x3; Karl-Oskar x5,734:3;518:5
Recipe_MushroomsFriedSimple 20,cooking,Item_MushroomFried,'Fried Mushroom ',1,1,2,Velvet Bell x3; Swing-Ding x5,734:3;717:5
Recipe_MushroomsFriedSimple 21,cooking,Item_MushroomFried,'Fried Mushroom ',1,1,2,Velvet Bell x3; False Sulfcap x5,734:3;447:5
Recipe_MushroomsFriedSimple 22,cooking,Item_MushroomFried,'Fried Mushroom ',1,1,2,Velvet Bell x2; Rödsopp x6,734:2;646:6
Recipe_MushroomsFriedSimple 23,cooking,Item_MushroomFried,'Fried Mushroom ',1,1,2,Velvet Bell x2; Karl-Oskar x6,734:2;518:6
Recipe_MushroomsFriedSimple 24,cooking,Item_MushroomFried,'Fried Mushroom ',1,1,2,Velvet Bell x2; Swing-Ding x6,734:2;717:6
Recipe_MushroomsFriedSimple 25,cooking,Item_MushroomFried,'Fried Mushroom ',1,1,2,Velvet Bell x2; False Sulfcap x6,734:2;447:6
Recipe_MushroomsFriedSimple 26,cooking,Item_MushroomFried,'Fried Mushroom ',1,1,2,Velvet Bell x1; Rödsopp x7,734:1;646:7
Recipe_MushroomsFriedSimple 27,cooking,Item_MushroomFried,'Fried Mushroom ',1,1,2,Velvet Bell x1; Karl-Oskar x7,734:1;518:7
Recipe_MushroomsFriedSimple 28,cooking,Item_MushroomFried,'Fried Mushroom ',1,1,2,Velvet Bell x1; Swing-Ding x7,734:1;717:7
Recipe_MushroomsFriedSimple 29,cooking,Item_MushroomFried,'Fried Mushroom ',1,1,2,Velvet Bell x1; False Sulfcap x7,734:1;447:7
Recipe_MushroomSoup_1 1,cooking,Item_MushroomSoup,Mushroom Soup,2,1,4,Rödsopp x1; Velvet Bell x1; Swing-Ding x1; Bottled Water x1,646:1;734:1;717:1;368:1
Recipe_MushroomSoup_1 2,cooking,Item_MushroomSoup,Mushroom Soup,2,1,5,Rödsopp x1; Velvet Bell x1; Karl-Oskar x1; Swing-Ding x1; Bottled Water x1,646:1;734:1;518:1;717:1;368:1
Recipe_MushroomSoup_1 3,cooking,Item_MushroomSoup,Mushroom Soup,2,1,4,Rödsopp x1; Velvet Bell x1; Karl-Oskar x1; Bottled Water x1,646:1;734:1;518:1;368:1
Recipe_MushroomSoup_1 4,cooking,Item_MushroomSoup,Mushroom Soup,2,1,4,Rödsopp x1; Swing-Ding x1; Karl-Oskar x1; Bottled Water x1,646:1;717:1;518:1;368:1
Recipe_MushroomSoup_1 5,cooking,Item_MushroomSoup,Mushroom Soup,2,1,4,Velvet Bell x1; Swing-Ding x1; Karl-Oskar x1; Bottled Water x1,734:1;717:1;518:1;368:1
Recipe_MushroomSoup_1 6,cooking,Item_MushroomSoup,Mushroom Soup,2,1,4,Rödsopp x1; Velvet Bell x1; False Sulfcap x1; Bottled Water x1,646:1;734:1;447:1;564:1
Recipe_MushroomSoup_1 7,cooking,Item_MushroomSoup,Mushroom Soup,2,1,4,Rödsopp x1; Velvet Bell x1; Swing-Ding x1; Bottled Water x1,646:1;734:1;717:1;564:1
Recipe_MushroomSoup_1 8,cooking,Item_MushroomSoup,Mushroom Soup,2,1,4,Rödsopp x1; Swing-Ding x1; Karl-Oskar x1; Bottled Water x1,646:1;717:1;518:1;564:1
Recipe_MushroomSoup_1 9,cooking,Item_MushroomSoup,Mushroom Soup,2,1,4,Velvet Bell x1; Swing-Ding x1; Karl-Oskar x1; Bottled Water x1,734:1;717:1;518:1;564:1
Recipe_MushroomSoup_1 10,cooking,Item_MushroomSoup,Mushroom Soup,2,1,4,Rödsopp x1; Velvet Bell x1; Karl-Oskar x1; Bottled Water x1,646:1;734:1;518:1;564:1
Recipe_MushroomSoup_1 11,cooking,Item_MushroomSoup,Mushroom Soup,2,1,5,Rödsopp x1; Velvet Bell x1; Karl-Oskar x1; Swing-Ding x1; Bottled Water x1,646:1;734:1;518:1;717:1;564:1
Recipe_MushroomSoup_1,cooking,Item_MushroomSoup,Mushroom Soup,2,1,4,Rödsopp x1; Velvet Bell x1; False Sulfcap x1; Bottled Water x1,646:1;734:1;447:1;368:1
Recipe_MushroomSoup_2 1,cooking,Item_MushroomSoup,Mushroom Soup,4,1,2,Rödsopp x3; Bottled Water x1,646:3;564:1
Recipe_MushroomSoup_2,cooking,Item_MushroomSoup,Mushroom Soup,4,1,2,Rödsopp x3; Bottled Water x1,646:3;368:1
Recipe_MushroomSoup_3 1,cooking,Item_MushroomSoup,Mushroom Soup,4,1,3,Swing-Ding x2; Rödsopp x3; Bottled Water x1,717:2;646:3;368:1
Recipe_MushroomSoup_3 2,cooking,Item_MushroomSoup,Mushroom Soup,3,1,3,Swing-Ding x1; Rödsopp x3; Bottled Water x1,717:1;646:3;368:1
Recipe_MushroomSoup_3 3,cooking,Item_MushroomSoup,Mushroom Soup,3,1,3,Swing-Ding x3; Rödsopp x2; Bottled Water x1,717:3;646:2;368:1
Recipe_MushroomSoup_3 4,cooking,Item_MushroomSoup,Mushroom Soup,2,1,3,Swing-Ding x3; Rödsopp x1; Bottled Water x1,717:3;646:1;368:1
Recipe_MushroomSoup_3 5,cooking,Item_MushroomSoup,Mushroom Soup,3,1,3,Swing-Ding x2; Rödsopp x2; Bottled Water x1,717:2;646:2;368:1
Recipe_MushroomSoup_3 6,cooking,Item_MushroomSoup,Mushroom Soup,2,1,3,Swing-Ding x2; Rödsopp x1; Bottled Water x1,717:2;646:1;368:1
Recipe_MushroomSoup_3 7,cooking,Item_MushroomSoup,Mushroom Soup,3,1,3,Swing-Ding x1; Rödsopp x2; Bottled Water x1,717:1;646:2;368:1
Recipe_MushroomSoup_3 8,cooking,Item_MushroomSoup,Mushroom Soup,5,1,3,Karl-Oskar x3; Rödsopp x3; Bottled Water x1,518:3;646:3;368:1
Recipe_MushroomSoup_3 9,cooking,Item_MushroomSoup,Mushroom Soup,4,1,3,Karl-Oskar x2; Rödsopp x3; Bottled Water x1,518:2;646:3;368:1
Recipe_MushroomSoup_3 10,cooking,Item_MushroomSoup,Mushroom Soup,3,1,3,Karl-Oskar x1; Rödsopp x3; Bottled Water x1,518:1;646:3;368:1
Recipe_MushroomSoup_3 11,cooking,Item_MushroomSoup,Mushroom Soup,3,1,3,Karl-Oskar x3; Rödsopp x2; Bottled Water x1,518:3;646:2;368:1
Recipe_MushroomSoup_3 12,cooking,Item_MushroomSoup,Mushroom Soup,2,1,3,Karl-Oskar x3; Rödsopp x1; Bottled Water x1,518:3;646:1;368:1
Recipe_MushroomSoup_3 13,cooking,Item_MushroomSoup,Mushroom Soup,3,1,3,Karl-Oskar x2; Rödsopp x2; Bottled Water x1,518:2;646:2;368:1
Recipe_MushroomSoup_3 14,cooking,Item_MushroomSoup,Mushroom Soup,2,1,3,Karl-Oskar x2; Rödsopp x1; Bottled Water x1,518:2;646:1;368:1
Recipe_MushroomSoup_3 15,cooking,Item_MushroomSoup,Mushroom Soup,3,1,3,Karl-Oskar x1; Rödsopp x2; Bottled Water x1,518:1;646:2;368:1
Recipe_MushroomSoup_3 16,cooking,Item_MushroomSoup,Mushroom Soup,5,1,3,Velvet Bell x3; Rödsopp x3; Bottled Water x1,734:3;646:3;368:1
Recipe_MushroomSoup_3 17,cooking,Item_MushroomSoup,Mushroom Soup,4,1,3,Velvet Bell x2; Rödsopp x3; Bottled Water x1,734:2;646:3;368:1
Recipe_MushroomSoup_3 18,cooking,Item_MushroomSoup,Mushroom Soup,3,1,3,Velvet Bell x1; Rödsopp x3; Bottled Water x1,734:1;646:3;368:1
Recipe_MushroomSoup_3 19,cooking,Item_MushroomSoup,Mushroom Soup,3,1,3,Velvet Bell x3; Rödsopp x2; Bottled Water x1,734:3;646:2;368:1
Recipe_MushroomSoup_3 20,cooking,Item_MushroomSoup,Mushroom Soup,2,1,3,Velvet Bell x3; Rödsopp x1; Bottled Water x1,734:3;646:1;368:1
Recipe_MushroomSoup_3 21,cooking,Item_MushroomSoup,Mushroom Soup,3,1,3,Velvet Bell x2; Rödsopp x2; Bottled Water x1,734:2;646:2;368:1
Recipe_MushroomSoup_3 22,cooking,Item_MushroomSoup,Mushroom Soup,2,1,3,Velvet Bell x2; Rödsopp x1; Bottled Water x1,734:2;646:1;368:1
Recipe_MushroomSoup_3 23,cooking,Item_MushroomSoup,Mushroom Soup,3,1,3,Velvet Bell x1; Rödsopp x2; Bottled Water x1,734:1;646:2;368:1
Recipe_MushroomSoup_3 24,cooking,Item_MushroomSoup,Mushroom Soup,4,1,3,Swing-Ding x2; Rödsopp x3; Bottled Water x1,717:2;646:3;564:1
Recipe_MushroomSoup_3 24_VB+KO 1,cooking,Item_MushroomSoup,Mushroom Soup,4,1,3,Velvet Bell x3; Karl-Oskar x3; Bottled Water x1,734:3;518:3;564:1
Recipe_MushroomSoup_3 24_VB+KO,cooking,Item_MushroomSoup,Mushroom Soup,4,1,3,Velvet Bell x3; Karl-Oskar x3; Bottled Water x1,734:3;518:3;368:1
Recipe_MushroomSoup_3 25,cooking,Item_MushroomSoup,Mushroom Soup,3,1,3,Velvet Bell x2; Karl-Oskar x3; Bottled Water x1,734:2;518:3;368:1
Recipe_MushroomSoup_3 26,cooking,Item_MushroomSoup,Mushroom Soup,3,1,3,Velvet Bell x3; Karl-Oskar x2; Bottled Water x1,734:3;518:2;368:1
Recipe_MushroomSoup_3 27,cooking,Item_MushroomSoup,Mushroom Soup,2,1,3,Velvet Bell x3; Karl-Oskar x1; Bottled Water x1,734:3;518:1;368:1
Recipe_MushroomSoup_3 28,cooking,Item_MushroomSoup,Mushroom Soup,2,1,3,Velvet Bell x1; Karl-Oskar x3; Bottled Water x1,734:1;518:3;368:1
Recipe_MushroomSoup_3 29,cooking,Item_MushroomSoup,Mushroom Soup,2,1,3,Velvet Bell x2; Karl-Oskar x2; Bottled Water x1,734:2;518:2;368:1
Recipe_MushroomSoup_3 30,cooking,Item_MushroomSoup,Mushroom Soup,1,1,3,Velvet Bell x1; Karl-Oskar x2; Bottled Water x1,734:1;518:2;368:1
Recipe_MushroomSoup_3 31,cooking,Item_MushroomSoup,Mushroom Soup,1,1,3,Velvet Bell x2; Karl-Oskar x1; Bottled Water x1,734:2;518:1;368:1
Recipe_MushroomSoup_3 32,cooking,Item_MushroomSoup,Mushroom Soup,3,1,3,Swing-Ding x1; Rödsopp x3; Bottled Water x1,717:1;646:3;564:1
Recipe_MushroomSoup_3 32_VB+SD 1,cooking,Item_MushroomSoup,Mushroom Soup,4,1,3,Velvet Bell x3; Swing-Ding x3; Bottled Water x1,734:3;717:3;564:1
Recipe_MushroomSoup_3 32_VB+SD,cooking,Item_MushroomSoup,Mushroom Soup,4,1,3,Velvet Bell x3; Swing-Ding x3; Bottled Water x1,734:3;717:3;368:1
Recipe_MushroomSoup_3 32z 1,cooking,Item_MushroomSoup,Mushroom Soup,3,1,3,Velvet Bell x2; Swing-Ding x3; Bottled Water x1,734:2;717:3;564:1
Recipe_MushroomSoup_3 32z,cooking,Item_MushroomSoup,Mushroom Soup,3,1,3,Velvet Bell x2; Swing-Ding x3; Bottled Water x1,734:2;717:3;368:1
Recipe_MushroomSoup_3 33,cooking,Item_MushroomSoup,Mushroom Soup,3,1,3,Velvet Bell x3; Swing-Ding x2; Bottled Water x1,734:3;717:2;368:1
Recipe_MushroomSoup_3 34,cooking,Item_MushroomSoup,Mushroom Soup,2,1,3,Velvet Bell x3; Swing-Ding x1; Bottled Water x1,734:3;717:1;368:1
Recipe_MushroomSoup_3 35,cooking,Item_MushroomSoup,Mushroom Soup,2,1,3,Velvet Bell x1; Swing-Ding x3; Bottled Water x1,734:1;717:3;368:1
Recipe_MushroomSoup_3 36,cooking,Item_MushroomSoup,Mushroom Soup,2,1,3,Velvet Bell x2; Swing-Ding x2; Bottled Water x1,734:2;717:2;368:1
Recipe_MushroomSoup_3 37,cooking,Item_MushroomSoup,Mushroom Soup,1,1,3,Velvet Bell x1; Swing-Ding x2; Bottled Water x1,734:1;717:2;368:1
Recipe_MushroomSoup_3 38,cooking,Item_MushroomSoup,Mushroom Soup,1,1,3,Velvet Bell x2; Swing-Ding x1; Bottled Water x1,734:2;717:1;368:1
Recipe_MushroomSoup_3 39,cooking,Item_MushroomSoup,Mushroom Soup,3,1,3,Velvet Bell x3; Swing-Ding x2; Bottled Water x1,734:3;717:2;368:1
Recipe_MushroomSoup_3 39_KO+SD 1,cooking,Item_MushroomSoup,Mushroom Soup,4,1,3,Karl-Oskar x3; Swing-Ding x3; Bottled Water x1,518:3;717:3;564:1
Recipe_MushroomSoup_3 39_KO+SD,cooking,Item_MushroomSoup,Mushroom Soup,4,1,3,Karl-Oskar x3; Swing-Ding x3; Bottled Water x1,518:3;717:3;368:1
Recipe_MushroomSoup_3 40,cooking,Item_MushroomSoup,Mushroom Soup,3,1,3,Karl-Oskar x2; Swing-Ding x3; Bottled Water x1,518:2;717:3;368:1
Recipe_MushroomSoup_3 41,cooking,Item_MushroomSoup,Mushroom Soup,3,1,3,Karl-Oskar x3; Swing-Ding x2; Bottled Water x1,518:3;717:2;368:1
Recipe_MushroomSoup_3 42,cooking,Item_MushroomSoup,Mushroom Soup,2,1,3,Karl-Oskar x3; Swing-Ding x1; Bottled Water x1,518:3;717:1;368:1
Recipe_MushroomSoup_3 43,cooking,Item_MushroomSoup,Mushroom Soup,2,1,3,Karl-Oskar x1; Swing-Ding x3; Bottled Water x1,518:1;717:3;368:1
Recipe_MushroomSoup_3 44,cooking,Item_MushroomSoup,Mushroom Soup,2,1,3,Karl-Oskar x2; Swing-Ding x2; Bottled Water x1,518:2;717:2;368:1
Recipe_MushroomSoup_3 45,cooking,Item_MushroomSoup,Mushroom Soup,1,1,3,Karl-Oskar x1; Swing-Ding x2; Bottled Water x1,518:1;717:2;368:1
Recipe_MushroomSoup_3 46,cooking,Item_MushroomSoup,Mushroom Soup,1,1,3,Karl-Oskar x2; Swing-Ding x1; Bottled Water x1,518:2;717:1;368:1
Recipe_MushroomSoup_3 47,cooking,Item_MushroomSoup,Mushroom Soup,3,1,3,Karl-Oskar x3; Swing-Ding x2; Bottled Water x1,518:3;717:2;368:1
Recipe_MushroomSoup_3 48,cooking,Item_MushroomSoup,Mushroom Soup,3,1,3,Swing-Ding x3; Rödsopp x2; Bottled Water x1,717:3;646:2;564:1
Recipe_MushroomSoup_3 49,cooking,Item_MushroomSoup,Mushroom Soup,2,1,3,Swing-Ding x3; Rödsopp x1; Bottled Water x1,717:3;646:1;564:1
Recipe_MushroomSoup_3 50,cooking,Item_MushroomSoup,Mushroom Soup,3,1,3,Swing-Ding x2; Rödsopp x2; Bottled Water x1,717:2;646:2;564:1
Recipe_MushroomSoup_3 51,cooking,Item_MushroomSoup,Mushroom Soup,2,1,3,Swing-Ding x2; Rödsopp x1; Bottled Water x1,717:2;646:1;564:1
Recipe_MushroomSoup_3 52,cooking,Item_MushroomSoup,Mushroom Soup,3,1,3,Swing-Ding x1; Rödsopp x2; Bottled Water x1,717:1;646:2;564:1
Recipe_MushroomSoup_3 53,cooking,Item_MushroomSoup,Mushroom Soup,5,1,3,Karl-Oskar x3; Rödsopp x3; Bottled Water x1,518:3;646:3;564:1
Recipe_MushroomSoup_3 54,cooking,Item_MushroomSoup,Mushroom Soup,4,1,3,Karl-Oskar x2; Rödsopp x3; Bottled Water x1,518:2;646:3;564:1
Recipe_MushroomSoup_3 55,cooking,Item_MushroomSoup,Mushroom Soup,3,1,3,Karl-Oskar x1; Rödsopp x3; Bottled Water x1,518:1;646:3;564:1
Recipe_MushroomSoup_3 56,cooking,Item_MushroomSoup,Mushroom Soup,3,1,3,Karl-Oskar x3; Rödsopp x2; Bottled Water x1,518:3;646:2;564:1
Recipe_MushroomSoup_3 57,cooking,Item_MushroomSoup,Mushroom Soup,2,1,3,Karl-Oskar x3; Rödsopp x1; Bottled Water x1,518:3;646:1;564:1
Recipe_MushroomSoup_3 58,cooking,Item_MushroomSoup,Mushroom Soup,3,1,3,Karl-Oskar x2; Rödsopp x2; Bottled Water x1,518:2;646:2;564:1
Recipe_MushroomSoup_3 59,cooking,Item_MushroomSoup,Mushroom Soup,2,1,3,Karl-Oskar x2; Rödsopp x1; Bottled Water x1,518:2;646:1;564:1
Recipe_MushroomSoup_3 60,cooking,Item_MushroomSoup,Mushroom Soup,3,1,3,Karl-Oskar x1; Rödsopp x2; Bottled Water x1,518:1;646:2;564:1
Recipe_MushroomSoup_3 61,cooking,Item_MushroomSoup,Mushroom Soup,5,1,3,Velvet Bell x3; Rödsopp x3; Bottled Water x1,734:3;646:3;564:1
Recipe_MushroomSoup_3 62,cooking,Item_MushroomSoup,Mushroom Soup,4,1,3,Velvet Bell x2; Rödsopp x3; Bottled Water x1,734:2;646:3;564:1
Recipe_MushroomSoup_3 63,cooking,Item_MushroomSoup,Mushroom Soup,3,1,3,Velvet Bell x1; Rödsopp x3; Bottled Water x1,734:1;646:3;564:1
Recipe_MushroomSoup_3 64,cooking,Item_MushroomSoup,Mushroom Soup,3,1,3,Velvet Bell x3; Rödsopp x2; Bottled Water x1,734:3;646:2;564:1
Recipe_MushroomSoup_3 65,cooking,Item_MushroomSoup,Mushroom Soup,2,1,3,Velvet Bell x3; Rödsopp x1; Bottled Water x1,734:3;646:1;564:1
Recipe_MushroomSoup_3 66,cooking,Item_MushroomSoup,Mushroom Soup,3,1,3,Velvet Bell x2; Rödsopp x2; Bottled Water x1,734:2;646:2;564:1
Recipe_MushroomSoup_3 67,cooking,Item_MushroomSoup,Mushroom Soup,2,1,3,Velvet Bell x2; Rödsopp x1; Bottled Water x1,734:2;646:1;564:1
Recipe_MushroomSoup_3 68,cooking,Item_MushroomSoup,Mushroom Soup,3,1,3,Velvet Bell x1; Rödsopp x2; Bottled Water x1,734:1;646:2;564:1
Recipe_MushroomSoup_3 69,cooking,Item_MushroomSoup,Mushroom Soup,3,1,3,Velvet Bell x2; Karl-Oskar x3; Bottled Water x1,734:2;518:3;564:1
Recipe_MushroomSoup_3 70,cooking,Item_MushroomSoup,Mushroom Soup,3,1,3,Velvet Bell x3; Karl-Oskar x2; Bottled Water x1,734:3;518:2;564:1
Recipe_MushroomSoup_3 71,cooking,Item_MushroomSoup,Mushroom Soup,2,1,3,Velvet Bell x3; Karl-Oskar x1; Bottled Water x1,734:3;518:1;564:1
Recipe_MushroomSoup_3 72,cooking,Item_MushroomSoup,Mushroom Soup,2,1,3,Velvet Bell x1; Karl-Oskar x3; Bottled Water x1,734:1;518:3;564:1
Recipe_MushroomSoup_3 73,cooking,Item_MushroomSoup,Mushroom Soup,2,1,3,Velvet Bell x2; Karl-Oskar x2; Bottled Water x1,734:2;518:2;564:1
Recipe_MushroomSoup_3 74,cooking,Item_MushroomSoup,Mushroom Soup,1,1,3,Velvet Bell x1; Karl-Oskar x2; Bottled Water x1,734:1;518:2;564:1
Recipe_MushroomSoup_3 75,cooking,Item_MushroomSoup,Mushroom Soup,1,1,3,Velvet Bell x2; Karl-Oskar x1; Bottled Water x1,734:2;518:1;564:1
Recipe_MushroomSoup_3 76,cooking,Item_MushroomSoup,Mushroom Soup,3,1,3,Velvet Bell x3; Swing-Ding x2; Bottled Water x1,734:3;717:2;564:1
Recipe_MushroomSoup_3 77,cooking,Item_MushroomSoup,Mushroom Soup,2,1,3,Velvet Bell x3; Swing-Ding x1; Bottled Water x1,734:3;717:1;564:1
Recipe_MushroomSoup_3 78,cooking,Item_MushroomSoup,Mushroom Soup,2,1,3,Velvet Bell x1; Swing-Ding x3; Bottled Water x1,734:1;717:3;564:1
Recipe_MushroomSoup_3 79,cooking,Item_MushroomSoup,Mushroom Soup,2,1,3,Velvet Bell x2; Swing-Ding x2; Bottled Water x1,734:2;717:2;564:1
Recipe_MushroomSoup_3 80,cooking,Item_MushroomSoup,Mushroom Soup,1,1,3,Velvet Bell x1; Swing-Ding x2; Bottled Water x1,734:1;717:2;564:1
Recipe_MushroomSoup_3 81,cooking,Item_MushroomSoup,Mushroom Soup,1,1,3,Velvet Bell x2; Swing-Ding x1; Bottled Water x1,734:2;717:1;564:1
Recipe_MushroomSoup_3 82,cooking,Item_MushroomSoup,Mushroom Soup,3,1,3,Velvet Bell x3; Swing-Ding x2; Bottled Water x1,734:3;717:2;564:1
Recipe_MushroomSoup_3 83,cooking,Item_MushroomSoup,Mushroom Soup,3,1,3,Karl-Oskar x2; Swing-Ding x3; Bottled Water x1,518:2;717:3;564:1
Recipe_MushroomSoup_3 84,cooking,Item_MushroomSoup,Mushroom Soup,3,1,3,Karl-Oskar x3; Swing-Ding x2; Bottled Water x1,518:3;717:2;564:1
Recipe_MushroomSoup_3 85,cooking,Item_MushroomSoup,Mushroom Soup,2,1,3,Karl-Oskar x3; Swing-Ding x1; Bottled Water x1,518:3;717:1;564:1
Recipe_MushroomSoup_3 86,cooking,Item_MushroomSoup,Mushroom Soup,2,1,3,Karl-Oskar x1; Swing-Ding x3; Bottled Water x1,518:1;717:3;564:1
Recipe_MushroomSoup_3 87,cooking,Item_MushroomSoup,Mushroom Soup,2,1,3,Karl-Oskar x2; Swing-Ding x2; Bottled Water x1,518:2;717:2;564:1
Recipe_MushroomSoup_3 88,cooking,Item_MushroomSoup,Mushroom Soup,1,1,3,Karl-Oskar x1; Swing-Ding x2; Bottled Water x1,518:1;717:2;564:1
Recipe_MushroomSoup_3 89,cooking,Item_MushroomSoup,Mushroom Soup,1,1,3,Karl-Oskar x2; Swing-Ding x1; Bottled Water x1,518:2;717:1;564:1
Recipe_MushroomSoup_3 90,cooking,Item_MushroomSoup,Mushroom Soup,3,1,3,Karl-Oskar x3; Swing-Ding x2; Bottled Water x1,518:3;717:2;564:1
Recipe_MushroomSoup_3,cooking,Item_MushroomSoup,Mushroom Soup,5,1,3,Swing-Ding x3; Rödsopp x3; Bottled Water x1,717:3;646:3;368:1
Recipe_MushroomSoup_4 1,cooking,Item_MushroomSoup,Mushroom Soup,1,1,2,Velvet Bell x3; Bottled Water x1,734:3;564:1
Recipe_MushroomSoup_4,cooking,Item_MushroomSoup,Mushroom Soup,1,1,2,Velvet Bell x3; Bottled Water x1,734:3;368:1
Recipe_MushroomSoup_5 1,cooking,Item_MushroomSoup,Mushroom Soup,1,1,2,Karl-Oskar x3; Bottled Water x1,518:3;564:1
Recipe_MushroomSoup_5,cooking,Item_MushroomSoup,Mushroom Soup,1,1,2,Karl-Oskar x3; Bottled Water x1,518:3;368:1
Recipe_MushroomSoup_6 1,cooking,Item_MushroomSoup,Mushroom Soup,1,1,2,Swing-Ding x3; Bottled Water x1,717:3;564:1
Recipe_MushroomSoup_6,cooking,Item_MushroomSoup,Mushroom Soup,1,1,2,Swing-Ding x3; Bottled Water x1,717:3;368:1
Recipe_MushroomSoupBroth_4 1,cooking,Item_MushroomSoup,Mushroom Soup,2,1,2,Rödsopp x4; Broth x1,646:4;372:1
Recipe_MushroomSoupBroth_4 2,cooking,Item_MushroomSoup,Mushroom Soup,2,1,2,Rödsopp x5; Broth x1,646:5;372:1
Recipe_MushroomSoupBroth_4 3,cooking,Item_MushroomSoup,Mushroom Soup,3,1,2,Rödsopp x3; Broth x2,646:3;372:2
Recipe_MushroomSoupBroth_4 4,cooking,Item_MushroomSoup,Mushroom Soup,4,1,2,Rödsopp x4; Broth x2,646:4;372:2
Recipe_MushroomSoupBroth_4 5,cooking,Item_MushroomSoup,Mushroom Soup,4,1,2,Rödsopp x5; Broth x2,646:5;372:2
Recipe_MushroomSoupBroth_4,cooking,Item_MushroomSoup,Mushroom Soup,2,1,2,Rödsopp x3; Broth x1,646:3;372:1
Recipe_MushroomSoupBroth_5 1,cooking,Item_MushroomSoup,Mushroom Soup,3,1,2,Rödsopp x7; Broth x1,646:7;372:1
Recipe_MushroomSoupBroth_5 2,cooking,Item_MushroomSoup,Mushroom Soup,3,1,2,Rödsopp x8; Broth x1,646:8;372:1
Recipe_MushroomSoupBroth_5 3,cooking,Item_MushroomSoup,Mushroom Soup,4,1,2,Rödsopp x6; Broth x2,646:6;372:2
Recipe_MushroomSoupBroth_5 4,cooking,Item_MushroomSoup,Mushroom Soup,6,1,2,Rödsopp x7; Broth x2,646:7;372:2
Recipe_MushroomSoupBroth_5 5,cooking,Item_MushroomSoup,Mushroom Soup,8,1,2,Rödsopp x8; Broth x2,646:8;372:2
Recipe_MushroomSoupBroth_5,cooking,Item_MushroomSoup,Mushroom Soup,3,1,2,Rödsopp x6; Broth x1,646:6;372:1
Recipe_MushroomSoupBroth_6 1,cooking,Item_MushroomSoup,Mushroom Soup,2,1,2,Velvet Bell x4; Broth x1,734:4;372:1
Recipe_MushroomSoupBroth_6 2,cooking,Item_MushroomSoup,Mushroom Soup,2,1,2,Velvet Bell x5; Broth x1,734:5;372:1
Recipe_MushroomSoupBroth_6 3,cooking,Item_MushroomSoup,Mushroom Soup,3,1,2,Velvet Bell x3; Broth x2,734:3;372:2
Recipe_MushroomSoupBroth_6 4,cooking,Item_MushroomSoup,Mushroom Soup,3,1,2,Velvet Bell x4; Broth x2,734:4;372:2
Recipe_MushroomSoupBroth_6 5,cooking,Item_MushroomSoup,Mushroom Soup,3,1,2,Velvet Bell x5; Broth x2,734:5;372:2
Recipe_MushroomSoupBroth_6,cooking,Item_MushroomSoup,Mushroom Soup,2,1,2,Velvet Bell x3; Broth x1,734:3;372:1
Recipe_MushroomSoupBroth_7 1,cooking,Item_MushroomSoup,Mushroom Soup,3,1,2,Velvet Bell x7; Broth x1,734:7;372:1
Recipe_MushroomSoupBroth_7 2,cooking,Item_MushroomSoup,Mushroom Soup,3,1,2,Velvet Bell x8; Broth x1,734:8;372:1
Recipe_MushroomSoupBroth_7 3,cooking,Item_MushroomSoup,Mushroom Soup,4,1,2,Velvet Bell x6; Broth x2,734:6;372:2
Recipe_MushroomSoupBroth_7 4,cooking,Item_MushroomSoup,Mushroom Soup,4,1,2,Velvet Bell x7; Broth x2,734:7;372:2
Recipe_MushroomSoupBroth_7 5,cooking,Item_MushroomSoup,Mushroom Soup,4,1,2,Velvet Bell x8; Broth x2,734:8;372:2
Recipe_MushroomSoupBroth_7,cooking,Item_MushroomSoup,Mushroom Soup,3,1,2,Velvet Bell x6; Broth x1,734:6;372:1
Recipe_MushroomSoupBroth_8 1,cooking,Item_MushroomSoup,Mushroom Soup,2,1,2,Swing-Ding x4; Broth x1,717:4;372:1
Recipe_MushroomSoupBroth_8 2,cooking,Item_MushroomSoup,Mushroom Soup,2,1,2,Swing-Ding x5; Broth x1,717:5;372:1
Recipe_MushroomSoupBroth_8,cooking,Item_MushroomSoup,Mushroom Soup,2,1,2,Swing-Ding x3; Broth x1,717:3;372:1
Recipe_MushroomSoupBroth_9 1,cooking,Item_MushroomSoup,Mushroom Soup,3,1,2,Swing-Ding x7; Broth x1,717:7;372:1
Recipe_MushroomSoupBroth_9 2,cooking,Item_MushroomSoup,Mushroom Soup,3,1,2,Swing-Ding x8; Broth x1,717:8;372:1
Recipe_MushroomSoupBroth_9 3,cooking,Item_MushroomSoup,Mushroom Soup,4,1,2,Swing-Ding x6; Broth x2,717:6;372:2
Recipe_MushroomSoupBroth_9 4,cooking,Item_MushroomSoup,Mushroom Soup,4,1,2,Swing-Ding x7; Broth x2,717:7;372:2
Recipe_MushroomSoupBroth_9 5,cooking,Item_MushroomSoup,Mushroom Soup,4,1,2,Swing-Ding x8; Broth x2,717:8;372:2
Recipe_MushroomSoupBroth_9,cooking,Item_MushroomSoup,Mushroom Soup,3,1,2,Swing-Ding x6; Broth x1,717:6;372:1
Recipe_MushroomSoupBroth_10 1,cooking,Item_MushroomSoup,Mushroom Soup,2,1,2,Karl-Oskar x4; Broth x1,518:4;372:1
Recipe_MushroomSoupBroth_10 2,cooking,Item_MushroomSoup,Mushroom Soup,2,1,2,Karl-Oskar x5; Broth x1,518:5;372:1
Recipe_MushroomSoupBroth_10,cooking,Item_MushroomSoup,Mushroom Soup,2,1,2,Karl-Oskar x3; Broth x1,518:3;372:1
Recipe_MushroomSoupBroth_11 1,cooking,Item_MushroomSoup,Mushroom Soup,3,1,2,Karl-Oskar x7; Broth x1,518:7;372:1
Recipe_MushroomSoupBroth_11 2,cooking,Item_MushroomSoup,Mushroom Soup,3,1,2,Karl-Oskar x8; Broth x1,518:8;372:1
Recipe_MushroomSoupBroth_11 3,cooking,Item_MushroomSoup,Mushroom Soup,6,1,2,Karl-Oskar x6; Broth x2,518:6;372:2
Recipe_MushroomSoupBroth_11 4,cooking,Item_MushroomSoup,Mushroom Soup,8,1,2,Karl-Oskar x7; Broth x2,518:7;372:2
Recipe_MushroomSoupBroth_11 5,cooking,Item_MushroomSoup,Mushroom Soup,9,1,2,Karl-Oskar x8; Broth x2,518:8;372:2
Recipe_MushroomSoupBroth_11,cooking,Item_MushroomSoup,Mushroom Soup,3,1,2,Karl-Oskar x6; Broth x1,518:6;372:1
Recipe_MushroomsSkewer_1,cooking,Item_MushroomSkewer,Mushroom Skewer,1,1,2,Rödsopp x3; Stick x1,646:3;705:1
Recipe_MushroomsSkewer_2 1,cooking,Item_MushroomSkewer,Mushroom Skewer,1,1,2,Swing-Ding x3; Stick x1,717:3;705:1
Recipe_MushroomsSkewer_2 2,cooking,Item_MushroomSkewer,Mushroom Skewer,1,1,2,Karl-Oskar x3; Stick x1,518:3;705:1
Recipe_MushroomsSkewer_2,cooking,Item_MushroomSkewer,Mushroom Skewer,1,1,2,Velvet Bell x3; Stick x1,734:3;705:1
Recipe_MushroomsSkewer_3 1,cooking,Item_MushroomSkewer,Mushroom Skewer,1,1,3,Swing-Ding x2; Velvet Bell x1; Stick x1,717:2;734:1;705:1
Recipe_MushroomsSkewer_3 2,cooking,Item_MushroomSkewer,Mushroom Skewer,1,1,3,Swing-Ding x2; Rödsopp x1; Stick x1,717:2;646:1;705:1
Recipe_MushroomsSkewer_3 3,cooking,Item_MushroomSkewer,Mushroom Skewer,1,1,3,Swing-Ding x2; Karl-Oskar x1; Stick x1,717:2;518:1;705:1
Recipe_MushroomsSkewer_3,cooking,Item_MushroomSkewer,Mushroom Skewer,1,1,3,Rödsopp x2; Velvet Bell x1; Stick x1,646:2;734:1;705:1
Recipe_MushroomsSkewer_4 1,cooking,Item_MushroomSkewer,Mushroom Skewer,1,1,3,Swing-Ding x1; Velvet Bell x2; Stick x1,717:1;734:2;705:1
Recipe_MushroomsSkewer_4 2,cooking,Item_MushroomSkewer,Mushroom Skewer,1,1,3,Swing-Ding x1; Rödsopp x2; Stick x1,717:1;646:2;705:1
Recipe_MushroomsSkewer_4,cooking,Item_MushroomSkewer,Mushroom Skewer,1,1,3,Rödsopp x1; Velvet Bell x2; Stick x1,646:1;734:2;705:1
Recipe_MushroomsSkewer_5 1,cooking,Item_MushroomSkewer,Mushroom Skewer,1,1,3,Swing-Ding x1; Karl-Oskar x2; Stick x1,717:1;518:2;705:1
Recipe_MushroomsSkewer_5 2,cooking,Item_MushroomSkewer,Mushroom Skewer,1,1,3,Velvet Bell x1; Karl-Oskar x2; Stick x1,734:1;518:2;705:1
Recipe_MushroomsSkewer_5,cooking,Item_MushroomSkewer,Mushroom Skewer,1,1,3,Rödsopp x1; Karl-Oskar x2; Stick x1,646:1;518:2;705:1
Recipe_MysteryMeat_1 1,cooking,Item_MysteryMeat,Mystery Meat,3,1,1,Dog flesh x4,432:4
Recipe_MysteryMeat_1 2,cooking,Item_MysteryMeat,Mystery Meat,3,1,1,Goblin flesh x4,471:4
Recipe_MysteryMeat_1 3,cooking,Item_MysteryMeat,Mystery Meat,3,1,1,Human flesh x4,504:4
Recipe_MysteryMeat_1 4,cooking,Item_MysteryMeat,Mystery Meat,3,1,1,Shav'Wa flesh x4,537:4
Recipe_MysteryMeat_1 6,cooking,Item_MysteryMeat,Mystery Meat,3,1,1,Hellshrew flesh x4,683:4
Recipe_MysteryMeat_1,cooking,Item_MysteryMeat,Mystery Meat,3,1,1,Craw flesh x4,415:4
Recipe_MysteryMeat_2 1,cooking,Item_MysteryMeat,Mystery Meat,1,1,1,Dog flesh x2,432:2
Recipe_MysteryMeat_2 2,cooking,Item_MysteryMeat,Mystery Meat,1,1,1,Goblin flesh x2,471:2
Recipe_MysteryMeat_2 3,cooking,Item_MysteryMeat,Mystery Meat,1,1,1,Human flesh x2,504:2
Recipe_MysteryMeat_2 4,cooking,Item_MysteryMeat,Mystery Meat,1,1,1,Hellshrew flesh x2,683:2
Recipe_MysteryMeat_2 5,cooking,Item_MysteryMeat,Mystery Meat,1,1,1,Shav'Wa flesh x2,537:2
Recipe_MysteryMeat_2,cooking,Item_MysteryMeat,Mystery Meat,1,1,1,Craw flesh x2,415:2
Recipe_NashvilleHotChicken 1,cooking,Item_ChickenNashvilleHot,Nashville Hot Chicken,4,1,2,Chicken Leg x2; Spice Mix x2,394:2;698:2
Recipe_NashvilleHotChicken 2,cooking,Item_ChickenNashvilleHot,Nashville Hot Chicken,2,1,2,Chicken Leg x2; Spice Mix x1,394:2;698:1
Recipe_NashvilleHotChicken 3,cooking,Item_ChickenNashvilleHot,Nashville Hot Chicken,1,1,2,Chicken Leg x1; Spice Mix x1,394:1;698:1
Recipe_NashvilleHotChicken 4,cooking,Item_ChickenNashvilleHot,Nashville Hot Chicken,1,1,2,Chicken Leg x1; Spice Mix x2,394:1;698:2
Recipe_NashvilleHotChicken 5,cooking,Item_ChickenNashvilleHot,Nashville Hot Chicken,4,1,2,Chicken Leg x2; Hot Sauce x2,394:2;501:2
Recipe_NashvilleHotChicken 6,cooking,Item_ChickenNashvilleHot,Nashville Hot Chicken,2,1,2,Chicken Leg x2; Hot Sauce x1,394:2;501:1
Recipe_NashvilleHotChicken 7,cooking,Item_ChickenNashvilleHot,Nashville Hot Chicken,1,1,2,Chicken Leg x1; Hot Sauce x1,394:1;501:1
Recipe_NashvilleHotChicken 8,cooking,Item_ChickenNashvilleHot,Nashville Hot Chicken,1,1,2,Chicken Leg x1; Hot Sauce x2,394:1;501:2
Recipe_NashvilleHotChicken 9,cooking,Item_ChickenNashvilleHot,Nashville Hot Chicken,4,1,2,Chicken Leg x2; Hot Snacks x2,394:2;502:2
Recipe_NashvilleHotChicken 10,cooking,Item_ChickenNashvilleHot,Nashville Hot Chicken,2,1,2,Chicken Leg x2; Hot Snacks x1,394:2;502:1
Recipe_NashvilleHotChicken 11,cooking,Item_ChickenNashvilleHot,Nashville Hot Chicken,1,1,2,Chicken Leg x1; Hot Snacks x1,394:1;502:1
Recipe_NashvilleHotChicken 12,cooking,Item_ChickenNashvilleHot,Nashville Hot Chicken,1,1,2,Chicken Leg x1; Hot Snacks x2,394:1;502:2
Recipe_Nigiri_1 1,cooking,Item_Nigiri,Nigiri,4,1,2,Rice x2; Fish x1,631:2;452:1
Recipe_Nigiri_1 2,cooking,Item_Nigiri,Nigiri,4,1,2,Rice x1; Fish x2,631:1;452:2
Recipe_Nigiri_1 3,cooking,Item_Nigiri,Nigiri,6,1,2,Rice x2; Fish x2,631:2;452:2
Recipe_Nigiri_1,cooking,Item_Nigiri,Nigiri,3,1,2,Rice x1; Fish x1,631:1;452:1
Recipe_Nigiri_2 1,cooking,Item_Nigiri,Nigiri,4,1,2,Rice x2; Flat Sandfish x1,631:2;659:1
Recipe_Nigiri_2 2,cooking,Item_Nigiri,Nigiri,4,1,2,Rice x1; Flat Sandfish x2,631:1;659:2
Recipe_Nigiri_2 3,cooking,Item_Nigiri,Nigiri,6,1,2,Rice x2; Flat Sandfish x2,631:2;659:2
Recipe_Nigiri_2,cooking,Item_Nigiri,Nigiri,3,1,2,Rice x1; Flat Sandfish x1,631:1;659:1
Recipe_Nigiri_3 1,cooking,Item_Nigiri,Nigiri,4,1,2,Rice x2; Snail x1,631:2;690:1
Recipe_Nigiri_3 2,cooking,Item_Nigiri,Nigiri,4,1,2,Rice x1; Snail x2,631:1;690:2
Recipe_Nigiri_3 3,cooking,Item_Nigiri,Nigiri,6,1,2,Rice x2; Snail x2,631:2;690:2
Recipe_Nigiri_3,cooking,Item_Nigiri,Nigiri,3,1,2,Rice x1; Snail x1,631:1;690:1
Recipe_Nigiri_4,cooking,Item_Nigiri,Nigiri,6,1,2,Rice x1; Sashimi x1,631:1;670:1
Recipe_NutMix_1 1,cooking,Item_NutMix,Nut Mix,1,1,2,Hazelnut x2; Pine nuts x1,485:2;595:1
Recipe_NutMix_1 2,cooking,Item_NutMix,Nut Mix,1,1,2,Hazelnut x2; Peanut x1,485:2;591:1
Recipe_NutMix_1 3,cooking,Item_NutMix,Nut Mix,1,1,2,Hazelnut x2; Walnut x1,485:2;737:1
Recipe_NutMix_1 4,cooking,Item_NutMix,Nut Mix,1,1,2,Pine nuts x2; Hazelnut x1,595:2;485:1
Recipe_NutMix_1 6,cooking,Item_NutMix,Nut Mix,1,1,2,Pine nuts x2; Peanut x1,595:2;591:1
Recipe_NutMix_1 7,cooking,Item_NutMix,Nut Mix,1,1,2,Pine nuts x2; Walnut x1,595:2;737:1
Recipe_NutMix_1 8,cooking,Item_NutMix,Nut Mix,1,1,2,Peanut x2; Hazelnut x1,591:2;485:1
Recipe_NutMix_1 9,cooking,Item_NutMix,Nut Mix,1,1,2,Peanut x2; Pine nuts x1,591:2;595:1
Recipe_NutMix_1 11,cooking,Item_NutMix,Nut Mix,1,1,2,Peanut x2; Walnut x1,591:2;737:1
Recipe_NutMix_1 12,cooking,Item_NutMix,Nut Mix,1,1,2,Walnut x2; Hazelnut x1,737:2;485:1
Recipe_NutMix_1 13,cooking,Item_NutMix,Nut Mix,1,1,2,Walnut x2; Pine nuts x1,737:2;595:1
Recipe_NutMix_1 14,cooking,Item_NutMix,Nut Mix,1,1,2,Walnut x2; Peanut x1,737:2;591:1
Recipe_NutMix_1 15,cooking,Item_NutMix,Nut Mix,1,1,3,Hazelnut x1; Peanut x1; Pine nuts x1,485:1;591:1;595:1
Recipe_NutMix_1 16,cooking,Item_NutMix,Nut Mix,1,1,3,Hazelnut x1; Walnut x1; Pine nuts x1,485:1;737:1;595:1
Recipe_NutMix_1 17,cooking,Item_NutMix,Nut Mix,1,1,3,Hazelnut x1; Peanut x1; Pine nuts x1,485:1;591:1;595:1
Recipe_NutMix_1 18,cooking,Item_NutMix,Nut Mix,1,1,3,Walnut x1; Peanut x1; Pine nuts x1,737:1;591:1;595:1
Recipe_NutMix_1 19,cooking,Item_NutMix,Nut Mix,1,1,3,Hazelnut x1; Peanut x1; Walnut x1,485:1;591:1;737:1
Recipe_NutMix_1 20,cooking,Item_NutMix,Nut Mix,1,1,3,Pine nuts x1; Peanut x1; Walnut x1,595:1;591:1;737:1
Recipe_NutMix_1 21,cooking,Item_NutMix,Nut Mix,1,1,3,Pine nuts x1; Hazelnut x1; Walnut x1,595:1;485:1;737:1
Recipe_NutMix_1 22,cooking,Item_NutMix,Nut Mix,1,1,3,Peanut x1; Hazelnut x1; Walnut x1,591:1;485:1;737:1
Recipe_NutMix_four_ThreeKinds_1 23,cooking,Item_NutMix,Nut Mix,2,1,3,Hazelnut x2; Peanut x1; Pine nuts x1,485:2;591:1;595:1
Recipe_NutMix_four_ThreeKinds_1 24,cooking,Item_NutMix,Nut Mix,2,1,3,Hazelnut x2; Walnut x1; Pine nuts x1,485:2;737:1;595:1
Recipe_NutMix_four_ThreeKinds_1 25,cooking,Item_NutMix,Nut Mix,2,1,3,Hazelnut x2; Peanut x1; Pine nuts x1,485:2;591:1;595:1
Recipe_NutMix_four_ThreeKinds_1 26,cooking,Item_NutMix,Nut Mix,2,1,3,Walnut x2; Peanut x1; Pine nuts x1,737:2;591:1;595:1
Recipe_NutMix_four_ThreeKinds_1 27,cooking,Item_NutMix,Nut Mix,2,1,3,Walnut x2; Hazelnut x1; Peanut x1,737:2;485:1;591:1
Recipe_NutMix_four_ThreeKinds_1 28,cooking,Item_NutMix,Nut Mix,2,1,3,Pine nuts x2; Peanut x1; Walnut x1,595:2;591:1;737:1
Recipe_NutMix_four_ThreeKinds_1 29,cooking,Item_NutMix,Nut Mix,2,1,3,Pine nuts x2; Hazelnut x1; Walnut x1,595:2;485:1;737:1
Recipe_NutMix_four_ThreeKinds_1 30,cooking,Item_NutMix,Nut Mix,2,1,3,Peanut x2; Hazelnut x1; Walnut x1,591:2;485:1;737:1
Recipe_NutMix_four_ThreeKinds_1 31,cooking,Item_NutMix,Nut Mix,2,1,3,Hazelnut x1; Peanut x2; Pine nuts x1,485:1;591:2;595:1
Recipe_NutMix_four_ThreeKinds_1 32,cooking,Item_NutMix,Nut Mix,2,1,3,Hazelnut x1; Walnut x2; Pine nuts x1,485:1;737:2;595:1
Recipe_NutMix_four_ThreeKinds_1 33,cooking,Item_NutMix,Nut Mix,2,1,3,Hazelnut x1; Peanut x2; Pine nuts x1,485:1;591:2;595:1
Recipe_NutMix_four_ThreeKinds_1 34,cooking,Item_NutMix,Nut Mix,2,1,3,Walnut x1; Peanut x2; Pine nuts x1,737:1;591:2;595:1
Recipe_NutMix_four_ThreeKinds_1 35,cooking,Item_NutMix,Nut Mix,2,1,3,Walnut x1; Hazelnut x2; Peanut x1,737:1;485:2;591:1
Recipe_NutMix_four_ThreeKinds_1 36,cooking,Item_NutMix,Nut Mix,2,1,3,Pine nuts x1; Peanut x2; Walnut x1,595:1;591:2;737:1
Recipe_NutMix_four_ThreeKinds_1 37,cooking,Item_NutMix,Nut Mix,2,1,3,Pine nuts x1; Hazelnut x2; Walnut x1,595:1;485:2;737:1
Recipe_NutMix_four_ThreeKinds_1 38,cooking,Item_NutMix,Nut Mix,2,1,3,Peanut x1; Hazelnut x2; Walnut x1,591:1;485:2;737:1
Recipe_NutMix_four_ThreeKinds_1 39,cooking,Item_NutMix,Nut Mix,2,1,3,Hazelnut x1; Peanut x1; Pine nuts x2,485:1;591:1;595:2
Recipe_NutMix_four_ThreeKinds_1 40,cooking,Item_NutMix,Nut Mix,2,1,3,Hazelnut x1; Walnut x1; Pine nuts x2,485:1;737:1;595:2
Recipe_NutMix_four_ThreeKinds_1 41,cooking,Item_NutMix,Nut Mix,2,1,3,Hazelnut x1; Peanut x1; Pine nuts x2,485:1;591:1;595:2
Recipe_NutMix_four_ThreeKinds_1 42,cooking,Item_NutMix,Nut Mix,2,1,3,Walnut x1; Peanut x1; Pine nuts x2,737:1;591:1;595:2
Recipe_NutMix_four_ThreeKinds_1 43,cooking,Item_NutMix,Nut Mix,2,1,3,Walnut x1; Hazelnut x1; Peanut x2,737:1;485:1;591:2
Recipe_NutMix_four_ThreeKinds_1 44,cooking,Item_NutMix,Nut Mix,2,1,3,Pine nuts x1; Peanut x1; Walnut x2,595:1;591:1;737:2
Recipe_NutMix_four_ThreeKinds_1 45,cooking,Item_NutMix,Nut Mix,2,1,3,Pine nuts x1; Hazelnut x1; Walnut x2,595:1;485:1;737:2
Recipe_NutMix_four_ThreeKinds_1 46,cooking,Item_NutMix,Nut Mix,2,1,3,Peanut x1; Hazelnut x1; Walnut x2,591:1;485:1;737:2
Recipe_NutMix_four_TwqKinds_1 5,cooking,Item_NutMix,Nut Mix,2,1,2,Hazelnut x3; Pine nuts x1,485:3;595:1
Recipe_NutMix_four_TwqKinds_1 6,cooking,Item_NutMix,Nut Mix,2,1,2,Hazelnut x2; Pine nuts x2,485:2;595:2
Recipe_NutMix_four_TwqKinds_1 10,cooking,Item_NutMix,Nut Mix,2,1,2,Hazelnut x3; Peanut x1,485:3;591:1
Recipe_NutMix_four_TwqKinds_1 11,cooking,Item_NutMix,Nut Mix,2,1,2,Hazelnut x2; Peanut x2,485:2;591:2
Recipe_NutMix_four_TwqKinds_1 15,cooking,Item_NutMix,Nut Mix,2,1,2,Hazelnut x3; Walnut x1,485:3;737:1
Recipe_NutMix_four_TwqKinds_1 16,cooking,Item_NutMix,Nut Mix,2,1,2,Pine nuts x3; Hazelnut x1,595:3;485:1
Recipe_NutMix_four_TwqKinds_1 17,cooking,Item_NutMix,Nut Mix,2,1,2,Pine nuts x3; Peanut x1,595:3;591:1
Recipe_NutMix_four_TwqKinds_1 18,cooking,Item_NutMix,Nut Mix,2,1,2,Pine nuts x3; Walnut x1,595:3;737:1
Recipe_NutMix_four_TwqKinds_1 19,cooking,Item_NutMix,Nut Mix,2,1,2,Peanut x3; Hazelnut x1,591:3;485:1
Recipe_NutMix_four_TwqKinds_1 20,cooking,Item_NutMix,Nut Mix,2,1,2,Peanut x3; Pine nuts x1,591:3;595:1
Recipe_NutMix_four_TwqKinds_1 21,cooking,Item_NutMix,Nut Mix,2,1,2,Peanut x3; Walnut x1,591:3;737:1
Recipe_NutMix_four_TwqKinds_1 22,cooking,Item_NutMix,Nut Mix,2,1,2,Walnut x3; Hazelnut x1,737:3;485:1
Recipe_NutMix_four_TwqKinds_1 23,cooking,Item_NutMix,Nut Mix,2,1,2,Walnut x3; Pine nuts x1,737:3;595:1
Recipe_NutMix_four_TwqKinds_1 24,cooking,Item_NutMix,Nut Mix,2,1,2,Walnut x3; Peanut x1,737:3;591:1
Recipe_NutMix_four_TwqKinds_1 25,cooking,Item_NutMix,Nut Mix,2,1,2,Hazelnut x2; Walnut x2,485:2;737:2
Recipe_NutMix_four_TwqKinds_1 26,cooking,Item_NutMix,Nut Mix,2,1,2,Pine nuts x2; Hazelnut x2,595:2;485:2
Recipe_NutMix_four_TwqKinds_1 27,cooking,Item_NutMix,Nut Mix,2,1,2,Pine nuts x2; Peanut x2,595:2;591:2
Recipe_NutMix_four_TwqKinds_1 28,cooking,Item_NutMix,Nut Mix,2,1,2,Pine nuts x2; Walnut x2,595:2;737:2
Recipe_NutMix_four_TwqKinds_1 29,cooking,Item_NutMix,Nut Mix,2,1,2,Peanut x2; Hazelnut x2,591:2;485:2
Recipe_NutMix_four_TwqKinds_1 30,cooking,Item_NutMix,Nut Mix,2,1,2,Peanut x2; Pine nuts x2,591:2;595:2
Recipe_NutMix_four_TwqKinds_1 31,cooking,Item_NutMix,Nut Mix,2,1,2,Peanut x2; Walnut x2,591:2;737:2
Recipe_NutMix_four_TwqKinds_1 32,cooking,Item_NutMix,Nut Mix,2,1,2,Walnut x2; Hazelnut x2,737:2;485:2
Recipe_NutMix_four_TwqKinds_1 33,cooking,Item_NutMix,Nut Mix,2,1,2,Walnut x2; Pine nuts x2,737:2;595:2
Recipe_NutMix_four_TwqKinds_1 34,cooking,Item_NutMix,Nut Mix,2,1,2,Walnut x2; Peanut x2,737:2;591:2
Recipe_NutSpread_5 1,cooking,Item_NutSpread,Nut Spread,1,1,2,Nut Mix x1; Rock x1,579:1;645:1
Recipe_NutSpread_5,cooking,Item_NutSpread,Nut Spread,1,1,2,Nut Mix x1; Butter x1,579:1;373:1
Recipe_NutSpread_6,cooking,Item_NutSpread,Nut Spread,1,1,1,Nut Mix x2,579:2
Recipe_NutSpread_MIXED_Three_17,cooking,Item_NutSpread,Nut Spread,1,1,3,Hazelnut x2; Pine nuts x1; Rock x1,485:2;595:1;645:1
Recipe_NutSpread_MIXED_Three_18,cooking,Item_NutSpread,Nut Spread,1,1,3,Hazelnut x2; Peanut x1; Rock x1,485:2;591:1;645:1
Recipe_NutSpread_MIXED_Three_19,cooking,Item_NutSpread,Nut Spread,1,1,3,Hazelnut x2; Walnut x1; Rock x1,485:2;737:1;645:1
Recipe_NutSpread_MIXED_Three_20,cooking,Item_NutSpread,Nut Spread,1,1,3,Pine nuts x2; Hazelnut x1; Rock x1,595:2;485:1;645:1
Recipe_NutSpread_MIXED_Three_22,cooking,Item_NutSpread,Nut Spread,1,1,3,Pine nuts x2; Peanut x1; Rock x1,595:2;591:1;645:1
Recipe_NutSpread_MIXED_Three_23,cooking,Item_NutSpread,Nut Spread,1,1,3,Pine nuts x2; Walnut x1; Rock x1,595:2;737:1;645:1
Recipe_NutSpread_MIXED_Three_24,cooking,Item_NutSpread,Nut Spread,1,1,3,Peanut x2; Hazelnut x1; Rock x1,591:2;485:1;645:1
Recipe_NutSpread_MIXED_Three_25,cooking,Item_NutSpread,Nut Spread,1,1,3,Peanut x2; Pine nuts x1; Rock x1,591:2;595:1;645:1
Recipe_NutSpread_MIXED_Three_27,cooking,Item_NutSpread,Nut Spread,1,1,3,Peanut x2; Walnut x1; Rock x1,591:2;737:1;645:1
Recipe_NutSpread_MIXED_Three_28,cooking,Item_NutSpread,Nut Spread,1,1,3,Walnut x2; Hazelnut x1; Rock x1,737:2;485:1;645:1
Recipe_NutSpread_MIXED_Three_29,cooking,Item_NutSpread,Nut Spread,1,1,3,Walnut x2; Pine nuts x1; Rock x1,737:2;595:1;645:1
Recipe_NutSpread_MIXED_Three_30,cooking,Item_NutSpread,Nut Spread,1,1,3,Walnut x2; Peanut x1; Rock x1,737:2;591:1;645:1
Recipe_NutSpreadHaz_1 1,cooking,Item_NutSpread,Nut Spread,2,1,2,Hazelnut x4; Rock x1,485:4;645:1
Recipe_NutSpreadHaz_1 2,cooking,Item_NutSpread,Nut Spread,2,1,2,Hazelnut x5; Rock x1,485:5;645:1
Recipe_NutSpreadHaz_1 3,cooking,Item_NutSpread,Nut Spread,3,1,2,Hazelnut x6; Rock x1,485:6;645:1
Recipe_NutSpreadHaz_1 4,cooking,Item_NutSpread,Nut Spread,3,1,2,Hazelnut x7; Rock x1,485:7;645:1
Recipe_NutSpreadHaz_1 5,cooking,Item_NutSpread,Nut Spread,4,1,2,Hazelnut x8; Rock x1,485:8;645:1
Recipe_NutSpreadHaz_1 6,cooking,Item_NutSpread,Nut Spread,5,1,2,Hazelnut x9; Rock x1,485:9;645:1
Recipe_NutSpreadHaz_1,cooking,Item_NutSpread,Nut Spread,1,1,2,Hazelnut x3; Rock x1,485:3;645:1
Recipe_NutSpreadPinenut_1 14,cooking,Item_NutSpread,Nut Spread,1,1,2,Pine nuts x3; Rock x1,595:3;645:1
Recipe_NutSpreadPinenut_1 15,cooking,Item_NutSpread,Nut Spread,2,1,2,Pine nuts x4; Rock x1,595:4;645:1
Recipe_NutSpreadPinenut_1 16,cooking,Item_NutSpread,Nut Spread,2,1,2,Pine nuts x5; Rock x1,595:5;645:1
Recipe_NutSpreadPinenut_1 17,cooking,Item_NutSpread,Nut Spread,3,1,2,Pine nuts x6; Rock x1,595:6;645:1
Recipe_NutSpreadPinenut_1 18,cooking,Item_NutSpread,Nut Spread,3,1,2,Pine nuts x7; Rock x1,595:7;645:1
Recipe_NutSpreadPinenut_1 19,cooking,Item_NutSpread,Nut Spread,4,1,2,Pine nuts x8; Rock x1,595:8;645:1
Recipe_NutSpreadPinenut_1 20,cooking,Item_NutSpread,Nut Spread,5,1,2,Pine nuts x9; Rock x1,595:9;645:1
Recipe_NutSpreadSandwitch_1 4,cooking,Item_SandwichPeanutbutter,Peanutbutter Sandwich,3,1,2,Nut Spread x1; Bread x1,580:1;370:1
Recipe_NutSpreadSandwitch_1 5,cooking,Item_SandwichPeanutbutter,Peanutbutter Sandwich,3,1,2,Nut Spread x1; Bark bread x1,580:1;343:1
Recipe_NutSpreadSandwitch_1 6,cooking,Item_SandwichPeanutbutter,Peanutbutter Sandwich,5,1,3,Nut Spread x1; Bread x1; Butter x1,580:1;370:1;373:1
Recipe_NutSpreadSandwitch_1 7,cooking,Item_SandwichPeanutbutter,Peanutbutter Sandwich,5,1,3,Nut Spread x1; Bark bread x1; Butter x1,580:1;343:1;373:1
Recipe_NutSpreadSandwitch_2 2,cooking,Item_SandwichPeanutbutter,Peanutbutter Sandwich,2,1,2,Nut Spread x1; Bread x1,580:1;370:1
Recipe_NutSpreadSandwitch_2 3,cooking,Item_SandwichPeanutbutter,Peanutbutter Sandwich,2,1,2,Nut Spread x1; Bark bread x1,580:1;343:1
Recipe_NutSpreadWalnut_1 7,cooking,Item_NutSpread,Nut Spread,1,1,2,Walnut x3; Rock x1,737:3;645:1
Recipe_NutSpreadWalnut_1 8,cooking,Item_NutSpread,Nut Spread,2,1,2,Walnut x4; Rock x1,737:4;645:1
Recipe_NutSpreadWalnut_1 9,cooking,Item_NutSpread,Nut Spread,2,1,2,Walnut x5; Rock x1,737:5;645:1
Recipe_NutSpreadWalnut_1 10,cooking,Item_NutSpread,Nut Spread,3,1,2,Walnut x6; Rock x1,737:6;645:1
Recipe_NutSpreadWalnut_1 11,cooking,Item_NutSpread,Nut Spread,3,1,2,Walnut x7; Rock x1,737:7;645:1
Recipe_NutSpreadWalnut_1 12,cooking,Item_NutSpread,Nut Spread,4,1,2,Walnut x8; Rock x1,737:8;645:1
Recipe_NutSpreadWalnut_1 13,cooking,Item_NutSpread,Nut Spread,5,1,2,Walnut x9; Rock x1,737:9;645:1
Recipe_Omelette_1 1,cooking,Item_Omelette,Omelette,1,1,2,Egg x1; Salt x1,440:1;656:1
Recipe_Omelette_1 2,cooking,Item_Omelette,Omelette,1,1,2,Egg x1; Black Pepper x1,440:1;352:1
Recipe_Omelette_1 3,cooking,Item_Omelette,Omelette,1,1,2,Egg x1; Spice Mix x1,440:1;698:1
Recipe_Omelette_1 4,cooking,Item_Omelette,Omelette,1,1,2,Egg x1; Herbs x1,440:1;490:1
Recipe_Omelette_1 5,cooking,Item_Omelette,Omelette,3,1,2,Egg x2; Salt x1,440:2;656:1
Recipe_Omelette_1 6,cooking,Item_Omelette,Omelette,3,1,2,Egg x2; Black Pepper x1,440:2;352:1
Recipe_Omelette_1 7,cooking,Item_Omelette,Omelette,3,1,2,Egg x2; Spice Mix x1,440:2;698:1
Recipe_Omelette_1 8,cooking,Item_Omelette,Omelette,3,1,2,Egg x2; Herbs x1,440:2;490:1
Recipe_Omelette_1 9,cooking,Item_Omelette,Omelette,4,1,2,Egg x2; Salt x2,440:2;656:2
Recipe_Omelette_1 10,cooking,Item_Omelette,Omelette,4,1,2,Egg x2; Black Pepper x2,440:2;352:2
Recipe_Omelette_1 11,cooking,Item_Omelette,Omelette,4,1,2,Egg x2; Spice Mix x2,440:2;698:2
Recipe_Omelette_1 12,cooking,Item_Omelette,Omelette,4,1,2,Egg x2; Herbs x2,440:2;490:2
Recipe_Omelette_1 13,cooking,Item_Omelette,Omelette,2,1,2,Egg x1; Salt x2,440:1;656:2
Recipe_Omelette_1 14,cooking,Item_Omelette,Omelette,2,1,2,Egg x1; Black Pepper x2,440:1;352:2
Recipe_Omelette_1 15,cooking,Item_Omelette,Omelette,2,1,2,Egg x1; Spice Mix x2,440:1;698:2
Recipe_Omelette_1 16,cooking,Item_Omelette,Omelette,2,1,2,Egg x1; Herbs x2,440:1;490:2
Recipe_Omelette_1,cooking,Item_Omelette,Omelette,1,1,1,Egg x2,440:2
Recipe_Omelette_2 1,cooking,Item_Omelette,Omelette,3,1,1,Egg x4,440:4
Recipe_Omelette_2,cooking,Item_Omelette,Omelette,2,1,1,Egg x3,440:3
Recipe_OmeletteButter 1,cooking,Item_Omelette,Omelette,3,1,2,Egg x2; Butter x1,440:2;373:1
Recipe_OmeletteButter 2,cooking,Item_Omelette,Omelette,3,1,2,Egg x1; Butter x2,440:1;373:2
Recipe_OmeletteButter 3,cooking,Item_Omelette,Omelette,4,1,2,Egg x2; Butter x2,440:2;373:2
Recipe_OmeletteButter 4,cooking,Item_Omelette,Omelette,5,1,2,Egg x3; Butter x2,440:3;373:2
Recipe_OmeletteButter 5,cooking,Item_Omelette,Omelette,6,1,2,Egg x2; Butter x3,440:2;373:3
Recipe_OmeletteButter 6,cooking,Item_Omelette,Omelette,7,1,2,Egg x3; Butter x3,440:3;373:3
Recipe_OmeletteButter,cooking,Item_Omelette,Omelette,2,1,2,Egg x1; Butter x1,440:1;373:1
Recipe_OmeletteCheese_1,cooking,Item_Omelette,Omelette,2,1,2,Egg x1; Cheese x1,440:1;390:1
Recipe_OmeletteCheese_2,cooking,Item_Omelette,Omelette,3,1,2,Egg x2; Cheese x1,440:2;390:1
Recipe_OmeletteCheese_3 1,cooking,Item_Omelette,Omelette,5,1,2,Egg x3; Cheese x2,440:3;390:2
Recipe_OmeletteCheese_3 2,cooking,Item_Omelette,Omelette,5,1,2,Egg x2; Cheese x3,440:2;390:3
Recipe_OmeletteCheese_3 3,cooking,Item_Omelette,Omelette,7,1,2,Egg x3; Cheese x3,440:3;390:3
Recipe_OmeletteCheese_3,cooking,Item_Omelette,Omelette,4,1,2,Egg x2; Cheese x2,440:2;390:2
Recipe_OmeletteCheese_4,cooking,Item_Omelette,Omelette,3,1,2,Egg x1; Cheese x2,440:1;390:2
Recipe_OmeletteSausage 1,cooking,Item_SausageOmelette,Sausage Omelette,2,1,2,Spicy Sausage x2; Egg x1,671:2;440:1
Recipe_OmeletteSausage 2,cooking,Item_SausageOmelette,Sausage Omelette,2,1,2,Spicy Sausage x1; Egg x2,671:1;440:2
Recipe_OmeletteSausage 3,cooking,Item_SausageOmelette,Sausage Omelette,4,1,2,Spicy Sausage x2; Egg x2,671:2;440:2
Recipe_OmeletteSausage 4,cooking,Item_SausageOmelette,Sausage Omelette,5,1,2,Spicy Sausage x2; Egg x3,671:2;440:3
Recipe_OmeletteSausage,cooking,Item_SausageOmelette,Sausage Omelette,1,1,2,Spicy Sausage x1; Egg x1,671:1;440:1
Recipe_OmeletteSpanish 1,cooking,Item_SpanishOmelette,Spanish Omelette,2,1,2,Potato x2; Egg x1,610:2;440:1
Recipe_OmeletteSpanish 2,cooking,Item_SpanishOmelette,Spanish Omelette,2,1,2,Potato x1; Egg x2,610:1;440:2
Recipe_OmeletteSpanish 3,cooking,Item_SpanishOmelette,Spanish Omelette,3,1,2,Potato x2; Egg x2,610:2;440:2
Recipe_OmeletteSpanish,cooking,Item_SpanishOmelette,Spanish Omelette,1,1,2,Potato x1; Egg x1,610:1;440:1
Recipe_OnigiriFisheggs_1 1,cooking,Item_Onigiri,Onigiri,4,1,2,Bottled Caviar x2; Rice x1,385:2;631:1
Recipe_OnigiriFisheggs_1 2,cooking,Item_Onigiri,Onigiri,5,1,2,Bottled Caviar x2; Rice x2,385:2;631:2
Recipe_OnigiriFisheggs_1 3,cooking,Item_Onigiri,Onigiri,4,1,2,Bottled Caviar x1; Rice x2,385:1;631:2
Recipe_OnigiriFisheggs_1,cooking,Item_Onigiri,Onigiri,3,1,2,Bottled Caviar x1; Rice x1,385:1;631:1
Recipe_OnigiriFisheggs_2 1,cooking,Item_Onigiri,Onigiri,4,1,2,Tube Caviar x2; Rice x1,386:2;631:1
Recipe_OnigiriFisheggs_2 2,cooking,Item_Onigiri,Onigiri,5,1,2,Tube Caviar x2; Rice x2,386:2;631:2
Recipe_OnigiriFisheggs_2 3,cooking,Item_Onigiri,Onigiri,4,1,2,Tube Caviar x1; Rice x2,386:1;631:2
Recipe_OnigiriFisheggs_2,cooking,Item_Onigiri,Onigiri,3,1,2,Tube Caviar x1; Rice x1,386:1;631:1
Recipe_OnigiriFlesh_1 1,cooking,Item_Onigiri,Onigiri,3,1,2,Goblin flesh x2; Rice x1,471:2;631:1
Recipe_OnigiriFlesh_1 2,cooking,Item_Onigiri,Onigiri,4,1,2,Goblin flesh x2; Rice x2,471:2;631:2
Recipe_OnigiriFlesh_1 3,cooking,Item_Onigiri,Onigiri,3,1,2,Goblin flesh x1; Rice x2,471:1;631:2
Recipe_OnigiriFlesh_1,cooking,Item_Onigiri,Onigiri,2,1,2,Goblin flesh x1; Rice x1,471:1;631:1
Recipe_OnigiriFlesh_2 1,cooking,Item_Onigiri,Onigiri,3,1,2,Dog flesh x2; Rice x1,432:2;631:1
Recipe_OnigiriFlesh_2 2,cooking,Item_Onigiri,Onigiri,4,1,2,Dog flesh x2; Rice x2,432:2;631:2
Recipe_OnigiriFlesh_2 3,cooking,Item_Onigiri,Onigiri,3,1,2,Dog flesh x1; Rice x2,432:1;631:2
Recipe_OnigiriFlesh_2,cooking,Item_Onigiri,Onigiri,2,1,2,Dog flesh x1; Rice x1,432:1;631:1
Recipe_OnigiriFlesh_3 1,cooking,Item_Onigiri,Onigiri,3,1,2,Shav'Wa flesh x2; Rice x1,537:2;631:1
Recipe_OnigiriFlesh_3 2,cooking,Item_Onigiri,Onigiri,4,1,2,Shav'Wa flesh x2; Rice x2,537:2;631:2
Recipe_OnigiriFlesh_3 3,cooking,Item_Onigiri,Onigiri,3,1,2,Shav'Wa flesh x1; Rice x2,537:1;631:2
Recipe_OnigiriFlesh_3,cooking,Item_Onigiri,Onigiri,2,1,2,Shav'Wa flesh x1; Rice x1,537:1;631:1
Recipe_OnigiriFlesh_4 1,cooking,Item_Onigiri,Onigiri,3,1,2,Human flesh x2; Rice x1,504:2;631:1
Recipe_OnigiriFlesh_4 2,cooking,Item_Onigiri,Onigiri,4,1,2,Human flesh x2; Rice x2,504:2;631:2
Recipe_OnigiriFlesh_4 3,cooking,Item_Onigiri,Onigiri,3,1,2,Human flesh x1; Rice x2,504:1;631:2
Recipe_OnigiriFlesh_4,cooking,Item_Onigiri,Onigiri,2,1,2,Human flesh x1; Rice x1,504:1;631:1
Recipe_OnigiriFlesh_5 1,cooking,Item_Onigiri,Onigiri,3,1,2,Craw flesh x2; Rice x1,415:2;631:1
Recipe_OnigiriFlesh_5 2,cooking,Item_Onigiri,Onigiri,4,1,2,Craw flesh x2; Rice x2,415:2;631:2
Recipe_OnigiriFlesh_5 3,cooking,Item_Onigiri,Onigiri,3,1,2,Craw flesh x1; Rice x2,415:1;631:2
Recipe_OnigiriFlesh_5,cooking,Item_Onigiri,Onigiri,2,1,2,Craw flesh x1; Rice x1,415:1;631:1
Recipe_OnigiriFlesh_6 1,cooking,Item_Onigiri,Onigiri,3,1,2,Hellshrew flesh x2; Rice x1,683:2;631:1
Recipe_OnigiriFlesh_6 2,cooking,Item_Onigiri,Onigiri,4,1,2,Hellshrew flesh x2; Rice x2,683:2;631:2
Recipe_OnigiriFlesh_6 3,cooking,Item_Onigiri,Onigiri,3,1,2,Hellshrew flesh x1; Rice x2,683:1;631:2
Recipe_OnigiriFlesh_6,cooking,Item_Onigiri,Onigiri,2,1,2,Hellshrew flesh x1; Rice x1,683:1;631:1
Recipe_Pancakes 1,cooking,Item_SwedishPancakes,Swedish Pancakes,5,1,5,Butter x1; Whole Milk x1; Egg x1; Flour x1; Salt x1,373:1;561:1;440:1;456:1;656:1
Recipe_Pancakes 2,cooking,Item_SwedishPancakes,Swedish Pancakes,4,1,4,Butter x1; Whole Milk x1; Egg x1; Flour x1,373:1;561:1;440:1;456:1
Recipe_Pancakes 3,cooking,Item_SwedishPancakes,Swedish Pancakes,3,1,3,Whole Milk x1; Egg x1; Flour x1,561:1;440:1;456:1
Recipe_Pancakes 4,cooking,Item_SwedishPancakes,Swedish Pancakes,5,1,3,Whole Milk x2; Egg x2; Flour x1,561:2;440:2;456:1
Recipe_PeanutButter_1,cooking,Item_PeanutButter,Peanut Butter,1,1,1,Peanut x3,591:3
Recipe_PeanutButter_2 1,cooking,Item_PeanutButter,Peanut Butter,1,1,2,Peanut x2; Rock x1,591:2;645:1
Recipe_PeanutButter_2 2,cooking,Item_PeanutButter,Peanut Butter,1,1,2,Peanut x2; Butter x1,591:2;373:1
Recipe_PeanutButter_2 3,cooking,Item_PeanutButter,Peanut Butter,1,1,2,Peanut x2; Fatberg Chunk x1,591:2;448:1
Recipe_PeanutButter_2,cooking,Item_PeanutButter,Peanut Butter,1,1,2,Peanut x2; Salt x1,591:2;656:1
Recipe_PeanutButterJellySandwitch_1 1,cooking,Item_SandwichPeanutbutterJelly,Peanutbutter Jelly Sandwich,3,1,3,Peanut Butter x1; Bark bread x1; Berry Jam x1,592:1;343:1;511:1
Recipe_PeanutButterJellySandwitch_1 2,cooking,Item_SandwichPeanutbutterJelly,Peanutbutter Jelly Sandwich,5,1,4,Peanut Butter x1; Bread x1; Berry Jam x1; Butter x1,592:1;370:1;511:1;373:1
Recipe_PeanutButterJellySandwitch_1 3,cooking,Item_SandwichPeanutbutterJelly,Peanutbutter Jelly Sandwich,5,1,4,Peanut Butter x1; Bark bread x1; Berry Jam x1; Butter x1,592:1;343:1;511:1;373:1
Recipe_PeanutButterJellySandwitch_1,cooking,Item_SandwichPeanutbutterJelly,Peanutbutter Jelly Sandwich,3,1,3,Peanut Butter x1; Bread x1; Berry Jam x1,592:1;370:1;511:1
Recipe_PeanutButterJellySandwitch_2 1,cooking,Item_SandwichPeanutbutterJelly,Peanutbutter Jelly Sandwich,2,1,3,Peanut Butter x1; Bark bread x1; Berry Jam (Unsweetened) x1,592:1;343:1;512:1
Recipe_PeanutButterJellySandwitch_2,cooking,Item_SandwichPeanutbutterJelly,Peanutbutter Jelly Sandwich,2,1,3,Peanut Butter x1; Bread x1; Berry Jam (Unsweetened) x1,592:1;370:1;512:1
Recipe_PeanutButterSandwitch_1 1,cooking,Item_SandwichPeanutbutter,Peanutbutter Sandwich,2,1,2,Peanut Butter x1; Bark bread x1,592:1;343:1
Recipe_PeanutButterSandwitch_1 2,cooking,Item_SandwichPeanutbutter,Peanutbutter Sandwich,2,1,2,Nut Spread x1; Bread x1,580:1;370:1
Recipe_PeanutButterSandwitch_1 3,cooking,Item_SandwichPeanutbutter,Peanutbutter Sandwich,2,1,2,Nut Spread x1; Bark bread x1,580:1;343:1
Recipe_PeanutButterSandwitch_1,cooking,Item_SandwichPeanutbutter,Peanutbutter Sandwich,2,1,2,Peanut Butter x1; Bread x1,592:1;370:1
Recipe_PizzaLarge 1,cooking,Item_PizzaLarge,Pizza,1,1,5,Flour x1; Bottled Water x1; Spicy Sausage x1; Herbs x1; Cheese x1,456:1;368:1;671:1;490:1;390:1
Recipe_PizzaLarge,cooking,Item_PizzaLarge,Pizza,1,1,4,Bread x1; Spicy Sausage x1; Herbs x1; Cheese x1,370:1;671:1;490:1;390:1
Recipe_PizzaSlicedUp,cooking,Item_PizzaSlice,Pizza Slice,6,1,1,Pizza x1,597:1
Recipe_PoisonGum_1,cooking,Item_PoisonGum,Anti-Poison Gum,1,1,2,Rubber x1; Green Glob x1,650:1;477:1
Recipe_PoisonGum_2,cooking,Item_PoisonGum,Anti-Poison Gum,1,1,2,Used Rubber x1; Green Glob x1,731:1;477:1
Recipe_Polsa_1 1,cooking,Item_Polsa,Pölsa,2,1,2,Lung x1; Bladder x1,541:1;353:1
Recipe_Polsa_1 2,cooking,Item_Polsa,Pölsa,2,1,2,Bladder x1; Intestines x1,353:1;509:1
Recipe_Polsa_1 3,cooking,Item_Polsa,Pölsa,3,1,2,Lung x2; Bladder x1,541:2;353:1
Recipe_Polsa_1 4,cooking,Item_Polsa,Pölsa,3,1,2,Lung x1; Bladder x2,541:1;353:2
Recipe_Polsa_1 5,cooking,Item_Polsa,Pölsa,4,1,2,Lung x2; Bladder x2,541:2;353:2
Recipe_Polsa_1,cooking,Item_Polsa,Pölsa,2,1,3,Lung x1; Bladder x1; Intestines x1,541:1;353:1;509:1
Recipe_Polsa_2 1,cooking,Item_Polsa,Pölsa,2,1,2,Lung x1; Thyroid x1,541:1;720:1
Recipe_Polsa_2 2,cooking,Item_Polsa,Pölsa,2,1,2,Thyroid x1; Intestines x1,720:1;509:1
Recipe_Polsa_2 3,cooking,Item_Polsa,Pölsa,3,1,2,Lung x2; Thyroid x1,541:2;720:1
Recipe_Polsa_2 4,cooking,Item_Polsa,Pölsa,3,1,2,Lung x1; Thyroid x2,541:1;720:2
Recipe_Polsa_2 5,cooking,Item_Polsa,Pölsa,4,1,2,Lung x2; Thyroid x2,541:2;720:2
Recipe_Polsa_2,cooking,Item_Polsa,Pölsa,3,1,3,Lung x1; Thyroid x1; Intestines x1,541:1;720:1;509:1
Recipe_Polsa_3 1,cooking,Item_Polsa,Pölsa,2,1,2,Lung x1; Spleen x1,541:1;699:1
Recipe_Polsa_3 2,cooking,Item_Polsa,Pölsa,2,1,2,Spleen x1; Intestines x1,699:1;509:1
Recipe_Polsa_3 3,cooking,Item_Polsa,Pölsa,3,1,2,Lung x2; Spleen x1,541:2;699:1
Recipe_Polsa_3 4,cooking,Item_Polsa,Pölsa,3,1,2,Lung x1; Spleen x2,541:1;699:2
Recipe_Polsa_3 5,cooking,Item_Polsa,Pölsa,4,1,2,Lung x2; Spleen x2,541:2;699:2
Recipe_Polsa_3,cooking,Item_Polsa,Pölsa,3,1,3,Lung x1; Spleen x1; Intestines x1,541:1;699:1;509:1
Recipe_Polsa_4 1,cooking,Item_Polsa,Pölsa,2,1,2,Lung x1; Mystery Meat x1,541:1;576:1
Recipe_Polsa_4 2,cooking,Item_Polsa,Pölsa,2,1,2,Mystery Meat x1; Intestines x1,576:1;509:1
Recipe_Polsa_4 3,cooking,Item_Polsa,Pölsa,3,1,2,Lung x2; Mystery Meat x1,541:2;576:1
Recipe_Polsa_4 4,cooking,Item_Polsa,Pölsa,3,1,2,Lung x1; Mystery Meat x2,541:1;576:2
Recipe_Polsa_4 5,cooking,Item_Polsa,Pölsa,4,1,2,Lung x2; Mystery Meat x2,541:2;576:2
Recipe_Polsa_4,cooking,Item_Polsa,Pölsa,3,1,3,Lung x1; Mystery Meat x1; Intestines x1,541:1;576:1;509:1
Recipe_Polsa_5 1,cooking,Item_Polsa,Pölsa,2,1,2,Lung x1; Liver x1,541:1;533:1
Recipe_Polsa_5 2,cooking,Item_Polsa,Pölsa,2,1,2,Liver x1; Intestines x1,533:1;509:1
Recipe_Polsa_5 3,cooking,Item_Polsa,Pölsa,3,1,2,Lung x2; Liver x1,541:2;533:1
Recipe_Polsa_5 4,cooking,Item_Polsa,Pölsa,3,1,2,Lung x1; Liver x2,541:1;533:2
Recipe_Polsa_5 5,cooking,Item_Polsa,Pölsa,4,1,2,Lung x2; Liver x2,541:2;533:2
Recipe_Polsa_5,cooking,Item_Polsa,Pölsa,3,1,3,Lung x1; Liver x1; Intestines x1,541:1;533:1;509:1
Recipe_Polsa_6 1,cooking,Item_Polsa,Pölsa,2,1,2,Lung x1; Pancreas x1,541:1;587:1
Recipe_Polsa_6 2,cooking,Item_Polsa,Pölsa,2,1,2,Pancreas x1; Intestines x1,587:1;509:1
Recipe_Polsa_6 3,cooking,Item_Polsa,Pölsa,3,1,2,Lung x2; Pancreas x1,541:2;587:1
Recipe_Polsa_6 4,cooking,Item_Polsa,Pölsa,3,1,2,Lung x1; Pancreas x2,541:1;587:2
Recipe_Polsa_6 5,cooking,Item_Polsa,Pölsa,4,1,2,Lung x2; Pancreas x2,541:2;587:2
Recipe_Polsa_6,cooking,Item_Polsa,Pölsa,3,1,3,Lung x1; Pancreas x1; Intestines x1,541:1;587:1;509:1
Recipe_Polsa_7,cooking,Item_Polsa,Pölsa,1,1,1,Lung x2,541:2
Recipe_Polsa_8 1,cooking,Item_Polsa,Pölsa,2,1,2,Lung x1; Thyroid x2,541:1;720:2
Recipe_Polsa_8,cooking,Item_Polsa,Pölsa,2,1,2,Lung x2; Thyroid x1,541:2;720:1
Recipe_Polsa_9 1,cooking,Item_Polsa,Pölsa,2,1,2,Lung x1; Bladder x2,541:1;353:2
Recipe_Polsa_9,cooking,Item_Polsa,Pölsa,2,1,2,Lung x2; Bladder x1,541:2;353:1
Recipe_Polsa_10,cooking,Item_Polsa,Pölsa,1,1,2,Lung x1; Rock x1,541:1;645:1
Recipe_Polse_1,cooking,Item_Polse,Pølse,1,1,2,Mystery Meat x1; Flour x1,576:1;456:1
Recipe_Polse_2,cooking,Item_Polse,Pølse,1,1,2,Intestines x1; Flour x1,509:1;456:1
Recipe_Polse_3,cooking,Item_Polse,Pølse,1,1,2,Lung x1; Flour x1,541:1;456:1
Recipe_Polse_4,cooking,Item_Polse,Pølse,1,1,2,Pancreas x1; Flour x1,587:1;456:1
Recipe_Polse_5,cooking,Item_Polse,Pølse,1,1,2,Brain x1; Flour x1,369:1;456:1
Recipe_Polse_6,cooking,Item_Polse,Pølse,1,1,2,Bladder x1; Flour x1,353:1;456:1
Recipe_Polse_7,cooking,Item_Polse,Pølse,1,1,2,Spleen x1; Flour x1,699:1;456:1
Recipe_Polse_8,cooking,Item_Polse,Pølse,1,1,2,Mystery Meat x1; Flour x1,576:1;456:1
Recipe_Porridge_1,cooking,Item_Porridge,Porridge,1,1,2,Bottled Water x1; Oats x1,368:1;581:1
Recipe_Porridge_2,cooking,Item_Porridge,Porridge,1,1,2,Skimmed Milk x1; Oats x1,558:1;581:1
Recipe_Porridge_3,cooking,Item_Porridge,Porridge,1,1,2,Low Fat Milk x1; Oats x1,560:1;581:1
Recipe_Porridge_4,cooking,Item_Porridge,Porridge,2,1,2,Whole Milk x1; Oats x1,561:1;581:1
Recipe_Porridge_5,cooking,Item_Porridge,Porridge,1,1,2,Solution x1; Oats x1,695:1;581:1
Recipe_PotatoSalad 1,cooking,Item_PotatoSalad,Potato Salad,3,1,3,Potato x1; Herbs x1; Skimmed Milk x1,610:1;490:1;558:1
Recipe_PotatoSalad 2,cooking,Item_PotatoSalad,Potato Salad,3,1,3,Potato x1; Herbs x1; Low Fat Milk x1,610:1;490:1;560:1
Recipe_PotatoSalad 3,cooking,Item_PotatoSalad,Potato Salad,3,1,3,Potato x1; Herbs x1; Buttermilk x1,610:1;490:1;559:1
Recipe_PotatoSalad 4,cooking,Item_PotatoSalad,Potato Salad,3,1,3,Potato x1; Herbs x1; Whole Milk x1,610:1;490:1;561:1
Recipe_PotatoSalad,cooking,Item_PotatoSalad,Potato Salad,3,1,3,Potato x1; Herbs x1; Whole Milk x1,610:1;490:1;561:1
Recipe_Poutine 1,cooking,Item_Poutine,Poutine,4,1,4,Craw flesh x1; Potato x1; Gravy x1; Cheese x1,415:1;610:1;476:1;390:1
Recipe_Poutine 2,cooking,Item_Poutine,Poutine,4,1,4,Mystery Meat x1; Potato x1; Gravy x1; Cheese x1,576:1;610:1;476:1;390:1
Recipe_Poutine 3,cooking,Item_Poutine,Poutine,4,1,4,Dog flesh x1; Potato x1; Gravy x1; Cheese x1,432:1;610:1;476:1;390:1
Recipe_Poutine 4,cooking,Item_Poutine,Poutine,4,1,4,Human flesh x1; Potato x1; Gravy x1; Cheese x1,504:1;610:1;476:1;390:1
Recipe_Poutine 5,cooking,Item_Poutine,Poutine,4,1,4,Shav'Wa flesh x1; Potato x1; Gravy x1; Cheese x1,537:1;610:1;476:1;390:1
Recipe_Poutine 6,cooking,Item_Poutine,Poutine,4,1,4,Hellshrew flesh x1; Potato x1; Gravy x1; Cheese x1,683:1;610:1;476:1;390:1
Recipe_Poutine 7,cooking,Item_Poutine,Poutine,5,1,4,Beef Jerky x1; Potato x1; Gravy x1; Cheese x1,347:1;610:1;476:1;390:1
Recipe_Poutine 8,cooking,Item_Poutine,Poutine,3,1,3,Mystery Meat x1; Potato x1; Gravy x1,576:1;610:1;476:1
Recipe_Poutine 9,cooking,Item_Poutine,Poutine,3,1,3,Craw flesh x1; Potato x1; Gravy x1,415:1;610:1;476:1
Recipe_Poutine 10,cooking,Item_Poutine,Poutine,3,1,3,Mystery Meat x1; Potato x1; Gravy x1,576:1;610:1;476:1
Recipe_Poutine 11,cooking,Item_Poutine,Poutine,3,1,3,Dog flesh x1; Potato x1; Gravy x1,432:1;610:1;476:1
Recipe_Poutine 12,cooking,Item_Poutine,Poutine,3,1,3,Human flesh x1; Potato x1; Gravy x1,504:1;610:1;476:1
Recipe_Poutine 13,cooking,Item_Poutine,Poutine,3,1,3,Shav'Wa flesh x1; Potato x1; Gravy x1,537:1;610:1;476:1
Recipe_Poutine 14,cooking,Item_Poutine,Poutine,3,1,3,Hellshrew flesh x1; Potato x1; Gravy x1,683:1;610:1;476:1
Recipe_Poutine 15,cooking,Item_Poutine,Poutine,3,1,3,Beef Jerky x1; Potato x1; Gravy x1,347:1;610:1;476:1
Recipe_Poutine 16,cooking,Item_Poutine,Poutine,3,1,3,Potato x1; Gravy x1; Cheese x1,610:1;476:1;390:1
Recipe_Poutine,cooking,Item_Poutine,Poutine,4,1,4,Mystery Meat x1; Potato x1; Gravy x1; Cheese x1,576:1;610:1;476:1;390:1
Recipe_PowerBar_1,cooking,Item_PowerBar,Power Bar,1,1,2,Oats x1; Slurf x1,581:1;694:1
Recipe_PowerBar_2,cooking,Item_PowerBar,Power Bar,1,1,2,Sawdust x1; Cacao x1,675:1;375:1
Recipe_PowerBar_3,cooking,Item_PowerBar,Power Bar,1,1,2,Sawdust x1; Sugar x1,675:1;708:1
Recipe_PowerBar_4,cooking,Item_PowerBar,Power Bar,1,1,2,Sawdust x1; Slurf x1,675:1;694:1
Recipe_PowerBar_5,cooking,Item_PowerBar,Power Bar,1,1,2,Sawdust x1; Berries x1,675:1;350:1
Recipe_Pyttipanna 2,cooking,Item_PyttIPanna,Pyttipanna,2,1,2,Potato x2; Spicy Sausage x1,610:2;671:1
Recipe_Pyttipanna 3,cooking,Item_PyttIPanna,Pyttipanna,2,1,2,Potato x1; Spicy Sausage x2,610:1;671:2
Recipe_Pyttipanna 4,cooking,Item_PyttIPanna,Pyttipanna,3,1,2,Potato x2; Spicy Sausage x2,610:2;671:2
Recipe_Pyttipanna 5,cooking,Item_PyttIPanna,Pyttipanna,3,1,3,Potato x1; Spicy Sausage x1; Egg x1,610:1;671:1;440:1
Recipe_Pyttipanna 6,cooking,Item_PyttIPanna,Pyttipanna,4,1,3,Potato x2; Spicy Sausage x1; Egg x1,610:2;671:1;440:1
Recipe_Pyttipanna 7,cooking,Item_PyttIPanna,Pyttipanna,4,1,3,Potato x1; Spicy Sausage x2; Egg x1,610:1;671:2;440:1
Recipe_Pyttipanna 8,cooking,Item_PyttIPanna,Pyttipanna,4,1,3,Potato x1; Spicy Sausage x1; Egg x2,610:1;671:1;440:2
Recipe_Pyttipanna 9,cooking,Item_PyttIPanna,Pyttipanna,4,1,3,Potato x2; Spicy Sausage x1; Egg x2,610:2;671:1;440:2
Recipe_Pyttipanna 10,cooking,Item_PyttIPanna,Pyttipanna,4,1,3,Potato x1; Spicy Sausage x2; Egg x2,610:1;671:2;440:2
Recipe_Pyttipanna 11,cooking,Item_PyttIPanna,Pyttipanna,4,1,3,Potato x2; Spicy Sausage x2; Egg x1,610:2;671:2;440:1
Recipe_Pyttipanna 12,cooking,Item_PyttIPanna,Pyttipanna,5,1,3,Potato x2; Spicy Sausage x2; Egg x2,610:2;671:2;440:2
Recipe_Pyttipanna,cooking,Item_PyttIPanna,Pyttipanna,1,1,2,Potato x1; Spicy Sausage x1,610:1;671:1
Recipe_Ramen_1,cooking,Item_Ramen,Ramen,1,1,2,Spaghetti x1; Broth x1,696:1;372:1
Recipe_Ramen_2,cooking,Item_Ramen,Ramen,2,1,3,Spaghetti x1; Broth x1; Egg x1,696:1;372:1;440:1
Recipe_Ramen_3 1,cooking,Item_Ramen,Ramen,4,1,3,Spaghetti x1; Broth x1; Dog flesh x1,696:1;372:1;432:1
Recipe_Ramen_3 2,cooking,Item_RamenTori,Tori Ramen,4,1,4,Spaghetti x1; Broth x1; Craw flesh x1; Egg x1,696:1;372:1;415:1;440:1
Recipe_Ramen_3 3,cooking,Item_RamenTori,Tori Ramen,6,1,4,Spaghetti x1; Broth x1; Dog flesh x1; Egg x1,696:1;372:1;432:1;440:1
Recipe_Ramen_3 4,cooking,Item_RamenTori,Tori Ramen,6,1,4,Spaghetti x1; Broth x1; Goblin flesh x1; Egg x1,696:1;372:1;471:1;440:1
Recipe_Ramen_3 5,cooking,Item_Ramen,Ramen,4,1,3,Spaghetti x1; Broth x1; Goblin flesh x1,696:1;372:1;471:1
Recipe_Ramen_3 6,cooking,Item_RamenTori,Tori Ramen,6,1,4,Spaghetti x1; Broth x1; Human flesh x1; Egg x1,696:1;372:1;504:1;440:1
Recipe_Ramen_3 7,cooking,Item_Ramen,Ramen,4,1,3,Spaghetti x1; Broth x1; Human flesh x1,696:1;372:1;504:1
Recipe_Ramen_3 8,cooking,Item_Ramen,Ramen,4,1,3,Spaghetti x1; Broth x1; Shav'Wa flesh x1,696:1;372:1;537:1
Recipe_Ramen_3 9,cooking,Item_RamenTori,Tori Ramen,6,1,4,Spaghetti x1; Broth x1; Shav'Wa flesh x1; Egg x1,696:1;372:1;537:1;440:1
Recipe_Ramen_3 10,cooking,Item_Ramen,Ramen,4,1,3,Spaghetti x1; Broth x1; Hellshrew flesh x1,696:1;372:1;683:1
Recipe_Ramen_3 11,cooking,Item_RamenTori,Tori Ramen,6,1,4,Spaghetti x1; Broth x1; Hellshrew flesh x1; Egg x1,696:1;372:1;683:1;440:1
Recipe_Ramen_3,cooking,Item_Ramen,Ramen,4,1,3,Spaghetti x1; Broth x1; Craw flesh x1,696:1;372:1;415:1
Recipe_Raqlette 1,cooking,Item_Raclette,Raclette,1,1,2,Potato x1; Cheese x1,610:1;390:1
Recipe_Raqlette 2,cooking,Item_Raclette,Raclette,2,1,2,Potato x2; Cheese x1,610:2;390:1
Recipe_Raqlette 3,cooking,Item_Raclette,Raclette,2,1,2,Potato x1; Cheese x2,610:1;390:2
Recipe_Raqlette 4,cooking,Item_Raclette,Raclette,3,1,2,Potato x2; Cheese x2,610:2;390:2
Recipe_Raqlette 5,cooking,Item_Raclette,Raclette,3,1,3,Potato x2; Cheese x1; Egg x1,610:2;390:1;440:1
Recipe_Raqlette 6,cooking,Item_Raclette,Raclette,4,1,3,Potato x2; Cheese x2; Egg x1,610:2;390:2;440:1
Recipe_Raqlette 7,cooking,Item_Raclette,Raclette,6,1,3,Potato x2; Cheese x2; Egg x2,610:2;390:2;440:2
Recipe_Raqlette 8,cooking,Item_Raclette,Raclette,4,1,3,Potato x2; Cheese x1; Egg x2,610:2;390:1;440:2
Recipe_Raqlette 9,cooking,Item_Raclette,Raclette,3,1,3,Potato x1; Cheese x1; Egg x2,610:1;390:1;440:2
Recipe_Raqlette 10,cooking,Item_Raclette,Raclette,6,1,3,Potato x2; Cheese x2; Egg x2,610:2;390:2;440:2
Recipe_Raqlette,cooking,Item_Raclette,Raclette,2,1,3,Potato x1; Egg x1; Cheese x1,610:1;440:1;390:1
Recipe_RhubarbPie_1,cooking,Item_RhubarbPie,Rhubarb Pie,3,1,3,Rhubarb x1; Sugar x1; Flour x1,627:1;708:1;456:1
Recipe_RhubarbPie_2,cooking,Item_RhubarbPie,Rhubarb Pie,3,1,3,Rhubarb x1; Sugar x1; Oats x1,627:1;708:1;581:1
Recipe_RhubarbPie_3,cooking,Item_RhubarbPie,Rhubarb Pie,4,1,4,Rhubarb x1; Sugar x1; Flour x1; Oats x1,627:1;708:1;456:1;581:1
Recipe_RhubarbPie_4,cooking,Item_RhubarbPie,Rhubarb Pie,5,1,5,Rhubarb x1; Sugar x1; Flour x1; Oats x1; Butter x1,627:1;708:1;456:1;581:1;373:1
Recipe_RhubarbPie_5,cooking,Item_RhubarbPie,Rhubarb Pie,4,1,4,Rhubarb x1; Sugar x1; Oats x1; Butter x1,627:1;708:1;581:1;373:1
Recipe_RhubarbPie_6,cooking,Item_RhubarbPie,Rhubarb Pie,4,1,4,Rhubarb x1; Sugar x1; Flour x1; Butter x1,627:1;708:1;456:1;373:1
Recipe_RhubarbPorridge_1 1,cooking,Item_RhubarbPorridge,Rhubarb Porridge,5,1,3,Rhubarb x1; Porridge x1; Sugar x1,627:1;609:1;708:1
Recipe_RhubarbPorridge_1,cooking,Item_RhubarbPorridge,Rhubarb Porridge,3,1,2,Rhubarb x1; Porridge x1,627:1;609:1
Recipe_RhubarbPorridge_2,cooking,Item_RhubarbPorridge,Rhubarb Porridge,3,1,2,Rhubarb Sauce x1; Porridge x1,630:1;609:1
Recipe_RhubarbSauce_1,cooking,Item_RhubarbSauce,Rhubarb Sauce,2,1,2,Rhubarb x1; Sugar x1,627:1;708:1
Recipe_RhubarbSauce_2,cooking,Item_RhubarbSauce,Rhubarb Sauce,1,1,2,Rhubarb x1; Rock x1,627:1;645:1
Recipe_RhubarbSauce_3,cooking,Item_RhubarbSauce,Rhubarb Sauce,3,1,3,Rhubarb x1; Rock x1; Sugar x1,627:1;645:1;708:1
Recipe_RiceCakes_1,cooking,Item_RiceCake,Puffed Rice Cakes,4,1,1,Rice x2,631:2
Recipe_RiceCakes_2 1,cooking,Item_RiceCake,Puffed Rice Cakes,6,1,2,Rice x2; Salt x1,631:2;656:1
Recipe_RiceCakes_2 2,cooking,Item_RiceCake,Puffed Rice Cakes,5,1,2,Rice x1; Salt x2,631:1;656:2
Recipe_RiceCakes_2 3,cooking,Item_RiceCake,Puffed Rice Cakes,7,1,2,Rice x2; Salt x2,631:2;656:2
Recipe_RiceCakes_2,cooking,Item_RiceCake,Puffed Rice Cakes,4,1,2,Rice x1; Salt x1,631:1;656:1
Recipe_Risalamalta 1,cooking,Item_Risalamalta,Ris à la Malta,2,1,2,Risgrynsgröt x1; Berry Jam x1,634:1;511:1
Recipe_Risalamalta 2,cooking,Item_Risalamalta,Ris à la Malta,2,1,2,Risgrynsgröt x1; Banana x1,634:1;336:1
Recipe_Risalamalta,cooking,Item_Risalamalta,Ris à la Malta,2,1,2,Risgrynsgröt x1; Christmas Spice x1,634:1;400:1
Recipe_Risgrynsgrot 1,cooking,Item_Risgrynsgrot,Risgrynsgröt,5,1,3,Rice x1; Sugar x1; Buttermilk x1,631:1;708:1;559:1
Recipe_Risgrynsgrot 2,cooking,Item_Risgrynsgrot,Risgrynsgröt,4,1,3,Rice x1; Sugar x1; Low Fat Milk x1,631:1;708:1;560:1
Recipe_Risgrynsgrot 3,cooking,Item_Risgrynsgrot,Risgrynsgröt,4,1,3,Rice x1; Sugar x1; Skimmed Milk x1,631:1;708:1;558:1
Recipe_Risgrynsgrot 4,cooking,Item_Risgrynsgrot,Risgrynsgröt,5,1,4,Rice x1; Sugar x1; Low Fat Milk x1; Salt x1,631:1;708:1;560:1;656:1
Recipe_Risgrynsgrot 5,cooking,Item_Risgrynsgrot,Risgrynsgröt,5,1,4,Rice x1; Sugar x1; Skimmed Milk x1; Salt x1,631:1;708:1;558:1;656:1
Recipe_Risgrynsgrot 6,cooking,Item_Risgrynsgrot,Risgrynsgröt,6,1,4,Rice x1; Sugar x1; Whole Milk x1; Salt x1,631:1;708:1;561:1;656:1
Recipe_Risgrynsgrot,cooking,Item_Risgrynsgrot,Risgrynsgröt,5,1,3,Rice x1; Sugar x1; Whole Milk x1,631:1;708:1;561:1
Recipe_SaltedFish 1,cooking,Item_FishSalted,Salted Fish,3,1,2,Fish x2; Salt x1,452:2;656:1
Recipe_SaltedFish 2,cooking,Item_FishSalted,Salted Fish,2,1,2,Fish x1; Salt x2,452:1;656:2
Recipe_SaltedFish 3,cooking,Item_FishSalted,Salted Fish,5,1,2,Fish x2; Salt x2,452:2;656:2
Recipe_SaltedFish,cooking,Item_FishSalted,Salted Fish,1,1,2,Fish x1; Salt x1,452:1;656:1
Recipe_SaltedSandFish 0,cooking,Item_SaltedSandfish,Salted Sandfish,1,1,2,Flat Sandfish x1; Salt x1,659:1;656:1
Recipe_SaltedSandFish 1,cooking,Item_SaltedSandfish,Salted Sandfish,3,1,2,Flat Sandfish x2; Salt x1,659:2;656:1
Recipe_SaltedSandFish 2,cooking,Item_SaltedSandfish,Salted Sandfish,2,1,2,Flat Sandfish x1; Salt x2,659:1;656:2
Recipe_SaltedSandFish 3,cooking,Item_SaltedSandfish,Salted Sandfish,5,1,2,Flat Sandfish x2; Salt x2,659:2;656:2
Recipe_Sandwich_1 1,cooking,Item_SandwichButter,Butter Sandwich,4,1,2,Butter x1; Bark bread x1,373:1;343:1
Recipe_Sandwich_1,cooking,Item_SandwichButter,Butter Sandwich,4,1,2,Butter x1; Bread x1,373:1;370:1
Recipe_Sandwich_2 1,cooking,Item_SandwichCheese,Cheese Sandwich,4,1,3,Butter x1; Bark bread x1; Cheese x1,373:1;343:1;390:1
Recipe_Sandwich_2,cooking,Item_SandwichCheese,Cheese Sandwich,4,1,3,Butter x1; Bread x1; Cheese x1,373:1;370:1;390:1
Recipe_Sandwich_3 1,cooking,Item_SandwichCheese,Cheese Sandwich,4,1,2,Bark bread x1; Cheese x2,343:1;390:2
Recipe_Sandwich_3,cooking,Item_SandwichCheese,Cheese Sandwich,4,1,2,Bread x1; Cheese x2,370:1;390:2
Recipe_Sandwich_4 1,cooking,Item_SandwichBread,Bread Sandwich,4,1,1,Bark bread x3,343:3
Recipe_Sandwich_4,cooking,Item_SandwichBread,Bread Sandwich,4,1,1,Bread x3,370:3
Recipe_Sandwich_5 1,cooking,Item_SandwichCheese,Cheese Sandwich,3,1,2,Bark bread x2; Cheese x1,343:2;390:1
Recipe_Sandwich_5,cooking,Item_SandwichCheese,Cheese Sandwich,3,1,2,Bread x2; Cheese x1,370:2;390:1
Recipe_Sandwich_6 1,cooking,Item_SandwichCheese,Cheese Sandwich,2,1,2,Butter Sandwich x2; Cheese x1,662:2;390:1
Recipe_Sandwich_6 2,cooking,Item_SandwichCheese,Cheese Sandwich,1,1,2,Butter Sandwich x1; Cheese x1,662:1;390:1
Recipe_Sandwich_6,cooking,Item_SandwichCheese,Cheese Sandwich,3,1,2,Butter Sandwich x3; Cheese x1,662:3;390:1
Recipe_Sashimi_1 2,cooking,Item_Sashimi,Sashimi,2,1,1,Fish x3,452:3
Recipe_Sashimi_1 3,cooking,Item_Sashimi,Sashimi,4,1,1,Fish x4,452:4
Recipe_Sashimi_1 4,cooking,Item_Sashimi,Sashimi,5,1,1,Fish x5,452:5
Recipe_Sashimi_1 5,cooking,Item_Sashimi,Sashimi,7,1,1,Fish x6,452:6
Recipe_Sashimi_1,cooking,Item_Sashimi,Sashimi,1,1,1,Fish x2,452:2
Recipe_SashimiSandFish_1 1,cooking,Item_Sashimi,Sashimi,3,1,1,Flat Sandfish x3,659:3
Recipe_SashimiSandFish_1 2,cooking,Item_Sashimi,Sashimi,5,1,1,Flat Sandfish x4,659:4
Recipe_SashimiSandFish_1 3,cooking,Item_Sashimi,Sashimi,7,1,1,Flat Sandfish x5,659:5
Recipe_SashimiSandFish_1 4,cooking,Item_Sashimi,Sashimi,8,1,1,Flat Sandfish x6,659:6
Recipe_SashimiSandFish_1 5,cooking,Item_Sashimi,Sashimi,9,1,1,Flat Sandfish x7,659:7
Recipe_SashimiSandFish_1,cooking,Item_Sashimi,Sashimi,2,1,1,Flat Sandfish x2,659:2
Recipe_Sausage 1,cooking,Item_Sausage,Spicy Sausage,2,1,2,Intestines x1; Craw flesh x1,509:1;415:1
Recipe_Sausage 2,cooking,Item_Sausage,Spicy Sausage,2,1,2,Intestines x1; Dog flesh x1,509:1;432:1
Recipe_Sausage 3,cooking,Item_Sausage,Spicy Sausage,2,1,2,Intestines x1; Goblin flesh x1,509:1;471:1
Recipe_Sausage 4,cooking,Item_Sausage,Spicy Sausage,2,1,2,Intestines x1; Human flesh x1,509:1;504:1
Recipe_Sausage 5,cooking,Item_Sausage,Spicy Sausage,2,1,2,Intestines x1; Shav'Wa flesh x1,509:1;537:1
Recipe_Sausage 6,cooking,Item_Sausage,Spicy Sausage,2,1,2,Intestines x1; Hellshrew flesh x1,509:1;683:1
Recipe_Sausage 7,cooking,Item_Sausage,Spicy Sausage,2,1,2,Intestines x1; Mystery Meat x1,509:1;576:1
Recipe_SausageOnStick 1,cooking,Item_SausageOnStick,Sausage On Stick,2,1,2,Stick x1; Spicy Sausage x1,705:1;671:1
Recipe_SausageSoup 1,cooking,Item_SausageSoup,Sausage Soup,2,1,2,Broth x1; Spicy Sausage x1,372:1;671:1
Recipe_Sawdust_1,generic,Item_Sawdust,Sawdust,3,1,1,Bark x2,342:2
Recipe_Sawdust_2,generic,Item_Sawdust,Sawdust,2,1,1,Stick x2,705:2
Recipe_Sill 0,cooking,Item_Silltalrik,Silltallrik,1,1,2,Fish x1; Herbs x1,452:1;490:1
Recipe_Sill 1,cooking,Item_Silltalrik,Silltallrik,2,1,2,Fish x2; Herbs x1,452:2;490:1
Recipe_Sill 2,cooking,Item_Silltalrik,Silltallrik,2,1,2,Fish x1; Herbs x2,452:1;490:2
Recipe_Sill 3,cooking,Item_Silltalrik,Silltallrik,3,1,2,Fish x2; Herbs x2,452:2;490:2
Recipe_Sill 4,cooking,Item_Silltalrik,Silltallrik,3,1,3,Fish x1; Herbs x1; Potato x1,452:1;490:1;610:1
Recipe_Sill 5,cooking,Item_Silltalrik,Silltallrik,3,1,3,Fish x1; Herbs x1; Potato Salad x1,452:1;490:1;611:1
Recipe_Sill 6,cooking,Item_Silltalrik,Silltallrik,4,1,3,Fish x2; Herbs x1; Potato x1,452:2;490:1;610:1
Recipe_Sill 7,cooking,Item_Silltalrik,Silltallrik,4,1,3,Fish x2; Herbs x1; Potato Salad x1,452:2;490:1;611:1
Recipe_Sill 8,cooking,Item_Silltalrik,Silltallrik,4,1,3,Fish x1; Herbs x2; Potato x1,452:1;490:2;610:1
Recipe_Sill 9,cooking,Item_Silltalrik,Silltallrik,4,1,3,Fish x1; Herbs x2; Potato Salad x1,452:1;490:2;611:1
Recipe_Sill 10,cooking,Item_Silltalrik,Silltallrik,4,1,3,Fish x1; Herbs x1; Potato x2,452:1;490:1;610:2
Recipe_Sill 11,cooking,Item_Silltalrik,Silltallrik,4,1,3,Fish x1; Herbs x1; Potato Salad x2,452:1;490:1;611:2
Recipe_Sill 12,cooking,Item_Silltalrik,Silltallrik,4,1,3,Fish x1; Herbs x2; Potato x1,452:1;490:2;610:1
Recipe_Sill 13,cooking,Item_Silltalrik,Silltallrik,4,1,3,Fish x1; Herbs x2; Potato Salad x1,452:1;490:2;611:1
Recipe_Sill 14,cooking,Item_Silltalrik,Silltallrik,4,1,3,Fish x2; Herbs x1; Potato Salad x1,452:2;490:1;611:1
Recipe_Sill 15,cooking,Item_Silltalrik,Silltallrik,4,1,3,Fish x2; Herbs x1; Potato x1,452:2;490:1;610:1
Recipe_Sill 16,cooking,Item_Silltalrik,Silltallrik,5,1,3,Fish x2; Herbs x2; Potato Salad x1,452:2;490:2;611:1
Recipe_Sill 17,cooking,Item_Silltalrik,Silltallrik,5,1,3,Fish x2; Herbs x2; Potato x1,452:2;490:2;610:1
Recipe_Sill 18,cooking,Item_Silltalrik,Silltallrik,5,1,3,Fish x2; Herbs x1; Potato Salad x2,452:2;490:1;611:2
Recipe_Sill 19,cooking,Item_Silltalrik,Silltallrik,5,1,3,Fish x2; Herbs x1; Potato x2,452:2;490:1;610:2
Recipe_Sill 20,cooking,Item_Silltalrik,Silltallrik,6,1,3,Fish x2; Herbs x2; Potato Salad x2,452:2;490:2;611:2
Recipe_Sill 21,cooking,Item_Silltalrik,Silltallrik,6,1,3,Fish x2; Herbs x2; Potato x2,452:2;490:2;610:2
Recipe_Sill 22,cooking,Item_Silltalrik,Silltallrik,1,1,2,Fish x1; Christmas Spice x1,452:1;400:1
Recipe_Sill 23,cooking,Item_Silltalrik,Silltallrik,2,1,2,Fish x2; Christmas Spice x1,452:2;400:1
Recipe_Sill 24,cooking,Item_Silltalrik,Silltallrik,2,1,2,Fish x1; Christmas Spice x2,452:1;400:2
Recipe_Sill 25,cooking,Item_Silltalrik,Silltallrik,3,1,2,Fish x2; Christmas Spice x2,452:2;400:2
Recipe_Sill 26,cooking,Item_Silltalrik,Silltallrik,3,1,3,Fish x1; Christmas Spice x1; Potato x1,452:1;400:1;610:1
Recipe_Sill 27,cooking,Item_Silltalrik,Silltallrik,3,1,3,Fish x1; Christmas Spice x1; Potato Salad x1,452:1;400:1;611:1
Recipe_Sill 28,cooking,Item_Silltalrik,Silltallrik,4,1,3,Fish x2; Christmas Spice x1; Potato x1,452:2;400:1;610:1
Recipe_Sill 29,cooking,Item_Silltalrik,Silltallrik,4,1,3,Fish x2; Christmas Spice x1; Potato Salad x1,452:2;400:1;611:1
Recipe_Sill 30,cooking,Item_Silltalrik,Silltallrik,4,1,3,Fish x1; Christmas Spice x2; Potato x1,452:1;400:2;610:1
Recipe_Sill 31,cooking,Item_Silltalrik,Silltallrik,4,1,3,Fish x1; Christmas Spice x2; Potato Salad x1,452:1;400:2;611:1
Recipe_Sill 32,cooking,Item_Silltalrik,Silltallrik,4,1,3,Fish x1; Christmas Spice x1; Potato x2,452:1;400:1;610:2
Recipe_Sill 33,cooking,Item_Silltalrik,Silltallrik,4,1,3,Fish x1; Christmas Spice x1; Potato Salad x2,452:1;400:1;611:2
Recipe_Sill 34,cooking,Item_Silltalrik,Silltallrik,4,1,3,Fish x1; Christmas Spice x2; Potato x1,452:1;400:2;610:1
Recipe_Sill 35,cooking,Item_Silltalrik,Silltallrik,4,1,3,Fish x1; Christmas Spice x2; Potato Salad x1,452:1;400:2;611:1
Recipe_Sill 36,cooking,Item_Silltalrik,Silltallrik,4,1,3,Fish x2; Christmas Spice x1; Potato Salad x1,452:2;400:1;611:1
Recipe_Sill 37,cooking,Item_Silltalrik,Silltallrik,4,1,3,Fish x2; Christmas Spice x1; Potato x1,452:2;400:1;610:1
Recipe_Sill 38,cooking,Item_Silltalrik,Silltallrik,5,1,3,Fish x2; Christmas Spice x2; Potato Salad x1,452:2;400:2;611:1
Recipe_Sill 39,cooking,Item_Silltalrik,Silltallrik,5,1,3,Fish x2; Christmas Spice x2; Potato x1,452:2;400:2;610:1
Recipe_Sill 40,cooking,Item_Silltalrik,Silltallrik,5,1,3,Fish x2; Christmas Spice x1; Potato Salad x2,452:2;400:1;611:2
Recipe_Sill 41,cooking,Item_Silltalrik,Silltallrik,5,1,3,Fish x2; Christmas Spice x1; Potato x2,452:2;400:1;610:2
Recipe_Sill 42,cooking,Item_Silltalrik,Silltallrik,6,1,3,Fish x2; Christmas Spice x2; Potato Salad x2,452:2;400:2;611:2
Recipe_Sill 43,cooking,Item_Silltalrik,Silltallrik,6,1,3,Fish x2; Christmas Spice x2; Potato x2,452:2;400:2;610:2
Recipe_SillSandfish 0,cooking,Item_Silltalrik,Silltallrik,1,1,2,Flat Sandfish x1; Herbs x1,659:1;490:1
Recipe_SillSandfish 1,cooking,Item_Silltalrik,Silltallrik,2,1,2,Flat Sandfish x2; Herbs x1,659:2;490:1
Recipe_SillSandfish 2,cooking,Item_Silltalrik,Silltallrik,2,1,2,Flat Sandfish x1; Herbs x2,659:1;490:2
Recipe_SillSandfish 3,cooking,Item_Silltalrik,Silltallrik,3,1,2,Flat Sandfish x2; Herbs x2,659:2;490:2
Recipe_SillSandfish 4,cooking,Item_Silltalrik,Silltallrik,3,1,3,Flat Sandfish x1; Herbs x1; Potato x1,659:1;490:1;610:1
Recipe_SillSandfish 5,cooking,Item_Silltalrik,Silltallrik,3,1,3,Flat Sandfish x1; Herbs x1; Potato Salad x1,659:1;490:1;611:1
Recipe_SillSandfish 6,cooking,Item_Silltalrik,Silltallrik,4,1,3,Flat Sandfish x2; Herbs x1; Potato x1,659:2;490:1;610:1
Recipe_SillSandfish 7,cooking,Item_Silltalrik,Silltallrik,4,1,3,Flat Sandfish x2; Herbs x1; Potato Salad x1,659:2;490:1;611:1
Recipe_SillSandfish 8,cooking,Item_Silltalrik,Silltallrik,4,1,3,Flat Sandfish x1; Herbs x2; Potato x1,659:1;490:2;610:1
Recipe_SillSandfish 9,cooking,Item_Silltalrik,Silltallrik,4,1,3,Flat Sandfish x1; Herbs x2; Potato Salad x1,659:1;490:2;611:1
Recipe_SillSandfish 10,cooking,Item_Silltalrik,Silltallrik,4,1,3,Flat Sandfish x1; Herbs x1; Potato x2,659:1;490:1;610:2
Recipe_SillSandfish 11,cooking,Item_Silltalrik,Silltallrik,4,1,3,Flat Sandfish x1; Herbs x1; Potato Salad x2,659:1;490:1;611:2
Recipe_SillSandfish 12,cooking,Item_Silltalrik,Silltallrik,4,1,3,Flat Sandfish x1; Herbs x2; Potato x1,659:1;490:2;610:1
Recipe_SillSandfish 13,cooking,Item_Silltalrik,Silltallrik,4,1,3,Flat Sandfish x1; Herbs x2; Potato Salad x1,659:1;490:2;611:1
Recipe_SillSandfish 14,cooking,Item_Silltalrik,Silltallrik,4,1,3,Flat Sandfish x2; Herbs x1; Potato Salad x1,659:2;490:1;611:1
Recipe_SillSandfish 15,cooking,Item_Silltalrik,Silltallrik,4,1,3,Flat Sandfish x2; Herbs x1; Potato x1,659:2;490:1;610:1
Recipe_SillSandfish 16,cooking,Item_Silltalrik,Silltallrik,5,1,3,Flat Sandfish x2; Herbs x2; Potato Salad x1,659:2;490:2;611:1
Recipe_SillSandfish 17,cooking,Item_Silltalrik,Silltallrik,5,1,3,Flat Sandfish x2; Herbs x2; Potato x1,659:2;490:2;610:1
Recipe_SillSandfish 18,cooking,Item_Silltalrik,Silltallrik,5,1,3,Flat Sandfish x2; Herbs x1; Potato Salad x2,659:2;490:1;611:2
Recipe_SillSandfish 19,cooking,Item_Silltalrik,Silltallrik,5,1,3,Flat Sandfish x2; Herbs x1; Potato x2,659:2;490:1;610:2
Recipe_SillSandfish 20,cooking,Item_Silltalrik,Silltallrik,6,1,3,Flat Sandfish x2; Herbs x2; Potato Salad x2,659:2;490:2;611:2
Recipe_SillSandfish 21,cooking,Item_Silltalrik,Silltallrik,6,1,3,Flat Sandfish x2; Herbs x2; Potato x2,659:2;490:2;610:2
Recipe_SillSandfish 22,cooking,Item_Silltalrik,Silltallrik,1,1,2,Flat Sandfish x1; Christmas Spice x1,659:1;400:1
Recipe_SillSandfish 23,cooking,Item_Silltalrik,Silltallrik,2,1,2,Flat Sandfish x2; Christmas Spice x1,659:2;400:1
Recipe_SillSandfish 24,cooking,Item_Silltalrik,Silltallrik,2,1,2,Flat Sandfish x1; Christmas Spice x2,659:1;400:2
Recipe_SillSandfish 25,cooking,Item_Silltalrik,Silltallrik,3,1,2,Flat Sandfish x2; Christmas Spice x2,659:2;400:2
Recipe_SillSandfish 26,cooking,Item_Silltalrik,Silltallrik,3,1,3,Flat Sandfish x1; Christmas Spice x1; Potato x1,659:1;400:1;610:1
Recipe_SillSandfish 27,cooking,Item_Silltalrik,Silltallrik,3,1,3,Flat Sandfish x1; Christmas Spice x1; Potato Salad x1,659:1;400:1;611:1
Recipe_SillSandfish 28,cooking,Item_Silltalrik,Silltallrik,4,1,3,Flat Sandfish x2; Christmas Spice x1; Potato x1,659:2;400:1;610:1
Recipe_SillSandfish 29,cooking,Item_Silltalrik,Silltallrik,4,1,3,Flat Sandfish x2; Christmas Spice x1; Potato Salad x1,659:2;400:1;611:1
Recipe_SillSandfish 30,cooking,Item_Silltalrik,Silltallrik,4,1,3,Flat Sandfish x1; Christmas Spice x2; Potato x1,659:1;400:2;610:1
Recipe_SillSandfish 31,cooking,Item_Silltalrik,Silltallrik,4,1,3,Flat Sandfish x1; Christmas Spice x2; Potato Salad x1,659:1;400:2;611:1
Recipe_SillSandfish 32,cooking,Item_Silltalrik,Silltallrik,4,1,3,Flat Sandfish x1; Christmas Spice x1; Potato x2,659:1;400:1;610:2
Recipe_SillSandfish 33,cooking,Item_Silltalrik,Silltallrik,4,1,3,Flat Sandfish x1; Christmas Spice x1; Potato Salad x2,659:1;400:1;611:2
Recipe_SillSandfish 34,cooking,Item_Silltalrik,Silltallrik,4,1,3,Flat Sandfish x1; Christmas Spice x2; Potato x1,659:1;400:2;610:1
Recipe_SillSandfish 35,cooking,Item_Silltalrik,Silltallrik,4,1,3,Flat Sandfish x1; Christmas Spice x2; Potato Salad x1,659:1;400:2;611:1
Recipe_SillSandfish 36,cooking,Item_Silltalrik,Silltallrik,4,1,3,Flat Sandfish x2; Christmas Spice x1; Potato Salad x1,659:2;400:1;611:1
Recipe_SillSandfish 37,cooking,Item_Silltalrik,Silltallrik,4,1,3,Flat Sandfish x2; Christmas Spice x1; Potato x1,659:2;400:1;610:1
Recipe_SillSandfish 38,cooking,Item_Silltalrik,Silltallrik,5,1,3,Flat Sandfish x2; Christmas Spice x2; Potato Salad x1,659:2;400:2;611:1
Recipe_SillSandfish 39,cooking,Item_Silltalrik,Silltallrik,5,1,3,Flat Sandfish x2; Christmas Spice x2; Potato x1,659:2;400:2;610:1
Recipe_SillSandfish 40,cooking,Item_Silltalrik,Silltallrik,5,1,3,Flat Sandfish x2; Christmas Spice x1; Potato Salad x2,659:2;400:1;611:2
Recipe_SillSandfish 41,cooking,Item_Silltalrik,Silltallrik,5,1,3,Flat Sandfish x2; Christmas Spice x1; Potato x2,659:2;400:1;610:2
Recipe_SillSandfish 42,cooking,Item_Silltalrik,Silltallrik,6,1,3,Flat Sandfish x2; Christmas Spice x2; Potato Salad x2,659:2;400:2;611:2
Recipe_SillSandfish 43,cooking,Item_Silltalrik,Silltallrik,6,1,3,Flat Sandfish x2; Christmas Spice x2; Potato x2,659:2;400:2;610:2
Recipe_Snus_1,cooking,Item_Snus,Admiral White Extra Strong,1,1,2,Herbs x1; Paper x1,490:1;588:1
Recipe_Snus_2,cooking,Item_Snus,Admiral White Extra Strong,1,1,2,Herbs x1; Cloth x1,490:1;405:1
Recipe_Soda_1 1,cooking,Item_Soda,Slurf,2,1,2,Bottled Water x1; Solution x1,368:1;695:1
Recipe_Soda_1 2,cooking,Item_Soda,Slurf,3,1,2,Bottled Water x2; Sugar x1,368:2;708:1
Recipe_Soda_1 3,cooking,Item_Soda,Slurf,3,1,2,Bottled Water x2; Solution x1,368:2;695:1
Recipe_Soda_1 4,cooking,Item_Soda,Slurf,3,1,2,Bottled Water x1; Solution x2,368:1;695:2
Recipe_Soda_1 5,cooking,Item_Soda,Slurf,3,1,2,Bottled Water x1; Sugar x2,368:1;708:2
Recipe_Soda_1 6,cooking,Item_Soda,Slurf,4,1,2,Bottled Water x2; Solution x2,368:2;695:2
Recipe_Soda_1 7,cooking,Item_Soda,Slurf,4,1,2,Bottled Water x2; Sugar x2,368:2;708:2
Recipe_Soda_1,cooking,Item_Soda,Slurf,2,1,2,Bottled Water x1; Sugar x1,368:1;708:1
Recipe_SodaJulmust 1,cooking,Item_Julmust,Julmust,1,1,3,Bottled Water x1; Sugar x1; Christmas Spice x1,368:1;708:1;400:1
Recipe_SodaJulmust 2,cooking,Item_Julmust,Julmust,1,1,3,Solution x1; Sugar x1; Christmas Spice x1,695:1;708:1;400:1
Recipe_SodaJulmust 3,cooking,Item_Julmust,Julmust,4,1,3,Bottled Water x2; Sugar x1; Christmas Spice x1,564:2;708:1;400:1
Recipe_SodaJulmust 4,cooking,Item_Julmust,Julmust,4,1,3,Bottled Water x2; Sugar x1; Christmas Spice x1,368:2;708:1;400:1
Recipe_SodaJulmust 5,cooking,Item_Julmust,Julmust,4,1,3,Solution x2; Sugar x1; Christmas Spice x1,695:2;708:1;400:1
Recipe_SodaJulmust 6,cooking,Item_Julmust,Julmust,4,1,3,Bottled Water x1; Sugar x2; Christmas Spice x1,564:1;708:2;400:1
Recipe_SodaJulmust 7,cooking,Item_Julmust,Julmust,4,1,3,Bottled Water x1; Sugar x2; Christmas Spice x1,368:1;708:2;400:1
Recipe_SodaJulmust 8,cooking,Item_Julmust,Julmust,4,1,3,Solution x1; Sugar x2; Christmas Spice x1,695:1;708:2;400:1
Recipe_SodaJulmust 9,cooking,Item_Julmust,Julmust,4,1,3,Bottled Water x1; Sugar x1; Christmas Spice x2,564:1;708:1;400:2
Recipe_SodaJulmust 10,cooking,Item_Julmust,Julmust,4,1,3,Bottled Water x1; Sugar x1; Christmas Spice x2,368:1;708:1;400:2
Recipe_SodaJulmust 11,cooking,Item_Julmust,Julmust,4,1,3,Solution x1; Sugar x1; Christmas Spice x2,695:1;708:1;400:2
Recipe_SodaJulmust 12,cooking,Item_Julmust,Julmust,5,1,3,Bottled Water x2; Sugar x1; Christmas Spice x2,564:2;708:1;400:2
Recipe_SodaJulmust 13,cooking,Item_Julmust,Julmust,5,1,3,Bottled Water x2; Sugar x1; Christmas Spice x2,368:2;708:1;400:2
Recipe_SodaJulmust 14,cooking,Item_Julmust,Julmust,5,1,3,Solution x2; Sugar x1; Christmas Spice x2,695:2;708:1;400:2
Recipe_SodaJulmust 15,cooking,Item_Julmust,Julmust,5,1,3,Bottled Water x1; Sugar x2; Christmas Spice x2,564:1;708:2;400:2
Recipe_SodaJulmust 16,cooking,Item_Julmust,Julmust,5,1,3,Bottled Water x1; Sugar x2; Christmas Spice x2,368:1;708:2;400:2
Recipe_SodaJulmust 17,cooking,Item_Julmust,Julmust,5,1,3,Solution x1; Sugar x2; Christmas Spice x2,695:1;708:2;400:2
Recipe_SodaJulmust 18,cooking,Item_Julmust,Julmust,5,1,3,Bottled Water x2; Sugar x2; Christmas Spice x1,564:2;708:2;400:1
Recipe_SodaJulmust 19,cooking,Item_Julmust,Julmust,5,1,3,Bottled Water x2; Sugar x2; Christmas Spice x1,368:2;708:2;400:1
Recipe_SodaJulmust 20,cooking,Item_Julmust,Julmust,5,1,3,Solution x2; Sugar x2; Christmas Spice x1,695:2;708:2;400:1
Recipe_SodaJulmust 21,cooking,Item_Julmust,Julmust,7,1,3,Bottled Water x2; Sugar x2; Christmas Spice x2,564:2;708:2;400:2
Recipe_SodaJulmust 22,cooking,Item_Julmust,Julmust,7,1,3,Bottled Water x2; Sugar x2; Christmas Spice x2,368:2;708:2;400:2
Recipe_SodaJulmust 23,cooking,Item_Julmust,Julmust,7,1,3,Solution x2; Sugar x2; Christmas Spice x2,695:2;708:2;400:2
Recipe_SodaJulmust 24,cooking,Item_Julmust,Julmust,4,1,2,Slurf x2; Christmas Spice x2,694:2;400:2
Recipe_SodaJulmust 25,cooking,Item_Julmust,Julmust,2,1,2,Slurf x1; Christmas Spice x2,694:1;400:2
Recipe_SodaJulmust 26,cooking,Item_Julmust,Julmust,2,1,2,Slurf x2; Christmas Spice x1,694:2;400:1
Recipe_SodaJulmust 27,cooking,Item_Julmust,Julmust,1,1,2,Slurf x1; Christmas Spice x1,694:1;400:1
Recipe_SodaJulmust,cooking,Item_Julmust,Julmust,1,1,3,Bottled Water x1; Sugar x1; Christmas Spice x1,564:1;708:1;400:1
Recipe_Spaghetti_1,cooking,Item_Spagetti,Spaghetti,3,1,3,Bottled Water x1; Flour x1; Egg x1,368:1;456:1;440:1
Recipe_SpiceMix 1,cooking,Item_SpiceMix,Spice Mix,1,1,1,Black Pepper x2,352:2
Recipe_SpiceMix 2,cooking,Item_SpiceMix,Spice Mix,2,1,2,Hot Snacks x1; Rock x1,502:1;645:1
Recipe_SpiceMix 3,cooking,Item_SpiceMix,Spice Mix,2,1,3,Black Pepper x1; Salt x1; Herbs x1,352:1;656:1;490:1
Recipe_SpiceMix 4,cooking,Item_SpiceMix,Spice Mix,1,1,2,Herbs x1; Black Pepper x1,490:1;352:1
Recipe_SpiceMix,cooking,Item_SpiceMix,Spice Mix,1,1,2,Salt x1; Black Pepper x1,656:1;352:1
Recipe_Stew_1 1,cooking,Item_Stew,Stew,1,1,2,Craw flesh x1; Bottled Water x1,415:1;368:1
Recipe_Stew_1 2,cooking,Item_Stew,Stew,1,1,2,Dog flesh x1; Bottled Water x1,432:1;368:1
Recipe_Stew_1 3,cooking,Item_Stew,Stew,1,1,2,Goblin flesh x1; Bottled Water x1,471:1;368:1
Recipe_Stew_1 4,cooking,Item_Stew,Stew,1,1,2,Human flesh x1; Bottled Water x1,504:1;368:1
Recipe_Stew_1 5,cooking,Item_Stew,Stew,1,1,2,Shav'Wa flesh x1; Bottled Water x1,537:1;368:1
Recipe_Stew_1 7,cooking,Item_Stew,Stew,1,1,2,Hellshrew flesh x1; Bottled Water x1,683:1;368:1
Recipe_Stew_1,cooking,Item_Stew,Stew,2,1,2,Mystery Meat x1; Bottled Water x1,576:1;368:1
Recipe_Stew_2 1,cooking,Item_Stew,Stew,2,1,2,Craw flesh x1; Broth x1,415:1;372:1
Recipe_Stew_2 2,cooking,Item_Stew,Stew,2,1,2,Dog flesh x1; Broth x1,432:1;372:1
Recipe_Stew_2 3,cooking,Item_Stew,Stew,2,1,2,Goblin flesh x1; Broth x1,471:1;372:1
Recipe_Stew_2 4,cooking,Item_Stew,Stew,2,1,2,Human flesh x1; Broth x1,504:1;372:1
Recipe_Stew_2 5,cooking,Item_Stew,Stew,2,1,2,Shav'Wa flesh x1; Broth x1,537:1;372:1
Recipe_Stew_2 7,cooking,Item_Stew,Stew,2,1,2,Hellshrew flesh x1; Broth x1,683:1;372:1
Recipe_Stew_2,cooking,Item_Stew,Stew,3,1,2,Mystery Meat x1; Broth x1,576:1;372:1
Recipe_Surstromming 1,cooking,Item_Surstromming,Surstromming,1,1,2,Salted Fish x1; Green Glob x1,455:1;477:1
Recipe_Surstromming 2,cooking,Item_Surstromming,Surstromming,1,1,2,Fish x1; Green Glob x1,452:1;477:1
Recipe_Surstromming 3,cooking,Item_Surstromming,Surstromming,1,1,2,Salted Sandfish x1; Green Glob x1,657:1;477:1
Recipe_Surstromming 4,cooking,Item_Surstromming,Surstromming,1,1,2,Flat Sandfish x1; Green Glob x1,659:1;477:1
Recipe_Taco_1,cooking,Item_HardshellTaco,Hardshell Taco,2,1,2,Goblin flesh x1; Spice Mix x1,471:1;698:1
Recipe_Taco_2,cooking,Item_HardshellTaco,Hardshell Taco,2,1,2,Hellshrew flesh x1; Spice Mix x1,683:1;698:1
Recipe_Taco_4,cooking,Item_HardshellTaco,Hardshell Taco,2,1,2,Shav'Wa flesh x1; Spice Mix x1,537:1;698:1
Recipe_Taco_5,cooking,Item_HardshellTaco,Hardshell Taco,2,1,2,Human flesh x1; Spice Mix x1,504:1;698:1
Recipe_Taco_6,cooking,Item_HardshellTaco,Hardshell Taco,2,1,2,Dog flesh x1; Spice Mix x1,432:1;698:1
Recipe_Taco_7 1,cooking,Item_HardshellTaco,Hardshell Taco,2,1,2,Mystery Meat x1; Spice Mix x1,576:1;698:1
Recipe_Taco_7,cooking,Item_HardshellTaco,Hardshell Taco,2,1,2,Craw flesh x1; Spice Mix x1,415:1;698:1
Recipe_ToastSkagen 1,cooking,Item_ToastSkagen,Toast Skagen,3,1,2,Bread x1; Fish x1,370:1;452:1
Recipe_ToastSkagen 2,cooking,Item_ToastSkagen,Toast Skagen,3,1,2,Bread x1; Flat Sandfish x1,370:1;659:1
Recipe_ToastSkagen,cooking,Item_ToastSkagen,Toast Skagen,5,1,3,Bread x1; Fish x1; Butter x1,370:1;452:1;373:1
Recipe_TongueOnStick 1,cooking,Item_TongueOnStick,Tongue On Stick,1,1,2,Stick x1; Tongue x1,705:1;724:1
Recipe_ToriRamen_1 1,cooking,Item_RamenTori,Tori Ramen,2,1,3,Spaghetti x2; Broth x1; Chicken Leg x1,696:2;372:1;394:1
Recipe_ToriRamen_1 2,cooking,Item_Ramen,Ramen,2,1,3,Spaghetti x1; Broth x2; Chicken Leg x1,696:1;372:2;394:1
Recipe_ToriRamen_1 3,cooking,Item_Ramen,Ramen,3,1,3,Spaghetti x1; Broth x1; Chicken Leg x2,696:1;372:1;394:2
Recipe_ToriRamen_1 4,cooking,Item_RamenTori,Tori Ramen,5,1,3,Spaghetti x2; Broth x1; Chicken Leg x2,696:2;372:1;394:2
Recipe_ToriRamen_1 5,cooking,Item_RamenTori,Tori Ramen,4,1,3,Spaghetti x2; Broth x2; Chicken Leg x1,696:2;372:2;394:1
Recipe_ToriRamen_1 6,cooking,Item_RamenTori,Tori Ramen,5,1,3,Spaghetti x2; Broth x2; Chicken Leg x2,696:2;372:2;394:2
Recipe_ToriRamen_1,cooking,Item_Ramen,Ramen,1,1,3,Spaghetti x1; Broth x1; Chicken Leg x1,696:1;372:1;394:1
Recipe_ToriRamen_3 1,cooking,Item_RamenTori,Tori Ramen,4,1,4,Spaghetti x1; Broth x1; Egg x1; Chicken Leg x1,696:1;372:1;440:1;394:1
Recipe_ToriRamen_3 3,cooking,Item_RamenTori,Tori Ramen,4,1,4,Spaghetti x1; Broth x1; Egg x1; Chicken Leg x1,696:1;372:1;440:1;394:1
Recipe_Unagi 1,cooking,Item_Unagi,Unagi,2,1,3,Fatberg Chunk x1; Fish x1; Rice x1,448:1;452:1;631:1
Recipe_Unagi 2,cooking,Item_Unagi,Unagi,3,1,3,Fatberg Chunk x2; Fish x1; Rice x1,448:2;452:1;631:1
Recipe_Unagi 3,cooking,Item_Unagi,Unagi,3,1,3,Fatberg Chunk x1; Fish x2; Rice x1,448:1;452:2;631:1
Recipe_Unagi 4,cooking,Item_Unagi,Unagi,3,1,3,Fatberg Chunk x1; Fish x1; Rice x2,448:1;452:1;631:2
Recipe_Unagi 5,cooking,Item_Unagi,Unagi,5,1,3,Fatberg Chunk x2; Fish x1; Rice x2,448:2;452:1;631:2
Recipe_Unagi 6,cooking,Item_Unagi,Unagi,5,1,3,Fatberg Chunk x1; Fish x2; Rice x2,448:1;452:2;631:2
Recipe_Unagi 7,cooking,Item_Unagi,Unagi,5,1,3,Fatberg Chunk x2; Fish x2; Rice x1,448:2;452:2;631:1
Recipe_Unagi 8,cooking,Item_Unagi,Unagi,7,1,3,Fatberg Chunk x2; Fish x2; Rice x2,448:2;452:2;631:2
Recipe_Wine_1 1,cooking,Item_Wine,Red Wine,1,1,2,Holy Toast x1; Bottled Water x1,496:1;368:1
Recipe_Wine_1,cooking,Item_Wine,Red Wine,1,1,1,Blood x2,357:2
Recipe_Dynamite,generic,Weapon_Dynamite,Dynamite,1,1,2,Red Wine x1; Paper x1,743:1;588:1
Recipe_Dynamite1,generic,Weapon_Dynamite,Dynamite,1,1,2,Hellshrew skin x1; Solution x1,684:1;695:1
Recipe_Dynamite2,generic,Weapon_Dynamite,Dynamite,1,1,2,Craw skin x1; Solution x1,416:1;695:1
Recipe_Dynamite3,generic,Weapon_Dynamite,Dynamite,1,1,2,Shav'Wa skin x1; Solution x1,538:1;695:1
Recipe_Dynamite4,generic,Weapon_Dynamite,Dynamite,1,1,2,Human skin x1; Solution x1,505:1;695:1
Recipe_Dynamite5,generic,Weapon_Dynamite,Dynamite,1,1,2,Goblin skin x1; Solution x1,472:1;695:1
Recipe_Dynamite6,generic,Weapon_Dynamite,Dynamite,1,1,2,Dog Skin x1; Solution x1,433:1;695:1
Recipe_Dynamite7,generic,Weapon_Dynamite,Dynamite,1,1,2,Cloth x1; Solution x1,405:1;695:1
Recipe_Dynamite8,generic,Weapon_Dynamite,Dynamite,1,1,2,Paper x1; Solution x1,588:1;695:1
Recipe_Dynamite9,generic,Weapon_Dynamite,Dynamite,1,1,2,Shav'Wa bladder x1; Solution x1,535:1;695:1
Recipe_Dynamite10,generic,Weapon_Dynamite,Dynamite,1,1,2,Lung x1; Solution x1,541:1;695:1
Recipe_Dynamite11,generic,Weapon_Dynamite,Dynamite,1,1,2,Heart x1; Solution x1,488:1;695:1
Recipe_Dynamite12,generic,Weapon_Dynamite,Dynamite,1,1,2,Bladder x1; Solution x1,353:1;695:1
Recipe_Dynamite13,generic,Weapon_Dynamite,Dynamite,1,1,2,Hellshrew skin x1; False Sulfcap x1,684:1;447:1
Recipe_Dynamite14,generic,Weapon_Dynamite,Dynamite,1,1,2,Craw skin x1; False Sulfcap x1,416:1;447:1
Recipe_Dynamite15,generic,Weapon_Dynamite,Dynamite,1,1,2,Shav'Wa skin x1; False Sulfcap x1,538:1;447:1
Recipe_Dynamite16,generic,Weapon_Dynamite,Dynamite,1,1,2,Human skin x1; False Sulfcap x1,505:1;447:1
Recipe_Dynamite17,generic,Weapon_Dynamite,Dynamite,1,1,2,Goblin skin x1; False Sulfcap x1,472:1;447:1
Recipe_Dynamite18,generic,Weapon_Dynamite,Dynamite,1,1,2,Dog Skin x1; False Sulfcap x1,433:1;447:1
Recipe_Dynamite19,generic,Weapon_Dynamite,Dynamite,1,1,2,Cloth x1; False Sulfcap x1,405:1;447:1
Recipe_Dynamite20,generic,Weapon_Dynamite,Dynamite,1,1,2,Paper x1; False Sulfcap x1,588:1;447:1
Recipe_Dynamite21,generic,Weapon_Dynamite,Dynamite,1,1,2,Shav'Wa bladder x1; False Sulfcap x1,535:1;447:1
Recipe_Dynamite22,generic,Weapon_Dynamite,Dynamite,1,1,2,Lung x1; False Sulfcap x1,541:1;447:1
Recipe_Dynamite23,generic,Weapon_Dynamite,Dynamite,1,1,2,Heart x1; False Sulfcap x1,488:1;447:1
Recipe_Dynamite24,generic,Weapon_Dynamite,Dynamite,1,1,2,Bladder x1; False Sulfcap x1,353:1;447:1
Recipe_FragGrenade_1,generic,Weapon_PineappleGrenade,Pineapple Grenade,3,1,2,False Sulfcap x1; Metal Scrap x2,447:1;555:2
Recipe_FragGrenade_2,generic,Weapon_PineappleGrenade,Pineapple Grenade,2,1,2,Solution x1; Metal Scrap x1,695:1;555:1
Recipe_FragGrenade_3,generic,Weapon_PineappleGrenade,Pineapple Grenade,2,1,2,False Sulfcap x1; Mystery Meat x2,447:1;576:2
Recipe_FragGrenade_4,generic,Weapon_PineappleGrenade,Pineapple Grenade,2,1,2,Solution x1; Mystery Meat x2,695:1;576:2
Recipe_FragGrenade_5,generic,Weapon_PineappleGrenade,Pineapple Grenade,3,1,3,False Sulfcap x1; Mystery Meat x1; Metal Scrap x1,447:1;576:1;555:1
Recipe_FragGrenade_6,generic,Weapon_PineappleGrenade,Pineapple Grenade,3,1,3,Solution x1; Mystery Meat x1; Metal Scrap x1,695:1;576:1;555:1
Recipe_JarOfPoison_1 1,generic,Weapon_PoisonGrenade,Jar of Poison,3,1,2,Green Glob x2; Solution x1,477:2;695:1
Recipe_JarOfPoison_1 2,generic,Weapon_PoisonGrenade,Jar of Poison,3,1,2,Green Glob x1; Solution x2,477:1;695:2
Recipe_JarOfPoison_1 3,generic,Weapon_PoisonGrenade,Jar of Poison,5,1,2,Green Glob x2; Solution x2,477:2;695:2
Recipe_JarOfPoison_1,generic,Weapon_PoisonGrenade,Jar of Poison,2,1,2,Green Glob x1; Solution x1,477:1;695:1
Recipe_LoveGrenade 1,generic,Weapon_JarOfLove,Jar of love notes,1,1,2,Paper x1; Heart x1,588:1;488:1
Recipe_LoveGrenade 2,generic,Weapon_JarOfLove,Jar of love notes,2,1,2,Metal Scrap x2; Heart x1,555:2;488:1
Recipe_LoveGrenade 3,generic,Weapon_JarOfLove,Jar of love notes,2,1,2,Paper x2; Heart x1,588:2;488:1
Recipe_LoveGrenade 4,generic,Weapon_JarOfLove,Jar of love notes,2,1,2,Metal Scrap x1; Heart x2,555:1;488:2
Recipe_LoveGrenade 5,generic,Weapon_JarOfLove,Jar of love notes,2,1,2,Paper x1; Heart x2,588:1;488:2
Recipe_LoveGrenade 6,generic,Weapon_JarOfLove,Jar of love notes,4,1,2,Metal Scrap x2; Heart x2,555:2;488:2
Recipe_LoveGrenade 7,generic,Weapon_JarOfLove,Jar of love notes,4,1,2,Paper x2; Heart x2,588:2;488:2
Recipe_LoveGrenade,generic,Weapon_JarOfLove,Jar of love notes,1,1,2,Metal Scrap x1; Heart x1,555:1;488:1
Recipe_MetalScrap_1,generic,Item_MetalScrap,Metal Scrap,3,1,1,Robot hydraul x1,640:1
Recipe_MetalScrap_2,generic,Item_MetalScrap,Metal Scrap,3,1,1,Robot joint pneumatic x1,641:1
Recipe_MetalScrap_3,generic,Item_MetalScrap,Metal Scrap,3,1,1,Robot plate x1,642:1
Recipe_MetalScrap_4,generic,Item_MetalScrap,Metal Scrap,3,1,1,Robot septacoil x1,643:1
Recipe_MetalScrap_5,generic,Item_MetalScrap,Metal Scrap,3,1,1,Robot soul capsule x1,644:1
Recipe_MolotovCocktail,generic,Weapon_MolotovCocktail,Molotov Cocktail,1,1,2,Liquor x1; Cloth x1,532:1;405:1
Recipe_MolotovCocktail_2,generic,Weapon_MolotovCocktail,Molotov Cocktail,1,1,2,Liquor x1; Paper x1,532:1;588:1
Recipe_MolotovCocktail_3,generic,Weapon_MolotovCocktail,Molotov Cocktail,1,1,2,Liquor x1; Father's Shirt x1,532:1;402:1
Recipe_MolotovCocktail_4,generic,Weapon_MolotovCocktail,Molotov Cocktail,1,1,2,Liquor x1; Green Tunic x1,532:1;728:1
Recipe_MolotovCocktail_5,generic,Weapon_MolotovCocktail,Molotov Cocktail,1,1,2,Liquor x1; Plain White Tee x1,532:1;599:1
Recipe_PineappleGrenade_1,generic,Weapon_PineappleGrenade,Pineapple Grenade,2,1,2,Metal Scrap x2; False Sulfcap x1,555:2;447:1
Recipe_PineappleGrenade_2,generic,Weapon_PineappleGrenade,Pineapple Grenade,2,1,2,Metal Scrap x2; Solution x1,555:2;695:1
Recipe_PoisonGrenade_1,generic,Weapon_PoisonGrenade,Jar of Poison,2,1,2,Oats x1; Snail x1,581:1;690:1
Recipe_PoisonGrenade_2,generic,Weapon_PoisonGrenade,Jar of Poison,2,1,2,Oats x1; Green Glob x1,581:1;477:1
Recipe_PoisonGrenade_3,generic,Weapon_PoisonGrenade,Jar of Poison,2,1,2,Oats x1; Shav'Wa bladder x1,581:1;535:1
Recipe_PoisonGrenade_4 1,generic,Weapon_PoisonGrenade,Jar of Poison,2,1,2,Metal Scrap x1; Anti-Poison Gum x1,555:1;603:1
Recipe_PoisonGrenade_4,generic,Weapon_PoisonGrenade,Jar of Poison,2,1,2,Oats x1; Anti-Poison Gum x1,581:1;603:1
Recipe_RedsoppPaste,generic,Item_RodsoppPaste,Rödsopp Paste,1,1,2,Rödsopp x3; Rock x1,646:3;645:1
Recipe_Rubber_1,generic,Item_Rubber,Rubber,1,1,1,Used Rubber x2,731:2
Recipe_SpringCoilBoots_1,generic,Item_SpringCoilBoots,Springcoil Boot,1,1,2,Shoe x1; Robot septacoil x1,680:1;643:1
Recipe_StickGrenade_1,generic,Weapon_StickGrenade,Stick Grenade,3,1,3,Stick x1; Solution x1; Metal Scrap x1,705:1;695:1;555:1
Recipe_StickGrenade_2,generic,Weapon_StickGrenade,Stick Grenade,3,1,3,Stick x1; False Sulfcap x1; Metal Scrap x1,705:1;447:1;555:1
Recipe_StickGrenade_3,generic,Weapon_StickGrenade,Stick Grenade,3,1,3,Stick x1; Solution x1; Mystery Meat x1,705:1;695:1;576:1
Recipe_StickGrenade_4,generic,Weapon_StickGrenade,Stick Grenade,3,1,3,Stick x1; False Sulfcap x1; Mystery Meat x1,705:1;447:1;576:1
Recipe_SulfGrenade_1,generic,Weapon_SulfurGrenade,Sulfur Grenade,1,1,2,Metal Scrap x1; False Sulfcap x1,555:1;447:1
Recipe_SulfGrenade_2,generic,Weapon_SulfurGrenade,Sulfur Grenade,1,1,2,Mystery Meat x1; False Sulfcap x1,576:1;447:1
Recipe_ThrowingKnife_1 1,generic,Weapon_ThrowingKnives,Throwing Knives,1,1,2,Metal Scrap x1; Rock x1,555:1;645:1
Recipe_ThrowingKnife_1 2,generic,Weapon_ThrowingKnives,Throwing Knives,3,1,2,Metal Scrap x2; Rock x1,555:2;645:1
Recipe_ThrowingKnife_1 3,generic,Weapon_ThrowingKnives,Throwing Knives,5,1,2,Metal Scrap x3; Rock x1,555:3;645:1
Recipe_ThrowingKnife_1 4,generic,Weapon_ThrowingKnives,Throwing Knives,3,1,2,Metal Scrap x2; Cloth x2,555:2;405:2
Recipe_ThrowingKnife_1 5,generic,Weapon_ThrowingKnives,Throwing Knives,5,1,2,Metal Scrap x3; Cloth x3,555:3;405:3
Recipe_ThrowingKnife_1,generic,Weapon_ThrowingKnives,Throwing Knives,1,1,2,Metal Scrap x1; Cloth x1,555:1;405:1
Recipe_WetWipes,generic,Weapon_Dynamite,Dynamite,1,1,2,Liquor x1; Cloth x1,532:1;405:1
Recipe_MashedPotatoes_4 1,cooking,Item_MashedPotatoes,Mashed Potatoes,2,1,2,Potato x1; Buttermilk x1,610:1;559:1
Recipe_MashedPotatoes_4 2,cooking,Item_MashedPotatoes,Mashed Potatoes,1,1,2,Potato x1; Low Fat Milk x1,610:1;560:1
Recipe_MashedPotatoes_4 3,cooking,Item_MashedPotatoes,Mashed Potatoes,1,1,2,Potato x1; Skimmed Milk x1,610:1;558:1
Recipe_MashedPotatoes_4 4,cooking,Item_MashedPotatoes,Mashed Potatoes,1,1,2,Potato x1; Solution x1,610:1;695:1
Recipe_MashedPotatoes_4 5,cooking,Item_MashedPotatoes,Mashed Potatoes,2,1,2,Potato x1; Bottled Water x1,610:1;564:1
Recipe_MashedPotatoes_4 6,cooking,Item_MashedPotatoes,Mashed Potatoes,2,1,2,Potato x1; Bottled Water x1,610:1;564:1
Recipe_Omelette_organ 1,cooking,Item_Omelette,Omelette,1,1,2,Egg x1; Bladder x1,440:1;353:1
Recipe_Omelette_organ 2,cooking,Item_Omelette,Omelette,1,1,2,Egg x1; Heart x1,440:1;488:1
Recipe_Omelette_organ 3,cooking,Item_Omelette,Omelette,1,1,2,Egg x1; Kidney x1,440:1;519:1
Recipe_Omelette_organ 4,cooking,Item_Omelette,Omelette,1,1,2,Egg x1; Brain x1,440:1;369:1
Recipe_Omelette_organ 5,cooking,Item_Omelette,Omelette,1,1,2,Egg x1; Liver x1,440:1;533:1
Recipe_Omelette_organ 6,cooking,Item_Omelette,Omelette,1,1,2,Egg x1; Lung x1,440:1;541:1
Recipe_Omelette_organ 7,cooking,Item_Omelette,Omelette,1,1,2,Egg x1; Pancreas x1,440:1;587:1
Recipe_Omelette_organ 8,cooking,Item_Omelette,Omelette,1,1,2,Egg x1; Spleen x1,440:1;699:1
Recipe_Omelette_organ 9,cooking,Item_Omelette,Omelette,1,1,2,Egg x1; Thyroid x1,440:1;720:1
Recipe_Omelette_organ 10,cooking,Item_Omelette,Omelette,1,1,2,Egg x1; Tongue x1,440:1;724:1
Recipe_Omelette_organ,cooking,Item_Omelette,Omelette,1,1,2,Egg x1; Intestines x1,440:1;509:1
Recipe_Paper 1,generic,Item_Paper,Paper,2,1,1,Sawdust x3,675:3
Recipe_Paper 2,generic,Item_Paper,Paper,3,1,1,Sawdust x4,675:4
Recipe_Paper 3,generic,Item_Paper,Paper,4,1,1,Sawdust x5,675:5
Recipe_Paper 4,generic,Item_Paper,Paper,3,1,2,Sawdust x1; Solution x1,675:1;695:1
Recipe_Paper,generic,Item_Paper,Paper,1,1,1,Sawdust x2,675:2
Recipe_ToiletPaper 1,generic,Item_Toiletpaper,Toilet Paper,2,1,1,Paper x3,588:3
Recipe_ToiletPaper 2,generic,Item_Toiletpaper,Toilet Paper,3,1,1,Paper x4,588:4
Recipe_ToiletPaper 3,generic,Item_Toiletpaper,Toilet Paper,4,1,1,Paper x5,588:5
Recipe_ToiletPaper,generic,Item_Toiletpaper,Toilet Paper,1,1,1,Paper x2,588:2
Recipe_Paper 5,generic,Item_Paper,Paper,3,1,2,Sawdust x1; Solution x1,675:1;695:1
Recipe_Sawdust_2 1,generic,Item_Sawdust,Sawdust,3,1,1,Stick x3,705:3
Recipe_Sawdust_2 2,generic,Item_Sawdust,Sawdust,4,1,1,Stick x4,705:4
Recipe_Sawdust_2 3,generic,Item_Sawdust,Sawdust,5,1,1,Stick x5,705:5
Recipe_Sawdust_2 4,generic,Item_Sawdust,Sawdust,6,1,1,Stick x6,705:6
Recipe_Stew_1 8,cooking,Item_Stew,Stew,2,1,2,Chicken Leg x1; Bottled Water x1,394:1;368:1
Recipe_Stew_1 9,cooking,Item_Stew,Stew,2,1,2,Nashville Hot Chicken x1; Bottled Water x1,395:1;368:1
Recipe_Stew_1 10,cooking,Item_Stew,Stew,2,1,2,Nuggets x1; Bottled Water x1,578:1;368:1
Recipe_Stew_2 8,cooking,Item_Stew,Stew,2,1,2,Chicken Leg x1; Broth x1,394:1;372:1
Recipe_Stew_2 9,cooking,Item_Stew,Stew,3,1,2,Nashville Hot Chicken x1; Broth x1,395:1;372:1
Recipe_Stew_2 10,cooking,Item_Stew,Stew,3,1,2,Nuggets x1; Broth x1,578:1;372:1
Recipe_FragGrenade_1 1,generic,Weapon_PineappleGrenade,Pineapple Grenade,2,1,2,False Sulfcap x1; Beans x1,447:1;346:1
Recipe_FragGrenade_2 1,generic,Weapon_PineappleGrenade,Pineapple Grenade,2,1,2,Solution x1; Beans x1,695:1;346:1
Recipe_Stew_1 11,cooking,Item_Stew,Stew,2,1,2,Beans x1; Bottled Water x1,346:1;368:1
Recipe_Stew_2 6,cooking,Item_Stew,Stew,3,1,2,Mystery Meat x1; Broth x1,576:1;372:1
Recipe_Stew_2 11,cooking,Item_Stew,Stew,3,1,2,Beans x1; Broth x1,346:1;372:1
Recipe_Stew_3,cooking,Item_Stew,Stew,4,1,2,Mystery Meat x1; Beans x1,576:1;346:1
Recipe_FishNChipsRegularFish 1,cooking,Item_FishNChips,Fish and chips,1,1,2,Fish x2; Potato x1,452:2;610:1
Recipe_FishNChipsRegularFish 2,cooking,Item_FishNChips,Fish and chips,1,1,2,Fish x1; Potato x2,452:1;610:2
Recipe_FishNChipsRegularFish 3,cooking,Item_FishNChips,Fish and chips,1,1,2,Fish x2; Potato x2,452:2;610:2
Recipe_FragGrenade_7,generic,Weapon_PineappleGrenade,Pineapple Grenade,2,1,2,Metal Scrap x2; Solution x1,555:2;695:1
Recipe_Pilk,cooking,Item_Pilk,Pilk,1,1,2,Skimmed Milk x1; SulfCola x1,558:1;989:1
Recipe_Pilk2,cooking,Item_Pilk,Pilk,1,1,2,Low Fat Milk x1; SulfCola x1,560:1;989:1
Recipe_Pilk3,cooking,Item_Pilk,Pilk,1,1,2,Whole Milk x1; SulfCola x1,561:1;989:1
Recipe_SulfCola_1,cooking,Item_SulfCola,SulfCola,3,1,3,Bottled Water x1; Sugar x1; Shav'Wa bladder x1,368:1;708:1;535:1
Recipe_SulfCola_2,cooking,Item_SulfCola,SulfCola,3,1,3,Bottled Water x1; Sugar x1; Shav'Wa bladder x1,564:1;708:1;535:1
Recipe_SulfCola_3,cooking,Item_SulfCola,SulfCola,5,1,3,Holy Water x1; Sugar x1; Shav'Wa bladder x1,497:1;708:1;535:1
Recipe_Enchantment_SacredGround,enchantment,Enchantment_SacredGround,Scroll of Sacred Ground,1,1,2,Scroll of Earth x1; Scroll of Light x1,120:1;188:1
Recipe_BeefJerky_6,cooking,Item_BeefJerky,Beef Jerky,1,1,1,Shav'Wa skin x2,538:2
Recipe_Enchantment_FoulFate,enchantment,Enchantment_FoulFate,Scroll of Foul Fate,1,1,1,Scroll of Dark x2,103:2
Recipe_Enchantment_Pollen,enchantment,Enchantment_Pollen,Scroll of Pollen,1,1,2,Scroll of Nature x1; Scroll of Plague x1,203:1;223:1
Recipe_Cocktail 1,cooking,Item_Cocktail,Cocktail,3,1,2,Liquor x1; Coffee x1,532:1;406:1
Recipe_Cocktail 2,cooking,Item_Cocktail,Cocktail,3,1,2,Liquor x1; Banana Sulfs x1,532:1;339:1
Recipe_Cocktail 3,cooking,Item_Cocktail,Cocktail,3,1,2,Liquor x1; Cactus Softdrink x1,532:1;377:1
Recipe_Cocktail 4,cooking,Item_Cocktail,Cocktail,3,1,2,Liquor x1; Berries x1,532:1;350:1
Recipe_Cocktail 5,cooking,Item_Cocktail,Cocktail,3,1,2,Liquor x1; Cactus x1,532:1;376:1
Recipe_Cocktail 6,cooking,Item_Cocktail,Cocktail,3,1,2,Liquor x1; Chocolate Syrup x1,532:1;398:1
Recipe_Cocktail 7,cooking,Item_Cocktail,Cocktail,3,1,2,Liquor x1; Berry Jam x1,532:1;511:1
Recipe_Cocktail 8,cooking,Item_Cocktail,Cocktail,3,1,2,Liquor x1; Slurf x1,532:1;694:1
Recipe_Cocktail 9,cooking,Item_Cocktail,Cocktail,3,1,2,Liquor x1; Banana x1,532:1;336:1
Recipe_Enchantment_Titanic,enchantment,Enchantment_Titanic,Scroll of Titanic,1,1,2,Scroll of Dark x1; Scroll of Frostbite x1,103:1;147:1
Recipe_Enchantment_SuperSoaker,enchantment,Enchantment_SuperSoaker,Scroll of Mega Soaker,1,1,1,Scroll of Water x2,319:2
Recipe_Enchantment_CryoRocketLauncher,enchantment,Enchantment_CryoRocketLauncher,Scroll of Cryo Rocket Launcher,1,1,2,Scroll of Earth x1; Scroll of Frostbite x1,120:1;147:1
Recipe_Enchantment_CryoSnakes,enchantment,Enchantment_CryoSnakes,Scroll of Cryo Snakes,1,1,2,Scroll of Plague x1; Scroll of Frostbite x1,223:1;147:1
Recipe_Enchantment_HolyWater,enchantment,Enchantment_HolyWater,Scroll of Holy Water,1,1,2,Scroll of Light x1; Scroll of Water x1,188:1;319:1
Recipe_Enchantment_Metamorph,enchantment,Enchantment_Metamorph,Scroll of Metamorph,1,1,2,Scroll of Light x1; Scroll of Dark x1,188:1;103:1
Recipe_Enchantment_Steam,enchantment,Enchantment_Steam,Scroll of Steam,1,1,2,Scroll of Water x1; Scroll of Embers x1,319:1;136:1
Recipe_Enchantment_Vinesprout,enchantment,Enchantment_Vinesprout,Scroll of Vinesprout,1,1,1,Scroll of Nature x2,203:2
Recipe_Enchantment_Beamgun,enchantment,Enchantment_Beamgun,Scroll of Beamgun,1,1,2,Scroll of Light x1; Scroll of Surge x1,188:1;123:1
Recipe_Enchantment_Icebeam,enchantment,Enchantment_IceBeam,Scroll of Ice Beam,1,1,1,Scroll of Frostbite x2,147:2
Recipe_Enchantment_Blizzard,enchantment,Enchantment_Blizzard,Scroll of Blizzard,1,0,2,Scroll of Dark x1; Scroll of Water x1,103:1;319:1
Recipe_Enchantment_WaterBomb,enchantment,Enchantment_WaterBomb,Scroll of Water Bomb,1,0,2,Scroll of Water x1; Scroll of Nature x1,319:1;203:1
Recipe_Enchantment_SnowmanHead,enchantment,Enchantment_SnowmanHead,Scroll of Snowman Head,1,0,2,Scroll of Frostbite x1; Scroll of Nature x1,147:1;203:1
